data_epi,uf,casos,regiao,pais
2015-02-08,AC,3.0,Norte,Brasil
2015-02-15,AC,1.0,Norte,Brasil
2015-02-22,AC,1.0,Norte,Brasil
2015-03-01,AC,1.0,Norte,Brasil
2015-03-08,AC,1.0,Norte,Brasil
2015-03-15,AC,1.0,Norte,Brasil
2015-03-22,AC,1.0,Norte,Brasil
2015-03-29,AC,1.0,Norte,Brasil
2015-04-05,AC,1.0,Norte,Brasil
2015-04-12,AC,1.0,Norte,Brasil
2015-04-19,AC,1.0,Norte,Brasil
2015-04-26,AC,1.0,Norte,Brasil
2015-05-03,AC,1.0,Norte,Brasil
2015-05-10,AC,1.0,Norte,Brasil
2015-05-17,AC,1.0,Norte,Brasil
2015-05-24,AC,1.0,Norte,Brasil
2015-05-31,AC,1.0,Norte,Brasil
2015-06-07,AC,1.0,Norte,Brasil
2015-06-14,AC,1.0,Norte,Brasil
2015-06-21,AC,1.0,Norte,Brasil
2015-06-28,AC,1.0,Norte,Brasil
2015-07-05,AC,1.0,Norte,Brasil
2015-07-12,AC,1.0,Norte,Brasil
2015-07-19,AC,1.0,Norte,Brasil
2015-07-26,AC,1.0,Norte,Brasil
2015-08-02,AC,1.0,Norte,Brasil
2015-08-09,AC,1.0,Norte,Brasil
2015-08-16,AC,1.0,Norte,Brasil
2015-08-23,AC,1.0,Norte,Brasil
2015-08-30,AC,1.0,Norte,Brasil
2015-09-06,AC,1.0,Norte,Brasil
2015-09-13,AC,1.0,Norte,Brasil
2015-09-20,AC,1.0,Norte,Brasil
2015-09-27,AC,1.0,Norte,Brasil
2015-10-04,AC,1.0,Norte,Brasil
2015-10-11,AC,1.0,Norte,Brasil
2015-10-18,AC,1.0,Norte,Brasil
2015-10-25,AC,1.0,Norte,Brasil
2015-11-01,AC,1.0,Norte,Brasil
2015-11-08,AC,1.0,Norte,Brasil
2015-11-15,AC,1.0,Norte,Brasil
2015-11-22,AC,1.0,Norte,Brasil
2015-11-29,AC,7.0,Norte,Brasil
2015-12-06,AC,6.0,Norte,Brasil
2015-12-13,AC,13.0,Norte,Brasil
2015-12-20,AC,16.0,Norte,Brasil
2015-12-27,AC,9.0,Norte,Brasil
2016-01-03,AC,9.0,Norte,Brasil
2016-01-10,AC,10.0,Norte,Brasil
2016-01-17,AC,29.0,Norte,Brasil
2016-01-24,AC,49.0,Norte,Brasil
2016-01-31,AC,16.0,Norte,Brasil
2016-02-07,AC,73.0,Norte,Brasil
2016-02-14,AC,81.0,Norte,Brasil
2016-02-21,AC,60.0,Norte,Brasil
2016-02-28,AC,53.0,Norte,Brasil
2016-03-06,AC,52.0,Norte,Brasil
2016-03-13,AC,79.0,Norte,Brasil
2016-03-20,AC,46.0,Norte,Brasil
2016-03-27,AC,51.0,Norte,Brasil
2016-04-03,AC,62.0,Norte,Brasil
2016-04-10,AC,72.0,Norte,Brasil
2016-04-17,AC,58.0,Norte,Brasil
2016-04-24,AC,60.0,Norte,Brasil
2016-05-01,AC,37.0,Norte,Brasil
2016-05-08,AC,31.0,Norte,Brasil
2016-05-15,AC,21.0,Norte,Brasil
2016-05-22,AC,11.0,Norte,Brasil
2016-05-29,AC,14.0,Norte,Brasil
2016-06-05,AC,6.0,Norte,Brasil
2016-06-12,AC,11.0,Norte,Brasil
2016-06-19,AC,14.0,Norte,Brasil
2016-06-26,AC,2.0,Norte,Brasil
2016-07-03,AC,3.0,Norte,Brasil
2016-07-10,AC,4.0,Norte,Brasil
2016-07-17,AC,2.0,Norte,Brasil
2016-07-24,AC,4.0,Norte,Brasil
2016-07-31,AC,3.0,Norte,Brasil
2016-08-07,AC,1.0,Norte,Brasil
2016-08-14,AC,4.0,Norte,Brasil
2016-08-21,AC,3.0,Norte,Brasil
2016-08-28,AC,7.0,Norte,Brasil
2016-09-04,AC,4.0,Norte,Brasil
2016-09-11,AC,2.0,Norte,Brasil
2016-09-18,AC,2.0,Norte,Brasil
2016-09-25,AC,2.0,Norte,Brasil
2016-10-02,AC,4.0,Norte,Brasil
2016-10-09,AC,3.0,Norte,Brasil
2016-10-16,AC,1.0,Norte,Brasil
2016-10-23,AC,1.0,Norte,Brasil
2016-10-30,AC,1.0,Norte,Brasil
2016-11-06,AC,4.0,Norte,Brasil
2016-11-13,AC,4.0,Norte,Brasil
2016-11-20,AC,1.0,Norte,Brasil
2016-11-27,AC,11.0,Norte,Brasil
2016-12-04,AC,4.0,Norte,Brasil
2016-12-11,AC,9.0,Norte,Brasil
2016-12-18,AC,8.0,Norte,Brasil
2016-12-25,AC,3.0,Norte,Brasil
2017-01-01,AC,5.0,Norte,Brasil
2017-01-08,AC,5.0,Norte,Brasil
2017-01-15,AC,9.0,Norte,Brasil
2017-01-22,AC,15.0,Norte,Brasil
2017-01-29,AC,12.0,Norte,Brasil
2017-02-05,AC,17.0,Norte,Brasil
2017-02-12,AC,11.0,Norte,Brasil
2017-02-19,AC,15.0,Norte,Brasil
2017-02-26,AC,8.0,Norte,Brasil
2017-03-05,AC,6.0,Norte,Brasil
2017-03-12,AC,10.0,Norte,Brasil
2017-03-19,AC,10.0,Norte,Brasil
2017-03-26,AC,12.0,Norte,Brasil
2017-04-02,AC,7.0,Norte,Brasil
2017-04-09,AC,5.0,Norte,Brasil
2017-04-16,AC,3.0,Norte,Brasil
2017-04-23,AC,7.0,Norte,Brasil
2017-04-30,AC,6.0,Norte,Brasil
2017-05-07,AC,7.0,Norte,Brasil
2017-05-14,AC,8.0,Norte,Brasil
2017-05-21,AC,6.0,Norte,Brasil
2017-05-28,AC,7.0,Norte,Brasil
2017-06-04,AC,12.0,Norte,Brasil
2017-06-11,AC,7.0,Norte,Brasil
2017-06-18,AC,11.0,Norte,Brasil
2017-06-25,AC,12.0,Norte,Brasil
2017-07-02,AC,11.0,Norte,Brasil
2017-07-09,AC,9.0,Norte,Brasil
2017-07-16,AC,3.0,Norte,Brasil
2017-07-23,AC,5.0,Norte,Brasil
2017-07-30,AC,1.0,Norte,Brasil
2017-08-06,AC,3.0,Norte,Brasil
2017-08-13,AC,5.0,Norte,Brasil
2017-08-20,AC,6.0,Norte,Brasil
2017-08-27,AC,5.0,Norte,Brasil
2017-09-03,AC,3.0,Norte,Brasil
2017-09-10,AC,3.0,Norte,Brasil
2017-09-17,AC,2.0,Norte,Brasil
2017-09-24,AC,2.0,Norte,Brasil
2017-10-01,AC,2.0,Norte,Brasil
2017-10-08,AC,1.0,Norte,Brasil
2017-10-15,AC,2.0,Norte,Brasil
2017-10-22,AC,9.0,Norte,Brasil
2017-10-29,AC,3.0,Norte,Brasil
2017-11-05,AC,3.0,Norte,Brasil
2017-11-12,AC,3.0,Norte,Brasil
2017-11-19,AC,6.0,Norte,Brasil
2017-11-26,AC,5.0,Norte,Brasil
2017-12-03,AC,4.0,Norte,Brasil
2017-12-10,AC,4.0,Norte,Brasil
2017-12-17,AC,15.0,Norte,Brasil
2017-12-24,AC,6.0,Norte,Brasil
2017-12-31,AC,6.0,Norte,Brasil
2018-01-07,AC,3.0,Norte,Brasil
2018-01-14,AC,7.0,Norte,Brasil
2018-01-21,AC,12.0,Norte,Brasil
2018-01-28,AC,13.0,Norte,Brasil
2018-02-04,AC,12.0,Norte,Brasil
2018-02-11,AC,10.0,Norte,Brasil
2018-02-18,AC,8.0,Norte,Brasil
2018-02-25,AC,20.0,Norte,Brasil
2018-03-04,AC,21.0,Norte,Brasil
2018-03-11,AC,9.0,Norte,Brasil
2018-03-18,AC,14.0,Norte,Brasil
2018-03-25,AC,7.0,Norte,Brasil
2018-04-01,AC,5.0,Norte,Brasil
2018-04-08,AC,4.0,Norte,Brasil
2018-04-15,AC,8.0,Norte,Brasil
2018-04-22,AC,6.0,Norte,Brasil
2018-04-29,AC,8.0,Norte,Brasil
2018-05-06,AC,6.0,Norte,Brasil
2018-05-13,AC,8.0,Norte,Brasil
2018-05-20,AC,5.0,Norte,Brasil
2018-05-27,AC,7.0,Norte,Brasil
2018-06-03,AC,9.0,Norte,Brasil
2018-06-10,AC,4.0,Norte,Brasil
2018-06-17,AC,4.0,Norte,Brasil
2018-06-24,AC,8.0,Norte,Brasil
2018-07-01,AC,18.0,Norte,Brasil
2018-07-08,AC,7.0,Norte,Brasil
2018-07-15,AC,14.0,Norte,Brasil
2018-07-22,AC,10.0,Norte,Brasil
2018-07-29,AC,8.0,Norte,Brasil
2018-08-05,AC,13.0,Norte,Brasil
2018-08-12,AC,15.0,Norte,Brasil
2018-08-19,AC,12.0,Norte,Brasil
2018-08-26,AC,13.0,Norte,Brasil
2018-09-02,AC,9.0,Norte,Brasil
2018-09-09,AC,12.0,Norte,Brasil
2018-09-16,AC,14.0,Norte,Brasil
2018-09-23,AC,13.0,Norte,Brasil
2018-09-30,AC,14.0,Norte,Brasil
2018-10-07,AC,17.0,Norte,Brasil
2018-10-14,AC,28.0,Norte,Brasil
2018-10-21,AC,24.0,Norte,Brasil
2018-10-28,AC,22.0,Norte,Brasil
2018-11-04,AC,32.0,Norte,Brasil
2018-11-11,AC,32.0,Norte,Brasil
2018-11-18,AC,22.0,Norte,Brasil
2018-11-25,AC,12.0,Norte,Brasil
2018-12-02,AC,9.0,Norte,Brasil
2018-12-09,AC,16.0,Norte,Brasil
2018-12-16,AC,14.0,Norte,Brasil
2018-12-23,AC,7.0,Norte,Brasil
2018-12-30,AC,5.0,Norte,Brasil
2019-01-06,AC,1.0,Norte,Brasil
2019-01-13,AC,21.0,Norte,Brasil
2019-01-20,AC,19.0,Norte,Brasil
2019-01-27,AC,15.0,Norte,Brasil
2019-02-03,AC,4.0,Norte,Brasil
2019-02-10,AC,6.0,Norte,Brasil
2019-02-17,AC,12.0,Norte,Brasil
2019-02-24,AC,8.0,Norte,Brasil
2019-03-03,AC,5.0,Norte,Brasil
2019-03-10,AC,3.0,Norte,Brasil
2019-03-17,AC,3.0,Norte,Brasil
2019-03-24,AC,6.0,Norte,Brasil
2019-03-31,AC,2.0,Norte,Brasil
2019-04-07,AC,2.0,Norte,Brasil
2019-04-14,AC,2.0,Norte,Brasil
2019-04-21,AC,2.0,Norte,Brasil
2019-04-28,AC,1.0,Norte,Brasil
2019-05-05,AC,1.0,Norte,Brasil
2019-05-12,AC,1.0,Norte,Brasil
2019-05-19,AC,1.0,Norte,Brasil
2019-05-26,AC,1.0,Norte,Brasil
2019-06-02,AC,3.0,Norte,Brasil
2019-06-09,AC,3.0,Norte,Brasil
2019-06-16,AC,1.0,Norte,Brasil
2019-06-23,AC,2.0,Norte,Brasil
2019-06-30,AC,2.0,Norte,Brasil
2019-07-07,AC,2.0,Norte,Brasil
2019-07-14,AC,3.0,Norte,Brasil
2019-07-21,AC,3.0,Norte,Brasil
2019-07-28,AC,1.0,Norte,Brasil
2019-08-04,AC,1.0,Norte,Brasil
2019-08-11,AC,1.0,Norte,Brasil
2019-08-18,AC,1.0,Norte,Brasil
2019-08-25,AC,1.0,Norte,Brasil
2019-09-01,AC,1.0,Norte,Brasil
2019-09-08,AC,1.0,Norte,Brasil
2019-09-15,AC,1.0,Norte,Brasil
2019-09-22,AC,1.0,Norte,Brasil
2019-09-29,AC,1.0,Norte,Brasil
2019-10-06,AC,2.0,Norte,Brasil
2019-10-13,AC,2.0,Norte,Brasil
2019-10-20,AC,2.0,Norte,Brasil
2019-10-27,AC,2.0,Norte,Brasil
2019-11-03,AC,1.0,Norte,Brasil
2019-11-10,AC,2.0,Norte,Brasil
2019-11-17,AC,4.0,Norte,Brasil
2019-11-24,AC,4.0,Norte,Brasil
2019-12-01,AC,4.0,Norte,Brasil
2019-12-08,AC,3.0,Norte,Brasil
2019-12-15,AC,5.0,Norte,Brasil
2019-12-22,AC,1.0,Norte,Brasil
2019-12-29,AC,3.0,Norte,Brasil
2020-01-05,AC,3.0,Norte,Brasil
2020-01-12,AC,4.0,Norte,Brasil
2020-01-19,AC,4.0,Norte,Brasil
2020-01-26,AC,6.0,Norte,Brasil
2020-02-02,AC,7.0,Norte,Brasil
2020-02-09,AC,8.0,Norte,Brasil
2020-02-16,AC,9.0,Norte,Brasil
2020-02-23,AC,10.0,Norte,Brasil
2020-03-01,AC,2.0,Norte,Brasil
2020-03-08,AC,7.0,Norte,Brasil
2020-03-15,AC,2.0,Norte,Brasil
2020-03-22,AC,5.0,Norte,Brasil
2020-03-29,AC,1.0,Norte,Brasil
2020-04-05,AC,1.0,Norte,Brasil
2020-04-12,AC,1.0,Norte,Brasil
2020-04-19,AC,4.0,Norte,Brasil
2020-04-26,AC,1.0,Norte,Brasil
2020-05-03,AC,2.0,Norte,Brasil
2020-05-10,AC,6.0,Norte,Brasil
2020-05-17,AC,4.0,Norte,Brasil
2020-05-24,AC,10.0,Norte,Brasil
2020-05-31,AC,12.0,Norte,Brasil
2020-06-07,AC,12.0,Norte,Brasil
2020-06-14,AC,9.0,Norte,Brasil
2020-06-21,AC,12.0,Norte,Brasil
2020-06-28,AC,10.0,Norte,Brasil
2020-07-05,AC,8.0,Norte,Brasil
2020-07-12,AC,8.0,Norte,Brasil
2020-07-19,AC,7.0,Norte,Brasil
2020-07-26,AC,13.0,Norte,Brasil
2020-08-02,AC,4.0,Norte,Brasil
2020-08-09,AC,4.0,Norte,Brasil
2020-08-16,AC,5.0,Norte,Brasil
2020-08-23,AC,2.0,Norte,Brasil
2020-08-30,AC,1.0,Norte,Brasil
2020-09-06,AC,2.0,Norte,Brasil
2020-09-13,AC,3.0,Norte,Brasil
2020-09-20,AC,3.0,Norte,Brasil
2020-09-27,AC,5.0,Norte,Brasil
2020-10-04,AC,2.0,Norte,Brasil
2020-10-11,AC,2.0,Norte,Brasil
2020-10-18,AC,2.0,Norte,Brasil
2020-10-25,AC,4.0,Norte,Brasil
2020-11-01,AC,8.0,Norte,Brasil
2020-11-08,AC,6.0,Norte,Brasil
2020-11-15,AC,2.0,Norte,Brasil
2020-11-22,AC,2.0,Norte,Brasil
2020-11-29,AC,5.0,Norte,Brasil
2020-12-06,AC,5.0,Norte,Brasil
2020-12-13,AC,7.0,Norte,Brasil
2020-12-20,AC,2.0,Norte,Brasil
2020-12-27,AC,6.0,Norte,Brasil
2021-01-03,AC,6.0,Norte,Brasil
2021-01-10,AC,1.0,Norte,Brasil
2021-01-17,AC,14.0,Norte,Brasil
2021-01-24,AC,55.0,Norte,Brasil
2021-01-31,AC,40.0,Norte,Brasil
2021-02-07,AC,12.0,Norte,Brasil
2021-02-14,AC,15.0,Norte,Brasil
2021-02-21,AC,13.0,Norte,Brasil
2021-02-28,AC,19.0,Norte,Brasil
2021-03-07,AC,26.0,Norte,Brasil
2021-03-14,AC,21.0,Norte,Brasil
2021-03-21,AC,28.0,Norte,Brasil
2021-03-28,AC,36.0,Norte,Brasil
2021-04-04,AC,9.0,Norte,Brasil
2021-04-11,AC,31.0,Norte,Brasil
2021-04-18,AC,14.0,Norte,Brasil
2021-04-25,AC,5.0,Norte,Brasil
2021-05-02,AC,4.0,Norte,Brasil
2021-05-09,AC,6.0,Norte,Brasil
2021-05-16,AC,17.0,Norte,Brasil
2021-05-23,AC,16.0,Norte,Brasil
2021-05-30,AC,22.0,Norte,Brasil
2021-06-06,AC,8.0,Norte,Brasil
2021-06-13,AC,7.0,Norte,Brasil
2021-06-20,AC,12.0,Norte,Brasil
2021-06-27,AC,10.0,Norte,Brasil
2021-07-04,AC,7.0,Norte,Brasil
2021-07-11,AC,11.0,Norte,Brasil
2021-07-18,AC,6.0,Norte,Brasil
2021-07-25,AC,5.0,Norte,Brasil
2021-08-01,AC,6.0,Norte,Brasil
2021-08-08,AC,7.0,Norte,Brasil
2021-08-15,AC,7.0,Norte,Brasil
2021-08-22,AC,7.0,Norte,Brasil
2021-08-29,AC,4.0,Norte,Brasil
2021-09-05,AC,9.0,Norte,Brasil
2021-09-12,AC,3.0,Norte,Brasil
2021-09-19,AC,6.0,Norte,Brasil
2021-09-26,AC,6.0,Norte,Brasil
2021-10-03,AC,6.0,Norte,Brasil
2021-10-10,AC,6.0,Norte,Brasil
2021-10-17,AC,8.0,Norte,Brasil
2021-10-24,AC,8.0,Norte,Brasil
2021-10-31,AC,13.0,Norte,Brasil
2021-11-07,AC,10.0,Norte,Brasil
2021-11-14,AC,10.0,Norte,Brasil
2021-11-21,AC,3.0,Norte,Brasil
2021-11-28,AC,18.0,Norte,Brasil
2021-12-05,AC,15.0,Norte,Brasil
2021-12-12,AC,17.0,Norte,Brasil
2021-12-19,AC,14.0,Norte,Brasil
2021-12-26,AC,9.0,Norte,Brasil
2022-01-02,AC,4.0,Norte,Brasil
2022-01-09,AC,6.0,Norte,Brasil
2022-01-16,AC,5.0,Norte,Brasil
2022-01-23,AC,8.0,Norte,Brasil
2022-01-30,AC,19.0,Norte,Brasil
2022-02-06,AC,5.0,Norte,Brasil
2022-02-13,AC,2.0,Norte,Brasil
2022-02-20,AC,7.0,Norte,Brasil
2022-02-27,AC,11.0,Norte,Brasil
2022-03-06,AC,4.0,Norte,Brasil
2022-03-13,AC,4.0,Norte,Brasil
2022-03-20,AC,4.0,Norte,Brasil
2022-03-27,AC,5.0,Norte,Brasil
2022-04-03,AC,5.0,Norte,Brasil
2022-04-10,AC,5.0,Norte,Brasil
2022-04-17,AC,1.0,Norte,Brasil
2022-04-24,AC,2.0,Norte,Brasil
2022-05-01,AC,3.0,Norte,Brasil
2022-05-08,AC,5.0,Norte,Brasil
2022-05-15,AC,4.0,Norte,Brasil
2022-05-22,AC,6.0,Norte,Brasil
2022-05-29,AC,3.0,Norte,Brasil
2022-06-05,AC,4.0,Norte,Brasil
2022-06-12,AC,3.0,Norte,Brasil
2022-06-19,AC,2.0,Norte,Brasil
2022-06-26,AC,1.0,Norte,Brasil
2022-07-03,AC,1.0,Norte,Brasil
2022-07-10,AC,1.0,Norte,Brasil
2022-07-17,AC,7.0,Norte,Brasil
2022-07-24,AC,3.0,Norte,Brasil
2022-07-31,AC,2.0,Norte,Brasil
2022-08-07,AC,5.0,Norte,Brasil
2022-08-14,AC,5.0,Norte,Brasil
2022-08-21,AC,5.0,Norte,Brasil
2022-08-28,AC,2.0,Norte,Brasil
2022-09-04,AC,3.0,Norte,Brasil
2022-09-11,AC,1.0,Norte,Brasil
2022-09-18,AC,4.0,Norte,Brasil
2022-09-25,AC,1.0,Norte,Brasil
2022-10-02,AC,2.0,Norte,Brasil
2022-10-09,AC,1.0,Norte,Brasil
2022-10-16,AC,3.0,Norte,Brasil
2022-10-23,AC,4.0,Norte,Brasil
2022-10-30,AC,2.0,Norte,Brasil
2022-11-06,AC,1.0,Norte,Brasil
2022-11-13,AC,3.0,Norte,Brasil
2022-11-20,AC,7.0,Norte,Brasil
2022-11-27,AC,8.0,Norte,Brasil
2022-12-04,AC,1.0,Norte,Brasil
2022-12-11,AC,1.0,Norte,Brasil
2022-12-18,AC,5.0,Norte,Brasil
2022-12-25,AC,4.0,Norte,Brasil
2023-01-01,AC,4.0,Norte,Brasil
2023-01-08,AC,4.0,Norte,Brasil
2023-01-15,AC,1.0,Norte,Brasil
2023-01-22,AC,1.0,Norte,Brasil
2023-01-29,AC,1.0,Norte,Brasil
2023-02-05,AC,3.0,Norte,Brasil
2023-02-12,AC,1.0,Norte,Brasil
2023-02-19,AC,3.0,Norte,Brasil
2023-02-26,AC,5.0,Norte,Brasil
2023-03-05,AC,6.0,Norte,Brasil
2023-03-12,AC,8.0,Norte,Brasil
2023-03-19,AC,19.0,Norte,Brasil
2023-03-26,AC,18.0,Norte,Brasil
2023-04-02,AC,27.0,Norte,Brasil
2023-04-09,AC,11.0,Norte,Brasil
2023-04-16,AC,13.0,Norte,Brasil
2023-04-23,AC,17.0,Norte,Brasil
2023-04-30,AC,13.0,Norte,Brasil
2023-05-07,AC,7.0,Norte,Brasil
2023-05-14,AC,10.0,Norte,Brasil
2023-05-21,AC,8.0,Norte,Brasil
2023-05-28,AC,3.0,Norte,Brasil
2023-06-04,AC,10.0,Norte,Brasil
2023-06-11,AC,2.0,Norte,Brasil
2023-06-18,AC,2.0,Norte,Brasil
2023-06-25,AC,1.0,Norte,Brasil
2023-07-02,AC,1.0,Norte,Brasil
2023-07-09,AC,2.0,Norte,Brasil
2023-07-16,AC,2.0,Norte,Brasil
2023-07-23,AC,2.0,Norte,Brasil
2023-07-30,AC,2.0,Norte,Brasil
2023-08-06,AC,3.0,Norte,Brasil
2023-08-13,AC,2.0,Norte,Brasil
2023-08-20,AC,2.0,Norte,Brasil
2023-08-27,AC,1.0,Norte,Brasil
2023-09-03,AC,3.0,Norte,Brasil
2023-09-10,AC,2.0,Norte,Brasil
2023-09-17,AC,1.0,Norte,Brasil
2023-09-24,AC,1.0,Norte,Brasil
2023-10-01,AC,1.0,Norte,Brasil
2023-10-08,AC,2.0,Norte,Brasil
2023-10-15,AC,2.0,Norte,Brasil
2023-10-22,AC,1.0,Norte,Brasil
2023-10-29,AC,2.0,Norte,Brasil
2023-11-05,AC,2.0,Norte,Brasil
2023-11-12,AC,2.0,Norte,Brasil
2023-11-19,AC,2.0,Norte,Brasil
2023-11-26,AC,7.0,Norte,Brasil
2023-12-03,AC,16.0,Norte,Brasil
2023-12-10,AC,11.0,Norte,Brasil
2023-12-17,AC,20.0,Norte,Brasil
2023-12-24,AC,10.0,Norte,Brasil
2023-12-31,AC,20.0,Norte,Brasil
2024-01-07,AC,8.0,Norte,Brasil
2024-01-14,AC,49.0,Norte,Brasil
2024-01-21,AC,23.0,Norte,Brasil
2024-01-28,AC,17.0,Norte,Brasil
2024-02-04,AC,22.0,Norte,Brasil
2024-02-11,AC,20.0,Norte,Brasil
2024-02-18,AC,9.0,Norte,Brasil
2024-02-25,AC,14.0,Norte,Brasil
2024-03-03,AC,14.0,Norte,Brasil
2024-03-10,AC,9.0,Norte,Brasil
2024-03-17,AC,23.0,Norte,Brasil
2024-03-24,AC,34.0,Norte,Brasil
2024-03-31,AC,13.0,Norte,Brasil
2024-04-07,AC,18.0,Norte,Brasil
2024-04-14,AC,10.0,Norte,Brasil
2024-04-21,AC,17.0,Norte,Brasil
2024-04-28,AC,26.0,Norte,Brasil
2024-05-05,AC,16.0,Norte,Brasil
2024-05-12,AC,14.0,Norte,Brasil
2024-05-19,AC,15.0,Norte,Brasil
2024-05-26,AC,15.0,Norte,Brasil
2024-06-02,AC,11.0,Norte,Brasil
2024-06-09,AC,21.0,Norte,Brasil
2024-06-16,AC,19.0,Norte,Brasil
2024-06-23,AC,17.0,Norte,Brasil
2024-06-30,AC,23.0,Norte,Brasil
2024-07-07,AC,12.0,Norte,Brasil
2024-07-14,AC,21.0,Norte,Brasil
2024-07-21,AC,17.0,Norte,Brasil
2024-07-28,AC,16.0,Norte,Brasil
2024-08-04,AC,10.0,Norte,Brasil
2024-08-11,AC,23.0,Norte,Brasil
2024-08-18,AC,12.0,Norte,Brasil
2024-08-25,AC,14.0,Norte,Brasil
2024-09-01,AC,21.0,Norte,Brasil
2024-09-08,AC,7.0,Norte,Brasil
2024-09-15,AC,5.0,Norte,Brasil
2024-09-22,AC,7.0,Norte,Brasil
2024-09-29,AC,6.0,Norte,Brasil
2024-10-06,AC,11.0,Norte,Brasil
2024-10-13,AC,12.0,Norte,Brasil
2024-10-20,AC,14.0,Norte,Brasil
2024-10-27,AC,16.0,Norte,Brasil
2024-11-03,AC,11.0,Norte,Brasil
2024-11-10,AC,13.0,Norte,Brasil
2024-11-17,AC,4.0,Norte,Brasil
2024-11-24,AC,4.0,Norte,Brasil
2024-12-01,AC,4.0,Norte,Brasil
2024-12-08,AC,19.0,Norte,Brasil
2024-12-15,AC,31.0,Norte,Brasil
2024-12-22,AC,33.0,Norte,Brasil
2024-12-29,AC,28.0,Norte,Brasil
2025-01-05,AC,6.0,Norte,Brasil
2025-01-12,AC,46.0,Norte,Brasil
2025-01-19,AC,43.0,Norte,Brasil
2025-01-26,AC,28.0,Norte,Brasil
2025-02-02,AC,52.0,Norte,Brasil
2025-02-09,AC,58.0,Norte,Brasil
2025-02-16,AC,132.0,Norte,Brasil
2025-02-23,AC,185.0,Norte,Brasil
2025-03-02,AC,167.0,Norte,Brasil
2025-03-09,AC,106.0,Norte,Brasil
2025-03-16,AC,132.0,Norte,Brasil
2025-03-23,AC,21.0,Norte,Brasil
2025-03-30,AC,18.0,Norte,Brasil
2025-04-06,AC,11.0,Norte,Brasil
2025-04-13,AC,10.0,Norte,Brasil
2025-04-20,AC,7.0,Norte,Brasil
2025-04-27,AC,15.0,Norte,Brasil
2025-05-04,AC,14.0,Norte,Brasil
2025-05-11,AC,10.0,Norte,Brasil
2025-05-18,AC,16.0,Norte,Brasil
2025-05-25,AC,10.0,Norte,Brasil
2025-06-01,AC,9.0,Norte,Brasil
2025-06-08,AC,15.0,Norte,Brasil
2025-06-15,AC,17.0,Norte,Brasil
2025-06-22,AC,7.0,Norte,Brasil
2025-06-29,AC,15.0,Norte,Brasil
2025-07-06,AC,7.0,Norte,Brasil
2025-07-13,AC,9.0,Norte,Brasil
2025-07-20,AC,18.0,Norte,Brasil
2025-07-27,AC,5.0,Norte,Brasil
2025-08-03,AC,7.0,Norte,Brasil
2025-08-10,AC,8.0,Norte,Brasil
2025-08-17,AC,6.0,Norte,Brasil
2025-08-24,AC,3.0,Norte,Brasil
2025-08-31,AC,8.0,Norte,Brasil
2025-09-07,AC,6.0,Norte,Brasil
2025-09-14,AC,10.0,Norte,Brasil
2025-09-21,AC,5.0,Norte,Brasil
2025-09-28,AC,6.0,Norte,Brasil
2025-10-05,AC,11.0,Norte,Brasil
2025-10-12,AC,11.0,Norte,Brasil
2025-10-19,AC,13.0,Norte,Brasil
2025-10-26,AC,12.0,Norte,Brasil
2025-11-02,AC,6.0,Norte,Brasil
2025-11-09,AC,6.0,Norte,Brasil
2025-11-16,AC,9.0,Norte,Brasil
2025-11-23,AC,8.0,Norte,Brasil
2025-11-30,AC,7.0,Norte,Brasil
2025-12-07,AC,7.0,Norte,Brasil
2025-12-14,AC,6.0,Norte,Brasil
2025-12-21,AC,10.0,Norte,Brasil
2025-12-28,AC,7.0,Norte,Brasil
2026-01-04,AC,13.0,Norte,Brasil
2026-01-11,AC,13.0,Norte,Brasil
2026-01-18,AC,13.0,Norte,Brasil
2026-01-25,AC,13.0,Norte,Brasil
2026-02-01,AC,11.0,Norte,Brasil
2026-02-08,AC,24.0,Norte,Brasil
2026-02-15,AC,5.0,Norte,Brasil
2026-02-22,AC,7.0,Norte,Brasil
2026-03-01,AC,15.0,Norte,Brasil
2026-03-08,AC,6.0,Norte,Brasil
2026-03-15,AC,6.0,Norte,Brasil
2026-03-22,AC,7.0,Norte,Brasil
2026-03-29,AC,11.0,Norte,Brasil
2026-04-05,AC,7.0,Norte,Brasil
2026-04-12,AC,6.0,Norte,Brasil
2026-04-19,AC,5.0,Norte,Brasil
2026-04-26,AC,7.0,Norte,Brasil
2026-05-03,AC,8.0,Norte,Brasil
2026-05-10,AC,7.0,Norte,Brasil
2026-05-17,AC,11.0,Norte,Brasil
2026-05-24,AC,6.0,Norte,Brasil
2026-05-31,AC,13.0,Norte,Brasil
2026-06-07,AC,17.0,Norte,Brasil
2026-06-14,AC,17.0,Norte,Brasil
2026-06-21,AC,7.0,Norte,Brasil
2026-06-28,AC,12.0,Norte,Brasil
2026-07-05,AC,12.0,Norte,Brasil
2026-07-12,AC,8.0,Norte,Brasil
2026-07-19,AC,5.0,Norte,Brasil
2026-07-26,AC,14.0,Norte,Brasil
2026-08-02,AC,12.0,Norte,Brasil
2026-08-09,AC,7.0,Norte,Brasil
2026-08-16,AC,5.0,Norte,Brasil
2026-08-23,AC,8.0,Norte,Brasil
2026-08-30,AC,10.0,Norte,Brasil
2026-09-06,AC,10.0,Norte,Brasil
2026-09-13,AC,10.0,Norte,Brasil
2014-09-28,AL,1.0,Nordeste,Brasil
2014-10-05,AL,1.0,Nordeste,Brasil
2014-10-12,AL,1.0,Nordeste,Brasil
2014-10-19,AL,2.0,Nordeste,Brasil
2014-10-26,AL,2.0,Nordeste,Brasil
2014-11-02,AL,3.0,Nordeste,Brasil
2014-11-09,AL,1.0,Nordeste,Brasil
2014-11-16,AL,2.0,Nordeste,Brasil
2014-11-23,AL,1.0,Nordeste,Brasil
2014-11-30,AL,1.0,Nordeste,Brasil
2014-12-07,AL,1.0,Nordeste,Brasil
2014-12-14,AL,1.0,Nordeste,Brasil
2014-12-21,AL,1.0,Nordeste,Brasil
2014-12-28,AL,3.0,Nordeste,Brasil
2015-01-04,AL,3.0,Nordeste,Brasil
2015-01-11,AL,5.0,Nordeste,Brasil
2015-01-18,AL,65.0,Nordeste,Brasil
2015-01-25,AL,96.0,Nordeste,Brasil
2015-02-01,AL,213.0,Nordeste,Brasil
2015-02-08,AL,234.0,Nordeste,Brasil
2015-02-15,AL,144.0,Nordeste,Brasil
2015-02-22,AL,74.0,Nordeste,Brasil
2015-03-01,AL,86.0,Nordeste,Brasil
2015-03-08,AL,9.0,Nordeste,Brasil
2015-03-15,AL,1.0,Nordeste,Brasil
2015-03-22,AL,1.0,Nordeste,Brasil
2015-03-29,AL,1.0,Nordeste,Brasil
2015-04-05,AL,3.0,Nordeste,Brasil
2015-04-12,AL,2.0,Nordeste,Brasil
2015-04-19,AL,2.0,Nordeste,Brasil
2015-04-26,AL,1.0,Nordeste,Brasil
2015-05-03,AL,1.0,Nordeste,Brasil
2015-05-10,AL,3.0,Nordeste,Brasil
2015-05-17,AL,3.0,Nordeste,Brasil
2015-05-24,AL,3.0,Nordeste,Brasil
2015-05-31,AL,3.0,Nordeste,Brasil
2015-06-07,AL,3.0,Nordeste,Brasil
2015-06-14,AL,1.0,Nordeste,Brasil
2015-06-21,AL,6.0,Nordeste,Brasil
2015-06-28,AL,9.0,Nordeste,Brasil
2015-07-05,AL,13.0,Nordeste,Brasil
2015-07-12,AL,9.0,Nordeste,Brasil
2015-07-19,AL,10.0,Nordeste,Brasil
2015-07-26,AL,4.0,Nordeste,Brasil
2015-08-02,AL,2.0,Nordeste,Brasil
2015-08-09,AL,4.0,Nordeste,Brasil
2015-08-16,AL,9.0,Nordeste,Brasil
2015-08-23,AL,7.0,Nordeste,Brasil
2015-08-30,AL,38.0,Nordeste,Brasil
2015-09-06,AL,14.0,Nordeste,Brasil
2015-09-13,AL,8.0,Nordeste,Brasil
2015-09-20,AL,24.0,Nordeste,Brasil
2015-09-27,AL,3.0,Nordeste,Brasil
2015-10-04,AL,11.0,Nordeste,Brasil
2015-10-11,AL,20.0,Nordeste,Brasil
2015-10-18,AL,26.0,Nordeste,Brasil
2015-10-25,AL,13.0,Nordeste,Brasil
2015-11-01,AL,98.0,Nordeste,Brasil
2015-11-08,AL,149.0,Nordeste,Brasil
2015-11-15,AL,233.0,Nordeste,Brasil
2015-11-22,AL,208.0,Nordeste,Brasil
2015-11-29,AL,278.0,Nordeste,Brasil
2015-12-06,AL,417.0,Nordeste,Brasil
2015-12-13,AL,221.0,Nordeste,Brasil
2015-12-20,AL,159.0,Nordeste,Brasil
2015-12-27,AL,143.0,Nordeste,Brasil
2016-01-03,AL,143.0,Nordeste,Brasil
2016-01-10,AL,131.0,Nordeste,Brasil
2016-01-17,AL,191.0,Nordeste,Brasil
2016-01-24,AL,304.0,Nordeste,Brasil
2016-01-31,AL,411.0,Nordeste,Brasil
2016-02-07,AL,291.0,Nordeste,Brasil
2016-02-14,AL,298.0,Nordeste,Brasil
2016-02-21,AL,627.0,Nordeste,Brasil
2016-02-28,AL,535.0,Nordeste,Brasil
2016-03-06,AL,382.0,Nordeste,Brasil
2016-03-13,AL,486.0,Nordeste,Brasil
2016-03-20,AL,456.0,Nordeste,Brasil
2016-03-27,AL,534.0,Nordeste,Brasil
2016-04-03,AL,652.0,Nordeste,Brasil
2016-04-10,AL,589.0,Nordeste,Brasil
2016-04-17,AL,740.0,Nordeste,Brasil
2016-04-24,AL,645.0,Nordeste,Brasil
2016-05-01,AL,738.0,Nordeste,Brasil
2016-05-08,AL,753.0,Nordeste,Brasil
2016-05-15,AL,842.0,Nordeste,Brasil
2016-05-22,AL,967.0,Nordeste,Brasil
2016-05-29,AL,923.0,Nordeste,Brasil
2016-06-05,AL,898.0,Nordeste,Brasil
2016-06-12,AL,925.0,Nordeste,Brasil
2016-06-19,AL,773.0,Nordeste,Brasil
2016-06-26,AL,719.0,Nordeste,Brasil
2016-07-03,AL,653.0,Nordeste,Brasil
2016-07-10,AL,605.0,Nordeste,Brasil
2016-07-17,AL,597.0,Nordeste,Brasil
2016-07-24,AL,415.0,Nordeste,Brasil
2016-07-31,AL,399.0,Nordeste,Brasil
2016-08-07,AL,398.0,Nordeste,Brasil
2016-08-14,AL,313.0,Nordeste,Brasil
2016-08-21,AL,336.0,Nordeste,Brasil
2016-08-28,AL,223.0,Nordeste,Brasil
2016-09-04,AL,126.0,Nordeste,Brasil
2016-09-11,AL,106.0,Nordeste,Brasil
2016-09-18,AL,74.0,Nordeste,Brasil
2016-09-25,AL,102.0,Nordeste,Brasil
2016-10-02,AL,95.0,Nordeste,Brasil
2016-10-09,AL,76.0,Nordeste,Brasil
2016-10-16,AL,47.0,Nordeste,Brasil
2016-10-23,AL,40.0,Nordeste,Brasil
2016-10-30,AL,47.0,Nordeste,Brasil
2016-11-06,AL,36.0,Nordeste,Brasil
2016-11-13,AL,26.0,Nordeste,Brasil
2016-11-20,AL,22.0,Nordeste,Brasil
2016-11-27,AL,19.0,Nordeste,Brasil
2016-12-04,AL,9.0,Nordeste,Brasil
2016-12-11,AL,36.0,Nordeste,Brasil
2016-12-18,AL,21.0,Nordeste,Brasil
2016-12-25,AL,13.0,Nordeste,Brasil
2017-01-01,AL,20.0,Nordeste,Brasil
2017-01-08,AL,15.0,Nordeste,Brasil
2017-01-15,AL,33.0,Nordeste,Brasil
2017-01-22,AL,19.0,Nordeste,Brasil
2017-01-29,AL,27.0,Nordeste,Brasil
2017-02-05,AL,24.0,Nordeste,Brasil
2017-02-12,AL,19.0,Nordeste,Brasil
2017-02-19,AL,8.0,Nordeste,Brasil
2017-02-26,AL,6.0,Nordeste,Brasil
2017-03-05,AL,11.0,Nordeste,Brasil
2017-03-12,AL,9.0,Nordeste,Brasil
2017-03-19,AL,12.0,Nordeste,Brasil
2017-03-26,AL,13.0,Nordeste,Brasil
2017-04-02,AL,22.0,Nordeste,Brasil
2017-04-09,AL,14.0,Nordeste,Brasil
2017-04-16,AL,14.0,Nordeste,Brasil
2017-04-23,AL,16.0,Nordeste,Brasil
2017-04-30,AL,12.0,Nordeste,Brasil
2017-05-07,AL,16.0,Nordeste,Brasil
2017-05-14,AL,11.0,Nordeste,Brasil
2017-05-21,AL,10.0,Nordeste,Brasil
2017-05-28,AL,14.0,Nordeste,Brasil
2017-06-04,AL,5.0,Nordeste,Brasil
2017-06-11,AL,15.0,Nordeste,Brasil
2017-06-18,AL,9.0,Nordeste,Brasil
2017-06-25,AL,7.0,Nordeste,Brasil
2017-07-02,AL,12.0,Nordeste,Brasil
2017-07-09,AL,28.0,Nordeste,Brasil
2017-07-16,AL,11.0,Nordeste,Brasil
2017-07-23,AL,15.0,Nordeste,Brasil
2017-07-30,AL,13.0,Nordeste,Brasil
2017-08-06,AL,11.0,Nordeste,Brasil
2017-08-13,AL,15.0,Nordeste,Brasil
2017-08-20,AL,12.0,Nordeste,Brasil
2017-08-27,AL,11.0,Nordeste,Brasil
2017-09-03,AL,7.0,Nordeste,Brasil
2017-09-10,AL,12.0,Nordeste,Brasil
2017-09-17,AL,7.0,Nordeste,Brasil
2017-09-24,AL,10.0,Nordeste,Brasil
2017-10-01,AL,7.0,Nordeste,Brasil
2017-10-08,AL,4.0,Nordeste,Brasil
2017-10-15,AL,10.0,Nordeste,Brasil
2017-10-22,AL,6.0,Nordeste,Brasil
2017-10-29,AL,4.0,Nordeste,Brasil
2017-11-05,AL,8.0,Nordeste,Brasil
2017-11-12,AL,7.0,Nordeste,Brasil
2017-11-19,AL,8.0,Nordeste,Brasil
2017-11-26,AL,5.0,Nordeste,Brasil
2017-12-03,AL,7.0,Nordeste,Brasil
2017-12-10,AL,5.0,Nordeste,Brasil
2017-12-17,AL,11.0,Nordeste,Brasil
2017-12-24,AL,6.0,Nordeste,Brasil
2017-12-31,AL,7.0,Nordeste,Brasil
2018-01-07,AL,2.0,Nordeste,Brasil
2018-01-14,AL,10.0,Nordeste,Brasil
2018-01-21,AL,7.0,Nordeste,Brasil
2018-01-28,AL,5.0,Nordeste,Brasil
2018-02-04,AL,8.0,Nordeste,Brasil
2018-02-11,AL,7.0,Nordeste,Brasil
2018-02-18,AL,5.0,Nordeste,Brasil
2018-02-25,AL,3.0,Nordeste,Brasil
2018-03-04,AL,7.0,Nordeste,Brasil
2018-03-11,AL,5.0,Nordeste,Brasil
2018-03-18,AL,4.0,Nordeste,Brasil
2018-03-25,AL,6.0,Nordeste,Brasil
2018-04-01,AL,4.0,Nordeste,Brasil
2018-04-08,AL,4.0,Nordeste,Brasil
2018-04-15,AL,7.0,Nordeste,Brasil
2018-04-22,AL,10.0,Nordeste,Brasil
2018-04-29,AL,10.0,Nordeste,Brasil
2018-05-06,AL,3.0,Nordeste,Brasil
2018-05-13,AL,3.0,Nordeste,Brasil
2018-05-20,AL,1.0,Nordeste,Brasil
2018-05-27,AL,5.0,Nordeste,Brasil
2018-06-03,AL,6.0,Nordeste,Brasil
2018-06-10,AL,4.0,Nordeste,Brasil
2018-06-17,AL,15.0,Nordeste,Brasil
2018-06-24,AL,15.0,Nordeste,Brasil
2018-07-01,AL,5.0,Nordeste,Brasil
2018-07-08,AL,5.0,Nordeste,Brasil
2018-07-15,AL,18.0,Nordeste,Brasil
2018-07-22,AL,13.0,Nordeste,Brasil
2018-07-29,AL,15.0,Nordeste,Brasil
2018-08-05,AL,18.0,Nordeste,Brasil
2018-08-12,AL,8.0,Nordeste,Brasil
2018-08-19,AL,15.0,Nordeste,Brasil
2018-08-26,AL,10.0,Nordeste,Brasil
2018-09-02,AL,9.0,Nordeste,Brasil
2018-09-09,AL,9.0,Nordeste,Brasil
2018-09-16,AL,5.0,Nordeste,Brasil
2018-09-23,AL,8.0,Nordeste,Brasil
2018-09-30,AL,3.0,Nordeste,Brasil
2018-10-07,AL,9.0,Nordeste,Brasil
2018-10-14,AL,4.0,Nordeste,Brasil
2018-10-21,AL,6.0,Nordeste,Brasil
2018-10-28,AL,8.0,Nordeste,Brasil
2018-11-04,AL,5.0,Nordeste,Brasil
2018-11-11,AL,8.0,Nordeste,Brasil
2018-11-18,AL,5.0,Nordeste,Brasil
2018-11-25,AL,6.0,Nordeste,Brasil
2018-12-02,AL,6.0,Nordeste,Brasil
2018-12-09,AL,32.0,Nordeste,Brasil
2018-12-16,AL,5.0,Nordeste,Brasil
2018-12-23,AL,4.0,Nordeste,Brasil
2018-12-30,AL,12.0,Nordeste,Brasil
2019-01-06,AL,3.0,Nordeste,Brasil
2019-01-13,AL,1.0,Nordeste,Brasil
2019-01-20,AL,5.0,Nordeste,Brasil
2019-01-27,AL,10.0,Nordeste,Brasil
2019-02-03,AL,7.0,Nordeste,Brasil
2019-02-10,AL,6.0,Nordeste,Brasil
2019-02-17,AL,6.0,Nordeste,Brasil
2019-02-24,AL,14.0,Nordeste,Brasil
2019-03-03,AL,18.0,Nordeste,Brasil
2019-03-10,AL,21.0,Nordeste,Brasil
2019-03-17,AL,21.0,Nordeste,Brasil
2019-03-24,AL,13.0,Nordeste,Brasil
2019-03-31,AL,21.0,Nordeste,Brasil
2019-04-07,AL,14.0,Nordeste,Brasil
2019-04-14,AL,25.0,Nordeste,Brasil
2019-04-21,AL,42.0,Nordeste,Brasil
2019-04-28,AL,27.0,Nordeste,Brasil
2019-05-05,AL,70.0,Nordeste,Brasil
2019-05-12,AL,54.0,Nordeste,Brasil
2019-05-19,AL,77.0,Nordeste,Brasil
2019-05-26,AL,140.0,Nordeste,Brasil
2019-06-02,AL,136.0,Nordeste,Brasil
2019-06-09,AL,114.0,Nordeste,Brasil
2019-06-16,AL,145.0,Nordeste,Brasil
2019-06-23,AL,115.0,Nordeste,Brasil
2019-06-30,AL,130.0,Nordeste,Brasil
2019-07-07,AL,148.0,Nordeste,Brasil
2019-07-14,AL,171.0,Nordeste,Brasil
2019-07-21,AL,130.0,Nordeste,Brasil
2019-07-28,AL,130.0,Nordeste,Brasil
2019-08-04,AL,80.0,Nordeste,Brasil
2019-08-11,AL,87.0,Nordeste,Brasil
2019-08-18,AL,68.0,Nordeste,Brasil
2019-08-25,AL,58.0,Nordeste,Brasil
2019-09-01,AL,49.0,Nordeste,Brasil
2019-09-08,AL,36.0,Nordeste,Brasil
2019-09-15,AL,83.0,Nordeste,Brasil
2019-09-22,AL,34.0,Nordeste,Brasil
2019-09-29,AL,27.0,Nordeste,Brasil
2019-10-06,AL,19.0,Nordeste,Brasil
2019-10-13,AL,18.0,Nordeste,Brasil
2019-10-20,AL,28.0,Nordeste,Brasil
2019-10-27,AL,13.0,Nordeste,Brasil
2019-11-03,AL,10.0,Nordeste,Brasil
2019-11-10,AL,9.0,Nordeste,Brasil
2019-11-17,AL,10.0,Nordeste,Brasil
2019-11-24,AL,7.0,Nordeste,Brasil
2019-12-01,AL,6.0,Nordeste,Brasil
2019-12-08,AL,9.0,Nordeste,Brasil
2019-12-15,AL,5.0,Nordeste,Brasil
2019-12-22,AL,4.0,Nordeste,Brasil
2019-12-29,AL,1.0,Nordeste,Brasil
2020-01-05,AL,1.0,Nordeste,Brasil
2020-01-12,AL,3.0,Nordeste,Brasil
2020-01-19,AL,2.0,Nordeste,Brasil
2020-01-26,AL,4.0,Nordeste,Brasil
2020-02-02,AL,2.0,Nordeste,Brasil
2020-02-09,AL,1.0,Nordeste,Brasil
2020-02-16,AL,1.0,Nordeste,Brasil
2020-02-23,AL,3.0,Nordeste,Brasil
2020-03-01,AL,4.0,Nordeste,Brasil
2020-03-08,AL,6.0,Nordeste,Brasil
2020-03-15,AL,1.0,Nordeste,Brasil
2020-03-22,AL,1.0,Nordeste,Brasil
2020-03-29,AL,3.0,Nordeste,Brasil
2020-04-05,AL,8.0,Nordeste,Brasil
2020-04-12,AL,2.0,Nordeste,Brasil
2020-04-19,AL,8.0,Nordeste,Brasil
2020-04-26,AL,8.0,Nordeste,Brasil
2020-05-03,AL,4.0,Nordeste,Brasil
2020-05-10,AL,13.0,Nordeste,Brasil
2020-05-17,AL,10.0,Nordeste,Brasil
2020-05-24,AL,3.0,Nordeste,Brasil
2020-05-31,AL,3.0,Nordeste,Brasil
2020-06-07,AL,1.0,Nordeste,Brasil
2020-06-14,AL,2.0,Nordeste,Brasil
2020-06-21,AL,5.0,Nordeste,Brasil
2020-06-28,AL,21.0,Nordeste,Brasil
2020-07-05,AL,7.0,Nordeste,Brasil
2020-07-12,AL,11.0,Nordeste,Brasil
2020-07-19,AL,8.0,Nordeste,Brasil
2020-07-26,AL,17.0,Nordeste,Brasil
2020-08-02,AL,10.0,Nordeste,Brasil
2020-08-09,AL,8.0,Nordeste,Brasil
2020-08-16,AL,11.0,Nordeste,Brasil
2020-08-23,AL,10.0,Nordeste,Brasil
2020-08-30,AL,6.0,Nordeste,Brasil
2020-09-06,AL,10.0,Nordeste,Brasil
2020-09-13,AL,2.0,Nordeste,Brasil
2020-09-20,AL,5.0,Nordeste,Brasil
2020-09-27,AL,5.0,Nordeste,Brasil
2020-10-04,AL,8.0,Nordeste,Brasil
2020-10-11,AL,8.0,Nordeste,Brasil
2020-10-18,AL,7.0,Nordeste,Brasil
2020-10-25,AL,4.0,Nordeste,Brasil
2020-11-01,AL,5.0,Nordeste,Brasil
2020-11-08,AL,7.0,Nordeste,Brasil
2020-11-15,AL,6.0,Nordeste,Brasil
2020-11-22,AL,6.0,Nordeste,Brasil
2020-11-29,AL,1.0,Nordeste,Brasil
2020-12-06,AL,1.0,Nordeste,Brasil
2020-12-13,AL,2.0,Nordeste,Brasil
2020-12-20,AL,3.0,Nordeste,Brasil
2020-12-27,AL,1.0,Nordeste,Brasil
2021-01-03,AL,1.0,Nordeste,Brasil
2021-01-10,AL,1.0,Nordeste,Brasil
2021-01-17,AL,2.0,Nordeste,Brasil
2021-01-24,AL,2.0,Nordeste,Brasil
2021-01-31,AL,1.0,Nordeste,Brasil
2021-02-07,AL,5.0,Nordeste,Brasil
2021-02-14,AL,3.0,Nordeste,Brasil
2021-02-21,AL,1.0,Nordeste,Brasil
2021-02-28,AL,2.0,Nordeste,Brasil
2021-03-07,AL,5.0,Nordeste,Brasil
2021-03-14,AL,4.0,Nordeste,Brasil
2021-03-21,AL,3.0,Nordeste,Brasil
2021-03-28,AL,1.0,Nordeste,Brasil
2021-04-04,AL,1.0,Nordeste,Brasil
2021-04-11,AL,1.0,Nordeste,Brasil
2021-04-18,AL,5.0,Nordeste,Brasil
2021-04-25,AL,2.0,Nordeste,Brasil
2021-05-02,AL,1.0,Nordeste,Brasil
2021-05-09,AL,4.0,Nordeste,Brasil
2021-05-16,AL,4.0,Nordeste,Brasil
2021-05-23,AL,6.0,Nordeste,Brasil
2021-05-30,AL,13.0,Nordeste,Brasil
2021-06-06,AL,8.0,Nordeste,Brasil
2021-06-13,AL,20.0,Nordeste,Brasil
2021-06-20,AL,19.0,Nordeste,Brasil
2021-06-27,AL,15.0,Nordeste,Brasil
2021-07-04,AL,21.0,Nordeste,Brasil
2021-07-11,AL,25.0,Nordeste,Brasil
2021-07-18,AL,39.0,Nordeste,Brasil
2021-07-25,AL,31.0,Nordeste,Brasil
2021-08-01,AL,39.0,Nordeste,Brasil
2021-08-08,AL,28.0,Nordeste,Brasil
2021-08-15,AL,53.0,Nordeste,Brasil
2021-08-22,AL,43.0,Nordeste,Brasil
2021-08-29,AL,30.0,Nordeste,Brasil
2021-09-05,AL,35.0,Nordeste,Brasil
2021-09-12,AL,14.0,Nordeste,Brasil
2021-09-19,AL,20.0,Nordeste,Brasil
2021-09-26,AL,30.0,Nordeste,Brasil
2021-10-03,AL,25.0,Nordeste,Brasil
2021-10-10,AL,15.0,Nordeste,Brasil
2021-10-17,AL,14.0,Nordeste,Brasil
2021-10-24,AL,15.0,Nordeste,Brasil
2021-10-31,AL,17.0,Nordeste,Brasil
2021-11-07,AL,20.0,Nordeste,Brasil
2021-11-14,AL,48.0,Nordeste,Brasil
2021-11-21,AL,31.0,Nordeste,Brasil
2021-11-28,AL,21.0,Nordeste,Brasil
2021-12-05,AL,26.0,Nordeste,Brasil
2021-12-12,AL,16.0,Nordeste,Brasil
2021-12-19,AL,27.0,Nordeste,Brasil
2021-12-26,AL,10.0,Nordeste,Brasil
2022-01-02,AL,6.0,Nordeste,Brasil
2022-01-09,AL,3.0,Nordeste,Brasil
2022-01-16,AL,6.0,Nordeste,Brasil
2022-01-23,AL,3.0,Nordeste,Brasil
2022-01-30,AL,10.0,Nordeste,Brasil
2022-02-06,AL,12.0,Nordeste,Brasil
2022-02-13,AL,25.0,Nordeste,Brasil
2022-02-20,AL,58.0,Nordeste,Brasil
2022-02-27,AL,24.0,Nordeste,Brasil
2022-03-06,AL,6.0,Nordeste,Brasil
2022-03-13,AL,13.0,Nordeste,Brasil
2022-03-20,AL,18.0,Nordeste,Brasil
2022-03-27,AL,18.0,Nordeste,Brasil
2022-04-03,AL,33.0,Nordeste,Brasil
2022-04-10,AL,48.0,Nordeste,Brasil
2022-04-17,AL,110.0,Nordeste,Brasil
2022-04-24,AL,191.0,Nordeste,Brasil
2022-05-01,AL,230.0,Nordeste,Brasil
2022-05-08,AL,341.0,Nordeste,Brasil
2022-05-15,AL,494.0,Nordeste,Brasil
2022-05-22,AL,581.0,Nordeste,Brasil
2022-05-29,AL,559.0,Nordeste,Brasil
2022-06-05,AL,662.0,Nordeste,Brasil
2022-06-12,AL,577.0,Nordeste,Brasil
2022-06-19,AL,563.0,Nordeste,Brasil
2022-06-26,AL,597.0,Nordeste,Brasil
2022-07-03,AL,693.0,Nordeste,Brasil
2022-07-10,AL,797.0,Nordeste,Brasil
2022-07-17,AL,672.0,Nordeste,Brasil
2022-07-24,AL,717.0,Nordeste,Brasil
2022-07-31,AL,710.0,Nordeste,Brasil
2022-08-07,AL,471.0,Nordeste,Brasil
2022-08-14,AL,435.0,Nordeste,Brasil
2022-08-21,AL,448.0,Nordeste,Brasil
2022-08-28,AL,303.0,Nordeste,Brasil
2022-09-04,AL,238.0,Nordeste,Brasil
2022-09-11,AL,198.0,Nordeste,Brasil
2022-09-18,AL,179.0,Nordeste,Brasil
2022-09-25,AL,152.0,Nordeste,Brasil
2022-10-02,AL,146.0,Nordeste,Brasil
2022-10-09,AL,117.0,Nordeste,Brasil
2022-10-16,AL,106.0,Nordeste,Brasil
2022-10-23,AL,84.0,Nordeste,Brasil
2022-10-30,AL,95.0,Nordeste,Brasil
2022-11-06,AL,89.0,Nordeste,Brasil
2022-11-13,AL,79.0,Nordeste,Brasil
2022-11-20,AL,59.0,Nordeste,Brasil
2022-11-27,AL,58.0,Nordeste,Brasil
2022-12-04,AL,48.0,Nordeste,Brasil
2022-12-11,AL,52.0,Nordeste,Brasil
2022-12-18,AL,78.0,Nordeste,Brasil
2022-12-25,AL,24.0,Nordeste,Brasil
2023-01-01,AL,25.0,Nordeste,Brasil
2023-01-08,AL,24.0,Nordeste,Brasil
2023-01-15,AL,30.0,Nordeste,Brasil
2023-01-22,AL,37.0,Nordeste,Brasil
2023-01-29,AL,21.0,Nordeste,Brasil
2023-02-05,AL,35.0,Nordeste,Brasil
2023-02-12,AL,35.0,Nordeste,Brasil
2023-02-19,AL,21.0,Nordeste,Brasil
2023-02-26,AL,12.0,Nordeste,Brasil
2023-03-05,AL,26.0,Nordeste,Brasil
2023-03-12,AL,19.0,Nordeste,Brasil
2023-03-19,AL,25.0,Nordeste,Brasil
2023-03-26,AL,28.0,Nordeste,Brasil
2023-04-02,AL,26.0,Nordeste,Brasil
2023-04-09,AL,35.0,Nordeste,Brasil
2023-04-16,AL,34.0,Nordeste,Brasil
2023-04-23,AL,41.0,Nordeste,Brasil
2023-04-30,AL,34.0,Nordeste,Brasil
2023-05-07,AL,28.0,Nordeste,Brasil
2023-05-14,AL,26.0,Nordeste,Brasil
2023-05-21,AL,27.0,Nordeste,Brasil
2023-05-28,AL,25.0,Nordeste,Brasil
2023-06-04,AL,36.0,Nordeste,Brasil
2023-06-11,AL,26.0,Nordeste,Brasil
2023-06-18,AL,22.0,Nordeste,Brasil
2023-06-25,AL,25.0,Nordeste,Brasil
2023-07-02,AL,18.0,Nordeste,Brasil
2023-07-09,AL,28.0,Nordeste,Brasil
2023-07-16,AL,44.0,Nordeste,Brasil
2023-07-23,AL,24.0,Nordeste,Brasil
2023-07-30,AL,13.0,Nordeste,Brasil
2023-08-06,AL,18.0,Nordeste,Brasil
2023-08-13,AL,21.0,Nordeste,Brasil
2023-08-20,AL,18.0,Nordeste,Brasil
2023-08-27,AL,14.0,Nordeste,Brasil
2023-09-03,AL,16.0,Nordeste,Brasil
2023-09-10,AL,10.0,Nordeste,Brasil
2023-09-17,AL,8.0,Nordeste,Brasil
2023-09-24,AL,16.0,Nordeste,Brasil
2023-10-01,AL,7.0,Nordeste,Brasil
2023-10-08,AL,13.0,Nordeste,Brasil
2023-10-15,AL,5.0,Nordeste,Brasil
2023-10-22,AL,14.0,Nordeste,Brasil
2023-10-29,AL,5.0,Nordeste,Brasil
2023-11-05,AL,7.0,Nordeste,Brasil
2023-11-12,AL,11.0,Nordeste,Brasil
2023-11-19,AL,7.0,Nordeste,Brasil
2023-11-26,AL,2.0,Nordeste,Brasil
2023-12-03,AL,4.0,Nordeste,Brasil
2023-12-10,AL,5.0,Nordeste,Brasil
2023-12-17,AL,11.0,Nordeste,Brasil
2023-12-24,AL,4.0,Nordeste,Brasil
2023-12-31,AL,3.0,Nordeste,Brasil
2024-01-07,AL,5.0,Nordeste,Brasil
2024-01-14,AL,9.0,Nordeste,Brasil
2024-01-21,AL,9.0,Nordeste,Brasil
2024-01-28,AL,7.0,Nordeste,Brasil
2024-02-04,AL,16.0,Nordeste,Brasil
2024-02-11,AL,12.0,Nordeste,Brasil
2024-02-18,AL,13.0,Nordeste,Brasil
2024-02-25,AL,34.0,Nordeste,Brasil
2024-03-03,AL,26.0,Nordeste,Brasil
2024-03-10,AL,26.0,Nordeste,Brasil
2024-03-17,AL,31.0,Nordeste,Brasil
2024-03-24,AL,22.0,Nordeste,Brasil
2024-03-31,AL,7.0,Nordeste,Brasil
2024-04-07,AL,16.0,Nordeste,Brasil
2024-04-14,AL,21.0,Nordeste,Brasil
2024-04-21,AL,12.0,Nordeste,Brasil
2024-04-28,AL,15.0,Nordeste,Brasil
2024-05-05,AL,13.0,Nordeste,Brasil
2024-05-12,AL,12.0,Nordeste,Brasil
2024-05-19,AL,32.0,Nordeste,Brasil
2024-05-26,AL,29.0,Nordeste,Brasil
2024-06-02,AL,10.0,Nordeste,Brasil
2024-06-09,AL,18.0,Nordeste,Brasil
2024-06-16,AL,18.0,Nordeste,Brasil
2024-06-23,AL,11.0,Nordeste,Brasil
2024-06-30,AL,22.0,Nordeste,Brasil
2024-07-07,AL,16.0,Nordeste,Brasil
2024-07-14,AL,15.0,Nordeste,Brasil
2024-07-21,AL,9.0,Nordeste,Brasil
2024-07-28,AL,17.0,Nordeste,Brasil
2024-08-04,AL,19.0,Nordeste,Brasil
2024-08-11,AL,7.0,Nordeste,Brasil
2024-08-18,AL,11.0,Nordeste,Brasil
2024-08-25,AL,18.0,Nordeste,Brasil
2024-09-01,AL,10.0,Nordeste,Brasil
2024-09-08,AL,14.0,Nordeste,Brasil
2024-09-15,AL,7.0,Nordeste,Brasil
2024-09-22,AL,6.0,Nordeste,Brasil
2024-09-29,AL,9.0,Nordeste,Brasil
2024-10-06,AL,9.0,Nordeste,Brasil
2024-10-13,AL,8.0,Nordeste,Brasil
2024-10-20,AL,7.0,Nordeste,Brasil
2024-10-27,AL,5.0,Nordeste,Brasil
2024-11-03,AL,5.0,Nordeste,Brasil
2024-11-10,AL,3.0,Nordeste,Brasil
2024-11-17,AL,8.0,Nordeste,Brasil
2024-11-24,AL,8.0,Nordeste,Brasil
2024-12-01,AL,2.0,Nordeste,Brasil
2024-12-08,AL,6.0,Nordeste,Brasil
2024-12-15,AL,2.0,Nordeste,Brasil
2024-12-22,AL,6.0,Nordeste,Brasil
2024-12-29,AL,3.0,Nordeste,Brasil
2025-01-05,AL,1.0,Nordeste,Brasil
2025-01-12,AL,3.0,Nordeste,Brasil
2025-01-19,AL,3.0,Nordeste,Brasil
2025-01-26,AL,5.0,Nordeste,Brasil
2025-02-02,AL,3.0,Nordeste,Brasil
2025-02-09,AL,1.0,Nordeste,Brasil
2025-02-16,AL,4.0,Nordeste,Brasil
2025-02-23,AL,2.0,Nordeste,Brasil
2025-03-02,AL,9.0,Nordeste,Brasil
2025-03-09,AL,2.0,Nordeste,Brasil
2025-03-16,AL,11.0,Nordeste,Brasil
2025-03-23,AL,14.0,Nordeste,Brasil
2025-03-30,AL,30.0,Nordeste,Brasil
2025-04-06,AL,41.0,Nordeste,Brasil
2025-04-13,AL,13.0,Nordeste,Brasil
2025-04-20,AL,18.0,Nordeste,Brasil
2025-04-27,AL,33.0,Nordeste,Brasil
2025-05-04,AL,39.0,Nordeste,Brasil
2025-05-11,AL,41.0,Nordeste,Brasil
2025-05-18,AL,38.0,Nordeste,Brasil
2025-05-25,AL,41.0,Nordeste,Brasil
2025-06-01,AL,43.0,Nordeste,Brasil
2025-06-08,AL,34.0,Nordeste,Brasil
2025-06-15,AL,37.0,Nordeste,Brasil
2025-06-22,AL,48.0,Nordeste,Brasil
2025-06-29,AL,86.0,Nordeste,Brasil
2025-07-06,AL,154.0,Nordeste,Brasil
2025-07-13,AL,179.0,Nordeste,Brasil
2025-07-20,AL,269.0,Nordeste,Brasil
2025-07-27,AL,194.0,Nordeste,Brasil
2025-08-03,AL,275.0,Nordeste,Brasil
2025-08-10,AL,267.0,Nordeste,Brasil
2025-08-17,AL,231.0,Nordeste,Brasil
2025-08-24,AL,312.0,Nordeste,Brasil
2025-08-31,AL,291.0,Nordeste,Brasil
2025-09-07,AL,208.0,Nordeste,Brasil
2025-09-14,AL,226.0,Nordeste,Brasil
2025-09-21,AL,187.0,Nordeste,Brasil
2025-09-28,AL,171.0,Nordeste,Brasil
2025-10-05,AL,170.0,Nordeste,Brasil
2025-10-12,AL,169.0,Nordeste,Brasil
2025-10-19,AL,136.0,Nordeste,Brasil
2025-10-26,AL,155.0,Nordeste,Brasil
2025-11-02,AL,94.0,Nordeste,Brasil
2025-11-09,AL,73.0,Nordeste,Brasil
2025-11-16,AL,77.0,Nordeste,Brasil
2025-11-23,AL,38.0,Nordeste,Brasil
2025-11-30,AL,26.0,Nordeste,Brasil
2025-12-07,AL,48.0,Nordeste,Brasil
2025-12-14,AL,66.0,Nordeste,Brasil
2025-12-21,AL,46.0,Nordeste,Brasil
2025-12-28,AL,26.0,Nordeste,Brasil
2026-01-04,AL,34.0,Nordeste,Brasil
2026-01-11,AL,17.0,Nordeste,Brasil
2026-01-18,AL,14.0,Nordeste,Brasil
2026-01-25,AL,26.0,Nordeste,Brasil
2026-02-01,AL,11.0,Nordeste,Brasil
2026-02-08,AL,15.0,Nordeste,Brasil
2026-02-15,AL,21.0,Nordeste,Brasil
2026-02-22,AL,10.0,Nordeste,Brasil
2026-03-01,AL,42.0,Nordeste,Brasil
2026-03-08,AL,36.0,Nordeste,Brasil
2026-03-15,AL,25.0,Nordeste,Brasil
2026-03-22,AL,21.0,Nordeste,Brasil
2026-03-29,AL,17.0,Nordeste,Brasil
2026-04-05,AL,16.0,Nordeste,Brasil
2026-04-12,AL,52.0,Nordeste,Brasil
2026-04-19,AL,25.0,Nordeste,Brasil
2026-04-26,AL,35.0,Nordeste,Brasil
2026-05-03,AL,44.0,Nordeste,Brasil
2026-05-10,AL,57.0,Nordeste,Brasil
2026-05-17,AL,90.0,Nordeste,Brasil
2026-05-24,AL,111.0,Nordeste,Brasil
2026-05-31,AL,145.0,Nordeste,Brasil
2026-06-07,AL,145.0,Nordeste,Brasil
2026-06-14,AL,230.0,Nordeste,Brasil
2026-06-21,AL,181.0,Nordeste,Brasil
2026-06-28,AL,201.0,Nordeste,Brasil
2026-07-05,AL,210.0,Nordeste,Brasil
2026-07-12,AL,330.0,Nordeste,Brasil
2026-07-19,AL,311.0,Nordeste,Brasil
2026-07-26,AL,185.0,Nordeste,Brasil
2026-08-02,AL,141.0,Nordeste,Brasil
2026-08-09,AL,110.0,Nordeste,Brasil
2026-08-16,AL,115.0,Nordeste,Brasil
2026-08-23,AL,83.0,Nordeste,Brasil
2026-08-30,AL,60.0,Nordeste,Brasil
2026-09-06,AL,26.0,Nordeste,Brasil
2026-09-13,AL,26.0,Nordeste,Brasil
2014-06-08,AM,1.0,Norte,Brasil
2014-06-15,AM,1.0,Norte,Brasil
2014-06-22,AM,1.0,Norte,Brasil
2014-06-29,AM,1.0,Norte,Brasil
2014-07-06,AM,1.0,Norte,Brasil
2014-07-13,AM,1.0,Norte,Brasil
2014-07-20,AM,1.0,Norte,Brasil
2014-07-27,AM,1.0,Norte,Brasil
2014-08-03,AM,1.0,Norte,Brasil
2014-08-10,AM,1.0,Norte,Brasil
2014-08-17,AM,1.0,Norte,Brasil
2014-08-24,AM,1.0,Norte,Brasil
2014-08-31,AM,1.0,Norte,Brasil
2014-09-07,AM,1.0,Norte,Brasil
2014-09-14,AM,1.0,Norte,Brasil
2014-09-21,AM,1.0,Norte,Brasil
2014-09-28,AM,1.0,Norte,Brasil
2014-10-05,AM,1.0,Norte,Brasil
2014-10-12,AM,1.0,Norte,Brasil
2014-10-19,AM,1.0,Norte,Brasil
2014-10-26,AM,3.0,Norte,Brasil
2014-11-02,AM,2.0,Norte,Brasil
2014-11-09,AM,2.0,Norte,Brasil
2014-11-16,AM,3.0,Norte,Brasil
2014-11-23,AM,2.0,Norte,Brasil
2014-11-30,AM,2.0,Norte,Brasil
2014-12-07,AM,6.0,Norte,Brasil
2014-12-14,AM,4.0,Norte,Brasil
2014-12-21,AM,1.0,Norte,Brasil
2014-12-28,AM,4.0,Norte,Brasil
2015-01-04,AM,2.0,Norte,Brasil
2015-01-11,AM,2.0,Norte,Brasil
2015-01-18,AM,2.0,Norte,Brasil
2015-01-25,AM,3.0,Norte,Brasil
2015-02-01,AM,1.0,Norte,Brasil
2015-02-08,AM,1.0,Norte,Brasil
2015-02-15,AM,3.0,Norte,Brasil
2015-02-22,AM,1.0,Norte,Brasil
2015-03-01,AM,1.0,Norte,Brasil
2015-03-08,AM,1.0,Norte,Brasil
2015-03-15,AM,1.0,Norte,Brasil
2015-03-22,AM,1.0,Norte,Brasil
2015-03-29,AM,1.0,Norte,Brasil
2015-04-05,AM,1.0,Norte,Brasil
2015-04-12,AM,1.0,Norte,Brasil
2015-04-19,AM,1.0,Norte,Brasil
2015-04-26,AM,1.0,Norte,Brasil
2015-05-03,AM,1.0,Norte,Brasil
2015-05-10,AM,1.0,Norte,Brasil
2015-05-17,AM,2.0,Norte,Brasil
2015-05-24,AM,1.0,Norte,Brasil
2015-05-31,AM,1.0,Norte,Brasil
2015-06-07,AM,1.0,Norte,Brasil
2015-06-14,AM,2.0,Norte,Brasil
2015-06-21,AM,1.0,Norte,Brasil
2015-06-28,AM,2.0,Norte,Brasil
2015-07-05,AM,1.0,Norte,Brasil
2015-07-12,AM,1.0,Norte,Brasil
2015-07-19,AM,10.0,Norte,Brasil
2015-07-26,AM,9.0,Norte,Brasil
2015-08-02,AM,4.0,Norte,Brasil
2015-08-09,AM,7.0,Norte,Brasil
2015-08-16,AM,15.0,Norte,Brasil
2015-08-23,AM,8.0,Norte,Brasil
2015-08-30,AM,9.0,Norte,Brasil
2015-09-06,AM,7.0,Norte,Brasil
2015-09-13,AM,2.0,Norte,Brasil
2015-09-20,AM,11.0,Norte,Brasil
2015-09-27,AM,2.0,Norte,Brasil
2015-10-04,AM,2.0,Norte,Brasil
2015-10-11,AM,11.0,Norte,Brasil
2015-10-18,AM,7.0,Norte,Brasil
2015-10-25,AM,3.0,Norte,Brasil
2015-11-01,AM,2.0,Norte,Brasil
2015-11-08,AM,2.0,Norte,Brasil
2015-11-15,AM,2.0,Norte,Brasil
2015-11-22,AM,3.0,Norte,Brasil
2015-11-29,AM,1.0,Norte,Brasil
2015-12-06,AM,8.0,Norte,Brasil
2015-12-13,AM,2.0,Norte,Brasil
2015-12-20,AM,7.0,Norte,Brasil
2015-12-27,AM,5.0,Norte,Brasil
2016-01-03,AM,5.0,Norte,Brasil
2016-01-10,AM,4.0,Norte,Brasil
2016-01-17,AM,8.0,Norte,Brasil
2016-01-24,AM,2.0,Norte,Brasil
2016-01-31,AM,23.0,Norte,Brasil
2016-02-07,AM,32.0,Norte,Brasil
2016-02-14,AM,30.0,Norte,Brasil
2016-02-21,AM,52.0,Norte,Brasil
2016-02-28,AM,12.0,Norte,Brasil
2016-03-06,AM,26.0,Norte,Brasil
2016-03-13,AM,27.0,Norte,Brasil
2016-03-20,AM,21.0,Norte,Brasil
2016-03-27,AM,26.0,Norte,Brasil
2016-04-03,AM,14.0,Norte,Brasil
2016-04-10,AM,50.0,Norte,Brasil
2016-04-17,AM,45.0,Norte,Brasil
2016-04-24,AM,41.0,Norte,Brasil
2016-05-01,AM,62.0,Norte,Brasil
2016-05-08,AM,51.0,Norte,Brasil
2016-05-15,AM,57.0,Norte,Brasil
2016-05-22,AM,52.0,Norte,Brasil
2016-05-29,AM,37.0,Norte,Brasil
2016-06-05,AM,43.0,Norte,Brasil
2016-06-12,AM,18.0,Norte,Brasil
2016-06-19,AM,28.0,Norte,Brasil
2016-06-26,AM,25.0,Norte,Brasil
2016-07-03,AM,14.0,Norte,Brasil
2016-07-10,AM,12.0,Norte,Brasil
2016-07-17,AM,15.0,Norte,Brasil
2016-07-24,AM,16.0,Norte,Brasil
2016-07-31,AM,18.0,Norte,Brasil
2016-08-07,AM,14.0,Norte,Brasil
2016-08-14,AM,9.0,Norte,Brasil
2016-08-21,AM,11.0,Norte,Brasil
2016-08-28,AM,3.0,Norte,Brasil
2016-09-04,AM,7.0,Norte,Brasil
2016-09-11,AM,7.0,Norte,Brasil
2016-09-18,AM,9.0,Norte,Brasil
2016-09-25,AM,16.0,Norte,Brasil
2016-10-02,AM,9.0,Norte,Brasil
2016-10-09,AM,7.0,Norte,Brasil
2016-10-16,AM,9.0,Norte,Brasil
2016-10-23,AM,11.0,Norte,Brasil
2016-10-30,AM,7.0,Norte,Brasil
2016-11-06,AM,8.0,Norte,Brasil
2016-11-13,AM,19.0,Norte,Brasil
2016-11-20,AM,15.0,Norte,Brasil
2016-11-27,AM,10.0,Norte,Brasil
2016-12-04,AM,12.0,Norte,Brasil
2016-12-11,AM,21.0,Norte,Brasil
2016-12-18,AM,18.0,Norte,Brasil
2016-12-25,AM,11.0,Norte,Brasil
2017-01-01,AM,16.0,Norte,Brasil
2017-01-08,AM,7.0,Norte,Brasil
2017-01-15,AM,7.0,Norte,Brasil
2017-01-22,AM,18.0,Norte,Brasil
2017-01-29,AM,32.0,Norte,Brasil
2017-02-05,AM,34.0,Norte,Brasil
2017-02-12,AM,24.0,Norte,Brasil
2017-02-19,AM,39.0,Norte,Brasil
2017-02-26,AM,31.0,Norte,Brasil
2017-03-05,AM,17.0,Norte,Brasil
2017-03-12,AM,46.0,Norte,Brasil
2017-03-19,AM,22.0,Norte,Brasil
2017-03-26,AM,24.0,Norte,Brasil
2017-04-02,AM,31.0,Norte,Brasil
2017-04-09,AM,24.0,Norte,Brasil
2017-04-16,AM,19.0,Norte,Brasil
2017-04-23,AM,27.0,Norte,Brasil
2017-04-30,AM,9.0,Norte,Brasil
2017-05-07,AM,8.0,Norte,Brasil
2017-05-14,AM,9.0,Norte,Brasil
2017-05-21,AM,12.0,Norte,Brasil
2017-05-28,AM,13.0,Norte,Brasil
2017-06-04,AM,9.0,Norte,Brasil
2017-06-11,AM,10.0,Norte,Brasil
2017-06-18,AM,14.0,Norte,Brasil
2017-06-25,AM,4.0,Norte,Brasil
2017-07-02,AM,3.0,Norte,Brasil
2017-07-09,AM,5.0,Norte,Brasil
2017-07-16,AM,2.0,Norte,Brasil
2017-07-23,AM,5.0,Norte,Brasil
2017-07-30,AM,5.0,Norte,Brasil
2017-08-06,AM,4.0,Norte,Brasil
2017-08-13,AM,4.0,Norte,Brasil
2017-08-20,AM,5.0,Norte,Brasil
2017-08-27,AM,4.0,Norte,Brasil
2017-09-03,AM,3.0,Norte,Brasil
2017-09-10,AM,5.0,Norte,Brasil
2017-09-17,AM,3.0,Norte,Brasil
2017-09-24,AM,3.0,Norte,Brasil
2017-10-01,AM,2.0,Norte,Brasil
2017-10-08,AM,4.0,Norte,Brasil
2017-10-15,AM,3.0,Norte,Brasil
2017-10-22,AM,2.0,Norte,Brasil
2017-10-29,AM,2.0,Norte,Brasil
2017-11-05,AM,2.0,Norte,Brasil
2017-11-12,AM,2.0,Norte,Brasil
2017-11-19,AM,2.0,Norte,Brasil
2017-11-26,AM,2.0,Norte,Brasil
2017-12-03,AM,6.0,Norte,Brasil
2017-12-10,AM,3.0,Norte,Brasil
2017-12-17,AM,2.0,Norte,Brasil
2017-12-24,AM,1.0,Norte,Brasil
2017-12-31,AM,2.0,Norte,Brasil
2018-01-07,AM,2.0,Norte,Brasil
2018-01-14,AM,6.0,Norte,Brasil
2018-01-21,AM,1.0,Norte,Brasil
2018-01-28,AM,5.0,Norte,Brasil
2018-02-04,AM,2.0,Norte,Brasil
2018-02-11,AM,5.0,Norte,Brasil
2018-02-18,AM,3.0,Norte,Brasil
2018-02-25,AM,5.0,Norte,Brasil
2018-03-04,AM,7.0,Norte,Brasil
2018-03-11,AM,6.0,Norte,Brasil
2018-03-18,AM,5.0,Norte,Brasil
2018-03-25,AM,9.0,Norte,Brasil
2018-04-01,AM,5.0,Norte,Brasil
2018-04-08,AM,8.0,Norte,Brasil
2018-04-15,AM,6.0,Norte,Brasil
2018-04-22,AM,11.0,Norte,Brasil
2018-04-29,AM,1.0,Norte,Brasil
2018-05-06,AM,2.0,Norte,Brasil
2018-05-13,AM,2.0,Norte,Brasil
2018-05-20,AM,9.0,Norte,Brasil
2018-05-27,AM,4.0,Norte,Brasil
2018-06-03,AM,2.0,Norte,Brasil
2018-06-10,AM,3.0,Norte,Brasil
2018-06-17,AM,6.0,Norte,Brasil
2018-06-24,AM,1.0,Norte,Brasil
2018-07-01,AM,6.0,Norte,Brasil
2018-07-08,AM,6.0,Norte,Brasil
2018-07-15,AM,2.0,Norte,Brasil
2018-07-22,AM,2.0,Norte,Brasil
2018-07-29,AM,2.0,Norte,Brasil
2018-08-05,AM,1.0,Norte,Brasil
2018-08-12,AM,10.0,Norte,Brasil
2018-08-19,AM,5.0,Norte,Brasil
2018-08-26,AM,7.0,Norte,Brasil
2018-09-02,AM,1.0,Norte,Brasil
2018-09-09,AM,2.0,Norte,Brasil
2018-09-16,AM,4.0,Norte,Brasil
2018-09-23,AM,2.0,Norte,Brasil
2018-09-30,AM,8.0,Norte,Brasil
2018-10-07,AM,8.0,Norte,Brasil
2018-10-14,AM,1.0,Norte,Brasil
2018-10-21,AM,3.0,Norte,Brasil
2018-10-28,AM,2.0,Norte,Brasil
2018-11-04,AM,3.0,Norte,Brasil
2018-11-11,AM,2.0,Norte,Brasil
2018-11-18,AM,2.0,Norte,Brasil
2018-11-25,AM,4.0,Norte,Brasil
2018-12-02,AM,4.0,Norte,Brasil
2018-12-09,AM,4.0,Norte,Brasil
2018-12-16,AM,4.0,Norte,Brasil
2018-12-23,AM,4.0,Norte,Brasil
2018-12-30,AM,1.0,Norte,Brasil
2019-01-06,AM,2.0,Norte,Brasil
2019-01-13,AM,1.0,Norte,Brasil
2019-01-20,AM,2.0,Norte,Brasil
2019-01-27,AM,5.0,Norte,Brasil
2019-02-03,AM,7.0,Norte,Brasil
2019-02-10,AM,4.0,Norte,Brasil
2019-02-17,AM,8.0,Norte,Brasil
2019-02-24,AM,6.0,Norte,Brasil
2019-03-03,AM,3.0,Norte,Brasil
2019-03-10,AM,2.0,Norte,Brasil
2019-03-17,AM,1.0,Norte,Brasil
2019-03-24,AM,4.0,Norte,Brasil
2019-03-31,AM,9.0,Norte,Brasil
2019-04-07,AM,4.0,Norte,Brasil
2019-04-14,AM,9.0,Norte,Brasil
2019-04-21,AM,3.0,Norte,Brasil
2019-04-28,AM,6.0,Norte,Brasil
2019-05-05,AM,1.0,Norte,Brasil
2019-05-12,AM,7.0,Norte,Brasil
2019-05-19,AM,6.0,Norte,Brasil
2019-05-26,AM,9.0,Norte,Brasil
2019-06-02,AM,12.0,Norte,Brasil
2019-06-09,AM,13.0,Norte,Brasil
2019-06-16,AM,6.0,Norte,Brasil
2019-06-23,AM,8.0,Norte,Brasil
2019-06-30,AM,4.0,Norte,Brasil
2019-07-07,AM,6.0,Norte,Brasil
2019-07-14,AM,11.0,Norte,Brasil
2019-07-21,AM,3.0,Norte,Brasil
2019-07-28,AM,4.0,Norte,Brasil
2019-08-04,AM,2.0,Norte,Brasil
2019-08-11,AM,4.0,Norte,Brasil
2019-08-18,AM,6.0,Norte,Brasil
2019-08-25,AM,1.0,Norte,Brasil
2019-09-01,AM,2.0,Norte,Brasil
2019-09-08,AM,2.0,Norte,Brasil
2019-09-15,AM,2.0,Norte,Brasil
2019-09-22,AM,2.0,Norte,Brasil
2019-09-29,AM,6.0,Norte,Brasil
2019-10-06,AM,2.0,Norte,Brasil
2019-10-13,AM,2.0,Norte,Brasil
2019-10-20,AM,2.0,Norte,Brasil
2019-10-27,AM,2.0,Norte,Brasil
2019-11-03,AM,2.0,Norte,Brasil
2019-11-10,AM,2.0,Norte,Brasil
2019-11-17,AM,1.0,Norte,Brasil
2019-11-24,AM,2.0,Norte,Brasil
2019-12-01,AM,2.0,Norte,Brasil
2019-12-08,AM,1.0,Norte,Brasil
2019-12-15,AM,3.0,Norte,Brasil
2019-12-22,AM,3.0,Norte,Brasil
2019-12-29,AM,3.0,Norte,Brasil
2020-01-05,AM,2.0,Norte,Brasil
2020-01-12,AM,6.0,Norte,Brasil
2020-01-19,AM,3.0,Norte,Brasil
2020-01-26,AM,6.0,Norte,Brasil
2020-02-02,AM,4.0,Norte,Brasil
2020-02-09,AM,9.0,Norte,Brasil
2020-02-16,AM,7.0,Norte,Brasil
2020-02-23,AM,1.0,Norte,Brasil
2020-03-01,AM,1.0,Norte,Brasil
2020-03-08,AM,3.0,Norte,Brasil
2020-03-15,AM,4.0,Norte,Brasil
2020-03-22,AM,2.0,Norte,Brasil
2020-03-29,AM,1.0,Norte,Brasil
2020-04-05,AM,1.0,Norte,Brasil
2020-04-12,AM,1.0,Norte,Brasil
2020-04-19,AM,4.0,Norte,Brasil
2020-04-26,AM,4.0,Norte,Brasil
2020-05-03,AM,4.0,Norte,Brasil
2020-05-10,AM,4.0,Norte,Brasil
2020-05-17,AM,1.0,Norte,Brasil
2020-05-24,AM,4.0,Norte,Brasil
2020-05-31,AM,3.0,Norte,Brasil
2020-06-07,AM,3.0,Norte,Brasil
2020-06-14,AM,1.0,Norte,Brasil
2020-06-21,AM,1.0,Norte,Brasil
2020-06-28,AM,1.0,Norte,Brasil
2020-07-05,AM,4.0,Norte,Brasil
2020-07-12,AM,5.0,Norte,Brasil
2020-07-19,AM,1.0,Norte,Brasil
2020-07-26,AM,2.0,Norte,Brasil
2020-08-02,AM,3.0,Norte,Brasil
2020-08-09,AM,2.0,Norte,Brasil
2020-08-16,AM,5.0,Norte,Brasil
2020-08-23,AM,5.0,Norte,Brasil
2020-08-30,AM,1.0,Norte,Brasil
2020-09-06,AM,1.0,Norte,Brasil
2020-09-13,AM,2.0,Norte,Brasil
2020-09-20,AM,2.0,Norte,Brasil
2020-09-27,AM,2.0,Norte,Brasil
2020-10-04,AM,3.0,Norte,Brasil
2020-10-11,AM,3.0,Norte,Brasil
2020-10-18,AM,3.0,Norte,Brasil
2020-10-25,AM,1.0,Norte,Brasil
2020-11-01,AM,3.0,Norte,Brasil
2020-11-08,AM,3.0,Norte,Brasil
2020-11-15,AM,2.0,Norte,Brasil
2020-11-22,AM,2.0,Norte,Brasil
2020-11-29,AM,1.0,Norte,Brasil
2020-12-06,AM,1.0,Norte,Brasil
2020-12-13,AM,2.0,Norte,Brasil
2020-12-20,AM,4.0,Norte,Brasil
2020-12-27,AM,1.0,Norte,Brasil
2021-01-03,AM,1.0,Norte,Brasil
2021-01-10,AM,1.0,Norte,Brasil
2021-01-17,AM,4.0,Norte,Brasil
2021-01-24,AM,7.0,Norte,Brasil
2021-01-31,AM,2.0,Norte,Brasil
2021-02-07,AM,3.0,Norte,Brasil
2021-02-14,AM,3.0,Norte,Brasil
2021-02-21,AM,1.0,Norte,Brasil
2021-02-28,AM,3.0,Norte,Brasil
2021-03-07,AM,4.0,Norte,Brasil
2021-03-14,AM,2.0,Norte,Brasil
2021-03-21,AM,6.0,Norte,Brasil
2021-03-28,AM,10.0,Norte,Brasil
2021-04-04,AM,3.0,Norte,Brasil
2021-04-11,AM,6.0,Norte,Brasil
2021-04-18,AM,3.0,Norte,Brasil
2021-04-25,AM,13.0,Norte,Brasil
2021-05-02,AM,12.0,Norte,Brasil
2021-05-09,AM,6.0,Norte,Brasil
2021-05-16,AM,11.0,Norte,Brasil
2021-05-23,AM,10.0,Norte,Brasil
2021-05-30,AM,8.0,Norte,Brasil
2021-06-06,AM,11.0,Norte,Brasil
2021-06-13,AM,6.0,Norte,Brasil
2021-06-20,AM,11.0,Norte,Brasil
2021-06-27,AM,7.0,Norte,Brasil
2021-07-04,AM,13.0,Norte,Brasil
2021-07-11,AM,11.0,Norte,Brasil
2021-07-18,AM,19.0,Norte,Brasil
2021-07-25,AM,13.0,Norte,Brasil
2021-08-01,AM,8.0,Norte,Brasil
2021-08-08,AM,14.0,Norte,Brasil
2021-08-15,AM,13.0,Norte,Brasil
2021-08-22,AM,8.0,Norte,Brasil
2021-08-29,AM,9.0,Norte,Brasil
2021-09-05,AM,5.0,Norte,Brasil
2021-09-12,AM,6.0,Norte,Brasil
2021-09-19,AM,13.0,Norte,Brasil
2021-09-26,AM,15.0,Norte,Brasil
2021-10-03,AM,14.0,Norte,Brasil
2021-10-10,AM,9.0,Norte,Brasil
2021-10-17,AM,5.0,Norte,Brasil
2021-10-24,AM,5.0,Norte,Brasil
2021-10-31,AM,7.0,Norte,Brasil
2021-11-07,AM,4.0,Norte,Brasil
2021-11-14,AM,2.0,Norte,Brasil
2021-11-21,AM,2.0,Norte,Brasil
2021-11-28,AM,4.0,Norte,Brasil
2021-12-05,AM,4.0,Norte,Brasil
2021-12-12,AM,5.0,Norte,Brasil
2021-12-19,AM,7.0,Norte,Brasil
2021-12-26,AM,2.0,Norte,Brasil
2022-01-02,AM,3.0,Norte,Brasil
2022-01-09,AM,3.0,Norte,Brasil
2022-01-16,AM,8.0,Norte,Brasil
2022-01-23,AM,3.0,Norte,Brasil
2022-01-30,AM,3.0,Norte,Brasil
2022-02-06,AM,8.0,Norte,Brasil
2022-02-13,AM,11.0,Norte,Brasil
2022-02-20,AM,10.0,Norte,Brasil
2022-02-27,AM,6.0,Norte,Brasil
2022-03-06,AM,5.0,Norte,Brasil
2022-03-13,AM,9.0,Norte,Brasil
2022-03-20,AM,10.0,Norte,Brasil
2022-03-27,AM,11.0,Norte,Brasil
2022-04-03,AM,11.0,Norte,Brasil
2022-04-10,AM,19.0,Norte,Brasil
2022-04-17,AM,3.0,Norte,Brasil
2022-04-24,AM,17.0,Norte,Brasil
2022-05-01,AM,21.0,Norte,Brasil
2022-05-08,AM,35.0,Norte,Brasil
2022-05-15,AM,32.0,Norte,Brasil
2022-05-22,AM,15.0,Norte,Brasil
2022-05-29,AM,12.0,Norte,Brasil
2022-06-05,AM,17.0,Norte,Brasil
2022-06-12,AM,13.0,Norte,Brasil
2022-06-19,AM,9.0,Norte,Brasil
2022-06-26,AM,12.0,Norte,Brasil
2022-07-03,AM,18.0,Norte,Brasil
2022-07-10,AM,10.0,Norte,Brasil
2022-07-17,AM,8.0,Norte,Brasil
2022-07-24,AM,9.0,Norte,Brasil
2022-07-31,AM,13.0,Norte,Brasil
2022-08-07,AM,4.0,Norte,Brasil
2022-08-14,AM,6.0,Norte,Brasil
2022-08-21,AM,4.0,Norte,Brasil
2022-08-28,AM,11.0,Norte,Brasil
2022-09-04,AM,5.0,Norte,Brasil
2022-09-11,AM,2.0,Norte,Brasil
2022-09-18,AM,3.0,Norte,Brasil
2022-09-25,AM,5.0,Norte,Brasil
2022-10-02,AM,10.0,Norte,Brasil
2022-10-09,AM,3.0,Norte,Brasil
2022-10-16,AM,8.0,Norte,Brasil
2022-10-23,AM,2.0,Norte,Brasil
2022-10-30,AM,3.0,Norte,Brasil
2022-11-06,AM,4.0,Norte,Brasil
2022-11-13,AM,6.0,Norte,Brasil
2022-11-20,AM,4.0,Norte,Brasil
2022-11-27,AM,6.0,Norte,Brasil
2022-12-04,AM,3.0,Norte,Brasil
2022-12-11,AM,5.0,Norte,Brasil
2022-12-18,AM,3.0,Norte,Brasil
2022-12-25,AM,6.0,Norte,Brasil
2023-01-01,AM,10.0,Norte,Brasil
2023-01-08,AM,3.0,Norte,Brasil
2023-01-15,AM,7.0,Norte,Brasil
2023-01-22,AM,9.0,Norte,Brasil
2023-01-29,AM,13.0,Norte,Brasil
2023-02-05,AM,16.0,Norte,Brasil
2023-02-12,AM,11.0,Norte,Brasil
2023-02-19,AM,10.0,Norte,Brasil
2023-02-26,AM,3.0,Norte,Brasil
2023-03-05,AM,13.0,Norte,Brasil
2023-03-12,AM,14.0,Norte,Brasil
2023-03-19,AM,9.0,Norte,Brasil
2023-03-26,AM,7.0,Norte,Brasil
2023-04-02,AM,17.0,Norte,Brasil
2023-04-09,AM,51.0,Norte,Brasil
2023-04-16,AM,20.0,Norte,Brasil
2023-04-23,AM,8.0,Norte,Brasil
2023-04-30,AM,25.0,Norte,Brasil
2023-05-07,AM,9.0,Norte,Brasil
2023-05-14,AM,3.0,Norte,Brasil
2023-05-21,AM,17.0,Norte,Brasil
2023-05-28,AM,17.0,Norte,Brasil
2023-06-04,AM,8.0,Norte,Brasil
2023-06-11,AM,12.0,Norte,Brasil
2023-06-18,AM,12.0,Norte,Brasil
2023-06-25,AM,14.0,Norte,Brasil
2023-07-02,AM,8.0,Norte,Brasil
2023-07-09,AM,7.0,Norte,Brasil
2023-07-16,AM,15.0,Norte,Brasil
2023-07-23,AM,11.0,Norte,Brasil
2023-07-30,AM,13.0,Norte,Brasil
2023-08-06,AM,9.0,Norte,Brasil
2023-08-13,AM,14.0,Norte,Brasil
2023-08-20,AM,15.0,Norte,Brasil
2023-08-27,AM,21.0,Norte,Brasil
2023-09-03,AM,9.0,Norte,Brasil
2023-09-10,AM,15.0,Norte,Brasil
2023-09-17,AM,6.0,Norte,Brasil
2023-09-24,AM,13.0,Norte,Brasil
2023-10-01,AM,4.0,Norte,Brasil
2023-10-08,AM,3.0,Norte,Brasil
2023-10-15,AM,5.0,Norte,Brasil
2023-10-22,AM,1.0,Norte,Brasil
2023-10-29,AM,6.0,Norte,Brasil
2023-11-05,AM,3.0,Norte,Brasil
2023-11-12,AM,8.0,Norte,Brasil
2023-11-19,AM,12.0,Norte,Brasil
2023-11-26,AM,3.0,Norte,Brasil
2023-12-03,AM,6.0,Norte,Brasil
2023-12-10,AM,10.0,Norte,Brasil
2023-12-17,AM,12.0,Norte,Brasil
2023-12-24,AM,11.0,Norte,Brasil
2023-12-31,AM,14.0,Norte,Brasil
2024-01-07,AM,10.0,Norte,Brasil
2024-01-14,AM,15.0,Norte,Brasil
2024-01-21,AM,9.0,Norte,Brasil
2024-01-28,AM,9.0,Norte,Brasil
2024-02-04,AM,13.0,Norte,Brasil
2024-02-11,AM,9.0,Norte,Brasil
2024-02-18,AM,20.0,Norte,Brasil
2024-02-25,AM,18.0,Norte,Brasil
2024-03-03,AM,24.0,Norte,Brasil
2024-03-10,AM,9.0,Norte,Brasil
2024-03-17,AM,5.0,Norte,Brasil
2024-03-24,AM,4.0,Norte,Brasil
2024-03-31,AM,3.0,Norte,Brasil
2024-04-07,AM,3.0,Norte,Brasil
2024-04-14,AM,32.0,Norte,Brasil
2024-04-21,AM,31.0,Norte,Brasil
2024-04-28,AM,15.0,Norte,Brasil
2024-05-05,AM,12.0,Norte,Brasil
2024-05-12,AM,5.0,Norte,Brasil
2024-05-19,AM,5.0,Norte,Brasil
2024-05-26,AM,8.0,Norte,Brasil
2024-06-02,AM,5.0,Norte,Brasil
2024-06-09,AM,2.0,Norte,Brasil
2024-06-16,AM,3.0,Norte,Brasil
2024-06-23,AM,5.0,Norte,Brasil
2024-06-30,AM,1.0,Norte,Brasil
2024-07-07,AM,9.0,Norte,Brasil
2024-07-14,AM,8.0,Norte,Brasil
2024-07-21,AM,7.0,Norte,Brasil
2024-07-28,AM,3.0,Norte,Brasil
2024-08-04,AM,11.0,Norte,Brasil
2024-08-11,AM,2.0,Norte,Brasil
2024-08-18,AM,8.0,Norte,Brasil
2024-08-25,AM,4.0,Norte,Brasil
2024-09-01,AM,6.0,Norte,Brasil
2024-09-08,AM,7.0,Norte,Brasil
2024-09-15,AM,12.0,Norte,Brasil
2024-09-22,AM,7.0,Norte,Brasil
2024-09-29,AM,15.0,Norte,Brasil
2024-10-06,AM,14.0,Norte,Brasil
2024-10-13,AM,9.0,Norte,Brasil
2024-10-20,AM,8.0,Norte,Brasil
2024-10-27,AM,5.0,Norte,Brasil
2024-11-03,AM,13.0,Norte,Brasil
2024-11-10,AM,7.0,Norte,Brasil
2024-11-17,AM,9.0,Norte,Brasil
2024-11-24,AM,13.0,Norte,Brasil
2024-12-01,AM,7.0,Norte,Brasil
2024-12-08,AM,4.0,Norte,Brasil
2024-12-15,AM,8.0,Norte,Brasil
2024-12-22,AM,9.0,Norte,Brasil
2024-12-29,AM,2.0,Norte,Brasil
2025-01-05,AM,3.0,Norte,Brasil
2025-01-12,AM,15.0,Norte,Brasil
2025-01-19,AM,7.0,Norte,Brasil
2025-01-26,AM,18.0,Norte,Brasil
2025-02-02,AM,7.0,Norte,Brasil
2025-02-09,AM,15.0,Norte,Brasil
2025-02-16,AM,23.0,Norte,Brasil
2025-02-23,AM,19.0,Norte,Brasil
2025-03-02,AM,18.0,Norte,Brasil
2025-03-09,AM,7.0,Norte,Brasil
2025-03-16,AM,13.0,Norte,Brasil
2025-03-23,AM,8.0,Norte,Brasil
2025-03-30,AM,13.0,Norte,Brasil
2025-04-06,AM,14.0,Norte,Brasil
2025-04-13,AM,7.0,Norte,Brasil
2025-04-20,AM,8.0,Norte,Brasil
2025-04-27,AM,13.0,Norte,Brasil
2025-05-04,AM,3.0,Norte,Brasil
2025-05-11,AM,16.0,Norte,Brasil
2025-05-18,AM,7.0,Norte,Brasil
2025-05-25,AM,4.0,Norte,Brasil
2025-06-01,AM,16.0,Norte,Brasil
2025-06-08,AM,4.0,Norte,Brasil
2025-06-15,AM,7.0,Norte,Brasil
2025-06-22,AM,11.0,Norte,Brasil
2025-06-29,AM,10.0,Norte,Brasil
2025-07-06,AM,4.0,Norte,Brasil
2025-07-13,AM,5.0,Norte,Brasil
2025-07-20,AM,7.0,Norte,Brasil
2025-07-27,AM,7.0,Norte,Brasil
2025-08-03,AM,6.0,Norte,Brasil
2025-08-10,AM,10.0,Norte,Brasil
2025-08-17,AM,8.0,Norte,Brasil
2025-08-24,AM,18.0,Norte,Brasil
2025-08-31,AM,5.0,Norte,Brasil
2025-09-07,AM,9.0,Norte,Brasil
2025-09-14,AM,7.0,Norte,Brasil
2025-09-21,AM,6.0,Norte,Brasil
2025-09-28,AM,9.0,Norte,Brasil
2025-10-05,AM,6.0,Norte,Brasil
2025-10-12,AM,9.0,Norte,Brasil
2025-10-19,AM,11.0,Norte,Brasil
2025-10-26,AM,10.0,Norte,Brasil
2025-11-02,AM,9.0,Norte,Brasil
2025-11-09,AM,3.0,Norte,Brasil
2025-11-16,AM,2.0,Norte,Brasil
2025-11-23,AM,3.0,Norte,Brasil
2025-11-30,AM,11.0,Norte,Brasil
2025-12-07,AM,19.0,Norte,Brasil
2025-12-14,AM,2.0,Norte,Brasil
2025-12-21,AM,3.0,Norte,Brasil
2025-12-28,AM,4.0,Norte,Brasil
2026-01-04,AM,4.0,Norte,Brasil
2026-01-11,AM,2.0,Norte,Brasil
2026-01-18,AM,3.0,Norte,Brasil
2026-01-25,AM,14.0,Norte,Brasil
2026-02-01,AM,8.0,Norte,Brasil
2026-02-08,AM,7.0,Norte,Brasil
2026-02-15,AM,9.0,Norte,Brasil
2026-02-22,AM,6.0,Norte,Brasil
2026-03-01,AM,9.0,Norte,Brasil
2026-03-08,AM,11.0,Norte,Brasil
2026-03-15,AM,4.0,Norte,Brasil
2026-03-22,AM,12.0,Norte,Brasil
2026-03-29,AM,7.0,Norte,Brasil
2026-04-05,AM,11.0,Norte,Brasil
2026-04-12,AM,6.0,Norte,Brasil
2026-04-19,AM,8.0,Norte,Brasil
2026-04-26,AM,5.0,Norte,Brasil
2026-05-03,AM,5.0,Norte,Brasil
2026-05-10,AM,10.0,Norte,Brasil
2026-05-17,AM,4.0,Norte,Brasil
2026-05-24,AM,5.0,Norte,Brasil
2026-05-31,AM,10.0,Norte,Brasil
2026-06-07,AM,1.0,Norte,Brasil
2026-06-14,AM,4.0,Norte,Brasil
2026-06-21,AM,5.0,Norte,Brasil
2026-06-28,AM,10.0,Norte,Brasil
2026-07-05,AM,5.0,Norte,Brasil
2026-07-12,AM,7.0,Norte,Brasil
2026-07-19,AM,6.0,Norte,Brasil
2026-07-26,AM,10.0,Norte,Brasil
2026-08-02,AM,4.0,Norte,Brasil
2026-08-09,AM,8.0,Norte,Brasil
2026-08-16,AM,6.0,Norte,Brasil
2026-08-23,AM,2.0,Norte,Brasil
2026-08-30,AM,5.0,Norte,Brasil
2026-09-06,AM,5.0,Norte,Brasil
2026-09-13,AM,5.0,Norte,Brasil
2014-06-08,AP,2.0,Norte,Brasil
2014-06-15,AP,2.0,Norte,Brasil
2014-06-22,AP,2.0,Norte,Brasil
2014-06-29,AP,1.0,Norte,Brasil
2014-07-06,AP,3.0,Norte,Brasil
2014-07-13,AP,1.0,Norte,Brasil
2014-07-20,AP,3.0,Norte,Brasil
2014-07-27,AP,2.0,Norte,Brasil
2014-08-03,AP,1.0,Norte,Brasil
2014-08-10,AP,3.0,Norte,Brasil
2014-08-17,AP,1.0,Norte,Brasil
2014-08-24,AP,1.0,Norte,Brasil
2014-08-31,AP,7.0,Norte,Brasil
2014-09-07,AP,1.0,Norte,Brasil
2014-09-14,AP,13.0,Norte,Brasil
2014-09-21,AP,63.0,Norte,Brasil
2014-09-28,AP,131.0,Norte,Brasil
2014-10-05,AP,159.0,Norte,Brasil
2014-10-12,AP,104.0,Norte,Brasil
2014-10-19,AP,145.0,Norte,Brasil
2014-10-26,AP,92.0,Norte,Brasil
2014-11-02,AP,114.0,Norte,Brasil
2014-11-09,AP,117.0,Norte,Brasil
2014-11-16,AP,95.0,Norte,Brasil
2014-11-23,AP,94.0,Norte,Brasil
2014-11-30,AP,110.0,Norte,Brasil
2014-12-07,AP,108.0,Norte,Brasil
2014-12-14,AP,93.0,Norte,Brasil
2014-12-21,AP,86.0,Norte,Brasil
2014-12-28,AP,15.0,Norte,Brasil
2015-01-04,AP,49.0,Norte,Brasil
2015-01-11,AP,93.0,Norte,Brasil
2015-01-18,AP,77.0,Norte,Brasil
2015-01-25,AP,74.0,Norte,Brasil
2015-02-01,AP,64.0,Norte,Brasil
2015-02-08,AP,104.0,Norte,Brasil
2015-02-15,AP,97.0,Norte,Brasil
2015-02-22,AP,52.0,Norte,Brasil
2015-03-01,AP,43.0,Norte,Brasil
2015-03-08,AP,81.0,Norte,Brasil
2015-03-15,AP,72.0,Norte,Brasil
2015-03-22,AP,20.0,Norte,Brasil
2015-03-29,AP,34.0,Norte,Brasil
2015-04-05,AP,37.0,Norte,Brasil
2015-04-12,AP,42.0,Norte,Brasil
2015-04-19,AP,23.0,Norte,Brasil
2015-04-26,AP,7.0,Norte,Brasil
2015-05-03,AP,8.0,Norte,Brasil
2015-05-10,AP,6.0,Norte,Brasil
2015-05-17,AP,11.0,Norte,Brasil
2015-05-24,AP,6.0,Norte,Brasil
2015-05-31,AP,10.0,Norte,Brasil
2015-06-07,AP,6.0,Norte,Brasil
2015-06-14,AP,3.0,Norte,Brasil
2015-06-21,AP,19.0,Norte,Brasil
2015-06-28,AP,9.0,Norte,Brasil
2015-07-05,AP,1.0,Norte,Brasil
2015-07-12,AP,4.0,Norte,Brasil
2015-07-19,AP,1.0,Norte,Brasil
2015-07-26,AP,2.0,Norte,Brasil
2015-08-02,AP,3.0,Norte,Brasil
2015-08-09,AP,5.0,Norte,Brasil
2015-08-16,AP,8.0,Norte,Brasil
2015-08-23,AP,33.0,Norte,Brasil
2015-08-30,AP,3.0,Norte,Brasil
2015-09-06,AP,4.0,Norte,Brasil
2015-09-13,AP,2.0,Norte,Brasil
2015-09-20,AP,1.0,Norte,Brasil
2015-09-27,AP,2.0,Norte,Brasil
2015-10-04,AP,4.0,Norte,Brasil
2015-10-11,AP,3.0,Norte,Brasil
2015-10-18,AP,3.0,Norte,Brasil
2015-10-25,AP,3.0,Norte,Brasil
2015-11-01,AP,3.0,Norte,Brasil
2015-11-08,AP,4.0,Norte,Brasil
2015-11-15,AP,1.0,Norte,Brasil
2015-11-22,AP,2.0,Norte,Brasil
2015-11-29,AP,2.0,Norte,Brasil
2015-12-06,AP,2.0,Norte,Brasil
2015-12-13,AP,3.0,Norte,Brasil
2015-12-20,AP,4.0,Norte,Brasil
2015-12-27,AP,3.0,Norte,Brasil
2016-01-03,AP,3.0,Norte,Brasil
2016-01-10,AP,3.0,Norte,Brasil
2016-01-17,AP,1.0,Norte,Brasil
2016-01-24,AP,2.0,Norte,Brasil
2016-01-31,AP,3.0,Norte,Brasil
2016-02-07,AP,4.0,Norte,Brasil
2016-02-14,AP,2.0,Norte,Brasil
2016-02-21,AP,19.0,Norte,Brasil
2016-02-28,AP,24.0,Norte,Brasil
2016-03-06,AP,21.0,Norte,Brasil
2016-03-13,AP,23.0,Norte,Brasil
2016-03-20,AP,23.0,Norte,Brasil
2016-03-27,AP,7.0,Norte,Brasil
2016-04-03,AP,33.0,Norte,Brasil
2016-04-10,AP,29.0,Norte,Brasil
2016-04-17,AP,29.0,Norte,Brasil
2016-04-24,AP,15.0,Norte,Brasil
2016-05-01,AP,21.0,Norte,Brasil
2016-05-08,AP,35.0,Norte,Brasil
2016-05-15,AP,37.0,Norte,Brasil
2016-05-22,AP,35.0,Norte,Brasil
2016-05-29,AP,23.0,Norte,Brasil
2016-06-05,AP,26.0,Norte,Brasil
2016-06-12,AP,37.0,Norte,Brasil
2016-06-19,AP,38.0,Norte,Brasil
2016-06-26,AP,25.0,Norte,Brasil
2016-07-03,AP,35.0,Norte,Brasil
2016-07-10,AP,33.0,Norte,Brasil
2016-07-17,AP,23.0,Norte,Brasil
2016-07-24,AP,16.0,Norte,Brasil
2016-07-31,AP,34.0,Norte,Brasil
2016-08-07,AP,32.0,Norte,Brasil
2016-08-14,AP,34.0,Norte,Brasil
2016-08-21,AP,52.0,Norte,Brasil
2016-08-28,AP,43.0,Norte,Brasil
2016-09-04,AP,35.0,Norte,Brasil
2016-09-11,AP,20.0,Norte,Brasil
2016-09-18,AP,17.0,Norte,Brasil
2016-09-25,AP,27.0,Norte,Brasil
2016-10-02,AP,27.0,Norte,Brasil
2016-10-09,AP,26.0,Norte,Brasil
2016-10-16,AP,20.0,Norte,Brasil
2016-10-23,AP,26.0,Norte,Brasil
2016-10-30,AP,16.0,Norte,Brasil
2016-11-06,AP,7.0,Norte,Brasil
2016-11-13,AP,25.0,Norte,Brasil
2016-11-20,AP,33.0,Norte,Brasil
2016-11-27,AP,13.0,Norte,Brasil
2016-12-04,AP,21.0,Norte,Brasil
2016-12-11,AP,13.0,Norte,Brasil
2016-12-18,AP,11.0,Norte,Brasil
2016-12-25,AP,10.0,Norte,Brasil
2017-01-01,AP,1.0,Norte,Brasil
2017-01-08,AP,2.0,Norte,Brasil
2017-01-15,AP,13.0,Norte,Brasil
2017-01-22,AP,10.0,Norte,Brasil
2017-01-29,AP,17.0,Norte,Brasil
2017-02-05,AP,8.0,Norte,Brasil
2017-02-12,AP,6.0,Norte,Brasil
2017-02-19,AP,16.0,Norte,Brasil
2017-02-26,AP,13.0,Norte,Brasil
2017-03-05,AP,14.0,Norte,Brasil
2017-03-12,AP,21.0,Norte,Brasil
2017-03-19,AP,27.0,Norte,Brasil
2017-03-26,AP,22.0,Norte,Brasil
2017-04-02,AP,15.0,Norte,Brasil
2017-04-09,AP,17.0,Norte,Brasil
2017-04-16,AP,8.0,Norte,Brasil
2017-04-23,AP,13.0,Norte,Brasil
2017-04-30,AP,10.0,Norte,Brasil
2017-05-07,AP,12.0,Norte,Brasil
2017-05-14,AP,20.0,Norte,Brasil
2017-05-21,AP,10.0,Norte,Brasil
2017-05-28,AP,14.0,Norte,Brasil
2017-06-04,AP,19.0,Norte,Brasil
2017-06-11,AP,13.0,Norte,Brasil
2017-06-18,AP,6.0,Norte,Brasil
2017-06-25,AP,27.0,Norte,Brasil
2017-07-02,AP,14.0,Norte,Brasil
2017-07-09,AP,23.0,Norte,Brasil
2017-07-16,AP,12.0,Norte,Brasil
2017-07-23,AP,14.0,Norte,Brasil
2017-07-30,AP,4.0,Norte,Brasil
2017-08-06,AP,9.0,Norte,Brasil
2017-08-13,AP,11.0,Norte,Brasil
2017-08-20,AP,6.0,Norte,Brasil
2017-08-27,AP,5.0,Norte,Brasil
2017-09-03,AP,10.0,Norte,Brasil
2017-09-10,AP,7.0,Norte,Brasil
2017-09-17,AP,9.0,Norte,Brasil
2017-09-24,AP,19.0,Norte,Brasil
2017-10-01,AP,20.0,Norte,Brasil
2017-10-08,AP,10.0,Norte,Brasil
2017-10-15,AP,12.0,Norte,Brasil
2017-10-22,AP,12.0,Norte,Brasil
2017-10-29,AP,18.0,Norte,Brasil
2017-11-05,AP,9.0,Norte,Brasil
2017-11-12,AP,3.0,Norte,Brasil
2017-11-19,AP,22.0,Norte,Brasil
2017-11-26,AP,4.0,Norte,Brasil
2017-12-03,AP,4.0,Norte,Brasil
2017-12-10,AP,8.0,Norte,Brasil
2017-12-17,AP,6.0,Norte,Brasil
2017-12-24,AP,7.0,Norte,Brasil
2017-12-31,AP,3.0,Norte,Brasil
2018-01-07,AP,3.0,Norte,Brasil
2018-01-14,AP,5.0,Norte,Brasil
2018-01-21,AP,10.0,Norte,Brasil
2018-01-28,AP,9.0,Norte,Brasil
2018-02-04,AP,11.0,Norte,Brasil
2018-02-11,AP,14.0,Norte,Brasil
2018-02-18,AP,7.0,Norte,Brasil
2018-02-25,AP,25.0,Norte,Brasil
2018-03-04,AP,10.0,Norte,Brasil
2018-03-11,AP,14.0,Norte,Brasil
2018-03-18,AP,15.0,Norte,Brasil
2018-03-25,AP,19.0,Norte,Brasil
2018-04-01,AP,16.0,Norte,Brasil
2018-04-08,AP,18.0,Norte,Brasil
2018-04-15,AP,34.0,Norte,Brasil
2018-04-22,AP,38.0,Norte,Brasil
2018-04-29,AP,36.0,Norte,Brasil
2018-05-06,AP,10.0,Norte,Brasil
2018-05-13,AP,20.0,Norte,Brasil
2018-05-20,AP,21.0,Norte,Brasil
2018-05-27,AP,24.0,Norte,Brasil
2018-06-03,AP,8.0,Norte,Brasil
2018-06-10,AP,12.0,Norte,Brasil
2018-06-17,AP,17.0,Norte,Brasil
2018-06-24,AP,8.0,Norte,Brasil
2018-07-01,AP,5.0,Norte,Brasil
2018-07-08,AP,4.0,Norte,Brasil
2018-07-15,AP,5.0,Norte,Brasil
2018-07-22,AP,7.0,Norte,Brasil
2018-07-29,AP,13.0,Norte,Brasil
2018-08-05,AP,4.0,Norte,Brasil
2018-08-12,AP,12.0,Norte,Brasil
2018-08-19,AP,8.0,Norte,Brasil
2018-08-26,AP,16.0,Norte,Brasil
2018-09-02,AP,8.0,Norte,Brasil
2018-09-09,AP,8.0,Norte,Brasil
2018-09-16,AP,8.0,Norte,Brasil
2018-09-23,AP,7.0,Norte,Brasil
2018-09-30,AP,2.0,Norte,Brasil
2018-10-07,AP,9.0,Norte,Brasil
2018-10-14,AP,5.0,Norte,Brasil
2018-10-21,AP,7.0,Norte,Brasil
2018-10-28,AP,14.0,Norte,Brasil
2018-11-04,AP,11.0,Norte,Brasil
2018-11-11,AP,12.0,Norte,Brasil
2018-11-18,AP,6.0,Norte,Brasil
2018-11-25,AP,8.0,Norte,Brasil
2018-12-02,AP,2.0,Norte,Brasil
2018-12-09,AP,10.0,Norte,Brasil
2018-12-16,AP,4.0,Norte,Brasil
2018-12-23,AP,5.0,Norte,Brasil
2018-12-30,AP,3.0,Norte,Brasil
2019-01-06,AP,1.0,Norte,Brasil
2019-01-13,AP,3.0,Norte,Brasil
2019-01-20,AP,6.0,Norte,Brasil
2019-01-27,AP,3.0,Norte,Brasil
2019-02-03,AP,9.0,Norte,Brasil
2019-02-10,AP,9.0,Norte,Brasil
2019-02-17,AP,9.0,Norte,Brasil
2019-02-24,AP,5.0,Norte,Brasil
2019-03-03,AP,18.0,Norte,Brasil
2019-03-10,AP,10.0,Norte,Brasil
2019-03-17,AP,13.0,Norte,Brasil
2019-03-24,AP,7.0,Norte,Brasil
2019-03-31,AP,11.0,Norte,Brasil
2019-04-07,AP,12.0,Norte,Brasil
2019-04-14,AP,11.0,Norte,Brasil
2019-04-21,AP,4.0,Norte,Brasil
2019-04-28,AP,4.0,Norte,Brasil
2019-05-05,AP,2.0,Norte,Brasil
2019-05-12,AP,7.0,Norte,Brasil
2019-05-19,AP,7.0,Norte,Brasil
2019-05-26,AP,4.0,Norte,Brasil
2019-06-02,AP,2.0,Norte,Brasil
2019-06-09,AP,10.0,Norte,Brasil
2019-06-16,AP,3.0,Norte,Brasil
2019-06-23,AP,1.0,Norte,Brasil
2019-06-30,AP,5.0,Norte,Brasil
2019-07-07,AP,1.0,Norte,Brasil
2019-07-14,AP,1.0,Norte,Brasil
2019-07-21,AP,1.0,Norte,Brasil
2019-07-28,AP,1.0,Norte,Brasil
2019-08-04,AP,2.0,Norte,Brasil
2019-08-11,AP,2.0,Norte,Brasil
2019-08-18,AP,2.0,Norte,Brasil
2019-08-25,AP,2.0,Norte,Brasil
2019-09-01,AP,2.0,Norte,Brasil
2019-09-08,AP,1.0,Norte,Brasil
2019-09-15,AP,1.0,Norte,Brasil
2019-09-22,AP,1.0,Norte,Brasil
2019-09-29,AP,1.0,Norte,Brasil
2019-10-06,AP,1.0,Norte,Brasil
2019-10-13,AP,1.0,Norte,Brasil
2019-10-20,AP,1.0,Norte,Brasil
2019-10-27,AP,1.0,Norte,Brasil
2019-11-03,AP,1.0,Norte,Brasil
2019-11-10,AP,1.0,Norte,Brasil
2019-11-17,AP,2.0,Norte,Brasil
2019-11-24,AP,6.0,Norte,Brasil
2019-12-01,AP,1.0,Norte,Brasil
2019-12-08,AP,1.0,Norte,Brasil
2019-12-15,AP,1.0,Norte,Brasil
2019-12-22,AP,1.0,Norte,Brasil
2019-12-29,AP,1.0,Norte,Brasil
2020-01-05,AP,1.0,Norte,Brasil
2020-01-12,AP,1.0,Norte,Brasil
2020-01-19,AP,1.0,Norte,Brasil
2020-01-26,AP,2.0,Norte,Brasil
2020-02-02,AP,2.0,Norte,Brasil
2020-02-09,AP,3.0,Norte,Brasil
2020-02-16,AP,3.0,Norte,Brasil
2020-02-23,AP,6.0,Norte,Brasil
2020-03-01,AP,6.0,Norte,Brasil
2020-03-08,AP,6.0,Norte,Brasil
2020-03-15,AP,6.0,Norte,Brasil
2020-03-22,AP,2.0,Norte,Brasil
2020-03-29,AP,1.0,Norte,Brasil
2020-04-05,AP,1.0,Norte,Brasil
2020-04-12,AP,1.0,Norte,Brasil
2020-04-19,AP,1.0,Norte,Brasil
2020-04-26,AP,1.0,Norte,Brasil
2020-05-03,AP,1.0,Norte,Brasil
2020-05-10,AP,1.0,Norte,Brasil
2020-05-17,AP,1.0,Norte,Brasil
2020-05-24,AP,1.0,Norte,Brasil
2020-05-31,AP,1.0,Norte,Brasil
2020-06-07,AP,1.0,Norte,Brasil
2020-06-14,AP,1.0,Norte,Brasil
2020-06-21,AP,1.0,Norte,Brasil
2020-06-28,AP,1.0,Norte,Brasil
2020-07-05,AP,1.0,Norte,Brasil
2020-07-12,AP,1.0,Norte,Brasil
2020-07-19,AP,1.0,Norte,Brasil
2020-07-26,AP,1.0,Norte,Brasil
2020-08-02,AP,1.0,Norte,Brasil
2020-08-09,AP,1.0,Norte,Brasil
2020-08-16,AP,3.0,Norte,Brasil
2020-08-23,AP,2.0,Norte,Brasil
2020-08-30,AP,2.0,Norte,Brasil
2020-09-06,AP,2.0,Norte,Brasil
2020-09-13,AP,2.0,Norte,Brasil
2020-09-20,AP,1.0,Norte,Brasil
2020-09-27,AP,2.0,Norte,Brasil
2020-10-04,AP,2.0,Norte,Brasil
2020-10-11,AP,2.0,Norte,Brasil
2020-10-18,AP,2.0,Norte,Brasil
2020-10-25,AP,3.0,Norte,Brasil
2020-11-01,AP,3.0,Norte,Brasil
2020-11-08,AP,3.0,Norte,Brasil
2020-11-15,AP,3.0,Norte,Brasil
2020-11-22,AP,1.0,Norte,Brasil
2020-11-29,AP,3.0,Norte,Brasil
2020-12-06,AP,2.0,Norte,Brasil
2020-12-13,AP,1.0,Norte,Brasil
2020-12-20,AP,3.0,Norte,Brasil
2020-12-27,AP,3.0,Norte,Brasil
2021-01-03,AP,3.0,Norte,Brasil
2021-01-10,AP,1.0,Norte,Brasil
2021-01-17,AP,1.0,Norte,Brasil
2021-01-24,AP,1.0,Norte,Brasil
2021-01-31,AP,5.0,Norte,Brasil
2021-02-07,AP,1.0,Norte,Brasil
2021-02-14,AP,2.0,Norte,Brasil
2021-02-21,AP,2.0,Norte,Brasil
2021-02-28,AP,4.0,Norte,Brasil
2021-03-07,AP,1.0,Norte,Brasil
2021-03-14,AP,2.0,Norte,Brasil
2021-03-21,AP,3.0,Norte,Brasil
2021-03-28,AP,2.0,Norte,Brasil
2021-04-04,AP,1.0,Norte,Brasil
2021-04-11,AP,1.0,Norte,Brasil
2021-04-18,AP,4.0,Norte,Brasil
2021-04-25,AP,2.0,Norte,Brasil
2021-05-02,AP,1.0,Norte,Brasil
2021-05-09,AP,1.0,Norte,Brasil
2021-05-16,AP,1.0,Norte,Brasil
2021-05-23,AP,4.0,Norte,Brasil
2021-05-30,AP,1.0,Norte,Brasil
2021-06-06,AP,2.0,Norte,Brasil
2021-06-13,AP,3.0,Norte,Brasil
2021-06-20,AP,2.0,Norte,Brasil
2021-06-27,AP,2.0,Norte,Brasil
2021-07-04,AP,3.0,Norte,Brasil
2021-07-11,AP,8.0,Norte,Brasil
2021-07-18,AP,4.0,Norte,Brasil
2021-07-25,AP,2.0,Norte,Brasil
2021-08-01,AP,2.0,Norte,Brasil
2021-08-08,AP,5.0,Norte,Brasil
2021-08-15,AP,6.0,Norte,Brasil
2021-08-22,AP,46.0,Norte,Brasil
2021-08-29,AP,2.0,Norte,Brasil
2021-09-05,AP,4.0,Norte,Brasil
2021-09-12,AP,11.0,Norte,Brasil
2021-09-19,AP,8.0,Norte,Brasil
2021-09-26,AP,9.0,Norte,Brasil
2021-10-03,AP,8.0,Norte,Brasil
2021-10-10,AP,11.0,Norte,Brasil
2021-10-17,AP,4.0,Norte,Brasil
2021-10-24,AP,2.0,Norte,Brasil
2021-10-31,AP,2.0,Norte,Brasil
2021-11-07,AP,2.0,Norte,Brasil
2021-11-14,AP,1.0,Norte,Brasil
2021-11-21,AP,1.0,Norte,Brasil
2021-11-28,AP,3.0,Norte,Brasil
2021-12-05,AP,3.0,Norte,Brasil
2021-12-12,AP,1.0,Norte,Brasil
2021-12-19,AP,2.0,Norte,Brasil
2021-12-26,AP,2.0,Norte,Brasil
2022-01-02,AP,2.0,Norte,Brasil
2022-01-09,AP,1.0,Norte,Brasil
2022-01-16,AP,3.0,Norte,Brasil
2022-01-23,AP,4.0,Norte,Brasil
2022-01-30,AP,2.0,Norte,Brasil
2022-02-06,AP,5.0,Norte,Brasil
2022-02-13,AP,2.0,Norte,Brasil
2022-02-20,AP,2.0,Norte,Brasil
2022-02-27,AP,9.0,Norte,Brasil
2022-03-06,AP,2.0,Norte,Brasil
2022-03-13,AP,2.0,Norte,Brasil
2022-03-20,AP,5.0,Norte,Brasil
2022-03-27,AP,9.0,Norte,Brasil
2022-04-03,AP,9.0,Norte,Brasil
2022-04-10,AP,6.0,Norte,Brasil
2022-04-17,AP,6.0,Norte,Brasil
2022-04-24,AP,3.0,Norte,Brasil
2022-05-01,AP,3.0,Norte,Brasil
2022-05-08,AP,7.0,Norte,Brasil
2022-05-15,AP,10.0,Norte,Brasil
2022-05-22,AP,16.0,Norte,Brasil
2022-05-29,AP,4.0,Norte,Brasil
2022-06-05,AP,7.0,Norte,Brasil
2022-06-12,AP,8.0,Norte,Brasil
2022-06-19,AP,4.0,Norte,Brasil
2022-06-26,AP,1.0,Norte,Brasil
2022-07-03,AP,4.0,Norte,Brasil
2022-07-10,AP,4.0,Norte,Brasil
2022-07-17,AP,3.0,Norte,Brasil
2022-07-24,AP,2.0,Norte,Brasil
2022-07-31,AP,2.0,Norte,Brasil
2022-08-07,AP,2.0,Norte,Brasil
2022-08-14,AP,3.0,Norte,Brasil
2022-08-21,AP,1.0,Norte,Brasil
2022-08-28,AP,5.0,Norte,Brasil
2022-09-04,AP,3.0,Norte,Brasil
2022-09-11,AP,2.0,Norte,Brasil
2022-09-18,AP,2.0,Norte,Brasil
2022-09-25,AP,1.0,Norte,Brasil
2022-10-02,AP,1.0,Norte,Brasil
2022-10-09,AP,2.0,Norte,Brasil
2022-10-16,AP,2.0,Norte,Brasil
2022-10-23,AP,2.0,Norte,Brasil
2022-10-30,AP,1.0,Norte,Brasil
2022-11-06,AP,3.0,Norte,Brasil
2022-11-13,AP,1.0,Norte,Brasil
2022-11-20,AP,1.0,Norte,Brasil
2022-11-27,AP,1.0,Norte,Brasil
2022-12-04,AP,1.0,Norte,Brasil
2022-12-11,AP,1.0,Norte,Brasil
2022-12-18,AP,2.0,Norte,Brasil
2022-12-25,AP,1.0,Norte,Brasil
2023-01-01,AP,1.0,Norte,Brasil
2023-01-08,AP,1.0,Norte,Brasil
2023-01-15,AP,1.0,Norte,Brasil
2023-01-22,AP,1.0,Norte,Brasil
2023-01-29,AP,1.0,Norte,Brasil
2023-02-05,AP,1.0,Norte,Brasil
2023-02-12,AP,1.0,Norte,Brasil
2023-02-19,AP,1.0,Norte,Brasil
2023-02-26,AP,1.0,Norte,Brasil
2023-03-05,AP,2.0,Norte,Brasil
2023-03-12,AP,2.0,Norte,Brasil
2023-03-19,AP,2.0,Norte,Brasil
2023-03-26,AP,3.0,Norte,Brasil
2023-04-02,AP,2.0,Norte,Brasil
2023-04-09,AP,2.0,Norte,Brasil
2023-04-16,AP,3.0,Norte,Brasil
2023-04-23,AP,3.0,Norte,Brasil
2023-04-30,AP,4.0,Norte,Brasil
2023-05-07,AP,3.0,Norte,Brasil
2023-05-14,AP,1.0,Norte,Brasil
2023-05-21,AP,9.0,Norte,Brasil
2023-05-28,AP,2.0,Norte,Brasil
2023-06-04,AP,5.0,Norte,Brasil
2023-06-11,AP,1.0,Norte,Brasil
2023-06-18,AP,4.0,Norte,Brasil
2023-06-25,AP,4.0,Norte,Brasil
2023-07-02,AP,1.0,Norte,Brasil
2023-07-09,AP,1.0,Norte,Brasil
2023-07-16,AP,7.0,Norte,Brasil
2023-07-23,AP,1.0,Norte,Brasil
2023-07-30,AP,2.0,Norte,Brasil
2023-08-06,AP,5.0,Norte,Brasil
2023-08-13,AP,4.0,Norte,Brasil
2023-08-20,AP,2.0,Norte,Brasil
2023-08-27,AP,2.0,Norte,Brasil
2023-09-03,AP,2.0,Norte,Brasil
2023-09-10,AP,1.0,Norte,Brasil
2023-09-17,AP,1.0,Norte,Brasil
2023-09-24,AP,1.0,Norte,Brasil
2023-10-01,AP,3.0,Norte,Brasil
2023-10-08,AP,7.0,Norte,Brasil
2023-10-15,AP,4.0,Norte,Brasil
2023-10-22,AP,6.0,Norte,Brasil
2023-10-29,AP,4.0,Norte,Brasil
2023-11-05,AP,4.0,Norte,Brasil
2023-11-12,AP,5.0,Norte,Brasil
2023-11-19,AP,9.0,Norte,Brasil
2023-11-26,AP,2.0,Norte,Brasil
2023-12-03,AP,6.0,Norte,Brasil
2023-12-10,AP,6.0,Norte,Brasil
2023-12-17,AP,4.0,Norte,Brasil
2023-12-24,AP,2.0,Norte,Brasil
2023-12-31,AP,2.0,Norte,Brasil
2024-01-07,AP,2.0,Norte,Brasil
2024-01-14,AP,20.0,Norte,Brasil
2024-01-21,AP,24.0,Norte,Brasil
2024-01-28,AP,62.0,Norte,Brasil
2024-02-04,AP,21.0,Norte,Brasil
2024-02-11,AP,11.0,Norte,Brasil
2024-02-18,AP,10.0,Norte,Brasil
2024-02-25,AP,25.0,Norte,Brasil
2024-03-03,AP,41.0,Norte,Brasil
2024-03-10,AP,50.0,Norte,Brasil
2024-03-17,AP,19.0,Norte,Brasil
2024-03-24,AP,11.0,Norte,Brasil
2024-03-31,AP,16.0,Norte,Brasil
2024-04-07,AP,26.0,Norte,Brasil
2024-04-14,AP,46.0,Norte,Brasil
2024-04-21,AP,28.0,Norte,Brasil
2024-04-28,AP,28.0,Norte,Brasil
2024-05-05,AP,20.0,Norte,Brasil
2024-05-12,AP,25.0,Norte,Brasil
2024-05-19,AP,25.0,Norte,Brasil
2024-05-26,AP,31.0,Norte,Brasil
2024-06-02,AP,9.0,Norte,Brasil
2024-06-09,AP,19.0,Norte,Brasil
2024-06-16,AP,16.0,Norte,Brasil
2024-06-23,AP,10.0,Norte,Brasil
2024-06-30,AP,15.0,Norte,Brasil
2024-07-07,AP,15.0,Norte,Brasil
2024-07-14,AP,25.0,Norte,Brasil
2024-07-21,AP,38.0,Norte,Brasil
2024-07-28,AP,13.0,Norte,Brasil
2024-08-04,AP,28.0,Norte,Brasil
2024-08-11,AP,28.0,Norte,Brasil
2024-08-18,AP,11.0,Norte,Brasil
2024-08-25,AP,11.0,Norte,Brasil
2024-09-01,AP,7.0,Norte,Brasil
2024-09-08,AP,7.0,Norte,Brasil
2024-09-15,AP,4.0,Norte,Brasil
2024-09-22,AP,6.0,Norte,Brasil
2024-09-29,AP,3.0,Norte,Brasil
2024-10-06,AP,5.0,Norte,Brasil
2024-10-13,AP,3.0,Norte,Brasil
2024-10-20,AP,3.0,Norte,Brasil
2024-10-27,AP,2.0,Norte,Brasil
2024-11-03,AP,8.0,Norte,Brasil
2024-11-10,AP,2.0,Norte,Brasil
2024-11-17,AP,5.0,Norte,Brasil
2024-11-24,AP,5.0,Norte,Brasil
2024-12-01,AP,6.0,Norte,Brasil
2024-12-08,AP,3.0,Norte,Brasil
2024-12-15,AP,5.0,Norte,Brasil
2024-12-22,AP,1.0,Norte,Brasil
2024-12-29,AP,1.0,Norte,Brasil
2025-01-05,AP,2.0,Norte,Brasil
2025-01-12,AP,8.0,Norte,Brasil
2025-01-19,AP,27.0,Norte,Brasil
2025-01-26,AP,21.0,Norte,Brasil
2025-02-02,AP,19.0,Norte,Brasil
2025-02-09,AP,4.0,Norte,Brasil
2025-02-16,AP,9.0,Norte,Brasil
2025-02-23,AP,19.0,Norte,Brasil
2025-03-02,AP,11.0,Norte,Brasil
2025-03-09,AP,6.0,Norte,Brasil
2025-03-16,AP,8.0,Norte,Brasil
2025-03-23,AP,5.0,Norte,Brasil
2025-03-30,AP,4.0,Norte,Brasil
2025-04-06,AP,6.0,Norte,Brasil
2025-04-13,AP,7.0,Norte,Brasil
2025-04-20,AP,5.0,Norte,Brasil
2025-04-27,AP,8.0,Norte,Brasil
2025-05-04,AP,5.0,Norte,Brasil
2025-05-11,AP,3.0,Norte,Brasil
2025-05-18,AP,1.0,Norte,Brasil
2025-05-25,AP,2.0,Norte,Brasil
2025-06-01,AP,2.0,Norte,Brasil
2025-06-08,AP,3.0,Norte,Brasil
2025-06-15,AP,3.0,Norte,Brasil
2025-06-22,AP,4.0,Norte,Brasil
2025-06-29,AP,1.0,Norte,Brasil
2025-07-06,AP,5.0,Norte,Brasil
2025-07-13,AP,1.0,Norte,Brasil
2025-07-20,AP,4.0,Norte,Brasil
2025-07-27,AP,4.0,Norte,Brasil
2025-08-03,AP,1.0,Norte,Brasil
2025-08-10,AP,1.0,Norte,Brasil
2025-08-17,AP,4.0,Norte,Brasil
2025-08-24,AP,6.0,Norte,Brasil
2025-08-31,AP,2.0,Norte,Brasil
2025-09-07,AP,3.0,Norte,Brasil
2025-09-14,AP,6.0,Norte,Brasil
2025-09-21,AP,3.0,Norte,Brasil
2025-09-28,AP,4.0,Norte,Brasil
2025-10-05,AP,3.0,Norte,Brasil
2025-10-12,AP,3.0,Norte,Brasil
2025-10-19,AP,2.0,Norte,Brasil
2025-10-26,AP,3.0,Norte,Brasil
2025-11-02,AP,1.0,Norte,Brasil
2025-11-09,AP,1.0,Norte,Brasil
2025-11-16,AP,1.0,Norte,Brasil
2025-11-23,AP,1.0,Norte,Brasil
2025-11-30,AP,1.0,Norte,Brasil
2025-12-07,AP,2.0,Norte,Brasil
2025-12-14,AP,2.0,Norte,Brasil
2025-12-21,AP,2.0,Norte,Brasil
2025-12-28,AP,4.0,Norte,Brasil
2026-01-04,AP,3.0,Norte,Brasil
2026-01-11,AP,1.0,Norte,Brasil
2026-01-18,AP,1.0,Norte,Brasil
2026-01-25,AP,1.0,Norte,Brasil
2026-02-01,AP,2.0,Norte,Brasil
2026-02-08,AP,3.0,Norte,Brasil
2026-02-15,AP,4.0,Norte,Brasil
2026-02-22,AP,1.0,Norte,Brasil
2026-03-01,AP,1.0,Norte,Brasil
2026-03-08,AP,7.0,Norte,Brasil
2026-03-15,AP,2.0,Norte,Brasil
2026-03-22,AP,3.0,Norte,Brasil
2026-03-29,AP,6.0,Norte,Brasil
2026-04-05,AP,5.0,Norte,Brasil
2026-04-12,AP,4.0,Norte,Brasil
2026-04-19,AP,7.0,Norte,Brasil
2026-04-26,AP,7.0,Norte,Brasil
2026-05-03,AP,6.0,Norte,Brasil
2026-05-10,AP,6.0,Norte,Brasil
2026-05-17,AP,4.0,Norte,Brasil
2026-05-24,AP,2.0,Norte,Brasil
2026-05-31,AP,6.0,Norte,Brasil
2026-06-07,AP,3.0,Norte,Brasil
2026-06-14,AP,6.0,Norte,Brasil
2026-06-21,AP,4.0,Norte,Brasil
2026-06-28,AP,3.0,Norte,Brasil
2026-07-05,AP,4.0,Norte,Brasil
2026-07-12,AP,5.0,Norte,Brasil
2026-07-19,AP,1.0,Norte,Brasil
2026-07-26,AP,2.0,Norte,Brasil
2026-08-02,AP,4.0,Norte,Brasil
2026-08-09,AP,2.0,Norte,Brasil
2026-08-16,AP,2.0,Norte,Brasil
2026-08-23,AP,3.0,Norte,Brasil
2026-08-30,AP,4.0,Norte,Brasil
2026-09-06,AP,4.0,Norte,Brasil
2026-09-13,AP,4.0,Norte,Brasil
2014-01-12,BA,2.0,Nordeste,Brasil
2014-01-19,BA,2.0,Nordeste,Brasil
2014-01-26,BA,2.0,Nordeste,Brasil
2014-02-02,BA,2.0,Nordeste,Brasil
2014-02-09,BA,1.0,Nordeste,Brasil
2014-02-16,BA,1.0,Nordeste,Brasil
2014-02-23,BA,1.0,Nordeste,Brasil
2014-03-02,BA,1.0,Nordeste,Brasil
2014-03-09,BA,1.0,Nordeste,Brasil
2014-03-16,BA,1.0,Nordeste,Brasil
2014-03-23,BA,1.0,Nordeste,Brasil
2014-03-30,BA,1.0,Nordeste,Brasil
2014-04-06,BA,1.0,Nordeste,Brasil
2014-04-13,BA,1.0,Nordeste,Brasil
2014-04-20,BA,1.0,Nordeste,Brasil
2014-04-27,BA,1.0,Nordeste,Brasil
2014-05-04,BA,1.0,Nordeste,Brasil
2014-05-11,BA,1.0,Nordeste,Brasil
2014-05-18,BA,1.0,Nordeste,Brasil
2014-05-25,BA,1.0,Nordeste,Brasil
2014-06-01,BA,1.0,Nordeste,Brasil
2014-06-08,BA,1.0,Nordeste,Brasil
2014-06-15,BA,1.0,Nordeste,Brasil
2014-06-22,BA,1.0,Nordeste,Brasil
2014-06-29,BA,1.0,Nordeste,Brasil
2014-07-06,BA,1.0,Nordeste,Brasil
2014-07-13,BA,1.0,Nordeste,Brasil
2014-07-20,BA,1.0,Nordeste,Brasil
2014-07-27,BA,1.0,Nordeste,Brasil
2014-08-03,BA,1.0,Nordeste,Brasil
2014-08-10,BA,1.0,Nordeste,Brasil
2014-08-17,BA,4.0,Nordeste,Brasil
2014-08-24,BA,3.0,Nordeste,Brasil
2014-08-31,BA,11.0,Nordeste,Brasil
2014-09-07,BA,26.0,Nordeste,Brasil
2014-09-14,BA,52.0,Nordeste,Brasil
2014-09-21,BA,97.0,Nordeste,Brasil
2014-09-28,BA,345.0,Nordeste,Brasil
2014-10-05,BA,290.0,Nordeste,Brasil
2014-10-12,BA,157.0,Nordeste,Brasil
2014-10-19,BA,168.0,Nordeste,Brasil
2014-10-26,BA,174.0,Nordeste,Brasil
2014-11-02,BA,66.0,Nordeste,Brasil
2014-11-09,BA,105.0,Nordeste,Brasil
2014-11-16,BA,102.0,Nordeste,Brasil
2014-11-23,BA,59.0,Nordeste,Brasil
2014-11-30,BA,54.0,Nordeste,Brasil
2014-12-07,BA,72.0,Nordeste,Brasil
2014-12-14,BA,42.0,Nordeste,Brasil
2014-12-21,BA,53.0,Nordeste,Brasil
2014-12-28,BA,33.0,Nordeste,Brasil
2015-01-04,BA,15.0,Nordeste,Brasil
2015-01-11,BA,166.0,Nordeste,Brasil
2015-01-18,BA,187.0,Nordeste,Brasil
2015-01-25,BA,223.0,Nordeste,Brasil
2015-02-01,BA,166.0,Nordeste,Brasil
2015-02-08,BA,145.0,Nordeste,Brasil
2015-02-15,BA,148.0,Nordeste,Brasil
2015-02-22,BA,172.0,Nordeste,Brasil
2015-03-01,BA,246.0,Nordeste,Brasil
2015-03-08,BA,275.0,Nordeste,Brasil
2015-03-15,BA,265.0,Nordeste,Brasil
2015-03-22,BA,434.0,Nordeste,Brasil
2015-03-29,BA,525.0,Nordeste,Brasil
2015-04-05,BA,425.0,Nordeste,Brasil
2015-04-12,BA,748.0,Nordeste,Brasil
2015-04-19,BA,842.0,Nordeste,Brasil
2015-04-26,BA,679.0,Nordeste,Brasil
2015-05-03,BA,707.0,Nordeste,Brasil
2015-05-10,BA,850.0,Nordeste,Brasil
2015-05-17,BA,679.0,Nordeste,Brasil
2015-05-24,BA,727.0,Nordeste,Brasil
2015-05-31,BA,711.0,Nordeste,Brasil
2015-06-07,BA,530.0,Nordeste,Brasil
2015-06-14,BA,561.0,Nordeste,Brasil
2015-06-21,BA,735.0,Nordeste,Brasil
2015-06-28,BA,434.0,Nordeste,Brasil
2015-07-05,BA,574.0,Nordeste,Brasil
2015-07-12,BA,861.0,Nordeste,Brasil
2015-07-19,BA,1020.0,Nordeste,Brasil
2015-07-26,BA,1079.0,Nordeste,Brasil
2015-08-02,BA,767.0,Nordeste,Brasil
2015-08-09,BA,594.0,Nordeste,Brasil
2015-08-16,BA,532.0,Nordeste,Brasil
2015-08-23,BA,506.0,Nordeste,Brasil
2015-08-30,BA,424.0,Nordeste,Brasil
2015-09-06,BA,316.0,Nordeste,Brasil
2015-09-13,BA,334.0,Nordeste,Brasil
2015-09-20,BA,367.0,Nordeste,Brasil
2015-09-27,BA,441.0,Nordeste,Brasil
2015-10-04,BA,371.0,Nordeste,Brasil
2015-10-11,BA,356.0,Nordeste,Brasil
2015-10-18,BA,245.0,Nordeste,Brasil
2015-10-25,BA,417.0,Nordeste,Brasil
2015-11-01,BA,354.0,Nordeste,Brasil
2015-11-08,BA,502.0,Nordeste,Brasil
2015-11-15,BA,625.0,Nordeste,Brasil
2015-11-22,BA,854.0,Nordeste,Brasil
2015-11-29,BA,1178.0,Nordeste,Brasil
2015-12-06,BA,702.0,Nordeste,Brasil
2015-12-13,BA,587.0,Nordeste,Brasil
2015-12-20,BA,572.0,Nordeste,Brasil
2015-12-27,BA,343.0,Nordeste,Brasil
2016-01-03,BA,343.0,Nordeste,Brasil
2016-01-10,BA,206.0,Nordeste,Brasil
2016-01-17,BA,488.0,Nordeste,Brasil
2016-01-24,BA,712.0,Nordeste,Brasil
2016-01-31,BA,1112.0,Nordeste,Brasil
2016-02-07,BA,1469.0,Nordeste,Brasil
2016-02-14,BA,1454.0,Nordeste,Brasil
2016-02-21,BA,4550.0,Nordeste,Brasil
2016-02-28,BA,5098.0,Nordeste,Brasil
2016-03-06,BA,4715.0,Nordeste,Brasil
2016-03-13,BA,4454.0,Nordeste,Brasil
2016-03-20,BA,4810.0,Nordeste,Brasil
2016-03-27,BA,3351.0,Nordeste,Brasil
2016-04-03,BA,3421.0,Nordeste,Brasil
2016-04-10,BA,2702.0,Nordeste,Brasil
2016-04-17,BA,2584.0,Nordeste,Brasil
2016-04-24,BA,1534.0,Nordeste,Brasil
2016-05-01,BA,1364.0,Nordeste,Brasil
2016-05-08,BA,1187.0,Nordeste,Brasil
2016-05-15,BA,1110.0,Nordeste,Brasil
2016-05-22,BA,1153.0,Nordeste,Brasil
2016-05-29,BA,678.0,Nordeste,Brasil
2016-06-05,BA,883.0,Nordeste,Brasil
2016-06-12,BA,878.0,Nordeste,Brasil
2016-06-19,BA,696.0,Nordeste,Brasil
2016-06-26,BA,372.0,Nordeste,Brasil
2016-07-03,BA,247.0,Nordeste,Brasil
2016-07-10,BA,222.0,Nordeste,Brasil
2016-07-17,BA,161.0,Nordeste,Brasil
2016-07-24,BA,181.0,Nordeste,Brasil
2016-07-31,BA,129.0,Nordeste,Brasil
2016-08-07,BA,178.0,Nordeste,Brasil
2016-08-14,BA,156.0,Nordeste,Brasil
2016-08-21,BA,154.0,Nordeste,Brasil
2016-08-28,BA,106.0,Nordeste,Brasil
2016-09-04,BA,105.0,Nordeste,Brasil
2016-09-11,BA,69.0,Nordeste,Brasil
2016-09-18,BA,87.0,Nordeste,Brasil
2016-09-25,BA,115.0,Nordeste,Brasil
2016-10-02,BA,81.0,Nordeste,Brasil
2016-10-09,BA,102.0,Nordeste,Brasil
2016-10-16,BA,118.0,Nordeste,Brasil
2016-10-23,BA,156.0,Nordeste,Brasil
2016-10-30,BA,115.0,Nordeste,Brasil
2016-11-06,BA,102.0,Nordeste,Brasil
2016-11-13,BA,122.0,Nordeste,Brasil
2016-11-20,BA,137.0,Nordeste,Brasil
2016-11-27,BA,199.0,Nordeste,Brasil
2016-12-04,BA,123.0,Nordeste,Brasil
2016-12-11,BA,87.0,Nordeste,Brasil
2016-12-18,BA,128.0,Nordeste,Brasil
2016-12-25,BA,102.0,Nordeste,Brasil
2017-01-01,BA,97.0,Nordeste,Brasil
2017-01-08,BA,180.0,Nordeste,Brasil
2017-01-15,BA,460.0,Nordeste,Brasil
2017-01-22,BA,592.0,Nordeste,Brasil
2017-01-29,BA,658.0,Nordeste,Brasil
2017-02-05,BA,562.0,Nordeste,Brasil
2017-02-12,BA,544.0,Nordeste,Brasil
2017-02-19,BA,471.0,Nordeste,Brasil
2017-02-26,BA,370.0,Nordeste,Brasil
2017-03-05,BA,262.0,Nordeste,Brasil
2017-03-12,BA,362.0,Nordeste,Brasil
2017-03-19,BA,577.0,Nordeste,Brasil
2017-03-26,BA,507.0,Nordeste,Brasil
2017-04-02,BA,320.0,Nordeste,Brasil
2017-04-09,BA,318.0,Nordeste,Brasil
2017-04-16,BA,207.0,Nordeste,Brasil
2017-04-23,BA,182.0,Nordeste,Brasil
2017-04-30,BA,186.0,Nordeste,Brasil
2017-05-07,BA,154.0,Nordeste,Brasil
2017-05-14,BA,179.0,Nordeste,Brasil
2017-05-21,BA,292.0,Nordeste,Brasil
2017-05-28,BA,225.0,Nordeste,Brasil
2017-06-04,BA,291.0,Nordeste,Brasil
2017-06-11,BA,338.0,Nordeste,Brasil
2017-06-18,BA,262.0,Nordeste,Brasil
2017-06-25,BA,328.0,Nordeste,Brasil
2017-07-02,BA,296.0,Nordeste,Brasil
2017-07-09,BA,245.0,Nordeste,Brasil
2017-07-16,BA,188.0,Nordeste,Brasil
2017-07-23,BA,170.0,Nordeste,Brasil
2017-07-30,BA,138.0,Nordeste,Brasil
2017-08-06,BA,135.0,Nordeste,Brasil
2017-08-13,BA,96.0,Nordeste,Brasil
2017-08-20,BA,105.0,Nordeste,Brasil
2017-08-27,BA,89.0,Nordeste,Brasil
2017-09-03,BA,85.0,Nordeste,Brasil
2017-09-10,BA,63.0,Nordeste,Brasil
2017-09-17,BA,90.0,Nordeste,Brasil
2017-09-24,BA,58.0,Nordeste,Brasil
2017-10-01,BA,49.0,Nordeste,Brasil
2017-10-08,BA,42.0,Nordeste,Brasil
2017-10-15,BA,23.0,Nordeste,Brasil
2017-10-22,BA,31.0,Nordeste,Brasil
2017-10-29,BA,32.0,Nordeste,Brasil
2017-11-05,BA,28.0,Nordeste,Brasil
2017-11-12,BA,30.0,Nordeste,Brasil
2017-11-19,BA,42.0,Nordeste,Brasil
2017-11-26,BA,42.0,Nordeste,Brasil
2017-12-03,BA,52.0,Nordeste,Brasil
2017-12-10,BA,36.0,Nordeste,Brasil
2017-12-17,BA,42.0,Nordeste,Brasil
2017-12-24,BA,25.0,Nordeste,Brasil
2017-12-31,BA,14.0,Nordeste,Brasil
2018-01-07,BA,13.0,Nordeste,Brasil
2018-01-14,BA,19.0,Nordeste,Brasil
2018-01-21,BA,66.0,Nordeste,Brasil
2018-01-28,BA,68.0,Nordeste,Brasil
2018-02-04,BA,53.0,Nordeste,Brasil
2018-02-11,BA,54.0,Nordeste,Brasil
2018-02-18,BA,35.0,Nordeste,Brasil
2018-02-25,BA,63.0,Nordeste,Brasil
2018-03-04,BA,89.0,Nordeste,Brasil
2018-03-11,BA,130.0,Nordeste,Brasil
2018-03-18,BA,150.0,Nordeste,Brasil
2018-03-25,BA,168.0,Nordeste,Brasil
2018-04-01,BA,125.0,Nordeste,Brasil
2018-04-08,BA,168.0,Nordeste,Brasil
2018-04-15,BA,127.0,Nordeste,Brasil
2018-04-22,BA,143.0,Nordeste,Brasil
2018-04-29,BA,110.0,Nordeste,Brasil
2018-05-06,BA,91.0,Nordeste,Brasil
2018-05-13,BA,164.0,Nordeste,Brasil
2018-05-20,BA,135.0,Nordeste,Brasil
2018-05-27,BA,202.0,Nordeste,Brasil
2018-06-03,BA,129.0,Nordeste,Brasil
2018-06-10,BA,224.0,Nordeste,Brasil
2018-06-17,BA,200.0,Nordeste,Brasil
2018-06-24,BA,145.0,Nordeste,Brasil
2018-07-01,BA,111.0,Nordeste,Brasil
2018-07-08,BA,67.0,Nordeste,Brasil
2018-07-15,BA,73.0,Nordeste,Brasil
2018-07-22,BA,90.0,Nordeste,Brasil
2018-07-29,BA,77.0,Nordeste,Brasil
2018-08-05,BA,97.0,Nordeste,Brasil
2018-08-12,BA,125.0,Nordeste,Brasil
2018-08-19,BA,86.0,Nordeste,Brasil
2018-08-26,BA,171.0,Nordeste,Brasil
2018-09-02,BA,95.0,Nordeste,Brasil
2018-09-09,BA,58.0,Nordeste,Brasil
2018-09-16,BA,61.0,Nordeste,Brasil
2018-09-23,BA,58.0,Nordeste,Brasil
2018-09-30,BA,48.0,Nordeste,Brasil
2018-10-07,BA,60.0,Nordeste,Brasil
2018-10-14,BA,28.0,Nordeste,Brasil
2018-10-21,BA,39.0,Nordeste,Brasil
2018-10-28,BA,22.0,Nordeste,Brasil
2018-11-04,BA,28.0,Nordeste,Brasil
2018-11-11,BA,27.0,Nordeste,Brasil
2018-11-18,BA,14.0,Nordeste,Brasil
2018-11-25,BA,39.0,Nordeste,Brasil
2018-12-02,BA,21.0,Nordeste,Brasil
2018-12-09,BA,34.0,Nordeste,Brasil
2018-12-16,BA,21.0,Nordeste,Brasil
2018-12-23,BA,18.0,Nordeste,Brasil
2018-12-30,BA,14.0,Nordeste,Brasil
2019-01-06,BA,16.0,Nordeste,Brasil
2019-01-13,BA,43.0,Nordeste,Brasil
2019-01-20,BA,41.0,Nordeste,Brasil
2019-01-27,BA,34.0,Nordeste,Brasil
2019-02-03,BA,46.0,Nordeste,Brasil
2019-02-10,BA,55.0,Nordeste,Brasil
2019-02-17,BA,61.0,Nordeste,Brasil
2019-02-24,BA,78.0,Nordeste,Brasil
2019-03-03,BA,41.0,Nordeste,Brasil
2019-03-10,BA,17.0,Nordeste,Brasil
2019-03-17,BA,61.0,Nordeste,Brasil
2019-03-24,BA,51.0,Nordeste,Brasil
2019-03-31,BA,83.0,Nordeste,Brasil
2019-04-07,BA,124.0,Nordeste,Brasil
2019-04-14,BA,112.0,Nordeste,Brasil
2019-04-21,BA,153.0,Nordeste,Brasil
2019-04-28,BA,138.0,Nordeste,Brasil
2019-05-05,BA,145.0,Nordeste,Brasil
2019-05-12,BA,191.0,Nordeste,Brasil
2019-05-19,BA,180.0,Nordeste,Brasil
2019-05-26,BA,545.0,Nordeste,Brasil
2019-06-02,BA,503.0,Nordeste,Brasil
2019-06-09,BA,530.0,Nordeste,Brasil
2019-06-16,BA,540.0,Nordeste,Brasil
2019-06-23,BA,346.0,Nordeste,Brasil
2019-06-30,BA,552.0,Nordeste,Brasil
2019-07-07,BA,452.0,Nordeste,Brasil
2019-07-14,BA,680.0,Nordeste,Brasil
2019-07-21,BA,751.0,Nordeste,Brasil
2019-07-28,BA,550.0,Nordeste,Brasil
2019-08-04,BA,456.0,Nordeste,Brasil
2019-08-11,BA,373.0,Nordeste,Brasil
2019-08-18,BA,455.0,Nordeste,Brasil
2019-08-25,BA,370.0,Nordeste,Brasil
2019-09-01,BA,375.0,Nordeste,Brasil
2019-09-08,BA,320.0,Nordeste,Brasil
2019-09-15,BA,302.0,Nordeste,Brasil
2019-09-22,BA,299.0,Nordeste,Brasil
2019-09-29,BA,232.0,Nordeste,Brasil
2019-10-06,BA,202.0,Nordeste,Brasil
2019-10-13,BA,240.0,Nordeste,Brasil
2019-10-20,BA,335.0,Nordeste,Brasil
2019-10-27,BA,266.0,Nordeste,Brasil
2019-11-03,BA,228.0,Nordeste,Brasil
2019-11-10,BA,252.0,Nordeste,Brasil
2019-11-17,BA,196.0,Nordeste,Brasil
2019-11-24,BA,269.0,Nordeste,Brasil
2019-12-01,BA,220.0,Nordeste,Brasil
2019-12-08,BA,216.0,Nordeste,Brasil
2019-12-15,BA,168.0,Nordeste,Brasil
2019-12-22,BA,183.0,Nordeste,Brasil
2019-12-29,BA,105.0,Nordeste,Brasil
2020-01-05,BA,72.0,Nordeste,Brasil
2020-01-12,BA,186.0,Nordeste,Brasil
2020-01-19,BA,241.0,Nordeste,Brasil
2020-01-26,BA,226.0,Nordeste,Brasil
2020-02-02,BA,308.0,Nordeste,Brasil
2020-02-09,BA,356.0,Nordeste,Brasil
2020-02-16,BA,453.0,Nordeste,Brasil
2020-02-23,BA,490.0,Nordeste,Brasil
2020-03-01,BA,458.0,Nordeste,Brasil
2020-03-08,BA,846.0,Nordeste,Brasil
2020-03-15,BA,982.0,Nordeste,Brasil
2020-03-22,BA,690.0,Nordeste,Brasil
2020-03-29,BA,498.0,Nordeste,Brasil
2020-04-05,BA,1007.0,Nordeste,Brasil
2020-04-12,BA,1115.0,Nordeste,Brasil
2020-04-19,BA,1995.0,Nordeste,Brasil
2020-04-26,BA,2016.0,Nordeste,Brasil
2020-05-03,BA,2214.0,Nordeste,Brasil
2020-05-10,BA,2903.0,Nordeste,Brasil
2020-05-17,BA,2912.0,Nordeste,Brasil
2020-05-24,BA,3071.0,Nordeste,Brasil
2020-05-31,BA,2300.0,Nordeste,Brasil
2020-06-07,BA,2583.0,Nordeste,Brasil
2020-06-14,BA,2192.0,Nordeste,Brasil
2020-06-21,BA,2374.0,Nordeste,Brasil
2020-06-28,BA,1590.0,Nordeste,Brasil
2020-07-05,BA,1711.0,Nordeste,Brasil
2020-07-12,BA,1502.0,Nordeste,Brasil
2020-07-19,BA,1422.0,Nordeste,Brasil
2020-07-26,BA,1194.0,Nordeste,Brasil
2020-08-02,BA,939.0,Nordeste,Brasil
2020-08-09,BA,636.0,Nordeste,Brasil
2020-08-16,BA,543.0,Nordeste,Brasil
2020-08-23,BA,539.0,Nordeste,Brasil
2020-08-30,BA,430.0,Nordeste,Brasil
2020-09-06,BA,399.0,Nordeste,Brasil
2020-09-13,BA,269.0,Nordeste,Brasil
2020-09-20,BA,267.0,Nordeste,Brasil
2020-09-27,BA,292.0,Nordeste,Brasil
2020-10-04,BA,254.0,Nordeste,Brasil
2020-10-11,BA,208.0,Nordeste,Brasil
2020-10-18,BA,247.0,Nordeste,Brasil
2020-10-25,BA,237.0,Nordeste,Brasil
2020-11-01,BA,216.0,Nordeste,Brasil
2020-11-08,BA,209.0,Nordeste,Brasil
2020-11-15,BA,186.0,Nordeste,Brasil
2020-11-22,BA,183.0,Nordeste,Brasil
2020-11-29,BA,145.0,Nordeste,Brasil
2020-12-06,BA,147.0,Nordeste,Brasil
2020-12-13,BA,116.0,Nordeste,Brasil
2020-12-20,BA,120.0,Nordeste,Brasil
2020-12-27,BA,76.0,Nordeste,Brasil
2021-01-03,BA,76.0,Nordeste,Brasil
2021-01-10,BA,115.0,Nordeste,Brasil
2021-01-17,BA,173.0,Nordeste,Brasil
2021-01-24,BA,197.0,Nordeste,Brasil
2021-01-31,BA,250.0,Nordeste,Brasil
2021-02-07,BA,362.0,Nordeste,Brasil
2021-02-14,BA,406.0,Nordeste,Brasil
2021-02-21,BA,445.0,Nordeste,Brasil
2021-02-28,BA,517.0,Nordeste,Brasil
2021-03-07,BA,711.0,Nordeste,Brasil
2021-03-14,BA,878.0,Nordeste,Brasil
2021-03-21,BA,980.0,Nordeste,Brasil
2021-03-28,BA,997.0,Nordeste,Brasil
2021-04-04,BA,815.0,Nordeste,Brasil
2021-04-11,BA,761.0,Nordeste,Brasil
2021-04-18,BA,662.0,Nordeste,Brasil
2021-04-25,BA,598.0,Nordeste,Brasil
2021-05-02,BA,731.0,Nordeste,Brasil
2021-05-09,BA,654.0,Nordeste,Brasil
2021-05-16,BA,719.0,Nordeste,Brasil
2021-05-23,BA,703.0,Nordeste,Brasil
2021-05-30,BA,793.0,Nordeste,Brasil
2021-06-06,BA,517.0,Nordeste,Brasil
2021-06-13,BA,654.0,Nordeste,Brasil
2021-06-20,BA,491.0,Nordeste,Brasil
2021-06-27,BA,261.0,Nordeste,Brasil
2021-07-04,BA,335.0,Nordeste,Brasil
2021-07-11,BA,328.0,Nordeste,Brasil
2021-07-18,BA,263.0,Nordeste,Brasil
2021-07-25,BA,219.0,Nordeste,Brasil
2021-08-01,BA,153.0,Nordeste,Brasil
2021-08-08,BA,135.0,Nordeste,Brasil
2021-08-15,BA,112.0,Nordeste,Brasil
2021-08-22,BA,102.0,Nordeste,Brasil
2021-08-29,BA,76.0,Nordeste,Brasil
2021-09-05,BA,57.0,Nordeste,Brasil
2021-09-12,BA,69.0,Nordeste,Brasil
2021-09-19,BA,77.0,Nordeste,Brasil
2021-09-26,BA,67.0,Nordeste,Brasil
2021-10-03,BA,54.0,Nordeste,Brasil
2021-10-10,BA,54.0,Nordeste,Brasil
2021-10-17,BA,50.0,Nordeste,Brasil
2021-10-24,BA,61.0,Nordeste,Brasil
2021-10-31,BA,40.0,Nordeste,Brasil
2021-11-07,BA,31.0,Nordeste,Brasil
2021-11-14,BA,60.0,Nordeste,Brasil
2021-11-21,BA,45.0,Nordeste,Brasil
2021-11-28,BA,64.0,Nordeste,Brasil
2021-12-05,BA,142.0,Nordeste,Brasil
2021-12-12,BA,258.0,Nordeste,Brasil
2021-12-19,BA,237.0,Nordeste,Brasil
2021-12-26,BA,164.0,Nordeste,Brasil
2022-01-02,BA,266.0,Nordeste,Brasil
2022-01-09,BA,99.0,Nordeste,Brasil
2022-01-16,BA,310.0,Nordeste,Brasil
2022-01-23,BA,497.0,Nordeste,Brasil
2022-01-30,BA,481.0,Nordeste,Brasil
2022-02-06,BA,579.0,Nordeste,Brasil
2022-02-13,BA,604.0,Nordeste,Brasil
2022-02-20,BA,802.0,Nordeste,Brasil
2022-02-27,BA,899.0,Nordeste,Brasil
2022-03-06,BA,748.0,Nordeste,Brasil
2022-03-13,BA,1189.0,Nordeste,Brasil
2022-03-20,BA,1283.0,Nordeste,Brasil
2022-03-27,BA,1207.0,Nordeste,Brasil
2022-04-03,BA,1495.0,Nordeste,Brasil
2022-04-10,BA,1272.0,Nordeste,Brasil
2022-04-17,BA,934.0,Nordeste,Brasil
2022-04-24,BA,1031.0,Nordeste,Brasil
2022-05-01,BA,1197.0,Nordeste,Brasil
2022-05-08,BA,1204.0,Nordeste,Brasil
2022-05-15,BA,1072.0,Nordeste,Brasil
2022-05-22,BA,1067.0,Nordeste,Brasil
2022-05-29,BA,773.0,Nordeste,Brasil
2022-06-05,BA,703.0,Nordeste,Brasil
2022-06-12,BA,586.0,Nordeste,Brasil
2022-06-19,BA,424.0,Nordeste,Brasil
2022-06-26,BA,313.0,Nordeste,Brasil
2022-07-03,BA,303.0,Nordeste,Brasil
2022-07-10,BA,230.0,Nordeste,Brasil
2022-07-17,BA,191.0,Nordeste,Brasil
2022-07-24,BA,195.0,Nordeste,Brasil
2022-07-31,BA,197.0,Nordeste,Brasil
2022-08-07,BA,177.0,Nordeste,Brasil
2022-08-14,BA,154.0,Nordeste,Brasil
2022-08-21,BA,149.0,Nordeste,Brasil
2022-08-28,BA,126.0,Nordeste,Brasil
2022-09-04,BA,105.0,Nordeste,Brasil
2022-09-11,BA,101.0,Nordeste,Brasil
2022-09-18,BA,134.0,Nordeste,Brasil
2022-09-25,BA,110.0,Nordeste,Brasil
2022-10-02,BA,90.0,Nordeste,Brasil
2022-10-09,BA,98.0,Nordeste,Brasil
2022-10-16,BA,75.0,Nordeste,Brasil
2022-10-23,BA,103.0,Nordeste,Brasil
2022-10-30,BA,95.0,Nordeste,Brasil
2022-11-06,BA,78.0,Nordeste,Brasil
2022-11-13,BA,119.0,Nordeste,Brasil
2022-11-20,BA,114.0,Nordeste,Brasil
2022-11-27,BA,163.0,Nordeste,Brasil
2022-12-04,BA,194.0,Nordeste,Brasil
2022-12-11,BA,267.0,Nordeste,Brasil
2022-12-18,BA,299.0,Nordeste,Brasil
2022-12-25,BA,248.0,Nordeste,Brasil
2023-01-01,BA,215.0,Nordeste,Brasil
2023-01-08,BA,288.0,Nordeste,Brasil
2023-01-15,BA,458.0,Nordeste,Brasil
2023-01-22,BA,430.0,Nordeste,Brasil
2023-01-29,BA,548.0,Nordeste,Brasil
2023-02-05,BA,663.0,Nordeste,Brasil
2023-02-12,BA,790.0,Nordeste,Brasil
2023-02-19,BA,864.0,Nordeste,Brasil
2023-02-26,BA,481.0,Nordeste,Brasil
2023-03-05,BA,804.0,Nordeste,Brasil
2023-03-12,BA,771.0,Nordeste,Brasil
2023-03-19,BA,807.0,Nordeste,Brasil
2023-03-26,BA,918.0,Nordeste,Brasil
2023-04-02,BA,875.0,Nordeste,Brasil
2023-04-09,BA,672.0,Nordeste,Brasil
2023-04-16,BA,815.0,Nordeste,Brasil
2023-04-23,BA,668.0,Nordeste,Brasil
2023-04-30,BA,883.0,Nordeste,Brasil
2023-05-07,BA,785.0,Nordeste,Brasil
2023-05-14,BA,903.0,Nordeste,Brasil
2023-05-21,BA,897.0,Nordeste,Brasil
2023-05-28,BA,812.0,Nordeste,Brasil
2023-06-04,BA,721.0,Nordeste,Brasil
2023-06-11,BA,537.0,Nordeste,Brasil
2023-06-18,BA,609.0,Nordeste,Brasil
2023-06-25,BA,549.0,Nordeste,Brasil
2023-07-02,BA,485.0,Nordeste,Brasil
2023-07-09,BA,516.0,Nordeste,Brasil
2023-07-16,BA,475.0,Nordeste,Brasil
2023-07-23,BA,358.0,Nordeste,Brasil
2023-07-30,BA,271.0,Nordeste,Brasil
2023-08-06,BA,255.0,Nordeste,Brasil
2023-08-13,BA,248.0,Nordeste,Brasil
2023-08-20,BA,241.0,Nordeste,Brasil
2023-08-27,BA,231.0,Nordeste,Brasil
2023-09-03,BA,202.0,Nordeste,Brasil
2023-09-10,BA,122.0,Nordeste,Brasil
2023-09-17,BA,197.0,Nordeste,Brasil
2023-09-24,BA,150.0,Nordeste,Brasil
2023-10-01,BA,108.0,Nordeste,Brasil
2023-10-08,BA,141.0,Nordeste,Brasil
2023-10-15,BA,104.0,Nordeste,Brasil
2023-10-22,BA,154.0,Nordeste,Brasil
2023-10-29,BA,160.0,Nordeste,Brasil
2023-11-05,BA,112.0,Nordeste,Brasil
2023-11-12,BA,125.0,Nordeste,Brasil
2023-11-19,BA,159.0,Nordeste,Brasil
2023-11-26,BA,169.0,Nordeste,Brasil
2023-12-03,BA,135.0,Nordeste,Brasil
2023-12-10,BA,143.0,Nordeste,Brasil
2023-12-17,BA,196.0,Nordeste,Brasil
2023-12-24,BA,99.0,Nordeste,Brasil
2023-12-31,BA,70.0,Nordeste,Brasil
2024-01-07,BA,47.0,Nordeste,Brasil
2024-01-14,BA,107.0,Nordeste,Brasil
2024-01-21,BA,212.0,Nordeste,Brasil
2024-01-28,BA,273.0,Nordeste,Brasil
2024-02-04,BA,352.0,Nordeste,Brasil
2024-02-11,BA,561.0,Nordeste,Brasil
2024-02-18,BA,560.0,Nordeste,Brasil
2024-02-25,BA,1195.0,Nordeste,Brasil
2024-03-03,BA,1968.0,Nordeste,Brasil
2024-03-10,BA,2169.0,Nordeste,Brasil
2024-03-17,BA,2671.0,Nordeste,Brasil
2024-03-24,BA,2553.0,Nordeste,Brasil
2024-03-31,BA,1772.0,Nordeste,Brasil
2024-04-07,BA,1960.0,Nordeste,Brasil
2024-04-14,BA,1594.0,Nordeste,Brasil
2024-04-21,BA,1279.0,Nordeste,Brasil
2024-04-28,BA,1163.0,Nordeste,Brasil
2024-05-05,BA,886.0,Nordeste,Brasil
2024-05-12,BA,764.0,Nordeste,Brasil
2024-05-19,BA,796.0,Nordeste,Brasil
2024-05-26,BA,711.0,Nordeste,Brasil
2024-06-02,BA,562.0,Nordeste,Brasil
2024-06-09,BA,497.0,Nordeste,Brasil
2024-06-16,BA,351.0,Nordeste,Brasil
2024-06-23,BA,299.0,Nordeste,Brasil
2024-06-30,BA,224.0,Nordeste,Brasil
2024-07-07,BA,165.0,Nordeste,Brasil
2024-07-14,BA,216.0,Nordeste,Brasil
2024-07-21,BA,171.0,Nordeste,Brasil
2024-07-28,BA,168.0,Nordeste,Brasil
2024-08-04,BA,137.0,Nordeste,Brasil
2024-08-11,BA,154.0,Nordeste,Brasil
2024-08-18,BA,121.0,Nordeste,Brasil
2024-08-25,BA,108.0,Nordeste,Brasil
2024-09-01,BA,101.0,Nordeste,Brasil
2024-09-08,BA,83.0,Nordeste,Brasil
2024-09-15,BA,112.0,Nordeste,Brasil
2024-09-22,BA,94.0,Nordeste,Brasil
2024-09-29,BA,96.0,Nordeste,Brasil
2024-10-06,BA,58.0,Nordeste,Brasil
2024-10-13,BA,51.0,Nordeste,Brasil
2024-10-20,BA,77.0,Nordeste,Brasil
2024-10-27,BA,60.0,Nordeste,Brasil
2024-11-03,BA,62.0,Nordeste,Brasil
2024-11-10,BA,72.0,Nordeste,Brasil
2024-11-17,BA,66.0,Nordeste,Brasil
2024-11-24,BA,81.0,Nordeste,Brasil
2024-12-01,BA,90.0,Nordeste,Brasil
2024-12-08,BA,66.0,Nordeste,Brasil
2024-12-15,BA,88.0,Nordeste,Brasil
2024-12-22,BA,77.0,Nordeste,Brasil
2024-12-29,BA,35.0,Nordeste,Brasil
2025-01-05,BA,42.0,Nordeste,Brasil
2025-01-12,BA,96.0,Nordeste,Brasil
2025-01-19,BA,108.0,Nordeste,Brasil
2025-01-26,BA,172.0,Nordeste,Brasil
2025-02-02,BA,114.0,Nordeste,Brasil
2025-02-09,BA,121.0,Nordeste,Brasil
2025-02-16,BA,130.0,Nordeste,Brasil
2025-02-23,BA,167.0,Nordeste,Brasil
2025-03-02,BA,137.0,Nordeste,Brasil
2025-03-09,BA,75.0,Nordeste,Brasil
2025-03-16,BA,159.0,Nordeste,Brasil
2025-03-23,BA,150.0,Nordeste,Brasil
2025-03-30,BA,151.0,Nordeste,Brasil
2025-04-06,BA,207.0,Nordeste,Brasil
2025-04-13,BA,181.0,Nordeste,Brasil
2025-04-20,BA,86.0,Nordeste,Brasil
2025-04-27,BA,151.0,Nordeste,Brasil
2025-05-04,BA,168.0,Nordeste,Brasil
2025-05-11,BA,119.0,Nordeste,Brasil
2025-05-18,BA,156.0,Nordeste,Brasil
2025-05-25,BA,115.0,Nordeste,Brasil
2025-06-01,BA,133.0,Nordeste,Brasil
2025-06-08,BA,102.0,Nordeste,Brasil
2025-06-15,BA,90.0,Nordeste,Brasil
2025-06-22,BA,57.0,Nordeste,Brasil
2025-06-29,BA,70.0,Nordeste,Brasil
2025-07-06,BA,87.0,Nordeste,Brasil
2025-07-13,BA,81.0,Nordeste,Brasil
2025-07-20,BA,44.0,Nordeste,Brasil
2025-07-27,BA,56.0,Nordeste,Brasil
2025-08-03,BA,71.0,Nordeste,Brasil
2025-08-10,BA,56.0,Nordeste,Brasil
2025-08-17,BA,55.0,Nordeste,Brasil
2025-08-24,BA,46.0,Nordeste,Brasil
2025-08-31,BA,78.0,Nordeste,Brasil
2025-09-07,BA,72.0,Nordeste,Brasil
2025-09-14,BA,56.0,Nordeste,Brasil
2025-09-21,BA,60.0,Nordeste,Brasil
2025-09-28,BA,68.0,Nordeste,Brasil
2025-10-05,BA,49.0,Nordeste,Brasil
2025-10-12,BA,51.0,Nordeste,Brasil
2025-10-19,BA,59.0,Nordeste,Brasil
2025-10-26,BA,45.0,Nordeste,Brasil
2025-11-02,BA,54.0,Nordeste,Brasil
2025-11-09,BA,38.0,Nordeste,Brasil
2025-11-16,BA,59.0,Nordeste,Brasil
2025-11-23,BA,31.0,Nordeste,Brasil
2025-11-30,BA,55.0,Nordeste,Brasil
2025-12-07,BA,44.0,Nordeste,Brasil
2025-12-14,BA,41.0,Nordeste,Brasil
2025-12-21,BA,35.0,Nordeste,Brasil
2025-12-28,BA,25.0,Nordeste,Brasil
2026-01-04,BA,12.0,Nordeste,Brasil
2026-01-11,BA,39.0,Nordeste,Brasil
2026-01-18,BA,25.0,Nordeste,Brasil
2026-01-25,BA,24.0,Nordeste,Brasil
2026-02-01,BA,38.0,Nordeste,Brasil
2026-02-08,BA,35.0,Nordeste,Brasil
2026-02-15,BA,43.0,Nordeste,Brasil
2026-02-22,BA,39.0,Nordeste,Brasil
2026-03-01,BA,70.0,Nordeste,Brasil
2026-03-08,BA,84.0,Nordeste,Brasil
2026-03-15,BA,113.0,Nordeste,Brasil
2026-03-22,BA,151.0,Nordeste,Brasil
2026-03-29,BA,159.0,Nordeste,Brasil
2026-04-05,BA,111.0,Nordeste,Brasil
2026-04-12,BA,171.0,Nordeste,Brasil
2026-04-19,BA,171.0,Nordeste,Brasil
2026-04-26,BA,163.0,Nordeste,Brasil
2026-05-03,BA,200.0,Nordeste,Brasil
2026-05-10,BA,455.0,Nordeste,Brasil
2026-05-17,BA,614.0,Nordeste,Brasil
2026-05-24,BA,1148.0,Nordeste,Brasil
2026-05-31,BA,656.0,Nordeste,Brasil
2026-06-07,BA,691.0,Nordeste,Brasil
2026-06-14,BA,612.0,Nordeste,Brasil
2026-06-21,BA,714.0,Nordeste,Brasil
2026-06-28,BA,470.0,Nordeste,Brasil
2026-07-05,BA,485.0,Nordeste,Brasil
2026-07-12,BA,607.0,Nordeste,Brasil
2026-07-19,BA,684.0,Nordeste,Brasil
2026-07-26,BA,727.0,Nordeste,Brasil
2026-08-02,BA,587.0,Nordeste,Brasil
2026-08-09,BA,527.0,Nordeste,Brasil
2026-08-16,BA,495.0,Nordeste,Brasil
2026-08-23,BA,412.0,Nordeste,Brasil
2026-08-30,BA,225.0,Nordeste,Brasil
2026-09-06,BA,73.0,Nordeste,Brasil
2026-09-13,BA,73.0,Nordeste,Brasil
2014-05-04,CE,1.0,Nordeste,Brasil
2014-05-11,CE,1.0,Nordeste,Brasil
2014-05-18,CE,1.0,Nordeste,Brasil
2014-05-25,CE,1.0,Nordeste,Brasil
2014-06-01,CE,1.0,Nordeste,Brasil
2014-06-08,CE,1.0,Nordeste,Brasil
2014-06-15,CE,1.0,Nordeste,Brasil
2014-06-22,CE,1.0,Nordeste,Brasil
2014-06-29,CE,1.0,Nordeste,Brasil
2014-07-06,CE,1.0,Nordeste,Brasil
2014-07-13,CE,1.0,Nordeste,Brasil
2014-07-20,CE,1.0,Nordeste,Brasil
2014-07-27,CE,1.0,Nordeste,Brasil
2014-08-03,CE,1.0,Nordeste,Brasil
2014-08-10,CE,1.0,Nordeste,Brasil
2014-08-17,CE,1.0,Nordeste,Brasil
2014-08-24,CE,1.0,Nordeste,Brasil
2014-08-31,CE,1.0,Nordeste,Brasil
2014-09-07,CE,1.0,Nordeste,Brasil
2014-09-14,CE,1.0,Nordeste,Brasil
2014-09-21,CE,1.0,Nordeste,Brasil
2014-09-28,CE,1.0,Nordeste,Brasil
2014-10-05,CE,1.0,Nordeste,Brasil
2014-10-12,CE,1.0,Nordeste,Brasil
2014-10-19,CE,1.0,Nordeste,Brasil
2014-10-26,CE,1.0,Nordeste,Brasil
2014-11-02,CE,1.0,Nordeste,Brasil
2014-11-09,CE,1.0,Nordeste,Brasil
2014-11-16,CE,2.0,Nordeste,Brasil
2014-11-23,CE,2.0,Nordeste,Brasil
2014-11-30,CE,2.0,Nordeste,Brasil
2014-12-07,CE,2.0,Nordeste,Brasil
2014-12-14,CE,1.0,Nordeste,Brasil
2014-12-21,CE,4.0,Nordeste,Brasil
2014-12-28,CE,4.0,Nordeste,Brasil
2015-01-04,CE,4.0,Nordeste,Brasil
2015-01-11,CE,4.0,Nordeste,Brasil
2015-01-18,CE,1.0,Nordeste,Brasil
2015-01-25,CE,1.0,Nordeste,Brasil
2015-02-01,CE,2.0,Nordeste,Brasil
2015-02-08,CE,1.0,Nordeste,Brasil
2015-02-15,CE,4.0,Nordeste,Brasil
2015-02-22,CE,3.0,Nordeste,Brasil
2015-03-01,CE,3.0,Nordeste,Brasil
2015-03-08,CE,1.0,Nordeste,Brasil
2015-03-15,CE,3.0,Nordeste,Brasil
2015-03-22,CE,4.0,Nordeste,Brasil
2015-03-29,CE,1.0,Nordeste,Brasil
2015-04-05,CE,4.0,Nordeste,Brasil
2015-04-12,CE,7.0,Nordeste,Brasil
2015-04-19,CE,20.0,Nordeste,Brasil
2015-04-26,CE,26.0,Nordeste,Brasil
2015-05-03,CE,24.0,Nordeste,Brasil
2015-05-10,CE,37.0,Nordeste,Brasil
2015-05-17,CE,33.0,Nordeste,Brasil
2015-05-24,CE,36.0,Nordeste,Brasil
2015-05-31,CE,29.0,Nordeste,Brasil
2015-06-07,CE,28.0,Nordeste,Brasil
2015-06-14,CE,37.0,Nordeste,Brasil
2015-06-21,CE,28.0,Nordeste,Brasil
2015-06-28,CE,24.0,Nordeste,Brasil
2015-07-05,CE,15.0,Nordeste,Brasil
2015-07-12,CE,14.0,Nordeste,Brasil
2015-07-19,CE,20.0,Nordeste,Brasil
2015-07-26,CE,15.0,Nordeste,Brasil
2015-08-02,CE,15.0,Nordeste,Brasil
2015-08-09,CE,11.0,Nordeste,Brasil
2015-08-16,CE,16.0,Nordeste,Brasil
2015-08-23,CE,7.0,Nordeste,Brasil
2015-08-30,CE,5.0,Nordeste,Brasil
2015-09-06,CE,1.0,Nordeste,Brasil
2015-09-13,CE,1.0,Nordeste,Brasil
2015-09-20,CE,4.0,Nordeste,Brasil
2015-09-27,CE,1.0,Nordeste,Brasil
2015-10-04,CE,1.0,Nordeste,Brasil
2015-10-11,CE,1.0,Nordeste,Brasil
2015-10-18,CE,1.0,Nordeste,Brasil
2015-10-25,CE,11.0,Nordeste,Brasil
2015-11-01,CE,2.0,Nordeste,Brasil
2015-11-08,CE,1.0,Nordeste,Brasil
2015-11-15,CE,5.0,Nordeste,Brasil
2015-11-22,CE,14.0,Nordeste,Brasil
2015-11-29,CE,18.0,Nordeste,Brasil
2015-12-06,CE,14.0,Nordeste,Brasil
2015-12-13,CE,20.0,Nordeste,Brasil
2015-12-20,CE,16.0,Nordeste,Brasil
2015-12-27,CE,6.0,Nordeste,Brasil
2016-01-03,CE,6.0,Nordeste,Brasil
2016-01-10,CE,6.0,Nordeste,Brasil
2016-01-17,CE,9.0,Nordeste,Brasil
2016-01-24,CE,23.0,Nordeste,Brasil
2016-01-31,CE,27.0,Nordeste,Brasil
2016-02-07,CE,37.0,Nordeste,Brasil
2016-02-14,CE,36.0,Nordeste,Brasil
2016-02-21,CE,100.0,Nordeste,Brasil
2016-02-28,CE,118.0,Nordeste,Brasil
2016-03-06,CE,173.0,Nordeste,Brasil
2016-03-13,CE,281.0,Nordeste,Brasil
2016-03-20,CE,376.0,Nordeste,Brasil
2016-03-27,CE,393.0,Nordeste,Brasil
2016-04-03,CE,633.0,Nordeste,Brasil
2016-04-10,CE,803.0,Nordeste,Brasil
2016-04-17,CE,1026.0,Nordeste,Brasil
2016-04-24,CE,1311.0,Nordeste,Brasil
2016-05-01,CE,1970.0,Nordeste,Brasil
2016-05-08,CE,2367.0,Nordeste,Brasil
2016-05-15,CE,2920.0,Nordeste,Brasil
2016-05-22,CE,2693.0,Nordeste,Brasil
2016-05-29,CE,2797.0,Nordeste,Brasil
2016-06-05,CE,3137.0,Nordeste,Brasil
2016-06-12,CE,3245.0,Nordeste,Brasil
2016-06-19,CE,3032.0,Nordeste,Brasil
2016-06-26,CE,2690.0,Nordeste,Brasil
2016-07-03,CE,2552.0,Nordeste,Brasil
2016-07-10,CE,2317.0,Nordeste,Brasil
2016-07-17,CE,1772.0,Nordeste,Brasil
2016-07-24,CE,1565.0,Nordeste,Brasil
2016-07-31,CE,1388.0,Nordeste,Brasil
2016-08-07,CE,1106.0,Nordeste,Brasil
2016-08-14,CE,938.0,Nordeste,Brasil
2016-08-21,CE,781.0,Nordeste,Brasil
2016-08-28,CE,737.0,Nordeste,Brasil
2016-09-04,CE,648.0,Nordeste,Brasil
2016-09-11,CE,426.0,Nordeste,Brasil
2016-09-18,CE,425.0,Nordeste,Brasil
2016-09-25,CE,358.0,Nordeste,Brasil
2016-10-02,CE,313.0,Nordeste,Brasil
2016-10-09,CE,266.0,Nordeste,Brasil
2016-10-16,CE,273.0,Nordeste,Brasil
2016-10-23,CE,282.0,Nordeste,Brasil
2016-10-30,CE,375.0,Nordeste,Brasil
2016-11-06,CE,484.0,Nordeste,Brasil
2016-11-13,CE,386.0,Nordeste,Brasil
2016-11-20,CE,462.0,Nordeste,Brasil
2016-11-27,CE,761.0,Nordeste,Brasil
2016-12-04,CE,450.0,Nordeste,Brasil
2016-12-11,CE,302.0,Nordeste,Brasil
2016-12-18,CE,252.0,Nordeste,Brasil
2016-12-25,CE,184.0,Nordeste,Brasil
2017-01-01,CE,127.0,Nordeste,Brasil
2017-01-08,CE,194.0,Nordeste,Brasil
2017-01-15,CE,369.0,Nordeste,Brasil
2017-01-22,CE,477.0,Nordeste,Brasil
2017-01-29,CE,514.0,Nordeste,Brasil
2017-02-05,CE,823.0,Nordeste,Brasil
2017-02-12,CE,897.0,Nordeste,Brasil
2017-02-19,CE,1065.0,Nordeste,Brasil
2017-02-26,CE,1246.0,Nordeste,Brasil
2017-03-05,CE,1120.0,Nordeste,Brasil
2017-03-12,CE,2075.0,Nordeste,Brasil
2017-03-19,CE,3239.0,Nordeste,Brasil
2017-03-26,CE,3807.0,Nordeste,Brasil
2017-04-02,CE,6052.0,Nordeste,Brasil
2017-04-09,CE,7573.0,Nordeste,Brasil
2017-04-16,CE,7329.0,Nordeste,Brasil
2017-04-23,CE,10998.0,Nordeste,Brasil
2017-04-30,CE,11092.0,Nordeste,Brasil
2017-05-07,CE,11227.0,Nordeste,Brasil
2017-05-14,CE,11806.0,Nordeste,Brasil
2017-05-21,CE,11007.0,Nordeste,Brasil
2017-05-28,CE,9153.0,Nordeste,Brasil
2017-06-04,CE,6893.0,Nordeste,Brasil
2017-06-11,CE,5610.0,Nordeste,Brasil
2017-06-18,CE,3764.0,Nordeste,Brasil
2017-06-25,CE,3533.0,Nordeste,Brasil
2017-07-02,CE,2710.0,Nordeste,Brasil
2017-07-09,CE,2319.0,Nordeste,Brasil
2017-07-16,CE,1913.0,Nordeste,Brasil
2017-07-23,CE,1631.0,Nordeste,Brasil
2017-07-30,CE,1454.0,Nordeste,Brasil
2017-08-06,CE,1039.0,Nordeste,Brasil
2017-08-13,CE,948.0,Nordeste,Brasil
2017-08-20,CE,654.0,Nordeste,Brasil
2017-08-27,CE,771.0,Nordeste,Brasil
2017-09-03,CE,483.0,Nordeste,Brasil
2017-09-10,CE,478.0,Nordeste,Brasil
2017-09-17,CE,655.0,Nordeste,Brasil
2017-09-24,CE,318.0,Nordeste,Brasil
2017-10-01,CE,284.0,Nordeste,Brasil
2017-10-08,CE,197.0,Nordeste,Brasil
2017-10-15,CE,163.0,Nordeste,Brasil
2017-10-22,CE,222.0,Nordeste,Brasil
2017-10-29,CE,167.0,Nordeste,Brasil
2017-11-05,CE,140.0,Nordeste,Brasil
2017-11-12,CE,200.0,Nordeste,Brasil
2017-11-19,CE,148.0,Nordeste,Brasil
2017-11-26,CE,187.0,Nordeste,Brasil
2017-12-03,CE,112.0,Nordeste,Brasil
2017-12-10,CE,115.0,Nordeste,Brasil
2017-12-17,CE,160.0,Nordeste,Brasil
2017-12-24,CE,107.0,Nordeste,Brasil
2017-12-31,CE,59.0,Nordeste,Brasil
2018-01-07,CE,54.0,Nordeste,Brasil
2018-01-14,CE,117.0,Nordeste,Brasil
2018-01-21,CE,139.0,Nordeste,Brasil
2018-01-28,CE,138.0,Nordeste,Brasil
2018-02-04,CE,134.0,Nordeste,Brasil
2018-02-11,CE,151.0,Nordeste,Brasil
2018-02-18,CE,130.0,Nordeste,Brasil
2018-02-25,CE,163.0,Nordeste,Brasil
2018-03-04,CE,213.0,Nordeste,Brasil
2018-03-11,CE,230.0,Nordeste,Brasil
2018-03-18,CE,216.0,Nordeste,Brasil
2018-03-25,CE,162.0,Nordeste,Brasil
2018-04-01,CE,167.0,Nordeste,Brasil
2018-04-08,CE,266.0,Nordeste,Brasil
2018-04-15,CE,262.0,Nordeste,Brasil
2018-04-22,CE,263.0,Nordeste,Brasil
2018-04-29,CE,183.0,Nordeste,Brasil
2018-05-06,CE,153.0,Nordeste,Brasil
2018-05-13,CE,122.0,Nordeste,Brasil
2018-05-20,CE,120.0,Nordeste,Brasil
2018-05-27,CE,99.0,Nordeste,Brasil
2018-06-03,CE,95.0,Nordeste,Brasil
2018-06-10,CE,93.0,Nordeste,Brasil
2018-06-17,CE,109.0,Nordeste,Brasil
2018-06-24,CE,127.0,Nordeste,Brasil
2018-07-01,CE,84.0,Nordeste,Brasil
2018-07-08,CE,64.0,Nordeste,Brasil
2018-07-15,CE,105.0,Nordeste,Brasil
2018-07-22,CE,97.0,Nordeste,Brasil
2018-07-29,CE,84.0,Nordeste,Brasil
2018-08-05,CE,58.0,Nordeste,Brasil
2018-08-12,CE,73.0,Nordeste,Brasil
2018-08-19,CE,79.0,Nordeste,Brasil
2018-08-26,CE,68.0,Nordeste,Brasil
2018-09-02,CE,56.0,Nordeste,Brasil
2018-09-09,CE,54.0,Nordeste,Brasil
2018-09-16,CE,64.0,Nordeste,Brasil
2018-09-23,CE,51.0,Nordeste,Brasil
2018-09-30,CE,55.0,Nordeste,Brasil
2018-10-07,CE,40.0,Nordeste,Brasil
2018-10-14,CE,39.0,Nordeste,Brasil
2018-10-21,CE,43.0,Nordeste,Brasil
2018-10-28,CE,35.0,Nordeste,Brasil
2018-11-04,CE,34.0,Nordeste,Brasil
2018-11-11,CE,42.0,Nordeste,Brasil
2018-11-18,CE,31.0,Nordeste,Brasil
2018-11-25,CE,38.0,Nordeste,Brasil
2018-12-02,CE,31.0,Nordeste,Brasil
2018-12-09,CE,34.0,Nordeste,Brasil
2018-12-16,CE,24.0,Nordeste,Brasil
2018-12-23,CE,28.0,Nordeste,Brasil
2018-12-30,CE,28.0,Nordeste,Brasil
2019-01-06,CE,15.0,Nordeste,Brasil
2019-01-13,CE,32.0,Nordeste,Brasil
2019-01-20,CE,49.0,Nordeste,Brasil
2019-01-27,CE,55.0,Nordeste,Brasil
2019-02-03,CE,60.0,Nordeste,Brasil
2019-02-10,CE,83.0,Nordeste,Brasil
2019-02-17,CE,104.0,Nordeste,Brasil
2019-02-24,CE,143.0,Nordeste,Brasil
2019-03-03,CE,102.0,Nordeste,Brasil
2019-03-10,CE,86.0,Nordeste,Brasil
2019-03-17,CE,182.0,Nordeste,Brasil
2019-03-24,CE,160.0,Nordeste,Brasil
2019-03-31,CE,162.0,Nordeste,Brasil
2019-04-07,CE,229.0,Nordeste,Brasil
2019-04-14,CE,292.0,Nordeste,Brasil
2019-04-21,CE,237.0,Nordeste,Brasil
2019-04-28,CE,333.0,Nordeste,Brasil
2019-05-05,CE,247.0,Nordeste,Brasil
2019-05-12,CE,316.0,Nordeste,Brasil
2019-05-19,CE,274.0,Nordeste,Brasil
2019-05-26,CE,260.0,Nordeste,Brasil
2019-06-02,CE,216.0,Nordeste,Brasil
2019-06-09,CE,222.0,Nordeste,Brasil
2019-06-16,CE,206.0,Nordeste,Brasil
2019-06-23,CE,165.0,Nordeste,Brasil
2019-06-30,CE,181.0,Nordeste,Brasil
2019-07-07,CE,124.0,Nordeste,Brasil
2019-07-14,CE,107.0,Nordeste,Brasil
2019-07-21,CE,60.0,Nordeste,Brasil
2019-07-28,CE,68.0,Nordeste,Brasil
2019-08-04,CE,69.0,Nordeste,Brasil
2019-08-11,CE,73.0,Nordeste,Brasil
2019-08-18,CE,85.0,Nordeste,Brasil
2019-08-25,CE,92.0,Nordeste,Brasil
2019-09-01,CE,94.0,Nordeste,Brasil
2019-09-08,CE,69.0,Nordeste,Brasil
2019-09-15,CE,46.0,Nordeste,Brasil
2019-09-22,CE,41.0,Nordeste,Brasil
2019-09-29,CE,43.0,Nordeste,Brasil
2019-10-06,CE,38.0,Nordeste,Brasil
2019-10-13,CE,52.0,Nordeste,Brasil
2019-10-20,CE,33.0,Nordeste,Brasil
2019-10-27,CE,30.0,Nordeste,Brasil
2019-11-03,CE,33.0,Nordeste,Brasil
2019-11-10,CE,24.0,Nordeste,Brasil
2019-11-17,CE,25.0,Nordeste,Brasil
2019-11-24,CE,31.0,Nordeste,Brasil
2019-12-01,CE,23.0,Nordeste,Brasil
2019-12-08,CE,38.0,Nordeste,Brasil
2019-12-15,CE,29.0,Nordeste,Brasil
2019-12-22,CE,22.0,Nordeste,Brasil
2019-12-29,CE,13.0,Nordeste,Brasil
2020-01-05,CE,13.0,Nordeste,Brasil
2020-01-12,CE,29.0,Nordeste,Brasil
2020-01-19,CE,37.0,Nordeste,Brasil
2020-01-26,CE,56.0,Nordeste,Brasil
2020-02-02,CE,61.0,Nordeste,Brasil
2020-02-09,CE,96.0,Nordeste,Brasil
2020-02-16,CE,99.0,Nordeste,Brasil
2020-02-23,CE,119.0,Nordeste,Brasil
2020-03-01,CE,121.0,Nordeste,Brasil
2020-03-08,CE,123.0,Nordeste,Brasil
2020-03-15,CE,146.0,Nordeste,Brasil
2020-03-22,CE,72.0,Nordeste,Brasil
2020-03-29,CE,46.0,Nordeste,Brasil
2020-04-05,CE,54.0,Nordeste,Brasil
2020-04-12,CE,60.0,Nordeste,Brasil
2020-04-19,CE,100.0,Nordeste,Brasil
2020-04-26,CE,80.0,Nordeste,Brasil
2020-05-03,CE,111.0,Nordeste,Brasil
2020-05-10,CE,105.0,Nordeste,Brasil
2020-05-17,CE,122.0,Nordeste,Brasil
2020-05-24,CE,109.0,Nordeste,Brasil
2020-05-31,CE,94.0,Nordeste,Brasil
2020-06-07,CE,99.0,Nordeste,Brasil
2020-06-14,CE,74.0,Nordeste,Brasil
2020-06-21,CE,90.0,Nordeste,Brasil
2020-06-28,CE,89.0,Nordeste,Brasil
2020-07-05,CE,120.0,Nordeste,Brasil
2020-07-12,CE,129.0,Nordeste,Brasil
2020-07-19,CE,86.0,Nordeste,Brasil
2020-07-26,CE,107.0,Nordeste,Brasil
2020-08-02,CE,118.0,Nordeste,Brasil
2020-08-09,CE,87.0,Nordeste,Brasil
2020-08-16,CE,82.0,Nordeste,Brasil
2020-08-23,CE,81.0,Nordeste,Brasil
2020-08-30,CE,70.0,Nordeste,Brasil
2020-09-06,CE,79.0,Nordeste,Brasil
2020-09-13,CE,38.0,Nordeste,Brasil
2020-09-20,CE,46.0,Nordeste,Brasil
2020-09-27,CE,37.0,Nordeste,Brasil
2020-10-04,CE,44.0,Nordeste,Brasil
2020-10-11,CE,38.0,Nordeste,Brasil
2020-10-18,CE,23.0,Nordeste,Brasil
2020-10-25,CE,19.0,Nordeste,Brasil
2020-11-01,CE,32.0,Nordeste,Brasil
2020-11-08,CE,49.0,Nordeste,Brasil
2020-11-15,CE,35.0,Nordeste,Brasil
2020-11-22,CE,34.0,Nordeste,Brasil
2020-11-29,CE,43.0,Nordeste,Brasil
2020-12-06,CE,20.0,Nordeste,Brasil
2020-12-13,CE,30.0,Nordeste,Brasil
2020-12-20,CE,28.0,Nordeste,Brasil
2020-12-27,CE,27.0,Nordeste,Brasil
2021-01-03,CE,27.0,Nordeste,Brasil
2021-01-10,CE,5.0,Nordeste,Brasil
2021-01-17,CE,20.0,Nordeste,Brasil
2021-01-24,CE,24.0,Nordeste,Brasil
2021-01-31,CE,21.0,Nordeste,Brasil
2021-02-07,CE,42.0,Nordeste,Brasil
2021-02-14,CE,54.0,Nordeste,Brasil
2021-02-21,CE,28.0,Nordeste,Brasil
2021-02-28,CE,52.0,Nordeste,Brasil
2021-03-07,CE,67.0,Nordeste,Brasil
2021-03-14,CE,70.0,Nordeste,Brasil
2021-03-21,CE,59.0,Nordeste,Brasil
2021-03-28,CE,75.0,Nordeste,Brasil
2021-04-04,CE,49.0,Nordeste,Brasil
2021-04-11,CE,83.0,Nordeste,Brasil
2021-04-18,CE,91.0,Nordeste,Brasil
2021-04-25,CE,103.0,Nordeste,Brasil
2021-05-02,CE,135.0,Nordeste,Brasil
2021-05-09,CE,103.0,Nordeste,Brasil
2021-05-16,CE,142.0,Nordeste,Brasil
2021-05-23,CE,162.0,Nordeste,Brasil
2021-05-30,CE,162.0,Nordeste,Brasil
2021-06-06,CE,134.0,Nordeste,Brasil
2021-06-13,CE,166.0,Nordeste,Brasil
2021-06-20,CE,178.0,Nordeste,Brasil
2021-06-27,CE,203.0,Nordeste,Brasil
2021-07-04,CE,254.0,Nordeste,Brasil
2021-07-11,CE,263.0,Nordeste,Brasil
2021-07-18,CE,249.0,Nordeste,Brasil
2021-07-25,CE,246.0,Nordeste,Brasil
2021-08-01,CE,212.0,Nordeste,Brasil
2021-08-08,CE,187.0,Nordeste,Brasil
2021-08-15,CE,134.0,Nordeste,Brasil
2021-08-22,CE,124.0,Nordeste,Brasil
2021-08-29,CE,121.0,Nordeste,Brasil
2021-09-05,CE,88.0,Nordeste,Brasil
2021-09-12,CE,85.0,Nordeste,Brasil
2021-09-19,CE,54.0,Nordeste,Brasil
2021-09-26,CE,64.0,Nordeste,Brasil
2021-10-03,CE,54.0,Nordeste,Brasil
2021-10-10,CE,47.0,Nordeste,Brasil
2021-10-17,CE,55.0,Nordeste,Brasil
2021-10-24,CE,56.0,Nordeste,Brasil
2021-10-31,CE,40.0,Nordeste,Brasil
2021-11-07,CE,59.0,Nordeste,Brasil
2021-11-14,CE,62.0,Nordeste,Brasil
2021-11-21,CE,52.0,Nordeste,Brasil
2021-11-28,CE,65.0,Nordeste,Brasil
2021-12-05,CE,74.0,Nordeste,Brasil
2021-12-12,CE,83.0,Nordeste,Brasil
2021-12-19,CE,177.0,Nordeste,Brasil
2021-12-26,CE,137.0,Nordeste,Brasil
2022-01-02,CE,81.0,Nordeste,Brasil
2022-01-09,CE,47.0,Nordeste,Brasil
2022-01-16,CE,96.0,Nordeste,Brasil
2022-01-23,CE,131.0,Nordeste,Brasil
2022-01-30,CE,187.0,Nordeste,Brasil
2022-02-06,CE,353.0,Nordeste,Brasil
2022-02-13,CE,564.0,Nordeste,Brasil
2022-02-20,CE,958.0,Nordeste,Brasil
2022-02-27,CE,1246.0,Nordeste,Brasil
2022-03-06,CE,1440.0,Nordeste,Brasil
2022-03-13,CE,2029.0,Nordeste,Brasil
2022-03-20,CE,2135.0,Nordeste,Brasil
2022-03-27,CE,2090.0,Nordeste,Brasil
2022-04-03,CE,2475.0,Nordeste,Brasil
2022-04-10,CE,2838.0,Nordeste,Brasil
2022-04-17,CE,2618.0,Nordeste,Brasil
2022-04-24,CE,3532.0,Nordeste,Brasil
2022-05-01,CE,4101.0,Nordeste,Brasil
2022-05-08,CE,4314.0,Nordeste,Brasil
2022-05-15,CE,4585.0,Nordeste,Brasil
2022-05-22,CE,4937.0,Nordeste,Brasil
2022-05-29,CE,4967.0,Nordeste,Brasil
2022-06-05,CE,4743.0,Nordeste,Brasil
2022-06-12,CE,4504.0,Nordeste,Brasil
2022-06-19,CE,3508.0,Nordeste,Brasil
2022-06-26,CE,3713.0,Nordeste,Brasil
2022-07-03,CE,2917.0,Nordeste,Brasil
2022-07-10,CE,2299.0,Nordeste,Brasil
2022-07-17,CE,1860.0,Nordeste,Brasil
2022-07-24,CE,1567.0,Nordeste,Brasil
2022-07-31,CE,1189.0,Nordeste,Brasil
2022-08-07,CE,1262.0,Nordeste,Brasil
2022-08-14,CE,943.0,Nordeste,Brasil
2022-08-21,CE,854.0,Nordeste,Brasil
2022-08-28,CE,832.0,Nordeste,Brasil
2022-09-04,CE,637.0,Nordeste,Brasil
2022-09-11,CE,534.0,Nordeste,Brasil
2022-09-18,CE,498.0,Nordeste,Brasil
2022-09-25,CE,372.0,Nordeste,Brasil
2022-10-02,CE,289.0,Nordeste,Brasil
2022-10-09,CE,248.0,Nordeste,Brasil
2022-10-16,CE,218.0,Nordeste,Brasil
2022-10-23,CE,243.0,Nordeste,Brasil
2022-10-30,CE,168.0,Nordeste,Brasil
2022-11-06,CE,161.0,Nordeste,Brasil
2022-11-13,CE,179.0,Nordeste,Brasil
2022-11-20,CE,142.0,Nordeste,Brasil
2022-11-27,CE,185.0,Nordeste,Brasil
2022-12-04,CE,156.0,Nordeste,Brasil
2022-12-11,CE,129.0,Nordeste,Brasil
2022-12-18,CE,101.0,Nordeste,Brasil
2022-12-25,CE,136.0,Nordeste,Brasil
2023-01-01,CE,68.0,Nordeste,Brasil
2023-01-08,CE,90.0,Nordeste,Brasil
2023-01-15,CE,121.0,Nordeste,Brasil
2023-01-22,CE,144.0,Nordeste,Brasil
2023-01-29,CE,140.0,Nordeste,Brasil
2023-02-05,CE,157.0,Nordeste,Brasil
2023-02-12,CE,209.0,Nordeste,Brasil
2023-02-19,CE,248.0,Nordeste,Brasil
2023-02-26,CE,241.0,Nordeste,Brasil
2023-03-05,CE,399.0,Nordeste,Brasil
2023-03-12,CE,410.0,Nordeste,Brasil
2023-03-19,CE,447.0,Nordeste,Brasil
2023-03-26,CE,406.0,Nordeste,Brasil
2023-04-02,CE,409.0,Nordeste,Brasil
2023-04-09,CE,292.0,Nordeste,Brasil
2023-04-16,CE,453.0,Nordeste,Brasil
2023-04-23,CE,372.0,Nordeste,Brasil
2023-04-30,CE,375.0,Nordeste,Brasil
2023-05-07,CE,335.0,Nordeste,Brasil
2023-05-14,CE,394.0,Nordeste,Brasil
2023-05-21,CE,311.0,Nordeste,Brasil
2023-05-28,CE,317.0,Nordeste,Brasil
2023-06-04,CE,267.0,Nordeste,Brasil
2023-06-11,CE,240.0,Nordeste,Brasil
2023-06-18,CE,265.0,Nordeste,Brasil
2023-06-25,CE,223.0,Nordeste,Brasil
2023-07-02,CE,186.0,Nordeste,Brasil
2023-07-09,CE,197.0,Nordeste,Brasil
2023-07-16,CE,163.0,Nordeste,Brasil
2023-07-23,CE,137.0,Nordeste,Brasil
2023-07-30,CE,130.0,Nordeste,Brasil
2023-08-06,CE,129.0,Nordeste,Brasil
2023-08-13,CE,95.0,Nordeste,Brasil
2023-08-20,CE,78.0,Nordeste,Brasil
2023-08-27,CE,88.0,Nordeste,Brasil
2023-09-03,CE,95.0,Nordeste,Brasil
2023-09-10,CE,74.0,Nordeste,Brasil
2023-09-17,CE,64.0,Nordeste,Brasil
2023-09-24,CE,74.0,Nordeste,Brasil
2023-10-01,CE,58.0,Nordeste,Brasil
2023-10-08,CE,57.0,Nordeste,Brasil
2023-10-15,CE,45.0,Nordeste,Brasil
2023-10-22,CE,56.0,Nordeste,Brasil
2023-10-29,CE,56.0,Nordeste,Brasil
2023-11-05,CE,30.0,Nordeste,Brasil
2023-11-12,CE,45.0,Nordeste,Brasil
2023-11-19,CE,37.0,Nordeste,Brasil
2023-11-26,CE,54.0,Nordeste,Brasil
2023-12-03,CE,45.0,Nordeste,Brasil
2023-12-10,CE,44.0,Nordeste,Brasil
2023-12-17,CE,40.0,Nordeste,Brasil
2023-12-24,CE,31.0,Nordeste,Brasil
2023-12-31,CE,21.0,Nordeste,Brasil
2024-01-07,CE,40.0,Nordeste,Brasil
2024-01-14,CE,55.0,Nordeste,Brasil
2024-01-21,CE,71.0,Nordeste,Brasil
2024-01-28,CE,62.0,Nordeste,Brasil
2024-02-04,CE,115.0,Nordeste,Brasil
2024-02-11,CE,148.0,Nordeste,Brasil
2024-02-18,CE,145.0,Nordeste,Brasil
2024-02-25,CE,337.0,Nordeste,Brasil
2024-03-03,CE,486.0,Nordeste,Brasil
2024-03-10,CE,559.0,Nordeste,Brasil
2024-03-17,CE,491.0,Nordeste,Brasil
2024-03-24,CE,519.0,Nordeste,Brasil
2024-03-31,CE,349.0,Nordeste,Brasil
2024-04-07,CE,602.0,Nordeste,Brasil
2024-04-14,CE,631.0,Nordeste,Brasil
2024-04-21,CE,574.0,Nordeste,Brasil
2024-04-28,CE,441.0,Nordeste,Brasil
2024-05-05,CE,331.0,Nordeste,Brasil
2024-05-12,CE,414.0,Nordeste,Brasil
2024-05-19,CE,310.0,Nordeste,Brasil
2024-05-26,CE,267.0,Nordeste,Brasil
2024-06-02,CE,217.0,Nordeste,Brasil
2024-06-09,CE,259.0,Nordeste,Brasil
2024-06-16,CE,183.0,Nordeste,Brasil
2024-06-23,CE,154.0,Nordeste,Brasil
2024-06-30,CE,125.0,Nordeste,Brasil
2024-07-07,CE,123.0,Nordeste,Brasil
2024-07-14,CE,125.0,Nordeste,Brasil
2024-07-21,CE,138.0,Nordeste,Brasil
2024-07-28,CE,112.0,Nordeste,Brasil
2024-08-04,CE,115.0,Nordeste,Brasil
2024-08-11,CE,124.0,Nordeste,Brasil
2024-08-18,CE,114.0,Nordeste,Brasil
2024-08-25,CE,118.0,Nordeste,Brasil
2024-09-01,CE,79.0,Nordeste,Brasil
2024-09-08,CE,75.0,Nordeste,Brasil
2024-09-15,CE,68.0,Nordeste,Brasil
2024-09-22,CE,69.0,Nordeste,Brasil
2024-09-29,CE,43.0,Nordeste,Brasil
2024-10-06,CE,28.0,Nordeste,Brasil
2024-10-13,CE,35.0,Nordeste,Brasil
2024-10-20,CE,60.0,Nordeste,Brasil
2024-10-27,CE,55.0,Nordeste,Brasil
2024-11-03,CE,52.0,Nordeste,Brasil
2024-11-10,CE,59.0,Nordeste,Brasil
2024-11-17,CE,53.0,Nordeste,Brasil
2024-11-24,CE,73.0,Nordeste,Brasil
2024-12-01,CE,56.0,Nordeste,Brasil
2024-12-08,CE,47.0,Nordeste,Brasil
2024-12-15,CE,41.0,Nordeste,Brasil
2024-12-22,CE,44.0,Nordeste,Brasil
2024-12-29,CE,11.0,Nordeste,Brasil
2025-01-05,CE,15.0,Nordeste,Brasil
2025-01-12,CE,43.0,Nordeste,Brasil
2025-01-19,CE,57.0,Nordeste,Brasil
2025-01-26,CE,70.0,Nordeste,Brasil
2025-02-02,CE,80.0,Nordeste,Brasil
2025-02-09,CE,115.0,Nordeste,Brasil
2025-02-16,CE,123.0,Nordeste,Brasil
2025-02-23,CE,157.0,Nordeste,Brasil
2025-03-02,CE,119.0,Nordeste,Brasil
2025-03-09,CE,66.0,Nordeste,Brasil
2025-03-16,CE,175.0,Nordeste,Brasil
2025-03-23,CE,181.0,Nordeste,Brasil
2025-03-30,CE,207.0,Nordeste,Brasil
2025-04-06,CE,295.0,Nordeste,Brasil
2025-04-13,CE,225.0,Nordeste,Brasil
2025-04-20,CE,236.0,Nordeste,Brasil
2025-04-27,CE,243.0,Nordeste,Brasil
2025-05-04,CE,237.0,Nordeste,Brasil
2025-05-11,CE,310.0,Nordeste,Brasil
2025-05-18,CE,333.0,Nordeste,Brasil
2025-05-25,CE,256.0,Nordeste,Brasil
2025-06-01,CE,236.0,Nordeste,Brasil
2025-06-08,CE,180.0,Nordeste,Brasil
2025-06-15,CE,157.0,Nordeste,Brasil
2025-06-22,CE,88.0,Nordeste,Brasil
2025-06-29,CE,121.0,Nordeste,Brasil
2025-07-06,CE,81.0,Nordeste,Brasil
2025-07-13,CE,96.0,Nordeste,Brasil
2025-07-20,CE,99.0,Nordeste,Brasil
2025-07-27,CE,82.0,Nordeste,Brasil
2025-08-03,CE,82.0,Nordeste,Brasil
2025-08-10,CE,94.0,Nordeste,Brasil
2025-08-17,CE,111.0,Nordeste,Brasil
2025-08-24,CE,88.0,Nordeste,Brasil
2025-08-31,CE,63.0,Nordeste,Brasil
2025-09-07,CE,65.0,Nordeste,Brasil
2025-09-14,CE,54.0,Nordeste,Brasil
2025-09-21,CE,66.0,Nordeste,Brasil
2025-09-28,CE,57.0,Nordeste,Brasil
2025-10-05,CE,48.0,Nordeste,Brasil
2025-10-12,CE,55.0,Nordeste,Brasil
2025-10-19,CE,39.0,Nordeste,Brasil
2025-10-26,CE,55.0,Nordeste,Brasil
2025-11-02,CE,36.0,Nordeste,Brasil
2025-11-09,CE,42.0,Nordeste,Brasil
2025-11-16,CE,59.0,Nordeste,Brasil
2025-11-23,CE,55.0,Nordeste,Brasil
2025-11-30,CE,42.0,Nordeste,Brasil
2025-12-07,CE,43.0,Nordeste,Brasil
2025-12-14,CE,43.0,Nordeste,Brasil
2025-12-21,CE,45.0,Nordeste,Brasil
2025-12-28,CE,37.0,Nordeste,Brasil
2026-01-04,CE,19.0,Nordeste,Brasil
2026-01-11,CE,50.0,Nordeste,Brasil
2026-01-18,CE,57.0,Nordeste,Brasil
2026-01-25,CE,78.0,Nordeste,Brasil
2026-02-01,CE,108.0,Nordeste,Brasil
2026-02-08,CE,85.0,Nordeste,Brasil
2026-02-15,CE,127.0,Nordeste,Brasil
2026-02-22,CE,107.0,Nordeste,Brasil
2026-03-01,CE,153.0,Nordeste,Brasil
2026-03-08,CE,183.0,Nordeste,Brasil
2026-03-15,CE,167.0,Nordeste,Brasil
2026-03-22,CE,156.0,Nordeste,Brasil
2026-03-29,CE,181.0,Nordeste,Brasil
2026-04-05,CE,204.0,Nordeste,Brasil
2026-04-12,CE,302.0,Nordeste,Brasil
2026-04-19,CE,281.0,Nordeste,Brasil
2026-04-26,CE,267.0,Nordeste,Brasil
2026-05-03,CE,280.0,Nordeste,Brasil
2026-05-10,CE,297.0,Nordeste,Brasil
2026-05-17,CE,274.0,Nordeste,Brasil
2026-05-24,CE,236.0,Nordeste,Brasil
2026-05-31,CE,191.0,Nordeste,Brasil
2026-06-07,CE,211.0,Nordeste,Brasil
2026-06-14,CE,209.0,Nordeste,Brasil
2026-06-21,CE,203.0,Nordeste,Brasil
2026-06-28,CE,164.0,Nordeste,Brasil
2026-07-05,CE,215.0,Nordeste,Brasil
2026-07-12,CE,207.0,Nordeste,Brasil
2026-07-19,CE,198.0,Nordeste,Brasil
2026-07-26,CE,158.0,Nordeste,Brasil
2026-08-02,CE,157.0,Nordeste,Brasil
2026-08-09,CE,136.0,Nordeste,Brasil
2026-08-16,CE,164.0,Nordeste,Brasil
2026-08-23,CE,121.0,Nordeste,Brasil
2026-08-30,CE,95.0,Nordeste,Brasil
2026-09-06,CE,31.0,Nordeste,Brasil
2026-09-13,CE,31.0,Nordeste,Brasil
2014-07-06,DF,2.0,Centro-Oeste,Brasil
2014-07-13,DF,2.0,Centro-Oeste,Brasil
2014-07-20,DF,2.0,Centro-Oeste,Brasil
2014-07-27,DF,2.0,Centro-Oeste,Brasil
2014-08-03,DF,2.0,Centro-Oeste,Brasil
2014-08-10,DF,2.0,Centro-Oeste,Brasil
2014-08-17,DF,2.0,Centro-Oeste,Brasil
2014-08-24,DF,2.0,Centro-Oeste,Brasil
2014-08-31,DF,2.0,Centro-Oeste,Brasil
2014-09-07,DF,2.0,Centro-Oeste,Brasil
2014-09-14,DF,2.0,Centro-Oeste,Brasil
2014-09-21,DF,1.0,Centro-Oeste,Brasil
2014-09-28,DF,1.0,Centro-Oeste,Brasil
2014-10-05,DF,1.0,Centro-Oeste,Brasil
2014-10-12,DF,1.0,Centro-Oeste,Brasil
2014-10-19,DF,1.0,Centro-Oeste,Brasil
2014-10-26,DF,1.0,Centro-Oeste,Brasil
2014-11-02,DF,1.0,Centro-Oeste,Brasil
2014-11-09,DF,2.0,Centro-Oeste,Brasil
2014-11-16,DF,2.0,Centro-Oeste,Brasil
2014-11-23,DF,3.0,Centro-Oeste,Brasil
2014-11-30,DF,3.0,Centro-Oeste,Brasil
2014-12-07,DF,1.0,Centro-Oeste,Brasil
2014-12-14,DF,3.0,Centro-Oeste,Brasil
2014-12-21,DF,1.0,Centro-Oeste,Brasil
2014-12-28,DF,1.0,Centro-Oeste,Brasil
2015-01-04,DF,1.0,Centro-Oeste,Brasil
2015-01-11,DF,1.0,Centro-Oeste,Brasil
2015-01-18,DF,2.0,Centro-Oeste,Brasil
2015-01-25,DF,8.0,Centro-Oeste,Brasil
2015-02-01,DF,9.0,Centro-Oeste,Brasil
2015-02-08,DF,13.0,Centro-Oeste,Brasil
2015-02-15,DF,10.0,Centro-Oeste,Brasil
2015-02-22,DF,2.0,Centro-Oeste,Brasil
2015-03-01,DF,10.0,Centro-Oeste,Brasil
2015-03-08,DF,6.0,Centro-Oeste,Brasil
2015-03-15,DF,3.0,Centro-Oeste,Brasil
2015-03-22,DF,5.0,Centro-Oeste,Brasil
2015-03-29,DF,6.0,Centro-Oeste,Brasil
2015-04-05,DF,6.0,Centro-Oeste,Brasil
2015-04-12,DF,11.0,Centro-Oeste,Brasil
2015-04-19,DF,24.0,Centro-Oeste,Brasil
2015-04-26,DF,2.0,Centro-Oeste,Brasil
2015-05-03,DF,4.0,Centro-Oeste,Brasil
2015-05-10,DF,6.0,Centro-Oeste,Brasil
2015-05-17,DF,3.0,Centro-Oeste,Brasil
2015-05-24,DF,9.0,Centro-Oeste,Brasil
2015-05-31,DF,3.0,Centro-Oeste,Brasil
2015-06-07,DF,3.0,Centro-Oeste,Brasil
2015-06-14,DF,3.0,Centro-Oeste,Brasil
2015-06-21,DF,3.0,Centro-Oeste,Brasil
2015-06-28,DF,1.0,Centro-Oeste,Brasil
2015-07-05,DF,5.0,Centro-Oeste,Brasil
2015-07-12,DF,6.0,Centro-Oeste,Brasil
2015-07-19,DF,8.0,Centro-Oeste,Brasil
2015-07-26,DF,4.0,Centro-Oeste,Brasil
2015-08-02,DF,2.0,Centro-Oeste,Brasil
2015-08-09,DF,2.0,Centro-Oeste,Brasil
2015-08-16,DF,2.0,Centro-Oeste,Brasil
2015-08-23,DF,1.0,Centro-Oeste,Brasil
2015-08-30,DF,1.0,Centro-Oeste,Brasil
2015-09-06,DF,1.0,Centro-Oeste,Brasil
2015-09-13,DF,2.0,Centro-Oeste,Brasil
2015-09-20,DF,2.0,Centro-Oeste,Brasil
2015-09-27,DF,2.0,Centro-Oeste,Brasil
2015-10-04,DF,3.0,Centro-Oeste,Brasil
2015-10-11,DF,3.0,Centro-Oeste,Brasil
2015-10-18,DF,3.0,Centro-Oeste,Brasil
2015-10-25,DF,2.0,Centro-Oeste,Brasil
2015-11-01,DF,2.0,Centro-Oeste,Brasil
2015-11-08,DF,2.0,Centro-Oeste,Brasil
2015-11-15,DF,3.0,Centro-Oeste,Brasil
2015-11-22,DF,1.0,Centro-Oeste,Brasil
2015-11-29,DF,5.0,Centro-Oeste,Brasil
2015-12-06,DF,5.0,Centro-Oeste,Brasil
2015-12-13,DF,12.0,Centro-Oeste,Brasil
2015-12-20,DF,9.0,Centro-Oeste,Brasil
2015-12-27,DF,5.0,Centro-Oeste,Brasil
2016-01-03,DF,5.0,Centro-Oeste,Brasil
2016-01-10,DF,10.0,Centro-Oeste,Brasil
2016-01-17,DF,12.0,Centro-Oeste,Brasil
2016-01-24,DF,20.0,Centro-Oeste,Brasil
2016-01-31,DF,39.0,Centro-Oeste,Brasil
2016-02-07,DF,32.0,Centro-Oeste,Brasil
2016-02-14,DF,33.0,Centro-Oeste,Brasil
2016-02-21,DF,71.0,Centro-Oeste,Brasil
2016-02-28,DF,72.0,Centro-Oeste,Brasil
2016-03-06,DF,62.0,Centro-Oeste,Brasil
2016-03-13,DF,69.0,Centro-Oeste,Brasil
2016-03-20,DF,37.0,Centro-Oeste,Brasil
2016-03-27,DF,31.0,Centro-Oeste,Brasil
2016-04-03,DF,46.0,Centro-Oeste,Brasil
2016-04-10,DF,50.0,Centro-Oeste,Brasil
2016-04-17,DF,47.0,Centro-Oeste,Brasil
2016-04-24,DF,49.0,Centro-Oeste,Brasil
2016-05-01,DF,51.0,Centro-Oeste,Brasil
2016-05-08,DF,46.0,Centro-Oeste,Brasil
2016-05-15,DF,23.0,Centro-Oeste,Brasil
2016-05-22,DF,32.0,Centro-Oeste,Brasil
2016-05-29,DF,24.0,Centro-Oeste,Brasil
2016-06-05,DF,12.0,Centro-Oeste,Brasil
2016-06-12,DF,19.0,Centro-Oeste,Brasil
2016-06-19,DF,14.0,Centro-Oeste,Brasil
2016-06-26,DF,7.0,Centro-Oeste,Brasil
2016-07-03,DF,15.0,Centro-Oeste,Brasil
2016-07-10,DF,10.0,Centro-Oeste,Brasil
2016-07-17,DF,9.0,Centro-Oeste,Brasil
2016-07-24,DF,13.0,Centro-Oeste,Brasil
2016-07-31,DF,7.0,Centro-Oeste,Brasil
2016-08-07,DF,6.0,Centro-Oeste,Brasil
2016-08-14,DF,2.0,Centro-Oeste,Brasil
2016-08-21,DF,7.0,Centro-Oeste,Brasil
2016-08-28,DF,4.0,Centro-Oeste,Brasil
2016-09-04,DF,4.0,Centro-Oeste,Brasil
2016-09-11,DF,3.0,Centro-Oeste,Brasil
2016-09-18,DF,4.0,Centro-Oeste,Brasil
2016-09-25,DF,10.0,Centro-Oeste,Brasil
2016-10-02,DF,3.0,Centro-Oeste,Brasil
2016-10-09,DF,4.0,Centro-Oeste,Brasil
2016-10-16,DF,4.0,Centro-Oeste,Brasil
2016-10-23,DF,4.0,Centro-Oeste,Brasil
2016-10-30,DF,4.0,Centro-Oeste,Brasil
2016-11-06,DF,5.0,Centro-Oeste,Brasil
2016-11-13,DF,5.0,Centro-Oeste,Brasil
2016-11-20,DF,4.0,Centro-Oeste,Brasil
2016-11-27,DF,8.0,Centro-Oeste,Brasil
2016-12-04,DF,8.0,Centro-Oeste,Brasil
2016-12-11,DF,6.0,Centro-Oeste,Brasil
2016-12-18,DF,5.0,Centro-Oeste,Brasil
2016-12-25,DF,5.0,Centro-Oeste,Brasil
2017-01-01,DF,5.0,Centro-Oeste,Brasil
2017-01-08,DF,1.0,Centro-Oeste,Brasil
2017-01-15,DF,5.0,Centro-Oeste,Brasil
2017-01-22,DF,14.0,Centro-Oeste,Brasil
2017-01-29,DF,7.0,Centro-Oeste,Brasil
2017-02-05,DF,21.0,Centro-Oeste,Brasil
2017-02-12,DF,9.0,Centro-Oeste,Brasil
2017-02-19,DF,9.0,Centro-Oeste,Brasil
2017-02-26,DF,10.0,Centro-Oeste,Brasil
2017-03-05,DF,8.0,Centro-Oeste,Brasil
2017-03-12,DF,9.0,Centro-Oeste,Brasil
2017-03-19,DF,11.0,Centro-Oeste,Brasil
2017-03-26,DF,13.0,Centro-Oeste,Brasil
2017-04-02,DF,14.0,Centro-Oeste,Brasil
2017-04-09,DF,15.0,Centro-Oeste,Brasil
2017-04-16,DF,10.0,Centro-Oeste,Brasil
2017-04-23,DF,7.0,Centro-Oeste,Brasil
2017-04-30,DF,17.0,Centro-Oeste,Brasil
2017-05-07,DF,6.0,Centro-Oeste,Brasil
2017-05-14,DF,11.0,Centro-Oeste,Brasil
2017-05-21,DF,20.0,Centro-Oeste,Brasil
2017-05-28,DF,15.0,Centro-Oeste,Brasil
2017-06-04,DF,23.0,Centro-Oeste,Brasil
2017-06-11,DF,18.0,Centro-Oeste,Brasil
2017-06-18,DF,16.0,Centro-Oeste,Brasil
2017-06-25,DF,11.0,Centro-Oeste,Brasil
2017-07-02,DF,9.0,Centro-Oeste,Brasil
2017-07-09,DF,17.0,Centro-Oeste,Brasil
2017-07-16,DF,2.0,Centro-Oeste,Brasil
2017-07-23,DF,4.0,Centro-Oeste,Brasil
2017-07-30,DF,3.0,Centro-Oeste,Brasil
2017-08-06,DF,4.0,Centro-Oeste,Brasil
2017-08-13,DF,4.0,Centro-Oeste,Brasil
2017-08-20,DF,4.0,Centro-Oeste,Brasil
2017-08-27,DF,4.0,Centro-Oeste,Brasil
2017-09-03,DF,5.0,Centro-Oeste,Brasil
2017-09-10,DF,2.0,Centro-Oeste,Brasil
2017-09-17,DF,1.0,Centro-Oeste,Brasil
2017-09-24,DF,6.0,Centro-Oeste,Brasil
2017-10-01,DF,4.0,Centro-Oeste,Brasil
2017-10-08,DF,2.0,Centro-Oeste,Brasil
2017-10-15,DF,11.0,Centro-Oeste,Brasil
2017-10-22,DF,5.0,Centro-Oeste,Brasil
2017-10-29,DF,6.0,Centro-Oeste,Brasil
2017-11-05,DF,3.0,Centro-Oeste,Brasil
2017-11-12,DF,8.0,Centro-Oeste,Brasil
2017-11-19,DF,4.0,Centro-Oeste,Brasil
2017-11-26,DF,7.0,Centro-Oeste,Brasil
2017-12-03,DF,3.0,Centro-Oeste,Brasil
2017-12-10,DF,4.0,Centro-Oeste,Brasil
2017-12-17,DF,4.0,Centro-Oeste,Brasil
2017-12-24,DF,3.0,Centro-Oeste,Brasil
2017-12-31,DF,3.0,Centro-Oeste,Brasil
2018-01-07,DF,3.0,Centro-Oeste,Brasil
2018-01-14,DF,3.0,Centro-Oeste,Brasil
2018-01-21,DF,5.0,Centro-Oeste,Brasil
2018-01-28,DF,3.0,Centro-Oeste,Brasil
2018-02-04,DF,3.0,Centro-Oeste,Brasil
2018-02-11,DF,5.0,Centro-Oeste,Brasil
2018-02-18,DF,3.0,Centro-Oeste,Brasil
2018-02-25,DF,2.0,Centro-Oeste,Brasil
2018-03-04,DF,7.0,Centro-Oeste,Brasil
2018-03-11,DF,7.0,Centro-Oeste,Brasil
2018-03-18,DF,4.0,Centro-Oeste,Brasil
2018-03-25,DF,8.0,Centro-Oeste,Brasil
2018-04-01,DF,3.0,Centro-Oeste,Brasil
2018-04-08,DF,5.0,Centro-Oeste,Brasil
2018-04-15,DF,3.0,Centro-Oeste,Brasil
2018-04-22,DF,6.0,Centro-Oeste,Brasil
2018-04-29,DF,4.0,Centro-Oeste,Brasil
2018-05-06,DF,3.0,Centro-Oeste,Brasil
2018-05-13,DF,3.0,Centro-Oeste,Brasil
2018-05-20,DF,6.0,Centro-Oeste,Brasil
2018-05-27,DF,9.0,Centro-Oeste,Brasil
2018-06-03,DF,4.0,Centro-Oeste,Brasil
2018-06-10,DF,2.0,Centro-Oeste,Brasil
2018-06-17,DF,4.0,Centro-Oeste,Brasil
2018-06-24,DF,3.0,Centro-Oeste,Brasil
2018-07-01,DF,3.0,Centro-Oeste,Brasil
2018-07-08,DF,1.0,Centro-Oeste,Brasil
2018-07-15,DF,4.0,Centro-Oeste,Brasil
2018-07-22,DF,3.0,Centro-Oeste,Brasil
2018-07-29,DF,1.0,Centro-Oeste,Brasil
2018-08-05,DF,6.0,Centro-Oeste,Brasil
2018-08-12,DF,3.0,Centro-Oeste,Brasil
2018-08-19,DF,6.0,Centro-Oeste,Brasil
2018-08-26,DF,4.0,Centro-Oeste,Brasil
2018-09-02,DF,6.0,Centro-Oeste,Brasil
2018-09-09,DF,8.0,Centro-Oeste,Brasil
2018-09-16,DF,5.0,Centro-Oeste,Brasil
2018-09-23,DF,6.0,Centro-Oeste,Brasil
2018-09-30,DF,2.0,Centro-Oeste,Brasil
2018-10-07,DF,1.0,Centro-Oeste,Brasil
2018-10-14,DF,1.0,Centro-Oeste,Brasil
2018-10-21,DF,6.0,Centro-Oeste,Brasil
2018-10-28,DF,4.0,Centro-Oeste,Brasil
2018-11-04,DF,1.0,Centro-Oeste,Brasil
2018-11-11,DF,4.0,Centro-Oeste,Brasil
2018-11-18,DF,4.0,Centro-Oeste,Brasil
2018-11-25,DF,2.0,Centro-Oeste,Brasil
2018-12-02,DF,1.0,Centro-Oeste,Brasil
2018-12-09,DF,3.0,Centro-Oeste,Brasil
2018-12-16,DF,3.0,Centro-Oeste,Brasil
2018-12-23,DF,9.0,Centro-Oeste,Brasil
2018-12-30,DF,5.0,Centro-Oeste,Brasil
2019-01-06,DF,1.0,Centro-Oeste,Brasil
2019-01-13,DF,1.0,Centro-Oeste,Brasil
2019-01-20,DF,9.0,Centro-Oeste,Brasil
2019-01-27,DF,5.0,Centro-Oeste,Brasil
2019-02-03,DF,4.0,Centro-Oeste,Brasil
2019-02-10,DF,17.0,Centro-Oeste,Brasil
2019-02-17,DF,4.0,Centro-Oeste,Brasil
2019-02-24,DF,7.0,Centro-Oeste,Brasil
2019-03-03,DF,21.0,Centro-Oeste,Brasil
2019-03-10,DF,15.0,Centro-Oeste,Brasil
2019-03-17,DF,11.0,Centro-Oeste,Brasil
2019-03-24,DF,14.0,Centro-Oeste,Brasil
2019-03-31,DF,21.0,Centro-Oeste,Brasil
2019-04-07,DF,23.0,Centro-Oeste,Brasil
2019-04-14,DF,18.0,Centro-Oeste,Brasil
2019-04-21,DF,16.0,Centro-Oeste,Brasil
2019-04-28,DF,17.0,Centro-Oeste,Brasil
2019-05-05,DF,20.0,Centro-Oeste,Brasil
2019-05-12,DF,16.0,Centro-Oeste,Brasil
2019-05-19,DF,18.0,Centro-Oeste,Brasil
2019-05-26,DF,22.0,Centro-Oeste,Brasil
2019-06-02,DF,21.0,Centro-Oeste,Brasil
2019-06-09,DF,35.0,Centro-Oeste,Brasil
2019-06-16,DF,16.0,Centro-Oeste,Brasil
2019-06-23,DF,11.0,Centro-Oeste,Brasil
2019-06-30,DF,13.0,Centro-Oeste,Brasil
2019-07-07,DF,9.0,Centro-Oeste,Brasil
2019-07-14,DF,9.0,Centro-Oeste,Brasil
2019-07-21,DF,4.0,Centro-Oeste,Brasil
2019-07-28,DF,8.0,Centro-Oeste,Brasil
2019-08-04,DF,10.0,Centro-Oeste,Brasil
2019-08-11,DF,1.0,Centro-Oeste,Brasil
2019-08-18,DF,4.0,Centro-Oeste,Brasil
2019-08-25,DF,4.0,Centro-Oeste,Brasil
2019-09-01,DF,3.0,Centro-Oeste,Brasil
2019-09-08,DF,6.0,Centro-Oeste,Brasil
2019-09-15,DF,5.0,Centro-Oeste,Brasil
2019-09-22,DF,2.0,Centro-Oeste,Brasil
2019-09-29,DF,3.0,Centro-Oeste,Brasil
2019-10-06,DF,1.0,Centro-Oeste,Brasil
2019-10-13,DF,2.0,Centro-Oeste,Brasil
2019-10-20,DF,3.0,Centro-Oeste,Brasil
2019-10-27,DF,4.0,Centro-Oeste,Brasil
2019-11-03,DF,6.0,Centro-Oeste,Brasil
2019-11-10,DF,1.0,Centro-Oeste,Brasil
2019-11-17,DF,4.0,Centro-Oeste,Brasil
2019-11-24,DF,1.0,Centro-Oeste,Brasil
2019-12-01,DF,5.0,Centro-Oeste,Brasil
2019-12-08,DF,6.0,Centro-Oeste,Brasil
2019-12-15,DF,5.0,Centro-Oeste,Brasil
2019-12-22,DF,4.0,Centro-Oeste,Brasil
2019-12-29,DF,4.0,Centro-Oeste,Brasil
2020-01-05,DF,8.0,Centro-Oeste,Brasil
2020-01-12,DF,13.0,Centro-Oeste,Brasil
2020-01-19,DF,23.0,Centro-Oeste,Brasil
2020-01-26,DF,31.0,Centro-Oeste,Brasil
2020-02-02,DF,42.0,Centro-Oeste,Brasil
2020-02-09,DF,47.0,Centro-Oeste,Brasil
2020-02-16,DF,23.0,Centro-Oeste,Brasil
2020-02-23,DF,46.0,Centro-Oeste,Brasil
2020-03-01,DF,28.0,Centro-Oeste,Brasil
2020-03-08,DF,41.0,Centro-Oeste,Brasil
2020-03-15,DF,57.0,Centro-Oeste,Brasil
2020-03-22,DF,40.0,Centro-Oeste,Brasil
2020-03-29,DF,26.0,Centro-Oeste,Brasil
2020-04-05,DF,39.0,Centro-Oeste,Brasil
2020-04-12,DF,41.0,Centro-Oeste,Brasil
2020-04-19,DF,51.0,Centro-Oeste,Brasil
2020-04-26,DF,39.0,Centro-Oeste,Brasil
2020-05-03,DF,45.0,Centro-Oeste,Brasil
2020-05-10,DF,54.0,Centro-Oeste,Brasil
2020-05-17,DF,37.0,Centro-Oeste,Brasil
2020-05-24,DF,54.0,Centro-Oeste,Brasil
2020-05-31,DF,49.0,Centro-Oeste,Brasil
2020-06-07,DF,41.0,Centro-Oeste,Brasil
2020-06-14,DF,35.0,Centro-Oeste,Brasil
2020-06-21,DF,41.0,Centro-Oeste,Brasil
2020-06-28,DF,21.0,Centro-Oeste,Brasil
2020-07-05,DF,11.0,Centro-Oeste,Brasil
2020-07-12,DF,3.0,Centro-Oeste,Brasil
2020-07-19,DF,2.0,Centro-Oeste,Brasil
2020-07-26,DF,5.0,Centro-Oeste,Brasil
2020-08-02,DF,144.0,Centro-Oeste,Brasil
2020-08-09,DF,271.0,Centro-Oeste,Brasil
2020-08-16,DF,50.0,Centro-Oeste,Brasil
2020-08-23,DF,1.0,Centro-Oeste,Brasil
2020-08-30,DF,3.0,Centro-Oeste,Brasil
2020-09-06,DF,6.0,Centro-Oeste,Brasil
2020-09-13,DF,3.0,Centro-Oeste,Brasil
2020-09-20,DF,3.0,Centro-Oeste,Brasil
2020-09-27,DF,3.0,Centro-Oeste,Brasil
2020-10-04,DF,3.0,Centro-Oeste,Brasil
2020-10-11,DF,6.0,Centro-Oeste,Brasil
2020-10-18,DF,1.0,Centro-Oeste,Brasil
2020-10-25,DF,5.0,Centro-Oeste,Brasil
2020-11-01,DF,12.0,Centro-Oeste,Brasil
2020-11-08,DF,12.0,Centro-Oeste,Brasil
2020-11-15,DF,6.0,Centro-Oeste,Brasil
2020-11-22,DF,2.0,Centro-Oeste,Brasil
2020-11-29,DF,11.0,Centro-Oeste,Brasil
2020-12-06,DF,5.0,Centro-Oeste,Brasil
2020-12-13,DF,4.0,Centro-Oeste,Brasil
2020-12-20,DF,7.0,Centro-Oeste,Brasil
2020-12-27,DF,3.0,Centro-Oeste,Brasil
2021-01-03,DF,3.0,Centro-Oeste,Brasil
2021-01-10,DF,2.0,Centro-Oeste,Brasil
2021-01-17,DF,1.0,Centro-Oeste,Brasil
2021-01-24,DF,1.0,Centro-Oeste,Brasil
2021-01-31,DF,3.0,Centro-Oeste,Brasil
2021-02-07,DF,2.0,Centro-Oeste,Brasil
2021-02-14,DF,3.0,Centro-Oeste,Brasil
2021-02-21,DF,1.0,Centro-Oeste,Brasil
2021-02-28,DF,1.0,Centro-Oeste,Brasil
2021-03-07,DF,3.0,Centro-Oeste,Brasil
2021-03-14,DF,2.0,Centro-Oeste,Brasil
2021-03-21,DF,2.0,Centro-Oeste,Brasil
2021-03-28,DF,5.0,Centro-Oeste,Brasil
2021-04-04,DF,1.0,Centro-Oeste,Brasil
2021-04-11,DF,8.0,Centro-Oeste,Brasil
2021-04-18,DF,4.0,Centro-Oeste,Brasil
2021-04-25,DF,4.0,Centro-Oeste,Brasil
2021-05-02,DF,4.0,Centro-Oeste,Brasil
2021-05-09,DF,8.0,Centro-Oeste,Brasil
2021-05-16,DF,21.0,Centro-Oeste,Brasil
2021-05-23,DF,21.0,Centro-Oeste,Brasil
2021-05-30,DF,15.0,Centro-Oeste,Brasil
2021-06-06,DF,22.0,Centro-Oeste,Brasil
2021-06-13,DF,20.0,Centro-Oeste,Brasil
2021-06-20,DF,17.0,Centro-Oeste,Brasil
2021-06-27,DF,13.0,Centro-Oeste,Brasil
2021-07-04,DF,17.0,Centro-Oeste,Brasil
2021-07-11,DF,8.0,Centro-Oeste,Brasil
2021-07-18,DF,14.0,Centro-Oeste,Brasil
2021-07-25,DF,8.0,Centro-Oeste,Brasil
2021-08-01,DF,7.0,Centro-Oeste,Brasil
2021-08-08,DF,3.0,Centro-Oeste,Brasil
2021-08-15,DF,6.0,Centro-Oeste,Brasil
2021-08-22,DF,6.0,Centro-Oeste,Brasil
2021-08-29,DF,4.0,Centro-Oeste,Brasil
2021-09-05,DF,1.0,Centro-Oeste,Brasil
2021-09-12,DF,1.0,Centro-Oeste,Brasil
2021-09-19,DF,3.0,Centro-Oeste,Brasil
2021-09-26,DF,6.0,Centro-Oeste,Brasil
2021-10-03,DF,4.0,Centro-Oeste,Brasil
2021-10-10,DF,5.0,Centro-Oeste,Brasil
2021-10-17,DF,6.0,Centro-Oeste,Brasil
2021-10-24,DF,2.0,Centro-Oeste,Brasil
2021-10-31,DF,4.0,Centro-Oeste,Brasil
2021-11-07,DF,4.0,Centro-Oeste,Brasil
2021-11-14,DF,2.0,Centro-Oeste,Brasil
2021-11-21,DF,4.0,Centro-Oeste,Brasil
2021-11-28,DF,9.0,Centro-Oeste,Brasil
2021-12-05,DF,7.0,Centro-Oeste,Brasil
2021-12-12,DF,3.0,Centro-Oeste,Brasil
2021-12-19,DF,5.0,Centro-Oeste,Brasil
2021-12-26,DF,7.0,Centro-Oeste,Brasil
2022-01-02,DF,5.0,Centro-Oeste,Brasil
2022-01-09,DF,3.0,Centro-Oeste,Brasil
2022-01-16,DF,12.0,Centro-Oeste,Brasil
2022-01-23,DF,9.0,Centro-Oeste,Brasil
2022-01-30,DF,8.0,Centro-Oeste,Brasil
2022-02-06,DF,24.0,Centro-Oeste,Brasil
2022-02-13,DF,11.0,Centro-Oeste,Brasil
2022-02-20,DF,7.0,Centro-Oeste,Brasil
2022-02-27,DF,44.0,Centro-Oeste,Brasil
2022-03-06,DF,16.0,Centro-Oeste,Brasil
2022-03-13,DF,42.0,Centro-Oeste,Brasil
2022-03-20,DF,33.0,Centro-Oeste,Brasil
2022-03-27,DF,38.0,Centro-Oeste,Brasil
2022-04-03,DF,39.0,Centro-Oeste,Brasil
2022-04-10,DF,63.0,Centro-Oeste,Brasil
2022-04-17,DF,47.0,Centro-Oeste,Brasil
2022-04-24,DF,51.0,Centro-Oeste,Brasil
2022-05-01,DF,31.0,Centro-Oeste,Brasil
2022-05-08,DF,54.0,Centro-Oeste,Brasil
2022-05-15,DF,62.0,Centro-Oeste,Brasil
2022-05-22,DF,34.0,Centro-Oeste,Brasil
2022-05-29,DF,38.0,Centro-Oeste,Brasil
2022-06-05,DF,18.0,Centro-Oeste,Brasil
2022-06-12,DF,32.0,Centro-Oeste,Brasil
2022-06-19,DF,27.0,Centro-Oeste,Brasil
2022-06-26,DF,25.0,Centro-Oeste,Brasil
2022-07-03,DF,16.0,Centro-Oeste,Brasil
2022-07-10,DF,20.0,Centro-Oeste,Brasil
2022-07-17,DF,13.0,Centro-Oeste,Brasil
2022-07-24,DF,15.0,Centro-Oeste,Brasil
2022-07-31,DF,12.0,Centro-Oeste,Brasil
2022-08-07,DF,16.0,Centro-Oeste,Brasil
2022-08-14,DF,15.0,Centro-Oeste,Brasil
2022-08-21,DF,11.0,Centro-Oeste,Brasil
2022-08-28,DF,8.0,Centro-Oeste,Brasil
2022-09-04,DF,13.0,Centro-Oeste,Brasil
2022-09-11,DF,11.0,Centro-Oeste,Brasil
2022-09-18,DF,12.0,Centro-Oeste,Brasil
2022-09-25,DF,8.0,Centro-Oeste,Brasil
2022-10-02,DF,11.0,Centro-Oeste,Brasil
2022-10-09,DF,5.0,Centro-Oeste,Brasil
2022-10-16,DF,1.0,Centro-Oeste,Brasil
2022-10-23,DF,5.0,Centro-Oeste,Brasil
2022-10-30,DF,10.0,Centro-Oeste,Brasil
2022-11-06,DF,3.0,Centro-Oeste,Brasil
2022-11-13,DF,3.0,Centro-Oeste,Brasil
2022-11-20,DF,5.0,Centro-Oeste,Brasil
2022-11-27,DF,6.0,Centro-Oeste,Brasil
2022-12-04,DF,5.0,Centro-Oeste,Brasil
2022-12-11,DF,3.0,Centro-Oeste,Brasil
2022-12-18,DF,8.0,Centro-Oeste,Brasil
2022-12-25,DF,9.0,Centro-Oeste,Brasil
2023-01-01,DF,9.0,Centro-Oeste,Brasil
2023-01-08,DF,3.0,Centro-Oeste,Brasil
2023-01-15,DF,13.0,Centro-Oeste,Brasil
2023-01-22,DF,15.0,Centro-Oeste,Brasil
2023-01-29,DF,17.0,Centro-Oeste,Brasil
2023-02-05,DF,23.0,Centro-Oeste,Brasil
2023-02-12,DF,30.0,Centro-Oeste,Brasil
2023-02-19,DF,38.0,Centro-Oeste,Brasil
2023-02-26,DF,18.0,Centro-Oeste,Brasil
2023-03-05,DF,67.0,Centro-Oeste,Brasil
2023-03-12,DF,44.0,Centro-Oeste,Brasil
2023-03-19,DF,44.0,Centro-Oeste,Brasil
2023-03-26,DF,49.0,Centro-Oeste,Brasil
2023-04-02,DF,36.0,Centro-Oeste,Brasil
2023-04-09,DF,31.0,Centro-Oeste,Brasil
2023-04-16,DF,48.0,Centro-Oeste,Brasil
2023-04-23,DF,40.0,Centro-Oeste,Brasil
2023-04-30,DF,37.0,Centro-Oeste,Brasil
2023-05-07,DF,40.0,Centro-Oeste,Brasil
2023-05-14,DF,58.0,Centro-Oeste,Brasil
2023-05-21,DF,42.0,Centro-Oeste,Brasil
2023-05-28,DF,27.0,Centro-Oeste,Brasil
2023-06-04,DF,51.0,Centro-Oeste,Brasil
2023-06-11,DF,30.0,Centro-Oeste,Brasil
2023-06-18,DF,19.0,Centro-Oeste,Brasil
2023-06-25,DF,28.0,Centro-Oeste,Brasil
2023-07-02,DF,25.0,Centro-Oeste,Brasil
2023-07-09,DF,13.0,Centro-Oeste,Brasil
2023-07-16,DF,20.0,Centro-Oeste,Brasil
2023-07-23,DF,16.0,Centro-Oeste,Brasil
2023-07-30,DF,17.0,Centro-Oeste,Brasil
2023-08-06,DF,11.0,Centro-Oeste,Brasil
2023-08-13,DF,12.0,Centro-Oeste,Brasil
2023-08-20,DF,11.0,Centro-Oeste,Brasil
2023-08-27,DF,2.0,Centro-Oeste,Brasil
2023-09-03,DF,15.0,Centro-Oeste,Brasil
2023-09-10,DF,3.0,Centro-Oeste,Brasil
2023-09-17,DF,12.0,Centro-Oeste,Brasil
2023-09-24,DF,5.0,Centro-Oeste,Brasil
2023-10-01,DF,11.0,Centro-Oeste,Brasil
2023-10-08,DF,8.0,Centro-Oeste,Brasil
2023-10-15,DF,6.0,Centro-Oeste,Brasil
2023-10-22,DF,12.0,Centro-Oeste,Brasil
2023-10-29,DF,9.0,Centro-Oeste,Brasil
2023-11-05,DF,4.0,Centro-Oeste,Brasil
2023-11-12,DF,11.0,Centro-Oeste,Brasil
2023-11-19,DF,8.0,Centro-Oeste,Brasil
2023-11-26,DF,8.0,Centro-Oeste,Brasil
2023-12-03,DF,10.0,Centro-Oeste,Brasil
2023-12-10,DF,13.0,Centro-Oeste,Brasil
2023-12-17,DF,20.0,Centro-Oeste,Brasil
2023-12-24,DF,17.0,Centro-Oeste,Brasil
2023-12-31,DF,27.0,Centro-Oeste,Brasil
2024-01-07,DF,18.0,Centro-Oeste,Brasil
2024-01-14,DF,39.0,Centro-Oeste,Brasil
2024-01-21,DF,41.0,Centro-Oeste,Brasil
2024-01-28,DF,67.0,Centro-Oeste,Brasil
2024-02-04,DF,80.0,Centro-Oeste,Brasil
2024-02-11,DF,83.0,Centro-Oeste,Brasil
2024-02-18,DF,42.0,Centro-Oeste,Brasil
2024-02-25,DF,83.0,Centro-Oeste,Brasil
2024-03-03,DF,81.0,Centro-Oeste,Brasil
2024-03-10,DF,64.0,Centro-Oeste,Brasil
2024-03-17,DF,81.0,Centro-Oeste,Brasil
2024-03-24,DF,120.0,Centro-Oeste,Brasil
2024-03-31,DF,41.0,Centro-Oeste,Brasil
2024-04-07,DF,52.0,Centro-Oeste,Brasil
2024-04-14,DF,39.0,Centro-Oeste,Brasil
2024-04-21,DF,43.0,Centro-Oeste,Brasil
2024-04-28,DF,18.0,Centro-Oeste,Brasil
2024-05-05,DF,33.0,Centro-Oeste,Brasil
2024-05-12,DF,25.0,Centro-Oeste,Brasil
2024-05-19,DF,42.0,Centro-Oeste,Brasil
2024-05-26,DF,22.0,Centro-Oeste,Brasil
2024-06-02,DF,12.0,Centro-Oeste,Brasil
2024-06-09,DF,20.0,Centro-Oeste,Brasil
2024-06-16,DF,7.0,Centro-Oeste,Brasil
2024-06-23,DF,17.0,Centro-Oeste,Brasil
2024-06-30,DF,6.0,Centro-Oeste,Brasil
2024-07-07,DF,15.0,Centro-Oeste,Brasil
2024-07-14,DF,3.0,Centro-Oeste,Brasil
2024-07-21,DF,9.0,Centro-Oeste,Brasil
2024-07-28,DF,3.0,Centro-Oeste,Brasil
2024-08-04,DF,5.0,Centro-Oeste,Brasil
2024-08-11,DF,5.0,Centro-Oeste,Brasil
2024-08-18,DF,7.0,Centro-Oeste,Brasil
2024-08-25,DF,4.0,Centro-Oeste,Brasil
2024-09-01,DF,4.0,Centro-Oeste,Brasil
2024-09-08,DF,4.0,Centro-Oeste,Brasil
2024-09-15,DF,4.0,Centro-Oeste,Brasil
2024-09-22,DF,2.0,Centro-Oeste,Brasil
2024-09-29,DF,7.0,Centro-Oeste,Brasil
2024-10-06,DF,6.0,Centro-Oeste,Brasil
2024-10-13,DF,6.0,Centro-Oeste,Brasil
2024-10-20,DF,10.0,Centro-Oeste,Brasil
2024-10-27,DF,11.0,Centro-Oeste,Brasil
2024-11-03,DF,6.0,Centro-Oeste,Brasil
2024-11-10,DF,13.0,Centro-Oeste,Brasil
2024-11-17,DF,14.0,Centro-Oeste,Brasil
2024-11-24,DF,8.0,Centro-Oeste,Brasil
2024-12-01,DF,13.0,Centro-Oeste,Brasil
2024-12-08,DF,9.0,Centro-Oeste,Brasil
2024-12-15,DF,7.0,Centro-Oeste,Brasil
2024-12-22,DF,9.0,Centro-Oeste,Brasil
2024-12-29,DF,6.0,Centro-Oeste,Brasil
2025-01-05,DF,6.0,Centro-Oeste,Brasil
2025-01-12,DF,5.0,Centro-Oeste,Brasil
2025-01-19,DF,5.0,Centro-Oeste,Brasil
2025-01-26,DF,8.0,Centro-Oeste,Brasil
2025-02-02,DF,8.0,Centro-Oeste,Brasil
2025-02-09,DF,8.0,Centro-Oeste,Brasil
2025-02-16,DF,3.0,Centro-Oeste,Brasil
2025-02-23,DF,20.0,Centro-Oeste,Brasil
2025-03-02,DF,9.0,Centro-Oeste,Brasil
2025-03-09,DF,14.0,Centro-Oeste,Brasil
2025-03-16,DF,8.0,Centro-Oeste,Brasil
2025-03-23,DF,10.0,Centro-Oeste,Brasil
2025-03-30,DF,8.0,Centro-Oeste,Brasil
2025-04-06,DF,7.0,Centro-Oeste,Brasil
2025-04-13,DF,6.0,Centro-Oeste,Brasil
2025-04-20,DF,7.0,Centro-Oeste,Brasil
2025-04-27,DF,10.0,Centro-Oeste,Brasil
2025-05-04,DF,8.0,Centro-Oeste,Brasil
2025-05-11,DF,10.0,Centro-Oeste,Brasil
2025-05-18,DF,15.0,Centro-Oeste,Brasil
2025-05-25,DF,10.0,Centro-Oeste,Brasil
2025-06-01,DF,9.0,Centro-Oeste,Brasil
2025-06-08,DF,2.0,Centro-Oeste,Brasil
2025-06-15,DF,9.0,Centro-Oeste,Brasil
2025-06-22,DF,6.0,Centro-Oeste,Brasil
2025-06-29,DF,7.0,Centro-Oeste,Brasil
2025-07-06,DF,4.0,Centro-Oeste,Brasil
2025-07-13,DF,3.0,Centro-Oeste,Brasil
2025-07-20,DF,5.0,Centro-Oeste,Brasil
2025-07-27,DF,6.0,Centro-Oeste,Brasil
2025-08-03,DF,4.0,Centro-Oeste,Brasil
2025-08-10,DF,4.0,Centro-Oeste,Brasil
2025-08-17,DF,6.0,Centro-Oeste,Brasil
2025-08-24,DF,5.0,Centro-Oeste,Brasil
2025-08-31,DF,5.0,Centro-Oeste,Brasil
2025-09-07,DF,8.0,Centro-Oeste,Brasil
2025-09-14,DF,8.0,Centro-Oeste,Brasil
2025-09-21,DF,6.0,Centro-Oeste,Brasil
2025-09-28,DF,6.0,Centro-Oeste,Brasil
2025-10-05,DF,5.0,Centro-Oeste,Brasil
2025-10-12,DF,14.0,Centro-Oeste,Brasil
2025-10-19,DF,5.0,Centro-Oeste,Brasil
2025-10-26,DF,8.0,Centro-Oeste,Brasil
2025-11-02,DF,9.0,Centro-Oeste,Brasil
2025-11-09,DF,15.0,Centro-Oeste,Brasil
2025-11-16,DF,8.0,Centro-Oeste,Brasil
2025-11-23,DF,7.0,Centro-Oeste,Brasil
2025-11-30,DF,13.0,Centro-Oeste,Brasil
2025-12-07,DF,16.0,Centro-Oeste,Brasil
2025-12-14,DF,11.0,Centro-Oeste,Brasil
2025-12-21,DF,7.0,Centro-Oeste,Brasil
2025-12-28,DF,3.0,Centro-Oeste,Brasil
2026-01-04,DF,5.0,Centro-Oeste,Brasil
2026-01-11,DF,2.0,Centro-Oeste,Brasil
2026-01-18,DF,10.0,Centro-Oeste,Brasil
2026-01-25,DF,7.0,Centro-Oeste,Brasil
2026-02-01,DF,6.0,Centro-Oeste,Brasil
2026-02-08,DF,7.0,Centro-Oeste,Brasil
2026-02-15,DF,7.0,Centro-Oeste,Brasil
2026-02-22,DF,2.0,Centro-Oeste,Brasil
2026-03-01,DF,7.0,Centro-Oeste,Brasil
2026-03-08,DF,7.0,Centro-Oeste,Brasil
2026-03-15,DF,11.0,Centro-Oeste,Brasil
2026-03-22,DF,10.0,Centro-Oeste,Brasil
2026-03-29,DF,11.0,Centro-Oeste,Brasil
2026-04-05,DF,17.0,Centro-Oeste,Brasil
2026-04-12,DF,14.0,Centro-Oeste,Brasil
2026-04-19,DF,15.0,Centro-Oeste,Brasil
2026-04-26,DF,10.0,Centro-Oeste,Brasil
2026-05-03,DF,13.0,Centro-Oeste,Brasil
2026-05-10,DF,25.0,Centro-Oeste,Brasil
2026-05-17,DF,24.0,Centro-Oeste,Brasil
2026-05-24,DF,29.0,Centro-Oeste,Brasil
2026-05-31,DF,30.0,Centro-Oeste,Brasil
2026-06-07,DF,29.0,Centro-Oeste,Brasil
2026-06-14,DF,12.0,Centro-Oeste,Brasil
2026-06-21,DF,25.0,Centro-Oeste,Brasil
2026-06-28,DF,17.0,Centro-Oeste,Brasil
2026-07-05,DF,17.0,Centro-Oeste,Brasil
2026-07-12,DF,19.0,Centro-Oeste,Brasil
2026-07-19,DF,13.0,Centro-Oeste,Brasil
2026-07-26,DF,16.0,Centro-Oeste,Brasil
2026-08-02,DF,9.0,Centro-Oeste,Brasil
2026-08-09,DF,5.0,Centro-Oeste,Brasil
2026-08-16,DF,20.0,Centro-Oeste,Brasil
2026-08-23,DF,10.0,Centro-Oeste,Brasil
2026-08-30,DF,21.0,Centro-Oeste,Brasil
2026-09-06,DF,7.0,Centro-Oeste,Brasil
2026-09-13,DF,7.0,Centro-Oeste,Brasil
2014-10-26,ES,1.0,Sudeste,Brasil
2014-11-02,ES,1.0,Sudeste,Brasil
2014-11-09,ES,2.0,Sudeste,Brasil
2014-11-16,ES,2.0,Sudeste,Brasil
2014-11-23,ES,1.0,Sudeste,Brasil
2014-11-30,ES,1.0,Sudeste,Brasil
2014-12-07,ES,1.0,Sudeste,Brasil
2014-12-14,ES,1.0,Sudeste,Brasil
2014-12-21,ES,1.0,Sudeste,Brasil
2014-12-28,ES,1.0,Sudeste,Brasil
2015-01-04,ES,1.0,Sudeste,Brasil
2015-01-11,ES,1.0,Sudeste,Brasil
2015-01-18,ES,1.0,Sudeste,Brasil
2015-01-25,ES,1.0,Sudeste,Brasil
2015-02-01,ES,1.0,Sudeste,Brasil
2015-02-08,ES,1.0,Sudeste,Brasil
2015-02-15,ES,1.0,Sudeste,Brasil
2015-02-22,ES,1.0,Sudeste,Brasil
2015-03-01,ES,1.0,Sudeste,Brasil
2015-03-08,ES,1.0,Sudeste,Brasil
2015-03-15,ES,1.0,Sudeste,Brasil
2015-03-22,ES,1.0,Sudeste,Brasil
2015-03-29,ES,1.0,Sudeste,Brasil
2015-04-05,ES,1.0,Sudeste,Brasil
2015-04-12,ES,1.0,Sudeste,Brasil
2015-04-19,ES,2.0,Sudeste,Brasil
2015-04-26,ES,2.0,Sudeste,Brasil
2015-05-03,ES,1.0,Sudeste,Brasil
2015-05-10,ES,1.0,Sudeste,Brasil
2015-05-17,ES,1.0,Sudeste,Brasil
2015-05-24,ES,1.0,Sudeste,Brasil
2015-05-31,ES,3.0,Sudeste,Brasil
2015-06-07,ES,1.0,Sudeste,Brasil
2015-06-14,ES,1.0,Sudeste,Brasil
2015-06-21,ES,2.0,Sudeste,Brasil
2015-06-28,ES,1.0,Sudeste,Brasil
2015-07-05,ES,1.0,Sudeste,Brasil
2015-07-12,ES,1.0,Sudeste,Brasil
2015-07-19,ES,1.0,Sudeste,Brasil
2015-07-26,ES,3.0,Sudeste,Brasil
2015-08-02,ES,3.0,Sudeste,Brasil
2015-08-09,ES,1.0,Sudeste,Brasil
2015-08-16,ES,1.0,Sudeste,Brasil
2015-08-23,ES,1.0,Sudeste,Brasil
2015-08-30,ES,1.0,Sudeste,Brasil
2015-09-06,ES,1.0,Sudeste,Brasil
2015-09-13,ES,1.0,Sudeste,Brasil
2015-09-20,ES,1.0,Sudeste,Brasil
2015-09-27,ES,1.0,Sudeste,Brasil
2015-10-04,ES,2.0,Sudeste,Brasil
2015-10-11,ES,2.0,Sudeste,Brasil
2015-10-18,ES,2.0,Sudeste,Brasil
2015-10-25,ES,2.0,Sudeste,Brasil
2015-11-01,ES,1.0,Sudeste,Brasil
2015-11-08,ES,1.0,Sudeste,Brasil
2015-11-15,ES,4.0,Sudeste,Brasil
2015-11-22,ES,1.0,Sudeste,Brasil
2015-11-29,ES,4.0,Sudeste,Brasil
2015-12-06,ES,9.0,Sudeste,Brasil
2015-12-13,ES,8.0,Sudeste,Brasil
2015-12-20,ES,4.0,Sudeste,Brasil
2015-12-27,ES,3.0,Sudeste,Brasil
2016-01-03,ES,3.0,Sudeste,Brasil
2016-01-10,ES,1.0,Sudeste,Brasil
2016-01-17,ES,5.0,Sudeste,Brasil
2016-01-24,ES,8.0,Sudeste,Brasil
2016-01-31,ES,12.0,Sudeste,Brasil
2016-02-07,ES,6.0,Sudeste,Brasil
2016-02-14,ES,3.0,Sudeste,Brasil
2016-02-21,ES,9.0,Sudeste,Brasil
2016-02-28,ES,12.0,Sudeste,Brasil
2016-03-06,ES,14.0,Sudeste,Brasil
2016-03-13,ES,21.0,Sudeste,Brasil
2016-03-20,ES,24.0,Sudeste,Brasil
2016-03-27,ES,15.0,Sudeste,Brasil
2016-04-03,ES,27.0,Sudeste,Brasil
2016-04-10,ES,18.0,Sudeste,Brasil
2016-04-17,ES,14.0,Sudeste,Brasil
2016-04-24,ES,11.0,Sudeste,Brasil
2016-05-01,ES,27.0,Sudeste,Brasil
2016-05-08,ES,25.0,Sudeste,Brasil
2016-05-15,ES,17.0,Sudeste,Brasil
2016-05-22,ES,17.0,Sudeste,Brasil
2016-05-29,ES,10.0,Sudeste,Brasil
2016-06-05,ES,13.0,Sudeste,Brasil
2016-06-12,ES,13.0,Sudeste,Brasil
2016-06-19,ES,9.0,Sudeste,Brasil
2016-06-26,ES,4.0,Sudeste,Brasil
2016-07-03,ES,8.0,Sudeste,Brasil
2016-07-10,ES,9.0,Sudeste,Brasil
2016-07-17,ES,9.0,Sudeste,Brasil
2016-07-24,ES,7.0,Sudeste,Brasil
2016-07-31,ES,5.0,Sudeste,Brasil
2016-08-07,ES,8.0,Sudeste,Brasil
2016-08-14,ES,6.0,Sudeste,Brasil
2016-08-21,ES,6.0,Sudeste,Brasil
2016-08-28,ES,2.0,Sudeste,Brasil
2016-09-04,ES,10.0,Sudeste,Brasil
2016-09-11,ES,3.0,Sudeste,Brasil
2016-09-18,ES,10.0,Sudeste,Brasil
2016-09-25,ES,4.0,Sudeste,Brasil
2016-10-02,ES,5.0,Sudeste,Brasil
2016-10-09,ES,5.0,Sudeste,Brasil
2016-10-16,ES,4.0,Sudeste,Brasil
2016-10-23,ES,9.0,Sudeste,Brasil
2016-10-30,ES,6.0,Sudeste,Brasil
2016-11-06,ES,5.0,Sudeste,Brasil
2016-11-13,ES,10.0,Sudeste,Brasil
2016-11-20,ES,6.0,Sudeste,Brasil
2016-11-27,ES,9.0,Sudeste,Brasil
2016-12-04,ES,8.0,Sudeste,Brasil
2016-12-11,ES,5.0,Sudeste,Brasil
2016-12-18,ES,13.0,Sudeste,Brasil
2016-12-25,ES,15.0,Sudeste,Brasil
2017-01-01,ES,17.0,Sudeste,Brasil
2017-01-08,ES,10.0,Sudeste,Brasil
2017-01-15,ES,30.0,Sudeste,Brasil
2017-01-22,ES,38.0,Sudeste,Brasil
2017-01-29,ES,30.0,Sudeste,Brasil
2017-02-05,ES,39.0,Sudeste,Brasil
2017-02-12,ES,16.0,Sudeste,Brasil
2017-02-19,ES,46.0,Sudeste,Brasil
2017-02-26,ES,29.0,Sudeste,Brasil
2017-03-05,ES,35.0,Sudeste,Brasil
2017-03-12,ES,62.0,Sudeste,Brasil
2017-03-19,ES,73.0,Sudeste,Brasil
2017-03-26,ES,74.0,Sudeste,Brasil
2017-04-02,ES,63.0,Sudeste,Brasil
2017-04-09,ES,77.0,Sudeste,Brasil
2017-04-16,ES,74.0,Sudeste,Brasil
2017-04-23,ES,74.0,Sudeste,Brasil
2017-04-30,ES,69.0,Sudeste,Brasil
2017-05-07,ES,65.0,Sudeste,Brasil
2017-05-14,ES,48.0,Sudeste,Brasil
2017-05-21,ES,44.0,Sudeste,Brasil
2017-05-28,ES,48.0,Sudeste,Brasil
2017-06-04,ES,36.0,Sudeste,Brasil
2017-06-11,ES,36.0,Sudeste,Brasil
2017-06-18,ES,22.0,Sudeste,Brasil
2017-06-25,ES,27.0,Sudeste,Brasil
2017-07-02,ES,29.0,Sudeste,Brasil
2017-07-09,ES,23.0,Sudeste,Brasil
2017-07-16,ES,22.0,Sudeste,Brasil
2017-07-23,ES,20.0,Sudeste,Brasil
2017-07-30,ES,23.0,Sudeste,Brasil
2017-08-06,ES,22.0,Sudeste,Brasil
2017-08-13,ES,19.0,Sudeste,Brasil
2017-08-20,ES,19.0,Sudeste,Brasil
2017-08-27,ES,15.0,Sudeste,Brasil
2017-09-03,ES,11.0,Sudeste,Brasil
2017-09-10,ES,13.0,Sudeste,Brasil
2017-09-17,ES,20.0,Sudeste,Brasil
2017-09-24,ES,14.0,Sudeste,Brasil
2017-10-01,ES,18.0,Sudeste,Brasil
2017-10-08,ES,11.0,Sudeste,Brasil
2017-10-15,ES,7.0,Sudeste,Brasil
2017-10-22,ES,12.0,Sudeste,Brasil
2017-10-29,ES,16.0,Sudeste,Brasil
2017-11-05,ES,9.0,Sudeste,Brasil
2017-11-12,ES,20.0,Sudeste,Brasil
2017-11-19,ES,13.0,Sudeste,Brasil
2017-11-26,ES,21.0,Sudeste,Brasil
2017-12-03,ES,7.0,Sudeste,Brasil
2017-12-10,ES,21.0,Sudeste,Brasil
2017-12-17,ES,23.0,Sudeste,Brasil
2017-12-24,ES,18.0,Sudeste,Brasil
2017-12-31,ES,19.0,Sudeste,Brasil
2018-01-07,ES,9.0,Sudeste,Brasil
2018-01-14,ES,17.0,Sudeste,Brasil
2018-01-21,ES,15.0,Sudeste,Brasil
2018-01-28,ES,23.0,Sudeste,Brasil
2018-02-04,ES,14.0,Sudeste,Brasil
2018-02-11,ES,17.0,Sudeste,Brasil
2018-02-18,ES,15.0,Sudeste,Brasil
2018-02-25,ES,26.0,Sudeste,Brasil
2018-03-04,ES,18.0,Sudeste,Brasil
2018-03-11,ES,19.0,Sudeste,Brasil
2018-03-18,ES,33.0,Sudeste,Brasil
2018-03-25,ES,37.0,Sudeste,Brasil
2018-04-01,ES,33.0,Sudeste,Brasil
2018-04-08,ES,53.0,Sudeste,Brasil
2018-04-15,ES,55.0,Sudeste,Brasil
2018-04-22,ES,55.0,Sudeste,Brasil
2018-04-29,ES,38.0,Sudeste,Brasil
2018-05-06,ES,27.0,Sudeste,Brasil
2018-05-13,ES,42.0,Sudeste,Brasil
2018-05-20,ES,28.0,Sudeste,Brasil
2018-05-27,ES,43.0,Sudeste,Brasil
2018-06-03,ES,22.0,Sudeste,Brasil
2018-06-10,ES,58.0,Sudeste,Brasil
2018-06-17,ES,63.0,Sudeste,Brasil
2018-06-24,ES,35.0,Sudeste,Brasil
2018-07-01,ES,38.0,Sudeste,Brasil
2018-07-08,ES,37.0,Sudeste,Brasil
2018-07-15,ES,58.0,Sudeste,Brasil
2018-07-22,ES,52.0,Sudeste,Brasil
2018-07-29,ES,25.0,Sudeste,Brasil
2018-08-05,ES,38.0,Sudeste,Brasil
2018-08-12,ES,48.0,Sudeste,Brasil
2018-08-19,ES,34.0,Sudeste,Brasil
2018-08-26,ES,38.0,Sudeste,Brasil
2018-09-02,ES,30.0,Sudeste,Brasil
2018-09-09,ES,23.0,Sudeste,Brasil
2018-09-16,ES,11.0,Sudeste,Brasil
2018-09-23,ES,15.0,Sudeste,Brasil
2018-09-30,ES,20.0,Sudeste,Brasil
2018-10-07,ES,34.0,Sudeste,Brasil
2018-10-14,ES,23.0,Sudeste,Brasil
2018-10-21,ES,19.0,Sudeste,Brasil
2018-10-28,ES,16.0,Sudeste,Brasil
2018-11-04,ES,8.0,Sudeste,Brasil
2018-11-11,ES,13.0,Sudeste,Brasil
2018-11-18,ES,11.0,Sudeste,Brasil
2018-11-25,ES,15.0,Sudeste,Brasil
2018-12-02,ES,8.0,Sudeste,Brasil
2018-12-09,ES,16.0,Sudeste,Brasil
2018-12-16,ES,10.0,Sudeste,Brasil
2018-12-23,ES,14.0,Sudeste,Brasil
2018-12-30,ES,10.0,Sudeste,Brasil
2019-01-06,ES,6.0,Sudeste,Brasil
2019-01-13,ES,22.0,Sudeste,Brasil
2019-01-20,ES,28.0,Sudeste,Brasil
2019-01-27,ES,30.0,Sudeste,Brasil
2019-02-03,ES,36.0,Sudeste,Brasil
2019-02-10,ES,31.0,Sudeste,Brasil
2019-02-17,ES,36.0,Sudeste,Brasil
2019-02-24,ES,28.0,Sudeste,Brasil
2019-03-03,ES,24.0,Sudeste,Brasil
2019-03-10,ES,21.0,Sudeste,Brasil
2019-03-17,ES,40.0,Sudeste,Brasil
2019-03-24,ES,31.0,Sudeste,Brasil
2019-03-31,ES,49.0,Sudeste,Brasil
2019-04-07,ES,58.0,Sudeste,Brasil
2019-04-14,ES,34.0,Sudeste,Brasil
2019-04-21,ES,31.0,Sudeste,Brasil
2019-04-28,ES,50.0,Sudeste,Brasil
2019-05-05,ES,72.0,Sudeste,Brasil
2019-05-12,ES,105.0,Sudeste,Brasil
2019-05-19,ES,107.0,Sudeste,Brasil
2019-05-26,ES,94.0,Sudeste,Brasil
2019-06-02,ES,126.0,Sudeste,Brasil
2019-06-09,ES,121.0,Sudeste,Brasil
2019-06-16,ES,86.0,Sudeste,Brasil
2019-06-23,ES,74.0,Sudeste,Brasil
2019-06-30,ES,112.0,Sudeste,Brasil
2019-07-07,ES,107.0,Sudeste,Brasil
2019-07-14,ES,114.0,Sudeste,Brasil
2019-07-21,ES,135.0,Sudeste,Brasil
2019-07-28,ES,82.0,Sudeste,Brasil
2019-08-04,ES,66.0,Sudeste,Brasil
2019-08-11,ES,65.0,Sudeste,Brasil
2019-08-18,ES,84.0,Sudeste,Brasil
2019-08-25,ES,76.0,Sudeste,Brasil
2019-09-01,ES,83.0,Sudeste,Brasil
2019-09-08,ES,50.0,Sudeste,Brasil
2019-09-15,ES,56.0,Sudeste,Brasil
2019-09-22,ES,45.0,Sudeste,Brasil
2019-09-29,ES,34.0,Sudeste,Brasil
2019-10-06,ES,30.0,Sudeste,Brasil
2019-10-13,ES,49.0,Sudeste,Brasil
2019-10-20,ES,51.0,Sudeste,Brasil
2019-10-27,ES,36.0,Sudeste,Brasil
2019-11-03,ES,39.0,Sudeste,Brasil
2019-11-10,ES,52.0,Sudeste,Brasil
2019-11-17,ES,50.0,Sudeste,Brasil
2019-11-24,ES,52.0,Sudeste,Brasil
2019-12-01,ES,42.0,Sudeste,Brasil
2019-12-08,ES,62.0,Sudeste,Brasil
2019-12-15,ES,103.0,Sudeste,Brasil
2019-12-22,ES,196.0,Sudeste,Brasil
2019-12-29,ES,229.0,Sudeste,Brasil
2020-01-05,ES,220.0,Sudeste,Brasil
2020-01-12,ES,352.0,Sudeste,Brasil
2020-01-19,ES,505.0,Sudeste,Brasil
2020-01-26,ES,533.0,Sudeste,Brasil
2020-02-02,ES,595.0,Sudeste,Brasil
2020-02-09,ES,694.0,Sudeste,Brasil
2020-02-16,ES,707.0,Sudeste,Brasil
2020-02-23,ES,864.0,Sudeste,Brasil
2020-03-01,ES,507.0,Sudeste,Brasil
2020-03-08,ES,781.0,Sudeste,Brasil
2020-03-15,ES,811.0,Sudeste,Brasil
2020-03-22,ES,693.0,Sudeste,Brasil
2020-03-29,ES,306.0,Sudeste,Brasil
2020-04-05,ES,684.0,Sudeste,Brasil
2020-04-12,ES,661.0,Sudeste,Brasil
2020-04-19,ES,628.0,Sudeste,Brasil
2020-04-26,ES,717.0,Sudeste,Brasil
2020-05-03,ES,881.0,Sudeste,Brasil
2020-05-10,ES,791.0,Sudeste,Brasil
2020-05-17,ES,617.0,Sudeste,Brasil
2020-05-24,ES,507.0,Sudeste,Brasil
2020-05-31,ES,432.0,Sudeste,Brasil
2020-06-07,ES,372.0,Sudeste,Brasil
2020-06-14,ES,184.0,Sudeste,Brasil
2020-06-21,ES,249.0,Sudeste,Brasil
2020-06-28,ES,195.0,Sudeste,Brasil
2020-07-05,ES,189.0,Sudeste,Brasil
2020-07-12,ES,148.0,Sudeste,Brasil
2020-07-19,ES,107.0,Sudeste,Brasil
2020-07-26,ES,128.0,Sudeste,Brasil
2020-08-02,ES,112.0,Sudeste,Brasil
2020-08-09,ES,87.0,Sudeste,Brasil
2020-08-16,ES,87.0,Sudeste,Brasil
2020-08-23,ES,84.0,Sudeste,Brasil
2020-08-30,ES,67.0,Sudeste,Brasil
2020-09-06,ES,73.0,Sudeste,Brasil
2020-09-13,ES,56.0,Sudeste,Brasil
2020-09-20,ES,65.0,Sudeste,Brasil
2020-09-27,ES,59.0,Sudeste,Brasil
2020-10-04,ES,78.0,Sudeste,Brasil
2020-10-11,ES,63.0,Sudeste,Brasil
2020-10-18,ES,54.0,Sudeste,Brasil
2020-10-25,ES,40.0,Sudeste,Brasil
2020-11-01,ES,31.0,Sudeste,Brasil
2020-11-08,ES,36.0,Sudeste,Brasil
2020-11-15,ES,26.0,Sudeste,Brasil
2020-11-22,ES,40.0,Sudeste,Brasil
2020-11-29,ES,60.0,Sudeste,Brasil
2020-12-06,ES,91.0,Sudeste,Brasil
2020-12-13,ES,82.0,Sudeste,Brasil
2020-12-20,ES,105.0,Sudeste,Brasil
2020-12-27,ES,46.0,Sudeste,Brasil
2021-01-03,ES,46.0,Sudeste,Brasil
2021-01-10,ES,90.0,Sudeste,Brasil
2021-01-17,ES,93.0,Sudeste,Brasil
2021-01-24,ES,78.0,Sudeste,Brasil
2021-01-31,ES,102.0,Sudeste,Brasil
2021-02-07,ES,105.0,Sudeste,Brasil
2021-02-14,ES,72.0,Sudeste,Brasil
2021-02-21,ES,44.0,Sudeste,Brasil
2021-02-28,ES,62.0,Sudeste,Brasil
2021-03-07,ES,86.0,Sudeste,Brasil
2021-03-14,ES,71.0,Sudeste,Brasil
2021-03-21,ES,110.0,Sudeste,Brasil
2021-03-28,ES,101.0,Sudeste,Brasil
2021-04-04,ES,74.0,Sudeste,Brasil
2021-04-11,ES,97.0,Sudeste,Brasil
2021-04-18,ES,81.0,Sudeste,Brasil
2021-04-25,ES,100.0,Sudeste,Brasil
2021-05-02,ES,104.0,Sudeste,Brasil
2021-05-09,ES,92.0,Sudeste,Brasil
2021-05-16,ES,91.0,Sudeste,Brasil
2021-05-23,ES,75.0,Sudeste,Brasil
2021-05-30,ES,106.0,Sudeste,Brasil
2021-06-06,ES,71.0,Sudeste,Brasil
2021-06-13,ES,106.0,Sudeste,Brasil
2021-06-20,ES,150.0,Sudeste,Brasil
2021-06-27,ES,95.0,Sudeste,Brasil
2021-07-04,ES,98.0,Sudeste,Brasil
2021-07-11,ES,65.0,Sudeste,Brasil
2021-07-18,ES,49.0,Sudeste,Brasil
2021-07-25,ES,49.0,Sudeste,Brasil
2021-08-01,ES,47.0,Sudeste,Brasil
2021-08-08,ES,29.0,Sudeste,Brasil
2021-08-15,ES,42.0,Sudeste,Brasil
2021-08-22,ES,74.0,Sudeste,Brasil
2021-08-29,ES,37.0,Sudeste,Brasil
2021-09-05,ES,30.0,Sudeste,Brasil
2021-09-12,ES,28.0,Sudeste,Brasil
2021-09-19,ES,34.0,Sudeste,Brasil
2021-09-26,ES,40.0,Sudeste,Brasil
2021-10-03,ES,23.0,Sudeste,Brasil
2021-10-10,ES,28.0,Sudeste,Brasil
2021-10-17,ES,20.0,Sudeste,Brasil
2021-10-24,ES,18.0,Sudeste,Brasil
2021-10-31,ES,28.0,Sudeste,Brasil
2021-11-07,ES,45.0,Sudeste,Brasil
2021-11-14,ES,41.0,Sudeste,Brasil
2021-11-21,ES,27.0,Sudeste,Brasil
2021-11-28,ES,35.0,Sudeste,Brasil
2021-12-05,ES,26.0,Sudeste,Brasil
2021-12-12,ES,28.0,Sudeste,Brasil
2021-12-19,ES,42.0,Sudeste,Brasil
2021-12-26,ES,17.0,Sudeste,Brasil
2022-01-02,ES,29.0,Sudeste,Brasil
2022-01-09,ES,32.0,Sudeste,Brasil
2022-01-16,ES,39.0,Sudeste,Brasil
2022-01-23,ES,21.0,Sudeste,Brasil
2022-01-30,ES,32.0,Sudeste,Brasil
2022-02-06,ES,31.0,Sudeste,Brasil
2022-02-13,ES,35.0,Sudeste,Brasil
2022-02-20,ES,46.0,Sudeste,Brasil
2022-02-27,ES,28.0,Sudeste,Brasil
2022-03-06,ES,32.0,Sudeste,Brasil
2022-03-13,ES,80.0,Sudeste,Brasil
2022-03-20,ES,105.0,Sudeste,Brasil
2022-03-27,ES,98.0,Sudeste,Brasil
2022-04-03,ES,155.0,Sudeste,Brasil
2022-04-10,ES,112.0,Sudeste,Brasil
2022-04-17,ES,166.0,Sudeste,Brasil
2022-04-24,ES,97.0,Sudeste,Brasil
2022-05-01,ES,105.0,Sudeste,Brasil
2022-05-08,ES,166.0,Sudeste,Brasil
2022-05-15,ES,113.0,Sudeste,Brasil
2022-05-22,ES,107.0,Sudeste,Brasil
2022-05-29,ES,98.0,Sudeste,Brasil
2022-06-05,ES,96.0,Sudeste,Brasil
2022-06-12,ES,63.0,Sudeste,Brasil
2022-06-19,ES,49.0,Sudeste,Brasil
2022-06-26,ES,59.0,Sudeste,Brasil
2022-07-03,ES,57.0,Sudeste,Brasil
2022-07-10,ES,39.0,Sudeste,Brasil
2022-07-17,ES,49.0,Sudeste,Brasil
2022-07-24,ES,46.0,Sudeste,Brasil
2022-07-31,ES,44.0,Sudeste,Brasil
2022-08-07,ES,43.0,Sudeste,Brasil
2022-08-14,ES,40.0,Sudeste,Brasil
2022-08-21,ES,39.0,Sudeste,Brasil
2022-08-28,ES,36.0,Sudeste,Brasil
2022-09-04,ES,32.0,Sudeste,Brasil
2022-09-11,ES,13.0,Sudeste,Brasil
2022-09-18,ES,20.0,Sudeste,Brasil
2022-09-25,ES,20.0,Sudeste,Brasil
2022-10-02,ES,19.0,Sudeste,Brasil
2022-10-09,ES,20.0,Sudeste,Brasil
2022-10-16,ES,28.0,Sudeste,Brasil
2022-10-23,ES,50.0,Sudeste,Brasil
2022-10-30,ES,37.0,Sudeste,Brasil
2022-11-06,ES,23.0,Sudeste,Brasil
2022-11-13,ES,51.0,Sudeste,Brasil
2022-11-20,ES,38.0,Sudeste,Brasil
2022-11-27,ES,39.0,Sudeste,Brasil
2022-12-04,ES,38.0,Sudeste,Brasil
2022-12-11,ES,42.0,Sudeste,Brasil
2022-12-18,ES,62.0,Sudeste,Brasil
2022-12-25,ES,76.0,Sudeste,Brasil
2023-01-01,ES,73.0,Sudeste,Brasil
2023-01-08,ES,112.0,Sudeste,Brasil
2023-01-15,ES,157.0,Sudeste,Brasil
2023-01-22,ES,131.0,Sudeste,Brasil
2023-01-29,ES,189.0,Sudeste,Brasil
2023-02-05,ES,258.0,Sudeste,Brasil
2023-02-12,ES,353.0,Sudeste,Brasil
2023-02-19,ES,450.0,Sudeste,Brasil
2023-02-26,ES,404.0,Sudeste,Brasil
2023-03-05,ES,558.0,Sudeste,Brasil
2023-03-12,ES,620.0,Sudeste,Brasil
2023-03-19,ES,653.0,Sudeste,Brasil
2023-03-26,ES,744.0,Sudeste,Brasil
2023-04-02,ES,801.0,Sudeste,Brasil
2023-04-09,ES,632.0,Sudeste,Brasil
2023-04-16,ES,758.0,Sudeste,Brasil
2023-04-23,ES,506.0,Sudeste,Brasil
2023-04-30,ES,520.0,Sudeste,Brasil
2023-05-07,ES,481.0,Sudeste,Brasil
2023-05-14,ES,526.0,Sudeste,Brasil
2023-05-21,ES,464.0,Sudeste,Brasil
2023-05-28,ES,506.0,Sudeste,Brasil
2023-06-04,ES,484.0,Sudeste,Brasil
2023-06-11,ES,427.0,Sudeste,Brasil
2023-06-18,ES,530.0,Sudeste,Brasil
2023-06-25,ES,437.0,Sudeste,Brasil
2023-07-02,ES,480.0,Sudeste,Brasil
2023-07-09,ES,373.0,Sudeste,Brasil
2023-07-16,ES,376.0,Sudeste,Brasil
2023-07-23,ES,293.0,Sudeste,Brasil
2023-07-30,ES,360.0,Sudeste,Brasil
2023-08-06,ES,315.0,Sudeste,Brasil
2023-08-13,ES,348.0,Sudeste,Brasil
2023-08-20,ES,305.0,Sudeste,Brasil
2023-08-27,ES,356.0,Sudeste,Brasil
2023-09-03,ES,245.0,Sudeste,Brasil
2023-09-10,ES,181.0,Sudeste,Brasil
2023-09-17,ES,207.0,Sudeste,Brasil
2023-09-24,ES,260.0,Sudeste,Brasil
2023-10-01,ES,233.0,Sudeste,Brasil
2023-10-08,ES,305.0,Sudeste,Brasil
2023-10-15,ES,294.0,Sudeste,Brasil
2023-10-22,ES,240.0,Sudeste,Brasil
2023-10-29,ES,207.0,Sudeste,Brasil
2023-11-05,ES,130.0,Sudeste,Brasil
2023-11-12,ES,182.0,Sudeste,Brasil
2023-11-19,ES,131.0,Sudeste,Brasil
2023-11-26,ES,142.0,Sudeste,Brasil
2023-12-03,ES,133.0,Sudeste,Brasil
2023-12-10,ES,131.0,Sudeste,Brasil
2023-12-17,ES,119.0,Sudeste,Brasil
2023-12-24,ES,105.0,Sudeste,Brasil
2023-12-31,ES,65.0,Sudeste,Brasil
2024-01-07,ES,40.0,Sudeste,Brasil
2024-01-14,ES,77.0,Sudeste,Brasil
2024-01-21,ES,151.0,Sudeste,Brasil
2024-01-28,ES,139.0,Sudeste,Brasil
2024-02-04,ES,239.0,Sudeste,Brasil
2024-02-11,ES,325.0,Sudeste,Brasil
2024-02-18,ES,286.0,Sudeste,Brasil
2024-02-25,ES,717.0,Sudeste,Brasil
2024-03-03,ES,945.0,Sudeste,Brasil
2024-03-10,ES,1036.0,Sudeste,Brasil
2024-03-17,ES,1069.0,Sudeste,Brasil
2024-03-24,ES,1068.0,Sudeste,Brasil
2024-03-31,ES,985.0,Sudeste,Brasil
2024-04-07,ES,1183.0,Sudeste,Brasil
2024-04-14,ES,1028.0,Sudeste,Brasil
2024-04-21,ES,958.0,Sudeste,Brasil
2024-04-28,ES,925.0,Sudeste,Brasil
2024-05-05,ES,776.0,Sudeste,Brasil
2024-05-12,ES,813.0,Sudeste,Brasil
2024-05-19,ES,731.0,Sudeste,Brasil
2024-05-26,ES,861.0,Sudeste,Brasil
2024-06-02,ES,681.0,Sudeste,Brasil
2024-06-09,ES,668.0,Sudeste,Brasil
2024-06-16,ES,579.0,Sudeste,Brasil
2024-06-23,ES,477.0,Sudeste,Brasil
2024-06-30,ES,430.0,Sudeste,Brasil
2024-07-07,ES,420.0,Sudeste,Brasil
2024-07-14,ES,421.0,Sudeste,Brasil
2024-07-21,ES,326.0,Sudeste,Brasil
2024-07-28,ES,288.0,Sudeste,Brasil
2024-08-04,ES,258.0,Sudeste,Brasil
2024-08-11,ES,185.0,Sudeste,Brasil
2024-08-18,ES,186.0,Sudeste,Brasil
2024-08-25,ES,187.0,Sudeste,Brasil
2024-09-01,ES,194.0,Sudeste,Brasil
2024-09-08,ES,176.0,Sudeste,Brasil
2024-09-15,ES,125.0,Sudeste,Brasil
2024-09-22,ES,135.0,Sudeste,Brasil
2024-09-29,ES,117.0,Sudeste,Brasil
2024-10-06,ES,153.0,Sudeste,Brasil
2024-10-13,ES,157.0,Sudeste,Brasil
2024-10-20,ES,108.0,Sudeste,Brasil
2024-10-27,ES,129.0,Sudeste,Brasil
2024-11-03,ES,88.0,Sudeste,Brasil
2024-11-10,ES,99.0,Sudeste,Brasil
2024-11-17,ES,109.0,Sudeste,Brasil
2024-11-24,ES,133.0,Sudeste,Brasil
2024-12-01,ES,136.0,Sudeste,Brasil
2024-12-08,ES,154.0,Sudeste,Brasil
2024-12-15,ES,167.0,Sudeste,Brasil
2024-12-22,ES,205.0,Sudeste,Brasil
2024-12-29,ES,157.0,Sudeste,Brasil
2025-01-05,ES,407.0,Sudeste,Brasil
2025-01-12,ES,809.0,Sudeste,Brasil
2025-01-19,ES,306.0,Sudeste,Brasil
2025-01-26,ES,427.0,Sudeste,Brasil
2025-02-02,ES,295.0,Sudeste,Brasil
2025-02-09,ES,194.0,Sudeste,Brasil
2025-02-16,ES,195.0,Sudeste,Brasil
2025-02-23,ES,236.0,Sudeste,Brasil
2025-03-02,ES,157.0,Sudeste,Brasil
2025-03-09,ES,108.0,Sudeste,Brasil
2025-03-16,ES,149.0,Sudeste,Brasil
2025-03-23,ES,148.0,Sudeste,Brasil
2025-03-30,ES,148.0,Sudeste,Brasil
2025-04-06,ES,173.0,Sudeste,Brasil
2025-04-13,ES,198.0,Sudeste,Brasil
2025-04-20,ES,179.0,Sudeste,Brasil
2025-04-27,ES,219.0,Sudeste,Brasil
2025-05-04,ES,171.0,Sudeste,Brasil
2025-05-11,ES,206.0,Sudeste,Brasil
2025-05-18,ES,228.0,Sudeste,Brasil
2025-05-25,ES,132.0,Sudeste,Brasil
2025-06-01,ES,156.0,Sudeste,Brasil
2025-06-08,ES,144.0,Sudeste,Brasil
2025-06-15,ES,195.0,Sudeste,Brasil
2025-06-22,ES,97.0,Sudeste,Brasil
2025-06-29,ES,84.0,Sudeste,Brasil
2025-07-06,ES,89.0,Sudeste,Brasil
2025-07-13,ES,90.0,Sudeste,Brasil
2025-07-20,ES,62.0,Sudeste,Brasil
2025-07-27,ES,75.0,Sudeste,Brasil
2025-08-03,ES,57.0,Sudeste,Brasil
2025-08-10,ES,32.0,Sudeste,Brasil
2025-08-17,ES,61.0,Sudeste,Brasil
2025-08-24,ES,55.0,Sudeste,Brasil
2025-08-31,ES,62.0,Sudeste,Brasil
2025-09-07,ES,50.0,Sudeste,Brasil
2025-09-14,ES,52.0,Sudeste,Brasil
2025-09-21,ES,66.0,Sudeste,Brasil
2025-09-28,ES,78.0,Sudeste,Brasil
2025-10-05,ES,49.0,Sudeste,Brasil
2025-10-12,ES,54.0,Sudeste,Brasil
2025-10-19,ES,48.0,Sudeste,Brasil
2025-10-26,ES,57.0,Sudeste,Brasil
2025-11-02,ES,29.0,Sudeste,Brasil
2025-11-09,ES,49.0,Sudeste,Brasil
2025-11-16,ES,42.0,Sudeste,Brasil
2025-11-23,ES,33.0,Sudeste,Brasil
2025-11-30,ES,36.0,Sudeste,Brasil
2025-12-07,ES,29.0,Sudeste,Brasil
2025-12-14,ES,33.0,Sudeste,Brasil
2025-12-21,ES,42.0,Sudeste,Brasil
2025-12-28,ES,11.0,Sudeste,Brasil
2026-01-04,ES,16.0,Sudeste,Brasil
2026-01-11,ES,28.0,Sudeste,Brasil
2026-01-18,ES,27.0,Sudeste,Brasil
2026-01-25,ES,31.0,Sudeste,Brasil
2026-02-01,ES,37.0,Sudeste,Brasil
2026-02-08,ES,24.0,Sudeste,Brasil
2026-02-15,ES,41.0,Sudeste,Brasil
2026-02-22,ES,23.0,Sudeste,Brasil
2026-03-01,ES,38.0,Sudeste,Brasil
2026-03-08,ES,33.0,Sudeste,Brasil
2026-03-15,ES,32.0,Sudeste,Brasil
2026-03-22,ES,32.0,Sudeste,Brasil
2026-03-29,ES,40.0,Sudeste,Brasil
2026-04-05,ES,26.0,Sudeste,Brasil
2026-04-12,ES,37.0,Sudeste,Brasil
2026-04-19,ES,27.0,Sudeste,Brasil
2026-04-26,ES,34.0,Sudeste,Brasil
2026-05-03,ES,29.0,Sudeste,Brasil
2026-05-10,ES,36.0,Sudeste,Brasil
2026-05-17,ES,21.0,Sudeste,Brasil
2026-05-24,ES,32.0,Sudeste,Brasil
2026-05-31,ES,31.0,Sudeste,Brasil
2026-06-07,ES,19.0,Sudeste,Brasil
2026-06-14,ES,19.0,Sudeste,Brasil
2026-06-21,ES,16.0,Sudeste,Brasil
2026-06-28,ES,19.0,Sudeste,Brasil
2026-07-05,ES,25.0,Sudeste,Brasil
2026-07-12,ES,36.0,Sudeste,Brasil
2026-07-19,ES,26.0,Sudeste,Brasil
2026-07-26,ES,28.0,Sudeste,Brasil
2026-08-02,ES,30.0,Sudeste,Brasil
2026-08-09,ES,25.0,Sudeste,Brasil
2026-08-16,ES,17.0,Sudeste,Brasil
2026-08-23,ES,20.0,Sudeste,Brasil
2026-08-30,ES,16.0,Sudeste,Brasil
2026-09-06,ES,16.0,Sudeste,Brasil
2026-09-13,ES,3.0,Sudeste,Brasil
2014-06-22,GO,1.0,Centro-Oeste,Brasil
2014-06-29,GO,1.0,Centro-Oeste,Brasil
2014-07-06,GO,1.0,Centro-Oeste,Brasil
2014-07-13,GO,1.0,Centro-Oeste,Brasil
2014-07-20,GO,1.0,Centro-Oeste,Brasil
2014-07-27,GO,1.0,Centro-Oeste,Brasil
2014-08-03,GO,1.0,Centro-Oeste,Brasil
2014-08-10,GO,1.0,Centro-Oeste,Brasil
2014-08-17,GO,1.0,Centro-Oeste,Brasil
2014-08-24,GO,1.0,Centro-Oeste,Brasil
2014-08-31,GO,1.0,Centro-Oeste,Brasil
2014-09-07,GO,1.0,Centro-Oeste,Brasil
2014-09-14,GO,1.0,Centro-Oeste,Brasil
2014-09-21,GO,1.0,Centro-Oeste,Brasil
2014-09-28,GO,1.0,Centro-Oeste,Brasil
2014-10-05,GO,1.0,Centro-Oeste,Brasil
2014-10-12,GO,1.0,Centro-Oeste,Brasil
2014-10-19,GO,1.0,Centro-Oeste,Brasil
2014-10-26,GO,2.0,Centro-Oeste,Brasil
2014-11-02,GO,2.0,Centro-Oeste,Brasil
2014-11-09,GO,3.0,Centro-Oeste,Brasil
2014-11-16,GO,7.0,Centro-Oeste,Brasil
2014-11-23,GO,1.0,Centro-Oeste,Brasil
2014-11-30,GO,2.0,Centro-Oeste,Brasil
2014-12-07,GO,4.0,Centro-Oeste,Brasil
2014-12-14,GO,4.0,Centro-Oeste,Brasil
2014-12-21,GO,1.0,Centro-Oeste,Brasil
2014-12-28,GO,1.0,Centro-Oeste,Brasil
2015-01-04,GO,1.0,Centro-Oeste,Brasil
2015-01-11,GO,2.0,Centro-Oeste,Brasil
2015-01-18,GO,5.0,Centro-Oeste,Brasil
2015-01-25,GO,11.0,Centro-Oeste,Brasil
2015-02-01,GO,19.0,Centro-Oeste,Brasil
2015-02-08,GO,12.0,Centro-Oeste,Brasil
2015-02-15,GO,3.0,Centro-Oeste,Brasil
2015-02-22,GO,6.0,Centro-Oeste,Brasil
2015-03-01,GO,3.0,Centro-Oeste,Brasil
2015-03-08,GO,3.0,Centro-Oeste,Brasil
2015-03-15,GO,3.0,Centro-Oeste,Brasil
2015-03-22,GO,6.0,Centro-Oeste,Brasil
2015-03-29,GO,7.0,Centro-Oeste,Brasil
2015-04-05,GO,2.0,Centro-Oeste,Brasil
2015-04-12,GO,2.0,Centro-Oeste,Brasil
2015-04-19,GO,4.0,Centro-Oeste,Brasil
2015-04-26,GO,4.0,Centro-Oeste,Brasil
2015-05-03,GO,3.0,Centro-Oeste,Brasil
2015-05-10,GO,2.0,Centro-Oeste,Brasil
2015-05-17,GO,3.0,Centro-Oeste,Brasil
2015-05-24,GO,3.0,Centro-Oeste,Brasil
2015-05-31,GO,4.0,Centro-Oeste,Brasil
2015-06-07,GO,2.0,Centro-Oeste,Brasil
2015-06-14,GO,6.0,Centro-Oeste,Brasil
2015-06-21,GO,2.0,Centro-Oeste,Brasil
2015-06-28,GO,2.0,Centro-Oeste,Brasil
2015-07-05,GO,2.0,Centro-Oeste,Brasil
2015-07-12,GO,1.0,Centro-Oeste,Brasil
2015-07-19,GO,2.0,Centro-Oeste,Brasil
2015-07-26,GO,2.0,Centro-Oeste,Brasil
2015-08-02,GO,2.0,Centro-Oeste,Brasil
2015-08-09,GO,1.0,Centro-Oeste,Brasil
2015-08-16,GO,4.0,Centro-Oeste,Brasil
2015-08-23,GO,4.0,Centro-Oeste,Brasil
2015-08-30,GO,1.0,Centro-Oeste,Brasil
2015-09-06,GO,1.0,Centro-Oeste,Brasil
2015-09-13,GO,1.0,Centro-Oeste,Brasil
2015-09-20,GO,1.0,Centro-Oeste,Brasil
2015-09-27,GO,3.0,Centro-Oeste,Brasil
2015-10-04,GO,3.0,Centro-Oeste,Brasil
2015-10-11,GO,2.0,Centro-Oeste,Brasil
2015-10-18,GO,2.0,Centro-Oeste,Brasil
2015-10-25,GO,1.0,Centro-Oeste,Brasil
2015-11-01,GO,1.0,Centro-Oeste,Brasil
2015-11-08,GO,1.0,Centro-Oeste,Brasil
2015-11-15,GO,1.0,Centro-Oeste,Brasil
2015-11-22,GO,1.0,Centro-Oeste,Brasil
2015-11-29,GO,1.0,Centro-Oeste,Brasil
2015-12-06,GO,2.0,Centro-Oeste,Brasil
2015-12-13,GO,3.0,Centro-Oeste,Brasil
2015-12-20,GO,3.0,Centro-Oeste,Brasil
2015-12-27,GO,1.0,Centro-Oeste,Brasil
2016-01-03,GO,1.0,Centro-Oeste,Brasil
2016-01-10,GO,7.0,Centro-Oeste,Brasil
2016-01-17,GO,7.0,Centro-Oeste,Brasil
2016-01-24,GO,7.0,Centro-Oeste,Brasil
2016-01-31,GO,8.0,Centro-Oeste,Brasil
2016-02-07,GO,15.0,Centro-Oeste,Brasil
2016-02-14,GO,13.0,Centro-Oeste,Brasil
2016-02-21,GO,26.0,Centro-Oeste,Brasil
2016-02-28,GO,31.0,Centro-Oeste,Brasil
2016-03-06,GO,22.0,Centro-Oeste,Brasil
2016-03-13,GO,30.0,Centro-Oeste,Brasil
2016-03-20,GO,20.0,Centro-Oeste,Brasil
2016-03-27,GO,25.0,Centro-Oeste,Brasil
2016-04-03,GO,29.0,Centro-Oeste,Brasil
2016-04-10,GO,27.0,Centro-Oeste,Brasil
2016-04-17,GO,28.0,Centro-Oeste,Brasil
2016-04-24,GO,18.0,Centro-Oeste,Brasil
2016-05-01,GO,22.0,Centro-Oeste,Brasil
2016-05-08,GO,9.0,Centro-Oeste,Brasil
2016-05-15,GO,15.0,Centro-Oeste,Brasil
2016-05-22,GO,14.0,Centro-Oeste,Brasil
2016-05-29,GO,13.0,Centro-Oeste,Brasil
2016-06-05,GO,16.0,Centro-Oeste,Brasil
2016-06-12,GO,16.0,Centro-Oeste,Brasil
2016-06-19,GO,6.0,Centro-Oeste,Brasil
2016-06-26,GO,10.0,Centro-Oeste,Brasil
2016-07-03,GO,10.0,Centro-Oeste,Brasil
2016-07-10,GO,4.0,Centro-Oeste,Brasil
2016-07-17,GO,8.0,Centro-Oeste,Brasil
2016-07-24,GO,7.0,Centro-Oeste,Brasil
2016-07-31,GO,3.0,Centro-Oeste,Brasil
2016-08-07,GO,4.0,Centro-Oeste,Brasil
2016-08-14,GO,3.0,Centro-Oeste,Brasil
2016-08-21,GO,5.0,Centro-Oeste,Brasil
2016-08-28,GO,1.0,Centro-Oeste,Brasil
2016-09-04,GO,1.0,Centro-Oeste,Brasil
2016-09-11,GO,2.0,Centro-Oeste,Brasil
2016-09-18,GO,2.0,Centro-Oeste,Brasil
2016-09-25,GO,2.0,Centro-Oeste,Brasil
2016-10-02,GO,1.0,Centro-Oeste,Brasil
2016-10-09,GO,1.0,Centro-Oeste,Brasil
2016-10-16,GO,1.0,Centro-Oeste,Brasil
2016-10-23,GO,2.0,Centro-Oeste,Brasil
2016-10-30,GO,1.0,Centro-Oeste,Brasil
2016-11-06,GO,4.0,Centro-Oeste,Brasil
2016-11-13,GO,2.0,Centro-Oeste,Brasil
2016-11-20,GO,3.0,Centro-Oeste,Brasil
2016-11-27,GO,2.0,Centro-Oeste,Brasil
2016-12-04,GO,7.0,Centro-Oeste,Brasil
2016-12-11,GO,9.0,Centro-Oeste,Brasil
2016-12-18,GO,10.0,Centro-Oeste,Brasil
2016-12-25,GO,8.0,Centro-Oeste,Brasil
2017-01-01,GO,3.0,Centro-Oeste,Brasil
2017-01-08,GO,7.0,Centro-Oeste,Brasil
2017-01-15,GO,10.0,Centro-Oeste,Brasil
2017-01-22,GO,10.0,Centro-Oeste,Brasil
2017-01-29,GO,28.0,Centro-Oeste,Brasil
2017-02-05,GO,15.0,Centro-Oeste,Brasil
2017-02-12,GO,31.0,Centro-Oeste,Brasil
2017-02-19,GO,20.0,Centro-Oeste,Brasil
2017-02-26,GO,19.0,Centro-Oeste,Brasil
2017-03-05,GO,15.0,Centro-Oeste,Brasil
2017-03-12,GO,17.0,Centro-Oeste,Brasil
2017-03-19,GO,29.0,Centro-Oeste,Brasil
2017-03-26,GO,28.0,Centro-Oeste,Brasil
2017-04-02,GO,24.0,Centro-Oeste,Brasil
2017-04-09,GO,18.0,Centro-Oeste,Brasil
2017-04-16,GO,12.0,Centro-Oeste,Brasil
2017-04-23,GO,15.0,Centro-Oeste,Brasil
2017-04-30,GO,19.0,Centro-Oeste,Brasil
2017-05-07,GO,27.0,Centro-Oeste,Brasil
2017-05-14,GO,20.0,Centro-Oeste,Brasil
2017-05-21,GO,30.0,Centro-Oeste,Brasil
2017-05-28,GO,35.0,Centro-Oeste,Brasil
2017-06-04,GO,19.0,Centro-Oeste,Brasil
2017-06-11,GO,16.0,Centro-Oeste,Brasil
2017-06-18,GO,6.0,Centro-Oeste,Brasil
2017-06-25,GO,8.0,Centro-Oeste,Brasil
2017-07-02,GO,7.0,Centro-Oeste,Brasil
2017-07-09,GO,6.0,Centro-Oeste,Brasil
2017-07-16,GO,8.0,Centro-Oeste,Brasil
2017-07-23,GO,8.0,Centro-Oeste,Brasil
2017-07-30,GO,5.0,Centro-Oeste,Brasil
2017-08-06,GO,4.0,Centro-Oeste,Brasil
2017-08-13,GO,7.0,Centro-Oeste,Brasil
2017-08-20,GO,6.0,Centro-Oeste,Brasil
2017-08-27,GO,5.0,Centro-Oeste,Brasil
2017-09-03,GO,4.0,Centro-Oeste,Brasil
2017-09-10,GO,4.0,Centro-Oeste,Brasil
2017-09-17,GO,5.0,Centro-Oeste,Brasil
2017-09-24,GO,4.0,Centro-Oeste,Brasil
2017-10-01,GO,5.0,Centro-Oeste,Brasil
2017-10-08,GO,6.0,Centro-Oeste,Brasil
2017-10-15,GO,1.0,Centro-Oeste,Brasil
2017-10-22,GO,9.0,Centro-Oeste,Brasil
2017-10-29,GO,8.0,Centro-Oeste,Brasil
2017-11-05,GO,1.0,Centro-Oeste,Brasil
2017-11-12,GO,5.0,Centro-Oeste,Brasil
2017-11-19,GO,4.0,Centro-Oeste,Brasil
2017-11-26,GO,9.0,Centro-Oeste,Brasil
2017-12-03,GO,9.0,Centro-Oeste,Brasil
2017-12-10,GO,4.0,Centro-Oeste,Brasil
2017-12-17,GO,6.0,Centro-Oeste,Brasil
2017-12-24,GO,9.0,Centro-Oeste,Brasil
2017-12-31,GO,4.0,Centro-Oeste,Brasil
2018-01-07,GO,6.0,Centro-Oeste,Brasil
2018-01-14,GO,10.0,Centro-Oeste,Brasil
2018-01-21,GO,8.0,Centro-Oeste,Brasil
2018-01-28,GO,13.0,Centro-Oeste,Brasil
2018-02-04,GO,19.0,Centro-Oeste,Brasil
2018-02-11,GO,24.0,Centro-Oeste,Brasil
2018-02-18,GO,21.0,Centro-Oeste,Brasil
2018-02-25,GO,22.0,Centro-Oeste,Brasil
2018-03-04,GO,17.0,Centro-Oeste,Brasil
2018-03-11,GO,12.0,Centro-Oeste,Brasil
2018-03-18,GO,17.0,Centro-Oeste,Brasil
2018-03-25,GO,25.0,Centro-Oeste,Brasil
2018-04-01,GO,9.0,Centro-Oeste,Brasil
2018-04-08,GO,18.0,Centro-Oeste,Brasil
2018-04-15,GO,9.0,Centro-Oeste,Brasil
2018-04-22,GO,18.0,Centro-Oeste,Brasil
2018-04-29,GO,13.0,Centro-Oeste,Brasil
2018-05-06,GO,14.0,Centro-Oeste,Brasil
2018-05-13,GO,16.0,Centro-Oeste,Brasil
2018-05-20,GO,11.0,Centro-Oeste,Brasil
2018-05-27,GO,13.0,Centro-Oeste,Brasil
2018-06-03,GO,10.0,Centro-Oeste,Brasil
2018-06-10,GO,13.0,Centro-Oeste,Brasil
2018-06-17,GO,8.0,Centro-Oeste,Brasil
2018-06-24,GO,5.0,Centro-Oeste,Brasil
2018-07-01,GO,5.0,Centro-Oeste,Brasil
2018-07-08,GO,6.0,Centro-Oeste,Brasil
2018-07-15,GO,4.0,Centro-Oeste,Brasil
2018-07-22,GO,3.0,Centro-Oeste,Brasil
2018-07-29,GO,8.0,Centro-Oeste,Brasil
2018-08-05,GO,4.0,Centro-Oeste,Brasil
2018-08-12,GO,4.0,Centro-Oeste,Brasil
2018-08-19,GO,6.0,Centro-Oeste,Brasil
2018-08-26,GO,4.0,Centro-Oeste,Brasil
2018-09-02,GO,2.0,Centro-Oeste,Brasil
2018-09-09,GO,3.0,Centro-Oeste,Brasil
2018-09-16,GO,5.0,Centro-Oeste,Brasil
2018-09-23,GO,1.0,Centro-Oeste,Brasil
2018-09-30,GO,5.0,Centro-Oeste,Brasil
2018-10-07,GO,4.0,Centro-Oeste,Brasil
2018-10-14,GO,3.0,Centro-Oeste,Brasil
2018-10-21,GO,8.0,Centro-Oeste,Brasil
2018-10-28,GO,8.0,Centro-Oeste,Brasil
2018-11-04,GO,6.0,Centro-Oeste,Brasil
2018-11-11,GO,12.0,Centro-Oeste,Brasil
2018-11-18,GO,4.0,Centro-Oeste,Brasil
2018-11-25,GO,5.0,Centro-Oeste,Brasil
2018-12-02,GO,6.0,Centro-Oeste,Brasil
2018-12-09,GO,8.0,Centro-Oeste,Brasil
2018-12-16,GO,14.0,Centro-Oeste,Brasil
2018-12-23,GO,7.0,Centro-Oeste,Brasil
2018-12-30,GO,7.0,Centro-Oeste,Brasil
2019-01-06,GO,2.0,Centro-Oeste,Brasil
2019-01-13,GO,7.0,Centro-Oeste,Brasil
2019-01-20,GO,4.0,Centro-Oeste,Brasil
2019-01-27,GO,4.0,Centro-Oeste,Brasil
2019-02-03,GO,10.0,Centro-Oeste,Brasil
2019-02-10,GO,11.0,Centro-Oeste,Brasil
2019-02-17,GO,9.0,Centro-Oeste,Brasil
2019-02-24,GO,15.0,Centro-Oeste,Brasil
2019-03-03,GO,10.0,Centro-Oeste,Brasil
2019-03-10,GO,11.0,Centro-Oeste,Brasil
2019-03-17,GO,11.0,Centro-Oeste,Brasil
2019-03-24,GO,15.0,Centro-Oeste,Brasil
2019-03-31,GO,16.0,Centro-Oeste,Brasil
2019-04-07,GO,8.0,Centro-Oeste,Brasil
2019-04-14,GO,20.0,Centro-Oeste,Brasil
2019-04-21,GO,10.0,Centro-Oeste,Brasil
2019-04-28,GO,19.0,Centro-Oeste,Brasil
2019-05-05,GO,11.0,Centro-Oeste,Brasil
2019-05-12,GO,25.0,Centro-Oeste,Brasil
2019-05-19,GO,12.0,Centro-Oeste,Brasil
2019-05-26,GO,16.0,Centro-Oeste,Brasil
2019-06-02,GO,9.0,Centro-Oeste,Brasil
2019-06-09,GO,6.0,Centro-Oeste,Brasil
2019-06-16,GO,9.0,Centro-Oeste,Brasil
2019-06-23,GO,6.0,Centro-Oeste,Brasil
2019-06-30,GO,5.0,Centro-Oeste,Brasil
2019-07-07,GO,6.0,Centro-Oeste,Brasil
2019-07-14,GO,5.0,Centro-Oeste,Brasil
2019-07-21,GO,5.0,Centro-Oeste,Brasil
2019-07-28,GO,5.0,Centro-Oeste,Brasil
2019-08-04,GO,4.0,Centro-Oeste,Brasil
2019-08-11,GO,2.0,Centro-Oeste,Brasil
2019-08-18,GO,1.0,Centro-Oeste,Brasil
2019-08-25,GO,1.0,Centro-Oeste,Brasil
2019-09-01,GO,2.0,Centro-Oeste,Brasil
2019-09-08,GO,1.0,Centro-Oeste,Brasil
2019-09-15,GO,1.0,Centro-Oeste,Brasil
2019-09-22,GO,2.0,Centro-Oeste,Brasil
2019-09-29,GO,2.0,Centro-Oeste,Brasil
2019-10-06,GO,2.0,Centro-Oeste,Brasil
2019-10-13,GO,2.0,Centro-Oeste,Brasil
2019-10-20,GO,2.0,Centro-Oeste,Brasil
2019-10-27,GO,2.0,Centro-Oeste,Brasil
2019-11-03,GO,3.0,Centro-Oeste,Brasil
2019-11-10,GO,3.0,Centro-Oeste,Brasil
2019-11-17,GO,1.0,Centro-Oeste,Brasil
2019-11-24,GO,7.0,Centro-Oeste,Brasil
2019-12-01,GO,1.0,Centro-Oeste,Brasil
2019-12-08,GO,1.0,Centro-Oeste,Brasil
2019-12-15,GO,3.0,Centro-Oeste,Brasil
2019-12-22,GO,2.0,Centro-Oeste,Brasil
2019-12-29,GO,2.0,Centro-Oeste,Brasil
2020-01-05,GO,2.0,Centro-Oeste,Brasil
2020-01-12,GO,9.0,Centro-Oeste,Brasil
2020-01-19,GO,3.0,Centro-Oeste,Brasil
2020-01-26,GO,7.0,Centro-Oeste,Brasil
2020-02-02,GO,1.0,Centro-Oeste,Brasil
2020-02-09,GO,3.0,Centro-Oeste,Brasil
2020-02-16,GO,4.0,Centro-Oeste,Brasil
2020-02-23,GO,6.0,Centro-Oeste,Brasil
2020-03-01,GO,4.0,Centro-Oeste,Brasil
2020-03-08,GO,10.0,Centro-Oeste,Brasil
2020-03-15,GO,9.0,Centro-Oeste,Brasil
2020-03-22,GO,7.0,Centro-Oeste,Brasil
2020-03-29,GO,2.0,Centro-Oeste,Brasil
2020-04-05,GO,5.0,Centro-Oeste,Brasil
2020-04-12,GO,4.0,Centro-Oeste,Brasil
2020-04-19,GO,1.0,Centro-Oeste,Brasil
2020-04-26,GO,9.0,Centro-Oeste,Brasil
2020-05-03,GO,9.0,Centro-Oeste,Brasil
2020-05-10,GO,10.0,Centro-Oeste,Brasil
2020-05-17,GO,4.0,Centro-Oeste,Brasil
2020-05-24,GO,7.0,Centro-Oeste,Brasil
2020-05-31,GO,12.0,Centro-Oeste,Brasil
2020-06-07,GO,3.0,Centro-Oeste,Brasil
2020-06-14,GO,2.0,Centro-Oeste,Brasil
2020-06-21,GO,3.0,Centro-Oeste,Brasil
2020-06-28,GO,3.0,Centro-Oeste,Brasil
2020-07-05,GO,1.0,Centro-Oeste,Brasil
2020-07-12,GO,7.0,Centro-Oeste,Brasil
2020-07-19,GO,3.0,Centro-Oeste,Brasil
2020-07-26,GO,3.0,Centro-Oeste,Brasil
2020-08-02,GO,4.0,Centro-Oeste,Brasil
2020-08-09,GO,2.0,Centro-Oeste,Brasil
2020-08-16,GO,3.0,Centro-Oeste,Brasil
2020-08-23,GO,3.0,Centro-Oeste,Brasil
2020-08-30,GO,5.0,Centro-Oeste,Brasil
2020-09-06,GO,3.0,Centro-Oeste,Brasil
2020-09-13,GO,3.0,Centro-Oeste,Brasil
2020-09-20,GO,3.0,Centro-Oeste,Brasil
2020-09-27,GO,1.0,Centro-Oeste,Brasil
2020-10-04,GO,2.0,Centro-Oeste,Brasil
2020-10-11,GO,2.0,Centro-Oeste,Brasil
2020-10-18,GO,2.0,Centro-Oeste,Brasil
2020-10-25,GO,2.0,Centro-Oeste,Brasil
2020-11-01,GO,2.0,Centro-Oeste,Brasil
2020-11-08,GO,2.0,Centro-Oeste,Brasil
2020-11-15,GO,2.0,Centro-Oeste,Brasil
2020-11-22,GO,1.0,Centro-Oeste,Brasil
2020-11-29,GO,1.0,Centro-Oeste,Brasil
2020-12-06,GO,2.0,Centro-Oeste,Brasil
2020-12-13,GO,2.0,Centro-Oeste,Brasil
2020-12-20,GO,2.0,Centro-Oeste,Brasil
2020-12-27,GO,2.0,Centro-Oeste,Brasil
2021-01-03,GO,2.0,Centro-Oeste,Brasil
2021-01-10,GO,2.0,Centro-Oeste,Brasil
2021-01-17,GO,2.0,Centro-Oeste,Brasil
2021-01-24,GO,3.0,Centro-Oeste,Brasil
2021-01-31,GO,3.0,Centro-Oeste,Brasil
2021-02-07,GO,5.0,Centro-Oeste,Brasil
2021-02-14,GO,4.0,Centro-Oeste,Brasil
2021-02-21,GO,5.0,Centro-Oeste,Brasil
2021-02-28,GO,3.0,Centro-Oeste,Brasil
2021-03-07,GO,6.0,Centro-Oeste,Brasil
2021-03-14,GO,7.0,Centro-Oeste,Brasil
2021-03-21,GO,4.0,Centro-Oeste,Brasil
2021-03-28,GO,14.0,Centro-Oeste,Brasil
2021-04-04,GO,12.0,Centro-Oeste,Brasil
2021-04-11,GO,21.0,Centro-Oeste,Brasil
2021-04-18,GO,29.0,Centro-Oeste,Brasil
2021-04-25,GO,25.0,Centro-Oeste,Brasil
2021-05-02,GO,37.0,Centro-Oeste,Brasil
2021-05-09,GO,42.0,Centro-Oeste,Brasil
2021-05-16,GO,32.0,Centro-Oeste,Brasil
2021-05-23,GO,42.0,Centro-Oeste,Brasil
2021-05-30,GO,60.0,Centro-Oeste,Brasil
2021-06-06,GO,40.0,Centro-Oeste,Brasil
2021-06-13,GO,52.0,Centro-Oeste,Brasil
2021-06-20,GO,34.0,Centro-Oeste,Brasil
2021-06-27,GO,34.0,Centro-Oeste,Brasil
2021-07-04,GO,32.0,Centro-Oeste,Brasil
2021-07-11,GO,33.0,Centro-Oeste,Brasil
2021-07-18,GO,12.0,Centro-Oeste,Brasil
2021-07-25,GO,18.0,Centro-Oeste,Brasil
2021-08-01,GO,17.0,Centro-Oeste,Brasil
2021-08-08,GO,13.0,Centro-Oeste,Brasil
2021-08-15,GO,13.0,Centro-Oeste,Brasil
2021-08-22,GO,12.0,Centro-Oeste,Brasil
2021-08-29,GO,8.0,Centro-Oeste,Brasil
2021-09-05,GO,7.0,Centro-Oeste,Brasil
2021-09-12,GO,6.0,Centro-Oeste,Brasil
2021-09-19,GO,4.0,Centro-Oeste,Brasil
2021-09-26,GO,10.0,Centro-Oeste,Brasil
2021-10-03,GO,4.0,Centro-Oeste,Brasil
2021-10-10,GO,4.0,Centro-Oeste,Brasil
2021-10-17,GO,4.0,Centro-Oeste,Brasil
2021-10-24,GO,12.0,Centro-Oeste,Brasil
2021-10-31,GO,5.0,Centro-Oeste,Brasil
2021-11-07,GO,2.0,Centro-Oeste,Brasil
2021-11-14,GO,9.0,Centro-Oeste,Brasil
2021-11-21,GO,16.0,Centro-Oeste,Brasil
2021-11-28,GO,19.0,Centro-Oeste,Brasil
2021-12-05,GO,27.0,Centro-Oeste,Brasil
2021-12-12,GO,47.0,Centro-Oeste,Brasil
2021-12-19,GO,70.0,Centro-Oeste,Brasil
2021-12-26,GO,56.0,Centro-Oeste,Brasil
2022-01-02,GO,64.0,Centro-Oeste,Brasil
2022-01-09,GO,20.0,Centro-Oeste,Brasil
2022-01-16,GO,67.0,Centro-Oeste,Brasil
2022-01-23,GO,137.0,Centro-Oeste,Brasil
2022-01-30,GO,127.0,Centro-Oeste,Brasil
2022-02-06,GO,169.0,Centro-Oeste,Brasil
2022-02-13,GO,188.0,Centro-Oeste,Brasil
2022-02-20,GO,220.0,Centro-Oeste,Brasil
2022-02-27,GO,202.0,Centro-Oeste,Brasil
2022-03-06,GO,229.0,Centro-Oeste,Brasil
2022-03-13,GO,217.0,Centro-Oeste,Brasil
2022-03-20,GO,263.0,Centro-Oeste,Brasil
2022-03-27,GO,275.0,Centro-Oeste,Brasil
2022-04-03,GO,269.0,Centro-Oeste,Brasil
2022-04-10,GO,226.0,Centro-Oeste,Brasil
2022-04-17,GO,201.0,Centro-Oeste,Brasil
2022-04-24,GO,206.0,Centro-Oeste,Brasil
2022-05-01,GO,269.0,Centro-Oeste,Brasil
2022-05-08,GO,244.0,Centro-Oeste,Brasil
2022-05-15,GO,273.0,Centro-Oeste,Brasil
2022-05-22,GO,222.0,Centro-Oeste,Brasil
2022-05-29,GO,172.0,Centro-Oeste,Brasil
2022-06-05,GO,163.0,Centro-Oeste,Brasil
2022-06-12,GO,176.0,Centro-Oeste,Brasil
2022-06-19,GO,93.0,Centro-Oeste,Brasil
2022-06-26,GO,124.0,Centro-Oeste,Brasil
2022-07-03,GO,81.0,Centro-Oeste,Brasil
2022-07-10,GO,58.0,Centro-Oeste,Brasil
2022-07-17,GO,60.0,Centro-Oeste,Brasil
2022-07-24,GO,44.0,Centro-Oeste,Brasil
2022-07-31,GO,49.0,Centro-Oeste,Brasil
2022-08-07,GO,56.0,Centro-Oeste,Brasil
2022-08-14,GO,114.0,Centro-Oeste,Brasil
2022-08-21,GO,50.0,Centro-Oeste,Brasil
2022-08-28,GO,32.0,Centro-Oeste,Brasil
2022-09-04,GO,47.0,Centro-Oeste,Brasil
2022-09-11,GO,27.0,Centro-Oeste,Brasil
2022-09-18,GO,44.0,Centro-Oeste,Brasil
2022-09-25,GO,65.0,Centro-Oeste,Brasil
2022-10-02,GO,37.0,Centro-Oeste,Brasil
2022-10-09,GO,82.0,Centro-Oeste,Brasil
2022-10-16,GO,40.0,Centro-Oeste,Brasil
2022-10-23,GO,62.0,Centro-Oeste,Brasil
2022-10-30,GO,50.0,Centro-Oeste,Brasil
2022-11-06,GO,46.0,Centro-Oeste,Brasil
2022-11-13,GO,48.0,Centro-Oeste,Brasil
2022-11-20,GO,41.0,Centro-Oeste,Brasil
2022-11-27,GO,21.0,Centro-Oeste,Brasil
2022-12-04,GO,25.0,Centro-Oeste,Brasil
2022-12-11,GO,30.0,Centro-Oeste,Brasil
2022-12-18,GO,21.0,Centro-Oeste,Brasil
2022-12-25,GO,22.0,Centro-Oeste,Brasil
2023-01-01,GO,11.0,Centro-Oeste,Brasil
2023-01-08,GO,6.0,Centro-Oeste,Brasil
2023-01-15,GO,23.0,Centro-Oeste,Brasil
2023-01-22,GO,41.0,Centro-Oeste,Brasil
2023-01-29,GO,40.0,Centro-Oeste,Brasil
2023-02-05,GO,55.0,Centro-Oeste,Brasil
2023-02-12,GO,53.0,Centro-Oeste,Brasil
2023-02-19,GO,86.0,Centro-Oeste,Brasil
2023-02-26,GO,61.0,Centro-Oeste,Brasil
2023-03-05,GO,102.0,Centro-Oeste,Brasil
2023-03-12,GO,56.0,Centro-Oeste,Brasil
2023-03-19,GO,74.0,Centro-Oeste,Brasil
2023-03-26,GO,84.0,Centro-Oeste,Brasil
2023-04-02,GO,117.0,Centro-Oeste,Brasil
2023-04-09,GO,95.0,Centro-Oeste,Brasil
2023-04-16,GO,101.0,Centro-Oeste,Brasil
2023-04-23,GO,152.0,Centro-Oeste,Brasil
2023-04-30,GO,146.0,Centro-Oeste,Brasil
2023-05-07,GO,145.0,Centro-Oeste,Brasil
2023-05-14,GO,146.0,Centro-Oeste,Brasil
2023-05-21,GO,129.0,Centro-Oeste,Brasil
2023-05-28,GO,163.0,Centro-Oeste,Brasil
2023-06-04,GO,122.0,Centro-Oeste,Brasil
2023-06-11,GO,107.0,Centro-Oeste,Brasil
2023-06-18,GO,114.0,Centro-Oeste,Brasil
2023-06-25,GO,105.0,Centro-Oeste,Brasil
2023-07-02,GO,97.0,Centro-Oeste,Brasil
2023-07-09,GO,84.0,Centro-Oeste,Brasil
2023-07-16,GO,67.0,Centro-Oeste,Brasil
2023-07-23,GO,65.0,Centro-Oeste,Brasil
2023-07-30,GO,51.0,Centro-Oeste,Brasil
2023-08-06,GO,61.0,Centro-Oeste,Brasil
2023-08-13,GO,49.0,Centro-Oeste,Brasil
2023-08-20,GO,23.0,Centro-Oeste,Brasil
2023-08-27,GO,36.0,Centro-Oeste,Brasil
2023-09-03,GO,32.0,Centro-Oeste,Brasil
2023-09-10,GO,28.0,Centro-Oeste,Brasil
2023-09-17,GO,41.0,Centro-Oeste,Brasil
2023-09-24,GO,42.0,Centro-Oeste,Brasil
2023-10-01,GO,34.0,Centro-Oeste,Brasil
2023-10-08,GO,21.0,Centro-Oeste,Brasil
2023-10-15,GO,16.0,Centro-Oeste,Brasil
2023-10-22,GO,31.0,Centro-Oeste,Brasil
2023-10-29,GO,24.0,Centro-Oeste,Brasil
2023-11-05,GO,12.0,Centro-Oeste,Brasil
2023-11-12,GO,34.0,Centro-Oeste,Brasil
2023-11-19,GO,39.0,Centro-Oeste,Brasil
2023-11-26,GO,51.0,Centro-Oeste,Brasil
2023-12-03,GO,51.0,Centro-Oeste,Brasil
2023-12-10,GO,66.0,Centro-Oeste,Brasil
2023-12-17,GO,230.0,Centro-Oeste,Brasil
2023-12-24,GO,208.0,Centro-Oeste,Brasil
2023-12-31,GO,183.0,Centro-Oeste,Brasil
2024-01-07,GO,162.0,Centro-Oeste,Brasil
2024-01-14,GO,287.0,Centro-Oeste,Brasil
2024-01-21,GO,374.0,Centro-Oeste,Brasil
2024-01-28,GO,453.0,Centro-Oeste,Brasil
2024-02-04,GO,472.0,Centro-Oeste,Brasil
2024-02-11,GO,501.0,Centro-Oeste,Brasil
2024-02-18,GO,493.0,Centro-Oeste,Brasil
2024-02-25,GO,638.0,Centro-Oeste,Brasil
2024-03-03,GO,584.0,Centro-Oeste,Brasil
2024-03-10,GO,594.0,Centro-Oeste,Brasil
2024-03-17,GO,727.0,Centro-Oeste,Brasil
2024-03-24,GO,645.0,Centro-Oeste,Brasil
2024-03-31,GO,464.0,Centro-Oeste,Brasil
2024-04-07,GO,542.0,Centro-Oeste,Brasil
2024-04-14,GO,670.0,Centro-Oeste,Brasil
2024-04-21,GO,685.0,Centro-Oeste,Brasil
2024-04-28,GO,637.0,Centro-Oeste,Brasil
2024-05-05,GO,552.0,Centro-Oeste,Brasil
2024-05-12,GO,654.0,Centro-Oeste,Brasil
2024-05-19,GO,665.0,Centro-Oeste,Brasil
2024-05-26,GO,569.0,Centro-Oeste,Brasil
2024-06-02,GO,343.0,Centro-Oeste,Brasil
2024-06-09,GO,451.0,Centro-Oeste,Brasil
2024-06-16,GO,337.0,Centro-Oeste,Brasil
2024-06-23,GO,276.0,Centro-Oeste,Brasil
2024-06-30,GO,234.0,Centro-Oeste,Brasil
2024-07-07,GO,140.0,Centro-Oeste,Brasil
2024-07-14,GO,105.0,Centro-Oeste,Brasil
2024-07-21,GO,119.0,Centro-Oeste,Brasil
2024-07-28,GO,101.0,Centro-Oeste,Brasil
2024-08-04,GO,59.0,Centro-Oeste,Brasil
2024-08-11,GO,55.0,Centro-Oeste,Brasil
2024-08-18,GO,48.0,Centro-Oeste,Brasil
2024-08-25,GO,67.0,Centro-Oeste,Brasil
2024-09-01,GO,41.0,Centro-Oeste,Brasil
2024-09-08,GO,49.0,Centro-Oeste,Brasil
2024-09-15,GO,55.0,Centro-Oeste,Brasil
2024-09-22,GO,51.0,Centro-Oeste,Brasil
2024-09-29,GO,37.0,Centro-Oeste,Brasil
2024-10-06,GO,33.0,Centro-Oeste,Brasil
2024-10-13,GO,35.0,Centro-Oeste,Brasil
2024-10-20,GO,25.0,Centro-Oeste,Brasil
2024-10-27,GO,30.0,Centro-Oeste,Brasil
2024-11-03,GO,31.0,Centro-Oeste,Brasil
2024-11-10,GO,43.0,Centro-Oeste,Brasil
2024-11-17,GO,32.0,Centro-Oeste,Brasil
2024-11-24,GO,51.0,Centro-Oeste,Brasil
2024-12-01,GO,54.0,Centro-Oeste,Brasil
2024-12-08,GO,60.0,Centro-Oeste,Brasil
2024-12-15,GO,45.0,Centro-Oeste,Brasil
2024-12-22,GO,54.0,Centro-Oeste,Brasil
2024-12-29,GO,27.0,Centro-Oeste,Brasil
2025-01-05,GO,19.0,Centro-Oeste,Brasil
2025-01-12,GO,59.0,Centro-Oeste,Brasil
2025-01-19,GO,79.0,Centro-Oeste,Brasil
2025-01-26,GO,94.0,Centro-Oeste,Brasil
2025-02-02,GO,98.0,Centro-Oeste,Brasil
2025-02-09,GO,80.0,Centro-Oeste,Brasil
2025-02-16,GO,93.0,Centro-Oeste,Brasil
2025-02-23,GO,67.0,Centro-Oeste,Brasil
2025-03-02,GO,86.0,Centro-Oeste,Brasil
2025-03-09,GO,73.0,Centro-Oeste,Brasil
2025-03-16,GO,70.0,Centro-Oeste,Brasil
2025-03-23,GO,81.0,Centro-Oeste,Brasil
2025-03-30,GO,88.0,Centro-Oeste,Brasil
2025-04-06,GO,119.0,Centro-Oeste,Brasil
2025-04-13,GO,103.0,Centro-Oeste,Brasil
2025-04-20,GO,58.0,Centro-Oeste,Brasil
2025-04-27,GO,144.0,Centro-Oeste,Brasil
2025-05-04,GO,81.0,Centro-Oeste,Brasil
2025-05-11,GO,152.0,Centro-Oeste,Brasil
2025-05-18,GO,148.0,Centro-Oeste,Brasil
2025-05-25,GO,146.0,Centro-Oeste,Brasil
2025-06-01,GO,125.0,Centro-Oeste,Brasil
2025-06-08,GO,130.0,Centro-Oeste,Brasil
2025-06-15,GO,127.0,Centro-Oeste,Brasil
2025-06-22,GO,69.0,Centro-Oeste,Brasil
2025-06-29,GO,96.0,Centro-Oeste,Brasil
2025-07-06,GO,80.0,Centro-Oeste,Brasil
2025-07-13,GO,42.0,Centro-Oeste,Brasil
2025-07-20,GO,63.0,Centro-Oeste,Brasil
2025-07-27,GO,53.0,Centro-Oeste,Brasil
2025-08-03,GO,42.0,Centro-Oeste,Brasil
2025-08-10,GO,23.0,Centro-Oeste,Brasil
2025-08-17,GO,27.0,Centro-Oeste,Brasil
2025-08-24,GO,24.0,Centro-Oeste,Brasil
2025-08-31,GO,41.0,Centro-Oeste,Brasil
2025-09-07,GO,26.0,Centro-Oeste,Brasil
2025-09-14,GO,25.0,Centro-Oeste,Brasil
2025-09-21,GO,27.0,Centro-Oeste,Brasil
2025-09-28,GO,28.0,Centro-Oeste,Brasil
2025-10-05,GO,16.0,Centro-Oeste,Brasil
2025-10-12,GO,11.0,Centro-Oeste,Brasil
2025-10-19,GO,32.0,Centro-Oeste,Brasil
2025-10-26,GO,21.0,Centro-Oeste,Brasil
2025-11-02,GO,22.0,Centro-Oeste,Brasil
2025-11-09,GO,32.0,Centro-Oeste,Brasil
2025-11-16,GO,23.0,Centro-Oeste,Brasil
2025-11-23,GO,26.0,Centro-Oeste,Brasil
2025-11-30,GO,27.0,Centro-Oeste,Brasil
2025-12-07,GO,63.0,Centro-Oeste,Brasil
2025-12-14,GO,49.0,Centro-Oeste,Brasil
2025-12-21,GO,47.0,Centro-Oeste,Brasil
2025-12-28,GO,19.0,Centro-Oeste,Brasil
2026-01-04,GO,33.0,Centro-Oeste,Brasil
2026-01-11,GO,156.0,Centro-Oeste,Brasil
2026-01-18,GO,376.0,Centro-Oeste,Brasil
2026-01-25,GO,746.0,Centro-Oeste,Brasil
2026-02-01,GO,611.0,Centro-Oeste,Brasil
2026-02-08,GO,661.0,Centro-Oeste,Brasil
2026-02-15,GO,720.0,Centro-Oeste,Brasil
2026-02-22,GO,695.0,Centro-Oeste,Brasil
2026-03-01,GO,720.0,Centro-Oeste,Brasil
2026-03-08,GO,752.0,Centro-Oeste,Brasil
2026-03-15,GO,881.0,Centro-Oeste,Brasil
2026-03-22,GO,782.0,Centro-Oeste,Brasil
2026-03-29,GO,759.0,Centro-Oeste,Brasil
2026-04-05,GO,643.0,Centro-Oeste,Brasil
2026-04-12,GO,798.0,Centro-Oeste,Brasil
2026-04-19,GO,618.0,Centro-Oeste,Brasil
2026-04-26,GO,459.0,Centro-Oeste,Brasil
2026-05-03,GO,463.0,Centro-Oeste,Brasil
2026-05-10,GO,443.0,Centro-Oeste,Brasil
2026-05-17,GO,438.0,Centro-Oeste,Brasil
2026-05-24,GO,349.0,Centro-Oeste,Brasil
2026-05-31,GO,287.0,Centro-Oeste,Brasil
2026-06-07,GO,134.0,Centro-Oeste,Brasil
2026-06-14,GO,149.0,Centro-Oeste,Brasil
2026-06-21,GO,125.0,Centro-Oeste,Brasil
2026-06-28,GO,83.0,Centro-Oeste,Brasil
2026-07-05,GO,119.0,Centro-Oeste,Brasil
2026-07-12,GO,94.0,Centro-Oeste,Brasil
2026-07-19,GO,70.0,Centro-Oeste,Brasil
2026-07-26,GO,76.0,Centro-Oeste,Brasil
2026-08-02,GO,52.0,Centro-Oeste,Brasil
2026-08-09,GO,38.0,Centro-Oeste,Brasil
2026-08-16,GO,36.0,Centro-Oeste,Brasil
2026-08-23,GO,32.0,Centro-Oeste,Brasil
2026-08-30,GO,36.0,Centro-Oeste,Brasil
2026-09-06,GO,21.0,Centro-Oeste,Brasil
2026-09-13,GO,21.0,Centro-Oeste,Brasil
2014-07-06,MA,1.0,Nordeste,Brasil
2014-07-13,MA,1.0,Nordeste,Brasil
2014-07-20,MA,1.0,Nordeste,Brasil
2014-07-27,MA,1.0,Nordeste,Brasil
2014-08-03,MA,1.0,Nordeste,Brasil
2014-08-10,MA,1.0,Nordeste,Brasil
2014-08-17,MA,1.0,Nordeste,Brasil
2014-08-24,MA,1.0,Nordeste,Brasil
2014-08-31,MA,1.0,Nordeste,Brasil
2014-09-07,MA,1.0,Nordeste,Brasil
2014-09-14,MA,1.0,Nordeste,Brasil
2014-09-21,MA,1.0,Nordeste,Brasil
2014-09-28,MA,1.0,Nordeste,Brasil
2014-10-05,MA,1.0,Nordeste,Brasil
2014-10-12,MA,1.0,Nordeste,Brasil
2014-10-19,MA,1.0,Nordeste,Brasil
2014-10-26,MA,1.0,Nordeste,Brasil
2014-11-02,MA,1.0,Nordeste,Brasil
2014-11-09,MA,1.0,Nordeste,Brasil
2014-11-16,MA,1.0,Nordeste,Brasil
2014-11-23,MA,1.0,Nordeste,Brasil
2014-11-30,MA,1.0,Nordeste,Brasil
2014-12-07,MA,1.0,Nordeste,Brasil
2014-12-14,MA,1.0,Nordeste,Brasil
2014-12-21,MA,1.0,Nordeste,Brasil
2014-12-28,MA,1.0,Nordeste,Brasil
2015-01-04,MA,1.0,Nordeste,Brasil
2015-01-11,MA,1.0,Nordeste,Brasil
2015-01-18,MA,17.0,Nordeste,Brasil
2015-01-25,MA,21.0,Nordeste,Brasil
2015-02-01,MA,16.0,Nordeste,Brasil
2015-02-08,MA,4.0,Nordeste,Brasil
2015-02-15,MA,9.0,Nordeste,Brasil
2015-02-22,MA,2.0,Nordeste,Brasil
2015-03-01,MA,2.0,Nordeste,Brasil
2015-03-08,MA,2.0,Nordeste,Brasil
2015-03-15,MA,2.0,Nordeste,Brasil
2015-03-22,MA,1.0,Nordeste,Brasil
2015-03-29,MA,1.0,Nordeste,Brasil
2015-04-05,MA,1.0,Nordeste,Brasil
2015-04-12,MA,1.0,Nordeste,Brasil
2015-04-19,MA,3.0,Nordeste,Brasil
2015-04-26,MA,7.0,Nordeste,Brasil
2015-05-03,MA,6.0,Nordeste,Brasil
2015-05-10,MA,7.0,Nordeste,Brasil
2015-05-17,MA,5.0,Nordeste,Brasil
2015-05-24,MA,3.0,Nordeste,Brasil
2015-05-31,MA,2.0,Nordeste,Brasil
2015-06-07,MA,2.0,Nordeste,Brasil
2015-06-14,MA,4.0,Nordeste,Brasil
2015-06-21,MA,4.0,Nordeste,Brasil
2015-06-28,MA,8.0,Nordeste,Brasil
2015-07-05,MA,8.0,Nordeste,Brasil
2015-07-12,MA,1.0,Nordeste,Brasil
2015-07-19,MA,1.0,Nordeste,Brasil
2015-07-26,MA,3.0,Nordeste,Brasil
2015-08-02,MA,3.0,Nordeste,Brasil
2015-08-09,MA,3.0,Nordeste,Brasil
2015-08-16,MA,1.0,Nordeste,Brasil
2015-08-23,MA,1.0,Nordeste,Brasil
2015-08-30,MA,3.0,Nordeste,Brasil
2015-09-06,MA,2.0,Nordeste,Brasil
2015-09-13,MA,2.0,Nordeste,Brasil
2015-09-20,MA,2.0,Nordeste,Brasil
2015-09-27,MA,2.0,Nordeste,Brasil
2015-10-04,MA,1.0,Nordeste,Brasil
2015-10-11,MA,1.0,Nordeste,Brasil
2015-10-18,MA,7.0,Nordeste,Brasil
2015-10-25,MA,18.0,Nordeste,Brasil
2015-11-01,MA,35.0,Nordeste,Brasil
2015-11-08,MA,53.0,Nordeste,Brasil
2015-11-15,MA,24.0,Nordeste,Brasil
2015-11-22,MA,7.0,Nordeste,Brasil
2015-11-29,MA,25.0,Nordeste,Brasil
2015-12-06,MA,36.0,Nordeste,Brasil
2015-12-13,MA,63.0,Nordeste,Brasil
2015-12-20,MA,65.0,Nordeste,Brasil
2015-12-27,MA,16.0,Nordeste,Brasil
2016-01-03,MA,16.0,Nordeste,Brasil
2016-01-10,MA,15.0,Nordeste,Brasil
2016-01-17,MA,67.0,Nordeste,Brasil
2016-01-24,MA,80.0,Nordeste,Brasil
2016-01-31,MA,123.0,Nordeste,Brasil
2016-02-07,MA,76.0,Nordeste,Brasil
2016-02-14,MA,80.0,Nordeste,Brasil
2016-02-21,MA,153.0,Nordeste,Brasil
2016-02-28,MA,227.0,Nordeste,Brasil
2016-03-06,MA,251.0,Nordeste,Brasil
2016-03-13,MA,359.0,Nordeste,Brasil
2016-03-20,MA,577.0,Nordeste,Brasil
2016-03-27,MA,388.0,Nordeste,Brasil
2016-04-03,MA,796.0,Nordeste,Brasil
2016-04-10,MA,979.0,Nordeste,Brasil
2016-04-17,MA,1189.0,Nordeste,Brasil
2016-04-24,MA,1078.0,Nordeste,Brasil
2016-05-01,MA,1413.0,Nordeste,Brasil
2016-05-08,MA,1436.0,Nordeste,Brasil
2016-05-15,MA,941.0,Nordeste,Brasil
2016-05-22,MA,690.0,Nordeste,Brasil
2016-05-29,MA,364.0,Nordeste,Brasil
2016-06-05,MA,441.0,Nordeste,Brasil
2016-06-12,MA,408.0,Nordeste,Brasil
2016-06-19,MA,343.0,Nordeste,Brasil
2016-06-26,MA,222.0,Nordeste,Brasil
2016-07-03,MA,164.0,Nordeste,Brasil
2016-07-10,MA,135.0,Nordeste,Brasil
2016-07-17,MA,302.0,Nordeste,Brasil
2016-07-24,MA,154.0,Nordeste,Brasil
2016-07-31,MA,56.0,Nordeste,Brasil
2016-08-07,MA,99.0,Nordeste,Brasil
2016-08-14,MA,75.0,Nordeste,Brasil
2016-08-21,MA,85.0,Nordeste,Brasil
2016-08-28,MA,57.0,Nordeste,Brasil
2016-09-04,MA,70.0,Nordeste,Brasil
2016-09-11,MA,27.0,Nordeste,Brasil
2016-09-18,MA,32.0,Nordeste,Brasil
2016-09-25,MA,9.0,Nordeste,Brasil
2016-10-02,MA,3.0,Nordeste,Brasil
2016-10-09,MA,25.0,Nordeste,Brasil
2016-10-16,MA,28.0,Nordeste,Brasil
2016-10-23,MA,61.0,Nordeste,Brasil
2016-10-30,MA,36.0,Nordeste,Brasil
2016-11-06,MA,51.0,Nordeste,Brasil
2016-11-13,MA,63.0,Nordeste,Brasil
2016-11-20,MA,40.0,Nordeste,Brasil
2016-11-27,MA,46.0,Nordeste,Brasil
2016-12-04,MA,44.0,Nordeste,Brasil
2016-12-11,MA,63.0,Nordeste,Brasil
2016-12-18,MA,22.0,Nordeste,Brasil
2016-12-25,MA,27.0,Nordeste,Brasil
2017-01-01,MA,15.0,Nordeste,Brasil
2017-01-08,MA,18.0,Nordeste,Brasil
2017-01-15,MA,46.0,Nordeste,Brasil
2017-01-22,MA,71.0,Nordeste,Brasil
2017-01-29,MA,138.0,Nordeste,Brasil
2017-02-05,MA,204.0,Nordeste,Brasil
2017-02-12,MA,168.0,Nordeste,Brasil
2017-02-19,MA,247.0,Nordeste,Brasil
2017-02-26,MA,310.0,Nordeste,Brasil
2017-03-05,MA,344.0,Nordeste,Brasil
2017-03-12,MA,400.0,Nordeste,Brasil
2017-03-19,MA,452.0,Nordeste,Brasil
2017-03-26,MA,494.0,Nordeste,Brasil
2017-04-02,MA,450.0,Nordeste,Brasil
2017-04-09,MA,400.0,Nordeste,Brasil
2017-04-16,MA,360.0,Nordeste,Brasil
2017-04-23,MA,562.0,Nordeste,Brasil
2017-04-30,MA,372.0,Nordeste,Brasil
2017-05-07,MA,392.0,Nordeste,Brasil
2017-05-14,MA,342.0,Nordeste,Brasil
2017-05-21,MA,273.0,Nordeste,Brasil
2017-05-28,MA,217.0,Nordeste,Brasil
2017-06-04,MA,187.0,Nordeste,Brasil
2017-06-11,MA,176.0,Nordeste,Brasil
2017-06-18,MA,135.0,Nordeste,Brasil
2017-06-25,MA,133.0,Nordeste,Brasil
2017-07-02,MA,82.0,Nordeste,Brasil
2017-07-09,MA,91.0,Nordeste,Brasil
2017-07-16,MA,107.0,Nordeste,Brasil
2017-07-23,MA,77.0,Nordeste,Brasil
2017-07-30,MA,48.0,Nordeste,Brasil
2017-08-06,MA,46.0,Nordeste,Brasil
2017-08-13,MA,50.0,Nordeste,Brasil
2017-08-20,MA,51.0,Nordeste,Brasil
2017-08-27,MA,45.0,Nordeste,Brasil
2017-09-03,MA,48.0,Nordeste,Brasil
2017-09-10,MA,32.0,Nordeste,Brasil
2017-09-17,MA,44.0,Nordeste,Brasil
2017-09-24,MA,28.0,Nordeste,Brasil
2017-10-01,MA,20.0,Nordeste,Brasil
2017-10-08,MA,15.0,Nordeste,Brasil
2017-10-15,MA,17.0,Nordeste,Brasil
2017-10-22,MA,15.0,Nordeste,Brasil
2017-10-29,MA,18.0,Nordeste,Brasil
2017-11-05,MA,14.0,Nordeste,Brasil
2017-11-12,MA,7.0,Nordeste,Brasil
2017-11-19,MA,40.0,Nordeste,Brasil
2017-11-26,MA,21.0,Nordeste,Brasil
2017-12-03,MA,11.0,Nordeste,Brasil
2017-12-10,MA,12.0,Nordeste,Brasil
2017-12-17,MA,9.0,Nordeste,Brasil
2017-12-24,MA,6.0,Nordeste,Brasil
2017-12-31,MA,11.0,Nordeste,Brasil
2018-01-07,MA,13.0,Nordeste,Brasil
2018-01-14,MA,29.0,Nordeste,Brasil
2018-01-21,MA,19.0,Nordeste,Brasil
2018-01-28,MA,39.0,Nordeste,Brasil
2018-02-04,MA,13.0,Nordeste,Brasil
2018-02-11,MA,13.0,Nordeste,Brasil
2018-02-18,MA,6.0,Nordeste,Brasil
2018-02-25,MA,29.0,Nordeste,Brasil
2018-03-04,MA,28.0,Nordeste,Brasil
2018-03-11,MA,17.0,Nordeste,Brasil
2018-03-18,MA,35.0,Nordeste,Brasil
2018-03-25,MA,25.0,Nordeste,Brasil
2018-04-01,MA,34.0,Nordeste,Brasil
2018-04-08,MA,38.0,Nordeste,Brasil
2018-04-15,MA,21.0,Nordeste,Brasil
2018-04-22,MA,22.0,Nordeste,Brasil
2018-04-29,MA,26.0,Nordeste,Brasil
2018-05-06,MA,23.0,Nordeste,Brasil
2018-05-13,MA,115.0,Nordeste,Brasil
2018-05-20,MA,47.0,Nordeste,Brasil
2018-05-27,MA,46.0,Nordeste,Brasil
2018-06-03,MA,9.0,Nordeste,Brasil
2018-06-10,MA,14.0,Nordeste,Brasil
2018-06-17,MA,19.0,Nordeste,Brasil
2018-06-24,MA,13.0,Nordeste,Brasil
2018-07-01,MA,2.0,Nordeste,Brasil
2018-07-08,MA,10.0,Nordeste,Brasil
2018-07-15,MA,12.0,Nordeste,Brasil
2018-07-22,MA,8.0,Nordeste,Brasil
2018-07-29,MA,9.0,Nordeste,Brasil
2018-08-05,MA,8.0,Nordeste,Brasil
2018-08-12,MA,9.0,Nordeste,Brasil
2018-08-19,MA,11.0,Nordeste,Brasil
2018-08-26,MA,15.0,Nordeste,Brasil
2018-09-02,MA,9.0,Nordeste,Brasil
2018-09-09,MA,10.0,Nordeste,Brasil
2018-09-16,MA,12.0,Nordeste,Brasil
2018-09-23,MA,9.0,Nordeste,Brasil
2018-09-30,MA,6.0,Nordeste,Brasil
2018-10-07,MA,1.0,Nordeste,Brasil
2018-10-14,MA,8.0,Nordeste,Brasil
2018-10-21,MA,10.0,Nordeste,Brasil
2018-10-28,MA,1.0,Nordeste,Brasil
2018-11-04,MA,5.0,Nordeste,Brasil
2018-11-11,MA,17.0,Nordeste,Brasil
2018-11-18,MA,5.0,Nordeste,Brasil
2018-11-25,MA,10.0,Nordeste,Brasil
2018-12-02,MA,5.0,Nordeste,Brasil
2018-12-09,MA,5.0,Nordeste,Brasil
2018-12-16,MA,5.0,Nordeste,Brasil
2018-12-23,MA,8.0,Nordeste,Brasil
2018-12-30,MA,6.0,Nordeste,Brasil
2019-01-06,MA,5.0,Nordeste,Brasil
2019-01-13,MA,18.0,Nordeste,Brasil
2019-01-20,MA,23.0,Nordeste,Brasil
2019-01-27,MA,7.0,Nordeste,Brasil
2019-02-03,MA,7.0,Nordeste,Brasil
2019-02-10,MA,11.0,Nordeste,Brasil
2019-02-17,MA,22.0,Nordeste,Brasil
2019-02-24,MA,17.0,Nordeste,Brasil
2019-03-03,MA,32.0,Nordeste,Brasil
2019-03-10,MA,28.0,Nordeste,Brasil
2019-03-17,MA,70.0,Nordeste,Brasil
2019-03-24,MA,71.0,Nordeste,Brasil
2019-03-31,MA,56.0,Nordeste,Brasil
2019-04-07,MA,58.0,Nordeste,Brasil
2019-04-14,MA,58.0,Nordeste,Brasil
2019-04-21,MA,43.0,Nordeste,Brasil
2019-04-28,MA,51.0,Nordeste,Brasil
2019-05-05,MA,39.0,Nordeste,Brasil
2019-05-12,MA,37.0,Nordeste,Brasil
2019-05-19,MA,27.0,Nordeste,Brasil
2019-05-26,MA,34.0,Nordeste,Brasil
2019-06-02,MA,41.0,Nordeste,Brasil
2019-06-09,MA,20.0,Nordeste,Brasil
2019-06-16,MA,15.0,Nordeste,Brasil
2019-06-23,MA,15.0,Nordeste,Brasil
2019-06-30,MA,14.0,Nordeste,Brasil
2019-07-07,MA,10.0,Nordeste,Brasil
2019-07-14,MA,15.0,Nordeste,Brasil
2019-07-21,MA,6.0,Nordeste,Brasil
2019-07-28,MA,10.0,Nordeste,Brasil
2019-08-04,MA,7.0,Nordeste,Brasil
2019-08-11,MA,6.0,Nordeste,Brasil
2019-08-18,MA,11.0,Nordeste,Brasil
2019-08-25,MA,11.0,Nordeste,Brasil
2019-09-01,MA,11.0,Nordeste,Brasil
2019-09-08,MA,4.0,Nordeste,Brasil
2019-09-15,MA,4.0,Nordeste,Brasil
2019-09-22,MA,5.0,Nordeste,Brasil
2019-09-29,MA,5.0,Nordeste,Brasil
2019-10-06,MA,4.0,Nordeste,Brasil
2019-10-13,MA,5.0,Nordeste,Brasil
2019-10-20,MA,7.0,Nordeste,Brasil
2019-10-27,MA,5.0,Nordeste,Brasil
2019-11-03,MA,7.0,Nordeste,Brasil
2019-11-10,MA,4.0,Nordeste,Brasil
2019-11-17,MA,1.0,Nordeste,Brasil
2019-11-24,MA,4.0,Nordeste,Brasil
2019-12-01,MA,4.0,Nordeste,Brasil
2019-12-08,MA,3.0,Nordeste,Brasil
2019-12-15,MA,1.0,Nordeste,Brasil
2019-12-22,MA,4.0,Nordeste,Brasil
2019-12-29,MA,3.0,Nordeste,Brasil
2020-01-05,MA,1.0,Nordeste,Brasil
2020-01-12,MA,4.0,Nordeste,Brasil
2020-01-19,MA,9.0,Nordeste,Brasil
2020-01-26,MA,8.0,Nordeste,Brasil
2020-02-02,MA,4.0,Nordeste,Brasil
2020-02-09,MA,11.0,Nordeste,Brasil
2020-02-16,MA,8.0,Nordeste,Brasil
2020-02-23,MA,11.0,Nordeste,Brasil
2020-03-01,MA,10.0,Nordeste,Brasil
2020-03-08,MA,16.0,Nordeste,Brasil
2020-03-15,MA,10.0,Nordeste,Brasil
2020-03-22,MA,7.0,Nordeste,Brasil
2020-03-29,MA,7.0,Nordeste,Brasil
2020-04-05,MA,5.0,Nordeste,Brasil
2020-04-12,MA,5.0,Nordeste,Brasil
2020-04-19,MA,8.0,Nordeste,Brasil
2020-04-26,MA,13.0,Nordeste,Brasil
2020-05-03,MA,16.0,Nordeste,Brasil
2020-05-10,MA,3.0,Nordeste,Brasil
2020-05-17,MA,1.0,Nordeste,Brasil
2020-05-24,MA,4.0,Nordeste,Brasil
2020-05-31,MA,4.0,Nordeste,Brasil
2020-06-07,MA,5.0,Nordeste,Brasil
2020-06-14,MA,4.0,Nordeste,Brasil
2020-06-21,MA,2.0,Nordeste,Brasil
2020-06-28,MA,3.0,Nordeste,Brasil
2020-07-05,MA,3.0,Nordeste,Brasil
2020-07-12,MA,4.0,Nordeste,Brasil
2020-07-19,MA,1.0,Nordeste,Brasil
2020-07-26,MA,3.0,Nordeste,Brasil
2020-08-02,MA,3.0,Nordeste,Brasil
2020-08-09,MA,3.0,Nordeste,Brasil
2020-08-16,MA,1.0,Nordeste,Brasil
2020-08-23,MA,7.0,Nordeste,Brasil
2020-08-30,MA,6.0,Nordeste,Brasil
2020-09-06,MA,3.0,Nordeste,Brasil
2020-09-13,MA,2.0,Nordeste,Brasil
2020-09-20,MA,1.0,Nordeste,Brasil
2020-09-27,MA,4.0,Nordeste,Brasil
2020-10-04,MA,3.0,Nordeste,Brasil
2020-10-11,MA,3.0,Nordeste,Brasil
2020-10-18,MA,3.0,Nordeste,Brasil
2020-10-25,MA,1.0,Nordeste,Brasil
2020-11-01,MA,1.0,Nordeste,Brasil
2020-11-08,MA,3.0,Nordeste,Brasil
2020-11-15,MA,1.0,Nordeste,Brasil
2020-11-22,MA,1.0,Nordeste,Brasil
2020-11-29,MA,3.0,Nordeste,Brasil
2020-12-06,MA,1.0,Nordeste,Brasil
2020-12-13,MA,3.0,Nordeste,Brasil
2020-12-20,MA,1.0,Nordeste,Brasil
2020-12-27,MA,3.0,Nordeste,Brasil
2021-01-03,MA,3.0,Nordeste,Brasil
2021-01-10,MA,1.0,Nordeste,Brasil
2021-01-17,MA,1.0,Nordeste,Brasil
2021-01-24,MA,7.0,Nordeste,Brasil
2021-01-31,MA,5.0,Nordeste,Brasil
2021-02-07,MA,5.0,Nordeste,Brasil
2021-02-14,MA,2.0,Nordeste,Brasil
2021-02-21,MA,4.0,Nordeste,Brasil
2021-02-28,MA,2.0,Nordeste,Brasil
2021-03-07,MA,1.0,Nordeste,Brasil
2021-03-14,MA,2.0,Nordeste,Brasil
2021-03-21,MA,3.0,Nordeste,Brasil
2021-03-28,MA,3.0,Nordeste,Brasil
2021-04-04,MA,1.0,Nordeste,Brasil
2021-04-11,MA,1.0,Nordeste,Brasil
2021-04-18,MA,2.0,Nordeste,Brasil
2021-04-25,MA,2.0,Nordeste,Brasil
2021-05-02,MA,1.0,Nordeste,Brasil
2021-05-09,MA,3.0,Nordeste,Brasil
2021-05-16,MA,5.0,Nordeste,Brasil
2021-05-23,MA,3.0,Nordeste,Brasil
2021-05-30,MA,2.0,Nordeste,Brasil
2021-06-06,MA,2.0,Nordeste,Brasil
2021-06-13,MA,3.0,Nordeste,Brasil
2021-06-20,MA,4.0,Nordeste,Brasil
2021-06-27,MA,1.0,Nordeste,Brasil
2021-07-04,MA,7.0,Nordeste,Brasil
2021-07-11,MA,5.0,Nordeste,Brasil
2021-07-18,MA,4.0,Nordeste,Brasil
2021-07-25,MA,2.0,Nordeste,Brasil
2021-08-01,MA,5.0,Nordeste,Brasil
2021-08-08,MA,3.0,Nordeste,Brasil
2021-08-15,MA,6.0,Nordeste,Brasil
2021-08-22,MA,4.0,Nordeste,Brasil
2021-08-29,MA,1.0,Nordeste,Brasil
2021-09-05,MA,1.0,Nordeste,Brasil
2021-09-12,MA,2.0,Nordeste,Brasil
2021-09-19,MA,8.0,Nordeste,Brasil
2021-09-26,MA,3.0,Nordeste,Brasil
2021-10-03,MA,5.0,Nordeste,Brasil
2021-10-10,MA,7.0,Nordeste,Brasil
2021-10-17,MA,9.0,Nordeste,Brasil
2021-10-24,MA,7.0,Nordeste,Brasil
2021-10-31,MA,3.0,Nordeste,Brasil
2021-11-07,MA,3.0,Nordeste,Brasil
2021-11-14,MA,5.0,Nordeste,Brasil
2021-11-21,MA,7.0,Nordeste,Brasil
2021-11-28,MA,4.0,Nordeste,Brasil
2021-12-05,MA,9.0,Nordeste,Brasil
2021-12-12,MA,21.0,Nordeste,Brasil
2021-12-19,MA,17.0,Nordeste,Brasil
2021-12-26,MA,42.0,Nordeste,Brasil
2022-01-02,MA,28.0,Nordeste,Brasil
2022-01-09,MA,23.0,Nordeste,Brasil
2022-01-16,MA,42.0,Nordeste,Brasil
2022-01-23,MA,25.0,Nordeste,Brasil
2022-01-30,MA,8.0,Nordeste,Brasil
2022-02-06,MA,15.0,Nordeste,Brasil
2022-02-13,MA,27.0,Nordeste,Brasil
2022-02-20,MA,16.0,Nordeste,Brasil
2022-02-27,MA,21.0,Nordeste,Brasil
2022-03-06,MA,18.0,Nordeste,Brasil
2022-03-13,MA,66.0,Nordeste,Brasil
2022-03-20,MA,125.0,Nordeste,Brasil
2022-03-27,MA,106.0,Nordeste,Brasil
2022-04-03,MA,73.0,Nordeste,Brasil
2022-04-10,MA,120.0,Nordeste,Brasil
2022-04-17,MA,95.0,Nordeste,Brasil
2022-04-24,MA,107.0,Nordeste,Brasil
2022-05-01,MA,126.0,Nordeste,Brasil
2022-05-08,MA,106.0,Nordeste,Brasil
2022-05-15,MA,116.0,Nordeste,Brasil
2022-05-22,MA,130.0,Nordeste,Brasil
2022-05-29,MA,122.0,Nordeste,Brasil
2022-06-05,MA,135.0,Nordeste,Brasil
2022-06-12,MA,152.0,Nordeste,Brasil
2022-06-19,MA,161.0,Nordeste,Brasil
2022-06-26,MA,88.0,Nordeste,Brasil
2022-07-03,MA,99.0,Nordeste,Brasil
2022-07-10,MA,92.0,Nordeste,Brasil
2022-07-17,MA,116.0,Nordeste,Brasil
2022-07-24,MA,100.0,Nordeste,Brasil
2022-07-31,MA,73.0,Nordeste,Brasil
2022-08-07,MA,54.0,Nordeste,Brasil
2022-08-14,MA,74.0,Nordeste,Brasil
2022-08-21,MA,89.0,Nordeste,Brasil
2022-08-28,MA,85.0,Nordeste,Brasil
2022-09-04,MA,68.0,Nordeste,Brasil
2022-09-11,MA,37.0,Nordeste,Brasil
2022-09-18,MA,69.0,Nordeste,Brasil
2022-09-25,MA,63.0,Nordeste,Brasil
2022-10-02,MA,35.0,Nordeste,Brasil
2022-10-09,MA,45.0,Nordeste,Brasil
2022-10-16,MA,39.0,Nordeste,Brasil
2022-10-23,MA,41.0,Nordeste,Brasil
2022-10-30,MA,30.0,Nordeste,Brasil
2022-11-06,MA,39.0,Nordeste,Brasil
2022-11-13,MA,14.0,Nordeste,Brasil
2022-11-20,MA,14.0,Nordeste,Brasil
2022-11-27,MA,16.0,Nordeste,Brasil
2022-12-04,MA,25.0,Nordeste,Brasil
2022-12-11,MA,23.0,Nordeste,Brasil
2022-12-18,MA,26.0,Nordeste,Brasil
2022-12-25,MA,20.0,Nordeste,Brasil
2023-01-01,MA,17.0,Nordeste,Brasil
2023-01-08,MA,17.0,Nordeste,Brasil
2023-01-15,MA,33.0,Nordeste,Brasil
2023-01-22,MA,45.0,Nordeste,Brasil
2023-01-29,MA,67.0,Nordeste,Brasil
2023-02-05,MA,32.0,Nordeste,Brasil
2023-02-12,MA,55.0,Nordeste,Brasil
2023-02-19,MA,93.0,Nordeste,Brasil
2023-02-26,MA,76.0,Nordeste,Brasil
2023-03-05,MA,162.0,Nordeste,Brasil
2023-03-12,MA,148.0,Nordeste,Brasil
2023-03-19,MA,187.0,Nordeste,Brasil
2023-03-26,MA,151.0,Nordeste,Brasil
2023-04-02,MA,166.0,Nordeste,Brasil
2023-04-09,MA,126.0,Nordeste,Brasil
2023-04-16,MA,169.0,Nordeste,Brasil
2023-04-23,MA,139.0,Nordeste,Brasil
2023-04-30,MA,160.0,Nordeste,Brasil
2023-05-07,MA,163.0,Nordeste,Brasil
2023-05-14,MA,199.0,Nordeste,Brasil
2023-05-21,MA,151.0,Nordeste,Brasil
2023-05-28,MA,179.0,Nordeste,Brasil
2023-06-04,MA,160.0,Nordeste,Brasil
2023-06-11,MA,115.0,Nordeste,Brasil
2023-06-18,MA,117.0,Nordeste,Brasil
2023-06-25,MA,105.0,Nordeste,Brasil
2023-07-02,MA,116.0,Nordeste,Brasil
2023-07-09,MA,112.0,Nordeste,Brasil
2023-07-16,MA,138.0,Nordeste,Brasil
2023-07-23,MA,113.0,Nordeste,Brasil
2023-07-30,MA,71.0,Nordeste,Brasil
2023-08-06,MA,108.0,Nordeste,Brasil
2023-08-13,MA,93.0,Nordeste,Brasil
2023-08-20,MA,79.0,Nordeste,Brasil
2023-08-27,MA,56.0,Nordeste,Brasil
2023-09-03,MA,51.0,Nordeste,Brasil
2023-09-10,MA,31.0,Nordeste,Brasil
2023-09-17,MA,50.0,Nordeste,Brasil
2023-09-24,MA,27.0,Nordeste,Brasil
2023-10-01,MA,19.0,Nordeste,Brasil
2023-10-08,MA,15.0,Nordeste,Brasil
2023-10-15,MA,21.0,Nordeste,Brasil
2023-10-22,MA,17.0,Nordeste,Brasil
2023-10-29,MA,13.0,Nordeste,Brasil
2023-11-05,MA,16.0,Nordeste,Brasil
2023-11-12,MA,22.0,Nordeste,Brasil
2023-11-19,MA,13.0,Nordeste,Brasil
2023-11-26,MA,13.0,Nordeste,Brasil
2023-12-03,MA,14.0,Nordeste,Brasil
2023-12-10,MA,18.0,Nordeste,Brasil
2023-12-17,MA,13.0,Nordeste,Brasil
2023-12-24,MA,12.0,Nordeste,Brasil
2023-12-31,MA,4.0,Nordeste,Brasil
2024-01-07,MA,6.0,Nordeste,Brasil
2024-01-14,MA,14.0,Nordeste,Brasil
2024-01-21,MA,20.0,Nordeste,Brasil
2024-01-28,MA,15.0,Nordeste,Brasil
2024-02-04,MA,29.0,Nordeste,Brasil
2024-02-11,MA,46.0,Nordeste,Brasil
2024-02-18,MA,47.0,Nordeste,Brasil
2024-02-25,MA,103.0,Nordeste,Brasil
2024-03-03,MA,146.0,Nordeste,Brasil
2024-03-10,MA,149.0,Nordeste,Brasil
2024-03-17,MA,178.0,Nordeste,Brasil
2024-03-24,MA,189.0,Nordeste,Brasil
2024-03-31,MA,152.0,Nordeste,Brasil
2024-04-07,MA,171.0,Nordeste,Brasil
2024-04-14,MA,160.0,Nordeste,Brasil
2024-04-21,MA,140.0,Nordeste,Brasil
2024-04-28,MA,162.0,Nordeste,Brasil
2024-05-05,MA,73.0,Nordeste,Brasil
2024-05-12,MA,86.0,Nordeste,Brasil
2024-05-19,MA,73.0,Nordeste,Brasil
2024-05-26,MA,50.0,Nordeste,Brasil
2024-06-02,MA,38.0,Nordeste,Brasil
2024-06-09,MA,45.0,Nordeste,Brasil
2024-06-16,MA,36.0,Nordeste,Brasil
2024-06-23,MA,29.0,Nordeste,Brasil
2024-06-30,MA,28.0,Nordeste,Brasil
2024-07-07,MA,28.0,Nordeste,Brasil
2024-07-14,MA,25.0,Nordeste,Brasil
2024-07-21,MA,17.0,Nordeste,Brasil
2024-07-28,MA,16.0,Nordeste,Brasil
2024-08-04,MA,16.0,Nordeste,Brasil
2024-08-11,MA,19.0,Nordeste,Brasil
2024-08-18,MA,15.0,Nordeste,Brasil
2024-08-25,MA,22.0,Nordeste,Brasil
2024-09-01,MA,18.0,Nordeste,Brasil
2024-09-08,MA,21.0,Nordeste,Brasil
2024-09-15,MA,9.0,Nordeste,Brasil
2024-09-22,MA,12.0,Nordeste,Brasil
2024-09-29,MA,23.0,Nordeste,Brasil
2024-10-06,MA,12.0,Nordeste,Brasil
2024-10-13,MA,13.0,Nordeste,Brasil
2024-10-20,MA,9.0,Nordeste,Brasil
2024-10-27,MA,10.0,Nordeste,Brasil
2024-11-03,MA,11.0,Nordeste,Brasil
2024-11-10,MA,10.0,Nordeste,Brasil
2024-11-17,MA,11.0,Nordeste,Brasil
2024-11-24,MA,20.0,Nordeste,Brasil
2024-12-01,MA,18.0,Nordeste,Brasil
2024-12-08,MA,17.0,Nordeste,Brasil
2024-12-15,MA,31.0,Nordeste,Brasil
2024-12-22,MA,12.0,Nordeste,Brasil
2024-12-29,MA,17.0,Nordeste,Brasil
2025-01-05,MA,7.0,Nordeste,Brasil
2025-01-12,MA,15.0,Nordeste,Brasil
2025-01-19,MA,18.0,Nordeste,Brasil
2025-01-26,MA,40.0,Nordeste,Brasil
2025-02-02,MA,53.0,Nordeste,Brasil
2025-02-09,MA,49.0,Nordeste,Brasil
2025-02-16,MA,46.0,Nordeste,Brasil
2025-02-23,MA,45.0,Nordeste,Brasil
2025-03-02,MA,50.0,Nordeste,Brasil
2025-03-09,MA,22.0,Nordeste,Brasil
2025-03-16,MA,59.0,Nordeste,Brasil
2025-03-23,MA,57.0,Nordeste,Brasil
2025-03-30,MA,67.0,Nordeste,Brasil
2025-04-06,MA,68.0,Nordeste,Brasil
2025-04-13,MA,43.0,Nordeste,Brasil
2025-04-20,MA,40.0,Nordeste,Brasil
2025-04-27,MA,53.0,Nordeste,Brasil
2025-05-04,MA,56.0,Nordeste,Brasil
2025-05-11,MA,75.0,Nordeste,Brasil
2025-05-18,MA,56.0,Nordeste,Brasil
2025-05-25,MA,50.0,Nordeste,Brasil
2025-06-01,MA,45.0,Nordeste,Brasil
2025-06-08,MA,40.0,Nordeste,Brasil
2025-06-15,MA,23.0,Nordeste,Brasil
2025-06-22,MA,18.0,Nordeste,Brasil
2025-06-29,MA,38.0,Nordeste,Brasil
2025-07-06,MA,21.0,Nordeste,Brasil
2025-07-13,MA,21.0,Nordeste,Brasil
2025-07-20,MA,25.0,Nordeste,Brasil
2025-07-27,MA,19.0,Nordeste,Brasil
2025-08-03,MA,23.0,Nordeste,Brasil
2025-08-10,MA,25.0,Nordeste,Brasil
2025-08-17,MA,19.0,Nordeste,Brasil
2025-08-24,MA,22.0,Nordeste,Brasil
2025-08-31,MA,14.0,Nordeste,Brasil
2025-09-07,MA,24.0,Nordeste,Brasil
2025-09-14,MA,16.0,Nordeste,Brasil
2025-09-21,MA,21.0,Nordeste,Brasil
2025-09-28,MA,16.0,Nordeste,Brasil
2025-10-05,MA,23.0,Nordeste,Brasil
2025-10-12,MA,11.0,Nordeste,Brasil
2025-10-19,MA,12.0,Nordeste,Brasil
2025-10-26,MA,14.0,Nordeste,Brasil
2025-11-02,MA,12.0,Nordeste,Brasil
2025-11-09,MA,14.0,Nordeste,Brasil
2025-11-16,MA,9.0,Nordeste,Brasil
2025-11-23,MA,8.0,Nordeste,Brasil
2025-11-30,MA,8.0,Nordeste,Brasil
2025-12-07,MA,19.0,Nordeste,Brasil
2025-12-14,MA,9.0,Nordeste,Brasil
2025-12-21,MA,12.0,Nordeste,Brasil
2025-12-28,MA,6.0,Nordeste,Brasil
2026-01-04,MA,6.0,Nordeste,Brasil
2026-01-11,MA,11.0,Nordeste,Brasil
2026-01-18,MA,10.0,Nordeste,Brasil
2026-01-25,MA,16.0,Nordeste,Brasil
2026-02-01,MA,19.0,Nordeste,Brasil
2026-02-08,MA,36.0,Nordeste,Brasil
2026-02-15,MA,26.0,Nordeste,Brasil
2026-02-22,MA,16.0,Nordeste,Brasil
2026-03-01,MA,49.0,Nordeste,Brasil
2026-03-08,MA,48.0,Nordeste,Brasil
2026-03-15,MA,62.0,Nordeste,Brasil
2026-03-22,MA,78.0,Nordeste,Brasil
2026-03-29,MA,85.0,Nordeste,Brasil
2026-04-05,MA,62.0,Nordeste,Brasil
2026-04-12,MA,82.0,Nordeste,Brasil
2026-04-19,MA,72.0,Nordeste,Brasil
2026-04-26,MA,62.0,Nordeste,Brasil
2026-05-03,MA,47.0,Nordeste,Brasil
2026-05-10,MA,83.0,Nordeste,Brasil
2026-05-17,MA,60.0,Nordeste,Brasil
2026-05-24,MA,93.0,Nordeste,Brasil
2026-05-31,MA,71.0,Nordeste,Brasil
2026-06-07,MA,54.0,Nordeste,Brasil
2026-06-14,MA,73.0,Nordeste,Brasil
2026-06-21,MA,74.0,Nordeste,Brasil
2026-06-28,MA,57.0,Nordeste,Brasil
2026-07-05,MA,76.0,Nordeste,Brasil
2026-07-12,MA,68.0,Nordeste,Brasil
2026-07-19,MA,65.0,Nordeste,Brasil
2026-07-26,MA,75.0,Nordeste,Brasil
2026-08-02,MA,59.0,Nordeste,Brasil
2026-08-09,MA,32.0,Nordeste,Brasil
2026-08-16,MA,20.0,Nordeste,Brasil
2026-08-23,MA,8.0,Nordeste,Brasil
2026-08-30,MA,6.0,Nordeste,Brasil
2026-09-06,MA,2.0,Nordeste,Brasil
2026-09-13,MA,2.0,Nordeste,Brasil
2014-04-27,MG,1.0,Sudeste,Brasil
2014-05-04,MG,1.0,Sudeste,Brasil
2014-05-11,MG,1.0,Sudeste,Brasil
2014-05-18,MG,1.0,Sudeste,Brasil
2014-05-25,MG,1.0,Sudeste,Brasil
2014-06-01,MG,1.0,Sudeste,Brasil
2014-06-08,MG,1.0,Sudeste,Brasil
2014-06-15,MG,1.0,Sudeste,Brasil
2014-06-22,MG,1.0,Sudeste,Brasil
2014-06-29,MG,1.0,Sudeste,Brasil
2014-07-06,MG,1.0,Sudeste,Brasil
2014-07-13,MG,1.0,Sudeste,Brasil
2014-07-20,MG,1.0,Sudeste,Brasil
2014-07-27,MG,1.0,Sudeste,Brasil
2014-08-03,MG,1.0,Sudeste,Brasil
2014-08-10,MG,1.0,Sudeste,Brasil
2014-08-17,MG,1.0,Sudeste,Brasil
2014-08-24,MG,1.0,Sudeste,Brasil
2014-08-31,MG,1.0,Sudeste,Brasil
2014-09-07,MG,1.0,Sudeste,Brasil
2014-09-14,MG,1.0,Sudeste,Brasil
2014-09-21,MG,1.0,Sudeste,Brasil
2014-09-28,MG,1.0,Sudeste,Brasil
2014-10-05,MG,2.0,Sudeste,Brasil
2014-10-12,MG,3.0,Sudeste,Brasil
2014-10-19,MG,11.0,Sudeste,Brasil
2014-10-26,MG,21.0,Sudeste,Brasil
2014-11-02,MG,9.0,Sudeste,Brasil
2014-11-09,MG,21.0,Sudeste,Brasil
2014-11-16,MG,16.0,Sudeste,Brasil
2014-11-23,MG,23.0,Sudeste,Brasil
2014-11-30,MG,16.0,Sudeste,Brasil
2014-12-07,MG,11.0,Sudeste,Brasil
2014-12-14,MG,5.0,Sudeste,Brasil
2014-12-21,MG,2.0,Sudeste,Brasil
2014-12-28,MG,2.0,Sudeste,Brasil
2015-01-04,MG,2.0,Sudeste,Brasil
2015-01-11,MG,2.0,Sudeste,Brasil
2015-01-18,MG,1.0,Sudeste,Brasil
2015-01-25,MG,2.0,Sudeste,Brasil
2015-02-01,MG,3.0,Sudeste,Brasil
2015-02-08,MG,6.0,Sudeste,Brasil
2015-02-15,MG,3.0,Sudeste,Brasil
2015-02-22,MG,7.0,Sudeste,Brasil
2015-03-01,MG,2.0,Sudeste,Brasil
2015-03-08,MG,1.0,Sudeste,Brasil
2015-03-15,MG,3.0,Sudeste,Brasil
2015-03-22,MG,5.0,Sudeste,Brasil
2015-03-29,MG,9.0,Sudeste,Brasil
2015-04-05,MG,3.0,Sudeste,Brasil
2015-04-12,MG,4.0,Sudeste,Brasil
2015-04-19,MG,5.0,Sudeste,Brasil
2015-04-26,MG,2.0,Sudeste,Brasil
2015-05-03,MG,3.0,Sudeste,Brasil
2015-05-10,MG,9.0,Sudeste,Brasil
2015-05-17,MG,10.0,Sudeste,Brasil
2015-05-24,MG,2.0,Sudeste,Brasil
2015-05-31,MG,5.0,Sudeste,Brasil
2015-06-07,MG,3.0,Sudeste,Brasil
2015-06-14,MG,6.0,Sudeste,Brasil
2015-06-21,MG,2.0,Sudeste,Brasil
2015-06-28,MG,4.0,Sudeste,Brasil
2015-07-05,MG,1.0,Sudeste,Brasil
2015-07-12,MG,1.0,Sudeste,Brasil
2015-07-19,MG,2.0,Sudeste,Brasil
2015-07-26,MG,2.0,Sudeste,Brasil
2015-08-02,MG,1.0,Sudeste,Brasil
2015-08-09,MG,1.0,Sudeste,Brasil
2015-08-16,MG,1.0,Sudeste,Brasil
2015-08-23,MG,1.0,Sudeste,Brasil
2015-08-30,MG,1.0,Sudeste,Brasil
2015-09-06,MG,1.0,Sudeste,Brasil
2015-09-13,MG,1.0,Sudeste,Brasil
2015-09-20,MG,1.0,Sudeste,Brasil
2015-09-27,MG,1.0,Sudeste,Brasil
2015-10-04,MG,1.0,Sudeste,Brasil
2015-10-11,MG,1.0,Sudeste,Brasil
2015-10-18,MG,1.0,Sudeste,Brasil
2015-10-25,MG,1.0,Sudeste,Brasil
2015-11-01,MG,4.0,Sudeste,Brasil
2015-11-08,MG,5.0,Sudeste,Brasil
2015-11-15,MG,2.0,Sudeste,Brasil
2015-11-22,MG,2.0,Sudeste,Brasil
2015-11-29,MG,2.0,Sudeste,Brasil
2015-12-06,MG,6.0,Sudeste,Brasil
2015-12-13,MG,7.0,Sudeste,Brasil
2015-12-20,MG,13.0,Sudeste,Brasil
2015-12-27,MG,8.0,Sudeste,Brasil
2016-01-03,MG,8.0,Sudeste,Brasil
2016-01-10,MG,10.0,Sudeste,Brasil
2016-01-17,MG,26.0,Sudeste,Brasil
2016-01-24,MG,32.0,Sudeste,Brasil
2016-01-31,MG,55.0,Sudeste,Brasil
2016-02-07,MG,69.0,Sudeste,Brasil
2016-02-14,MG,45.0,Sudeste,Brasil
2016-02-21,MG,96.0,Sudeste,Brasil
2016-02-28,MG,124.0,Sudeste,Brasil
2016-03-06,MG,139.0,Sudeste,Brasil
2016-03-13,MG,151.0,Sudeste,Brasil
2016-03-20,MG,169.0,Sudeste,Brasil
2016-03-27,MG,146.0,Sudeste,Brasil
2016-04-03,MG,167.0,Sudeste,Brasil
2016-04-10,MG,155.0,Sudeste,Brasil
2016-04-17,MG,150.0,Sudeste,Brasil
2016-04-24,MG,104.0,Sudeste,Brasil
2016-05-01,MG,109.0,Sudeste,Brasil
2016-05-08,MG,89.0,Sudeste,Brasil
2016-05-15,MG,79.0,Sudeste,Brasil
2016-05-22,MG,64.0,Sudeste,Brasil
2016-05-29,MG,31.0,Sudeste,Brasil
2016-06-05,MG,43.0,Sudeste,Brasil
2016-06-12,MG,21.0,Sudeste,Brasil
2016-06-19,MG,11.0,Sudeste,Brasil
2016-06-26,MG,15.0,Sudeste,Brasil
2016-07-03,MG,10.0,Sudeste,Brasil
2016-07-10,MG,15.0,Sudeste,Brasil
2016-07-17,MG,8.0,Sudeste,Brasil
2016-07-24,MG,13.0,Sudeste,Brasil
2016-07-31,MG,10.0,Sudeste,Brasil
2016-08-07,MG,6.0,Sudeste,Brasil
2016-08-14,MG,4.0,Sudeste,Brasil
2016-08-21,MG,5.0,Sudeste,Brasil
2016-08-28,MG,5.0,Sudeste,Brasil
2016-09-04,MG,3.0,Sudeste,Brasil
2016-09-11,MG,4.0,Sudeste,Brasil
2016-09-18,MG,5.0,Sudeste,Brasil
2016-09-25,MG,4.0,Sudeste,Brasil
2016-10-02,MG,6.0,Sudeste,Brasil
2016-10-09,MG,1.0,Sudeste,Brasil
2016-10-16,MG,9.0,Sudeste,Brasil
2016-10-23,MG,7.0,Sudeste,Brasil
2016-10-30,MG,6.0,Sudeste,Brasil
2016-11-06,MG,3.0,Sudeste,Brasil
2016-11-13,MG,11.0,Sudeste,Brasil
2016-11-20,MG,9.0,Sudeste,Brasil
2016-11-27,MG,12.0,Sudeste,Brasil
2016-12-04,MG,21.0,Sudeste,Brasil
2016-12-11,MG,15.0,Sudeste,Brasil
2016-12-18,MG,12.0,Sudeste,Brasil
2016-12-25,MG,15.0,Sudeste,Brasil
2017-01-01,MG,34.0,Sudeste,Brasil
2017-01-08,MG,47.0,Sudeste,Brasil
2017-01-15,MG,86.0,Sudeste,Brasil
2017-01-22,MG,106.0,Sudeste,Brasil
2017-01-29,MG,182.0,Sudeste,Brasil
2017-02-05,MG,312.0,Sudeste,Brasil
2017-02-12,MG,619.0,Sudeste,Brasil
2017-02-19,MG,877.0,Sudeste,Brasil
2017-02-26,MG,1015.0,Sudeste,Brasil
2017-03-05,MG,1048.0,Sudeste,Brasil
2017-03-12,MG,1426.0,Sudeste,Brasil
2017-03-19,MG,1518.0,Sudeste,Brasil
2017-03-26,MG,2339.0,Sudeste,Brasil
2017-04-02,MG,1741.0,Sudeste,Brasil
2017-04-09,MG,1400.0,Sudeste,Brasil
2017-04-16,MG,928.0,Sudeste,Brasil
2017-04-23,MG,947.0,Sudeste,Brasil
2017-04-30,MG,719.0,Sudeste,Brasil
2017-05-07,MG,444.0,Sudeste,Brasil
2017-05-14,MG,593.0,Sudeste,Brasil
2017-05-21,MG,439.0,Sudeste,Brasil
2017-05-28,MG,307.0,Sudeste,Brasil
2017-06-04,MG,269.0,Sudeste,Brasil
2017-06-11,MG,334.0,Sudeste,Brasil
2017-06-18,MG,205.0,Sudeste,Brasil
2017-06-25,MG,320.0,Sudeste,Brasil
2017-07-02,MG,260.0,Sudeste,Brasil
2017-07-09,MG,187.0,Sudeste,Brasil
2017-07-16,MG,183.0,Sudeste,Brasil
2017-07-23,MG,131.0,Sudeste,Brasil
2017-07-30,MG,144.0,Sudeste,Brasil
2017-08-06,MG,142.0,Sudeste,Brasil
2017-08-13,MG,82.0,Sudeste,Brasil
2017-08-20,MG,51.0,Sudeste,Brasil
2017-08-27,MG,82.0,Sudeste,Brasil
2017-09-03,MG,58.0,Sudeste,Brasil
2017-09-10,MG,47.0,Sudeste,Brasil
2017-09-17,MG,66.0,Sudeste,Brasil
2017-09-24,MG,60.0,Sudeste,Brasil
2017-10-01,MG,72.0,Sudeste,Brasil
2017-10-08,MG,65.0,Sudeste,Brasil
2017-10-15,MG,37.0,Sudeste,Brasil
2017-10-22,MG,98.0,Sudeste,Brasil
2017-10-29,MG,58.0,Sudeste,Brasil
2017-11-05,MG,43.0,Sudeste,Brasil
2017-11-12,MG,61.0,Sudeste,Brasil
2017-11-19,MG,71.0,Sudeste,Brasil
2017-11-26,MG,57.0,Sudeste,Brasil
2017-12-03,MG,75.0,Sudeste,Brasil
2017-12-10,MG,50.0,Sudeste,Brasil
2017-12-17,MG,86.0,Sudeste,Brasil
2017-12-24,MG,91.0,Sudeste,Brasil
2017-12-31,MG,92.0,Sudeste,Brasil
2018-01-07,MG,60.0,Sudeste,Brasil
2018-01-14,MG,175.0,Sudeste,Brasil
2018-01-21,MG,276.0,Sudeste,Brasil
2018-01-28,MG,249.0,Sudeste,Brasil
2018-02-04,MG,262.0,Sudeste,Brasil
2018-02-11,MG,173.0,Sudeste,Brasil
2018-02-18,MG,144.0,Sudeste,Brasil
2018-02-25,MG,299.0,Sudeste,Brasil
2018-03-04,MG,283.0,Sudeste,Brasil
2018-03-11,MG,411.0,Sudeste,Brasil
2018-03-18,MG,711.0,Sudeste,Brasil
2018-03-25,MG,734.0,Sudeste,Brasil
2018-04-01,MG,628.0,Sudeste,Brasil
2018-04-08,MG,999.0,Sudeste,Brasil
2018-04-15,MG,1270.0,Sudeste,Brasil
2018-04-22,MG,1032.0,Sudeste,Brasil
2018-04-29,MG,818.0,Sudeste,Brasil
2018-05-06,MG,678.0,Sudeste,Brasil
2018-05-13,MG,847.0,Sudeste,Brasil
2018-05-20,MG,703.0,Sudeste,Brasil
2018-05-27,MG,394.0,Sudeste,Brasil
2018-06-03,MG,150.0,Sudeste,Brasil
2018-06-10,MG,241.0,Sudeste,Brasil
2018-06-17,MG,212.0,Sudeste,Brasil
2018-06-24,MG,186.0,Sudeste,Brasil
2018-07-01,MG,146.0,Sudeste,Brasil
2018-07-08,MG,91.0,Sudeste,Brasil
2018-07-15,MG,130.0,Sudeste,Brasil
2018-07-22,MG,80.0,Sudeste,Brasil
2018-07-29,MG,59.0,Sudeste,Brasil
2018-08-05,MG,52.0,Sudeste,Brasil
2018-08-12,MG,55.0,Sudeste,Brasil
2018-08-19,MG,33.0,Sudeste,Brasil
2018-08-26,MG,37.0,Sudeste,Brasil
2018-09-02,MG,58.0,Sudeste,Brasil
2018-09-09,MG,35.0,Sudeste,Brasil
2018-09-16,MG,34.0,Sudeste,Brasil
2018-09-23,MG,33.0,Sudeste,Brasil
2018-09-30,MG,27.0,Sudeste,Brasil
2018-10-07,MG,39.0,Sudeste,Brasil
2018-10-14,MG,34.0,Sudeste,Brasil
2018-10-21,MG,34.0,Sudeste,Brasil
2018-10-28,MG,46.0,Sudeste,Brasil
2018-11-04,MG,26.0,Sudeste,Brasil
2018-11-11,MG,24.0,Sudeste,Brasil
2018-11-18,MG,27.0,Sudeste,Brasil
2018-11-25,MG,58.0,Sudeste,Brasil
2018-12-02,MG,45.0,Sudeste,Brasil
2018-12-09,MG,38.0,Sudeste,Brasil
2018-12-16,MG,37.0,Sudeste,Brasil
2018-12-23,MG,55.0,Sudeste,Brasil
2018-12-30,MG,17.0,Sudeste,Brasil
2019-01-06,MG,17.0,Sudeste,Brasil
2019-01-13,MG,57.0,Sudeste,Brasil
2019-01-20,MG,76.0,Sudeste,Brasil
2019-01-27,MG,102.0,Sudeste,Brasil
2019-02-03,MG,118.0,Sudeste,Brasil
2019-02-10,MG,113.0,Sudeste,Brasil
2019-02-17,MG,136.0,Sudeste,Brasil
2019-02-24,MG,105.0,Sudeste,Brasil
2019-03-03,MG,125.0,Sudeste,Brasil
2019-03-10,MG,112.0,Sudeste,Brasil
2019-03-17,MG,161.0,Sudeste,Brasil
2019-03-24,MG,140.0,Sudeste,Brasil
2019-03-31,MG,214.0,Sudeste,Brasil
2019-04-07,MG,166.0,Sudeste,Brasil
2019-04-14,MG,267.0,Sudeste,Brasil
2019-04-21,MG,183.0,Sudeste,Brasil
2019-04-28,MG,267.0,Sudeste,Brasil
2019-05-05,MG,207.0,Sudeste,Brasil
2019-05-12,MG,283.0,Sudeste,Brasil
2019-05-19,MG,244.0,Sudeste,Brasil
2019-05-26,MG,241.0,Sudeste,Brasil
2019-06-02,MG,190.0,Sudeste,Brasil
2019-06-09,MG,166.0,Sudeste,Brasil
2019-06-16,MG,146.0,Sudeste,Brasil
2019-06-23,MG,102.0,Sudeste,Brasil
2019-06-30,MG,108.0,Sudeste,Brasil
2019-07-07,MG,99.0,Sudeste,Brasil
2019-07-14,MG,65.0,Sudeste,Brasil
2019-07-21,MG,60.0,Sudeste,Brasil
2019-07-28,MG,39.0,Sudeste,Brasil
2019-08-04,MG,49.0,Sudeste,Brasil
2019-08-11,MG,37.0,Sudeste,Brasil
2019-08-18,MG,27.0,Sudeste,Brasil
2019-08-25,MG,22.0,Sudeste,Brasil
2019-09-01,MG,51.0,Sudeste,Brasil
2019-09-08,MG,19.0,Sudeste,Brasil
2019-09-15,MG,43.0,Sudeste,Brasil
2019-09-22,MG,48.0,Sudeste,Brasil
2019-09-29,MG,35.0,Sudeste,Brasil
2019-10-06,MG,42.0,Sudeste,Brasil
2019-10-13,MG,31.0,Sudeste,Brasil
2019-10-20,MG,36.0,Sudeste,Brasil
2019-10-27,MG,35.0,Sudeste,Brasil
2019-11-03,MG,21.0,Sudeste,Brasil
2019-11-10,MG,20.0,Sudeste,Brasil
2019-11-17,MG,29.0,Sudeste,Brasil
2019-11-24,MG,33.0,Sudeste,Brasil
2019-12-01,MG,38.0,Sudeste,Brasil
2019-12-08,MG,24.0,Sudeste,Brasil
2019-12-15,MG,43.0,Sudeste,Brasil
2019-12-22,MG,35.0,Sudeste,Brasil
2019-12-29,MG,23.0,Sudeste,Brasil
2020-01-05,MG,16.0,Sudeste,Brasil
2020-01-12,MG,50.0,Sudeste,Brasil
2020-01-19,MG,66.0,Sudeste,Brasil
2020-01-26,MG,65.0,Sudeste,Brasil
2020-02-02,MG,96.0,Sudeste,Brasil
2020-02-09,MG,96.0,Sudeste,Brasil
2020-02-16,MG,105.0,Sudeste,Brasil
2020-02-23,MG,129.0,Sudeste,Brasil
2020-03-01,MG,65.0,Sudeste,Brasil
2020-03-08,MG,111.0,Sudeste,Brasil
2020-03-15,MG,117.0,Sudeste,Brasil
2020-03-22,MG,115.0,Sudeste,Brasil
2020-03-29,MG,74.0,Sudeste,Brasil
2020-04-05,MG,113.0,Sudeste,Brasil
2020-04-12,MG,85.0,Sudeste,Brasil
2020-04-19,MG,147.0,Sudeste,Brasil
2020-04-26,MG,148.0,Sudeste,Brasil
2020-05-03,MG,168.0,Sudeste,Brasil
2020-05-10,MG,213.0,Sudeste,Brasil
2020-05-17,MG,166.0,Sudeste,Brasil
2020-05-24,MG,180.0,Sudeste,Brasil
2020-05-31,MG,173.0,Sudeste,Brasil
2020-06-07,MG,117.0,Sudeste,Brasil
2020-06-14,MG,106.0,Sudeste,Brasil
2020-06-21,MG,103.0,Sudeste,Brasil
2020-06-28,MG,98.0,Sudeste,Brasil
2020-07-05,MG,78.0,Sudeste,Brasil
2020-07-12,MG,84.0,Sudeste,Brasil
2020-07-19,MG,72.0,Sudeste,Brasil
2020-07-26,MG,46.0,Sudeste,Brasil
2020-08-02,MG,53.0,Sudeste,Brasil
2020-08-09,MG,40.0,Sudeste,Brasil
2020-08-16,MG,31.0,Sudeste,Brasil
2020-08-23,MG,41.0,Sudeste,Brasil
2020-08-30,MG,37.0,Sudeste,Brasil
2020-09-06,MG,30.0,Sudeste,Brasil
2020-09-13,MG,32.0,Sudeste,Brasil
2020-09-20,MG,43.0,Sudeste,Brasil
2020-09-27,MG,56.0,Sudeste,Brasil
2020-10-04,MG,54.0,Sudeste,Brasil
2020-10-11,MG,50.0,Sudeste,Brasil
2020-10-18,MG,80.0,Sudeste,Brasil
2020-10-25,MG,37.0,Sudeste,Brasil
2020-11-01,MG,44.0,Sudeste,Brasil
2020-11-08,MG,44.0,Sudeste,Brasil
2020-11-15,MG,51.0,Sudeste,Brasil
2020-11-22,MG,81.0,Sudeste,Brasil
2020-11-29,MG,147.0,Sudeste,Brasil
2020-12-06,MG,161.0,Sudeste,Brasil
2020-12-13,MG,206.0,Sudeste,Brasil
2020-12-20,MG,253.0,Sudeste,Brasil
2020-12-27,MG,128.0,Sudeste,Brasil
2021-01-03,MG,128.0,Sudeste,Brasil
2021-01-10,MG,77.0,Sudeste,Brasil
2021-01-17,MG,142.0,Sudeste,Brasil
2021-01-24,MG,144.0,Sudeste,Brasil
2021-01-31,MG,140.0,Sudeste,Brasil
2021-02-07,MG,104.0,Sudeste,Brasil
2021-02-14,MG,113.0,Sudeste,Brasil
2021-02-21,MG,125.0,Sudeste,Brasil
2021-02-28,MG,180.0,Sudeste,Brasil
2021-03-07,MG,205.0,Sudeste,Brasil
2021-03-14,MG,256.0,Sudeste,Brasil
2021-03-21,MG,284.0,Sudeste,Brasil
2021-03-28,MG,365.0,Sudeste,Brasil
2021-04-04,MG,283.0,Sudeste,Brasil
2021-04-11,MG,361.0,Sudeste,Brasil
2021-04-18,MG,342.0,Sudeste,Brasil
2021-04-25,MG,324.0,Sudeste,Brasil
2021-05-02,MG,382.0,Sudeste,Brasil
2021-05-09,MG,343.0,Sudeste,Brasil
2021-05-16,MG,389.0,Sudeste,Brasil
2021-05-23,MG,300.0,Sudeste,Brasil
2021-05-30,MG,408.0,Sudeste,Brasil
2021-06-06,MG,271.0,Sudeste,Brasil
2021-06-13,MG,319.0,Sudeste,Brasil
2021-06-20,MG,259.0,Sudeste,Brasil
2021-06-27,MG,213.0,Sudeste,Brasil
2021-07-04,MG,162.0,Sudeste,Brasil
2021-07-11,MG,136.0,Sudeste,Brasil
2021-07-18,MG,116.0,Sudeste,Brasil
2021-07-25,MG,88.0,Sudeste,Brasil
2021-08-01,MG,56.0,Sudeste,Brasil
2021-08-08,MG,51.0,Sudeste,Brasil
2021-08-15,MG,66.0,Sudeste,Brasil
2021-08-22,MG,63.0,Sudeste,Brasil
2021-08-29,MG,48.0,Sudeste,Brasil
2021-09-05,MG,43.0,Sudeste,Brasil
2021-09-12,MG,27.0,Sudeste,Brasil
2021-09-19,MG,48.0,Sudeste,Brasil
2021-09-26,MG,40.0,Sudeste,Brasil
2021-10-03,MG,32.0,Sudeste,Brasil
2021-10-10,MG,31.0,Sudeste,Brasil
2021-10-17,MG,24.0,Sudeste,Brasil
2021-10-24,MG,21.0,Sudeste,Brasil
2021-10-31,MG,25.0,Sudeste,Brasil
2021-11-07,MG,22.0,Sudeste,Brasil
2021-11-14,MG,29.0,Sudeste,Brasil
2021-11-21,MG,34.0,Sudeste,Brasil
2021-11-28,MG,38.0,Sudeste,Brasil
2021-12-05,MG,38.0,Sudeste,Brasil
2021-12-12,MG,34.0,Sudeste,Brasil
2021-12-19,MG,43.0,Sudeste,Brasil
2021-12-26,MG,41.0,Sudeste,Brasil
2022-01-02,MG,38.0,Sudeste,Brasil
2022-01-09,MG,36.0,Sudeste,Brasil
2022-01-16,MG,82.0,Sudeste,Brasil
2022-01-23,MG,98.0,Sudeste,Brasil
2022-01-30,MG,116.0,Sudeste,Brasil
2022-02-06,MG,92.0,Sudeste,Brasil
2022-02-13,MG,116.0,Sudeste,Brasil
2022-02-20,MG,145.0,Sudeste,Brasil
2022-02-27,MG,169.0,Sudeste,Brasil
2022-03-06,MG,124.0,Sudeste,Brasil
2022-03-13,MG,337.0,Sudeste,Brasil
2022-03-20,MG,443.0,Sudeste,Brasil
2022-03-27,MG,585.0,Sudeste,Brasil
2022-04-03,MG,811.0,Sudeste,Brasil
2022-04-10,MG,806.0,Sudeste,Brasil
2022-04-17,MG,725.0,Sudeste,Brasil
2022-04-24,MG,696.0,Sudeste,Brasil
2022-05-01,MG,791.0,Sudeste,Brasil
2022-05-08,MG,696.0,Sudeste,Brasil
2022-05-15,MG,676.0,Sudeste,Brasil
2022-05-22,MG,547.0,Sudeste,Brasil
2022-05-29,MG,434.0,Sudeste,Brasil
2022-06-05,MG,371.0,Sudeste,Brasil
2022-06-12,MG,326.0,Sudeste,Brasil
2022-06-19,MG,184.0,Sudeste,Brasil
2022-06-26,MG,221.0,Sudeste,Brasil
2022-07-03,MG,170.0,Sudeste,Brasil
2022-07-10,MG,156.0,Sudeste,Brasil
2022-07-17,MG,125.0,Sudeste,Brasil
2022-07-24,MG,104.0,Sudeste,Brasil
2022-07-31,MG,75.0,Sudeste,Brasil
2022-08-07,MG,51.0,Sudeste,Brasil
2022-08-14,MG,73.0,Sudeste,Brasil
2022-08-21,MG,59.0,Sudeste,Brasil
2022-08-28,MG,60.0,Sudeste,Brasil
2022-09-04,MG,76.0,Sudeste,Brasil
2022-09-11,MG,49.0,Sudeste,Brasil
2022-09-18,MG,79.0,Sudeste,Brasil
2022-09-25,MG,73.0,Sudeste,Brasil
2022-10-02,MG,72.0,Sudeste,Brasil
2022-10-09,MG,53.0,Sudeste,Brasil
2022-10-16,MG,56.0,Sudeste,Brasil
2022-10-23,MG,81.0,Sudeste,Brasil
2022-10-30,MG,71.0,Sudeste,Brasil
2022-11-06,MG,79.0,Sudeste,Brasil
2022-11-13,MG,108.0,Sudeste,Brasil
2022-11-20,MG,129.0,Sudeste,Brasil
2022-11-27,MG,267.0,Sudeste,Brasil
2022-12-04,MG,356.0,Sudeste,Brasil
2022-12-11,MG,603.0,Sudeste,Brasil
2022-12-18,MG,1119.0,Sudeste,Brasil
2022-12-25,MG,1469.0,Sudeste,Brasil
2023-01-01,MG,1849.0,Sudeste,Brasil
2023-01-08,MG,2056.0,Sudeste,Brasil
2023-01-15,MG,2957.0,Sudeste,Brasil
2023-01-22,MG,3156.0,Sudeste,Brasil
2023-01-29,MG,3655.0,Sudeste,Brasil
2023-02-05,MG,5211.0,Sudeste,Brasil
2023-02-12,MG,5917.0,Sudeste,Brasil
2023-02-19,MG,6267.0,Sudeste,Brasil
2023-02-26,MG,4564.0,Sudeste,Brasil
2023-03-05,MG,5849.0,Sudeste,Brasil
2023-03-12,MG,5522.0,Sudeste,Brasil
2023-03-19,MG,5853.0,Sudeste,Brasil
2023-03-26,MG,5767.0,Sudeste,Brasil
2023-04-02,MG,6378.0,Sudeste,Brasil
2023-04-09,MG,5181.0,Sudeste,Brasil
2023-04-16,MG,6905.0,Sudeste,Brasil
2023-04-23,MG,5534.0,Sudeste,Brasil
2023-04-30,MG,5237.0,Sudeste,Brasil
2023-05-07,MG,4292.0,Sudeste,Brasil
2023-05-14,MG,4547.0,Sudeste,Brasil
2023-05-21,MG,4110.0,Sudeste,Brasil
2023-05-28,MG,2956.0,Sudeste,Brasil
2023-06-04,MG,2644.0,Sudeste,Brasil
2023-06-11,MG,1774.0,Sudeste,Brasil
2023-06-18,MG,1889.0,Sudeste,Brasil
2023-06-25,MG,1533.0,Sudeste,Brasil
2023-07-02,MG,1177.0,Sudeste,Brasil
2023-07-09,MG,747.0,Sudeste,Brasil
2023-07-16,MG,631.0,Sudeste,Brasil
2023-07-23,MG,860.0,Sudeste,Brasil
2023-07-30,MG,452.0,Sudeste,Brasil
2023-08-06,MG,371.0,Sudeste,Brasil
2023-08-13,MG,351.0,Sudeste,Brasil
2023-08-20,MG,274.0,Sudeste,Brasil
2023-08-27,MG,290.0,Sudeste,Brasil
2023-09-03,MG,293.0,Sudeste,Brasil
2023-09-10,MG,198.0,Sudeste,Brasil
2023-09-17,MG,256.0,Sudeste,Brasil
2023-09-24,MG,284.0,Sudeste,Brasil
2023-10-01,MG,284.0,Sudeste,Brasil
2023-10-08,MG,487.0,Sudeste,Brasil
2023-10-15,MG,278.0,Sudeste,Brasil
2023-10-22,MG,384.0,Sudeste,Brasil
2023-10-29,MG,404.0,Sudeste,Brasil
2023-11-05,MG,418.0,Sudeste,Brasil
2023-11-12,MG,650.0,Sudeste,Brasil
2023-11-19,MG,764.0,Sudeste,Brasil
2023-11-26,MG,1157.0,Sudeste,Brasil
2023-12-03,MG,1333.0,Sudeste,Brasil
2023-12-10,MG,1426.0,Sudeste,Brasil
2023-12-17,MG,1785.0,Sudeste,Brasil
2023-12-24,MG,2565.0,Sudeste,Brasil
2023-12-31,MG,2536.0,Sudeste,Brasil
2024-01-07,MG,2487.0,Sudeste,Brasil
2024-01-14,MG,5058.0,Sudeste,Brasil
2024-01-21,MG,6655.0,Sudeste,Brasil
2024-01-28,MG,9396.0,Sudeste,Brasil
2024-02-04,MG,11552.0,Sudeste,Brasil
2024-02-11,MG,11728.0,Sudeste,Brasil
2024-02-18,MG,11183.0,Sudeste,Brasil
2024-02-25,MG,14751.0,Sudeste,Brasil
2024-03-03,MG,15106.0,Sudeste,Brasil
2024-03-10,MG,12588.0,Sudeste,Brasil
2024-03-17,MG,13355.0,Sudeste,Brasil
2024-03-24,MG,11716.0,Sudeste,Brasil
2024-03-31,MG,7625.0,Sudeste,Brasil
2024-04-07,MG,7823.0,Sudeste,Brasil
2024-04-14,MG,6907.0,Sudeste,Brasil
2024-04-21,MG,6378.0,Sudeste,Brasil
2024-04-28,MG,5306.0,Sudeste,Brasil
2024-05-05,MG,4755.0,Sudeste,Brasil
2024-05-12,MG,4671.0,Sudeste,Brasil
2024-05-19,MG,4424.0,Sudeste,Brasil
2024-05-26,MG,3530.0,Sudeste,Brasil
2024-06-02,MG,2261.0,Sudeste,Brasil
2024-06-09,MG,2473.0,Sudeste,Brasil
2024-06-16,MG,2499.0,Sudeste,Brasil
2024-06-23,MG,1405.0,Sudeste,Brasil
2024-06-30,MG,976.0,Sudeste,Brasil
2024-07-07,MG,1115.0,Sudeste,Brasil
2024-07-14,MG,1206.0,Sudeste,Brasil
2024-07-21,MG,754.0,Sudeste,Brasil
2024-07-28,MG,484.0,Sudeste,Brasil
2024-08-04,MG,475.0,Sudeste,Brasil
2024-08-11,MG,462.0,Sudeste,Brasil
2024-08-18,MG,313.0,Sudeste,Brasil
2024-08-25,MG,338.0,Sudeste,Brasil
2024-09-01,MG,313.0,Sudeste,Brasil
2024-09-08,MG,267.0,Sudeste,Brasil
2024-09-15,MG,249.0,Sudeste,Brasil
2024-09-22,MG,301.0,Sudeste,Brasil
2024-09-29,MG,337.0,Sudeste,Brasil
2024-10-06,MG,267.0,Sudeste,Brasil
2024-10-13,MG,200.0,Sudeste,Brasil
2024-10-20,MG,238.0,Sudeste,Brasil
2024-10-27,MG,235.0,Sudeste,Brasil
2024-11-03,MG,222.0,Sudeste,Brasil
2024-11-10,MG,253.0,Sudeste,Brasil
2024-11-17,MG,240.0,Sudeste,Brasil
2024-11-24,MG,289.0,Sudeste,Brasil
2024-12-01,MG,360.0,Sudeste,Brasil
2024-12-08,MG,388.0,Sudeste,Brasil
2024-12-15,MG,380.0,Sudeste,Brasil
2024-12-22,MG,420.0,Sudeste,Brasil
2024-12-29,MG,234.0,Sudeste,Brasil
2025-01-05,MG,191.0,Sudeste,Brasil
2025-01-12,MG,551.0,Sudeste,Brasil
2025-01-19,MG,709.0,Sudeste,Brasil
2025-01-26,MG,992.0,Sudeste,Brasil
2025-02-02,MG,1026.0,Sudeste,Brasil
2025-02-09,MG,1160.0,Sudeste,Brasil
2025-02-16,MG,1311.0,Sudeste,Brasil
2025-02-23,MG,1531.0,Sudeste,Brasil
2025-03-02,MG,1285.0,Sudeste,Brasil
2025-03-09,MG,974.0,Sudeste,Brasil
2025-03-16,MG,1197.0,Sudeste,Brasil
2025-03-23,MG,1135.0,Sudeste,Brasil
2025-03-30,MG,1165.0,Sudeste,Brasil
2025-04-06,MG,1107.0,Sudeste,Brasil
2025-04-13,MG,997.0,Sudeste,Brasil
2025-04-20,MG,854.0,Sudeste,Brasil
2025-04-27,MG,947.0,Sudeste,Brasil
2025-05-04,MG,775.0,Sudeste,Brasil
2025-05-11,MG,871.0,Sudeste,Brasil
2025-05-18,MG,812.0,Sudeste,Brasil
2025-05-25,MG,781.0,Sudeste,Brasil
2025-06-01,MG,630.0,Sudeste,Brasil
2025-06-08,MG,533.0,Sudeste,Brasil
2025-06-15,MG,413.0,Sudeste,Brasil
2025-06-22,MG,243.0,Sudeste,Brasil
2025-06-29,MG,300.0,Sudeste,Brasil
2025-07-06,MG,242.0,Sudeste,Brasil
2025-07-13,MG,165.0,Sudeste,Brasil
2025-07-20,MG,189.0,Sudeste,Brasil
2025-07-27,MG,156.0,Sudeste,Brasil
2025-08-03,MG,137.0,Sudeste,Brasil
2025-08-10,MG,145.0,Sudeste,Brasil
2025-08-17,MG,125.0,Sudeste,Brasil
2025-08-24,MG,137.0,Sudeste,Brasil
2025-08-31,MG,153.0,Sudeste,Brasil
2025-09-07,MG,160.0,Sudeste,Brasil
2025-09-14,MG,183.0,Sudeste,Brasil
2025-09-21,MG,206.0,Sudeste,Brasil
2025-09-28,MG,189.0,Sudeste,Brasil
2025-10-05,MG,181.0,Sudeste,Brasil
2025-10-12,MG,222.0,Sudeste,Brasil
2025-10-19,MG,180.0,Sudeste,Brasil
2025-10-26,MG,217.0,Sudeste,Brasil
2025-11-02,MG,161.0,Sudeste,Brasil
2025-11-09,MG,220.0,Sudeste,Brasil
2025-11-16,MG,237.0,Sudeste,Brasil
2025-11-23,MG,189.0,Sudeste,Brasil
2025-11-30,MG,221.0,Sudeste,Brasil
2025-12-07,MG,218.0,Sudeste,Brasil
2025-12-14,MG,174.0,Sudeste,Brasil
2025-12-21,MG,201.0,Sudeste,Brasil
2025-12-28,MG,152.0,Sudeste,Brasil
2026-01-04,MG,155.0,Sudeste,Brasil
2026-01-11,MG,280.0,Sudeste,Brasil
2026-01-18,MG,334.0,Sudeste,Brasil
2026-01-25,MG,310.0,Sudeste,Brasil
2026-02-01,MG,359.0,Sudeste,Brasil
2026-02-08,MG,399.0,Sudeste,Brasil
2026-02-15,MG,553.0,Sudeste,Brasil
2026-02-22,MG,538.0,Sudeste,Brasil
2026-03-01,MG,891.0,Sudeste,Brasil
2026-03-08,MG,1120.0,Sudeste,Brasil
2026-03-15,MG,1161.0,Sudeste,Brasil
2026-03-22,MG,1333.0,Sudeste,Brasil
2026-03-29,MG,1335.0,Sudeste,Brasil
2026-04-05,MG,998.0,Sudeste,Brasil
2026-04-12,MG,1380.0,Sudeste,Brasil
2026-04-19,MG,1336.0,Sudeste,Brasil
2026-04-26,MG,1085.0,Sudeste,Brasil
2026-05-03,MG,1143.0,Sudeste,Brasil
2026-05-10,MG,1338.0,Sudeste,Brasil
2026-05-17,MG,1015.0,Sudeste,Brasil
2026-05-24,MG,877.0,Sudeste,Brasil
2026-05-31,MG,803.0,Sudeste,Brasil
2026-06-07,MG,379.0,Sudeste,Brasil
2026-06-14,MG,394.0,Sudeste,Brasil
2026-06-21,MG,288.0,Sudeste,Brasil
2026-06-28,MG,400.0,Sudeste,Brasil
2026-07-05,MG,197.0,Sudeste,Brasil
2026-07-12,MG,199.0,Sudeste,Brasil
2026-07-19,MG,177.0,Sudeste,Brasil
2026-07-26,MG,134.0,Sudeste,Brasil
2026-08-02,MG,171.0,Sudeste,Brasil
2026-08-09,MG,158.0,Sudeste,Brasil
2026-08-16,MG,178.0,Sudeste,Brasil
2026-08-23,MG,124.0,Sudeste,Brasil
2026-08-30,MG,84.0,Sudeste,Brasil
2026-09-06,MG,25.0,Sudeste,Brasil
2026-09-13,MG,25.0,Sudeste,Brasil
2014-09-21,MS,1.0,Centro-Oeste,Brasil
2014-09-28,MS,1.0,Centro-Oeste,Brasil
2014-10-05,MS,2.0,Centro-Oeste,Brasil
2014-10-12,MS,2.0,Centro-Oeste,Brasil
2014-10-19,MS,2.0,Centro-Oeste,Brasil
2014-10-26,MS,2.0,Centro-Oeste,Brasil
2014-11-02,MS,5.0,Centro-Oeste,Brasil
2014-11-09,MS,8.0,Centro-Oeste,Brasil
2014-11-16,MS,3.0,Centro-Oeste,Brasil
2014-11-23,MS,8.0,Centro-Oeste,Brasil
2014-11-30,MS,5.0,Centro-Oeste,Brasil
2014-12-07,MS,14.0,Centro-Oeste,Brasil
2014-12-14,MS,8.0,Centro-Oeste,Brasil
2014-12-21,MS,8.0,Centro-Oeste,Brasil
2014-12-28,MS,5.0,Centro-Oeste,Brasil
2015-01-04,MS,3.0,Centro-Oeste,Brasil
2015-01-11,MS,6.0,Centro-Oeste,Brasil
2015-01-18,MS,1.0,Centro-Oeste,Brasil
2015-01-25,MS,10.0,Centro-Oeste,Brasil
2015-02-01,MS,7.0,Centro-Oeste,Brasil
2015-02-08,MS,8.0,Centro-Oeste,Brasil
2015-02-15,MS,5.0,Centro-Oeste,Brasil
2015-02-22,MS,5.0,Centro-Oeste,Brasil
2015-03-01,MS,5.0,Centro-Oeste,Brasil
2015-03-08,MS,4.0,Centro-Oeste,Brasil
2015-03-15,MS,1.0,Centro-Oeste,Brasil
2015-03-22,MS,3.0,Centro-Oeste,Brasil
2015-03-29,MS,1.0,Centro-Oeste,Brasil
2015-04-05,MS,1.0,Centro-Oeste,Brasil
2015-04-12,MS,2.0,Centro-Oeste,Brasil
2015-04-19,MS,2.0,Centro-Oeste,Brasil
2015-04-26,MS,4.0,Centro-Oeste,Brasil
2015-05-03,MS,4.0,Centro-Oeste,Brasil
2015-05-10,MS,4.0,Centro-Oeste,Brasil
2015-05-17,MS,4.0,Centro-Oeste,Brasil
2015-05-24,MS,3.0,Centro-Oeste,Brasil
2015-05-31,MS,3.0,Centro-Oeste,Brasil
2015-06-07,MS,3.0,Centro-Oeste,Brasil
2015-06-14,MS,1.0,Centro-Oeste,Brasil
2015-06-21,MS,1.0,Centro-Oeste,Brasil
2015-06-28,MS,2.0,Centro-Oeste,Brasil
2015-07-05,MS,2.0,Centro-Oeste,Brasil
2015-07-12,MS,2.0,Centro-Oeste,Brasil
2015-07-19,MS,1.0,Centro-Oeste,Brasil
2015-07-26,MS,2.0,Centro-Oeste,Brasil
2015-08-02,MS,4.0,Centro-Oeste,Brasil
2015-08-09,MS,4.0,Centro-Oeste,Brasil
2015-08-16,MS,1.0,Centro-Oeste,Brasil
2015-08-23,MS,2.0,Centro-Oeste,Brasil
2015-08-30,MS,3.0,Centro-Oeste,Brasil
2015-09-06,MS,2.0,Centro-Oeste,Brasil
2015-09-13,MS,1.0,Centro-Oeste,Brasil
2015-09-20,MS,1.0,Centro-Oeste,Brasil
2015-09-27,MS,1.0,Centro-Oeste,Brasil
2015-10-04,MS,1.0,Centro-Oeste,Brasil
2015-10-11,MS,3.0,Centro-Oeste,Brasil
2015-10-18,MS,1.0,Centro-Oeste,Brasil
2015-10-25,MS,5.0,Centro-Oeste,Brasil
2015-11-01,MS,2.0,Centro-Oeste,Brasil
2015-11-08,MS,2.0,Centro-Oeste,Brasil
2015-11-15,MS,1.0,Centro-Oeste,Brasil
2015-11-22,MS,1.0,Centro-Oeste,Brasil
2015-11-29,MS,6.0,Centro-Oeste,Brasil
2015-12-06,MS,24.0,Centro-Oeste,Brasil
2015-12-13,MS,38.0,Centro-Oeste,Brasil
2015-12-20,MS,22.0,Centro-Oeste,Brasil
2015-12-27,MS,16.0,Centro-Oeste,Brasil
2016-01-03,MS,16.0,Centro-Oeste,Brasil
2016-01-10,MS,11.0,Centro-Oeste,Brasil
2016-01-17,MS,19.0,Centro-Oeste,Brasil
2016-01-24,MS,20.0,Centro-Oeste,Brasil
2016-01-31,MS,22.0,Centro-Oeste,Brasil
2016-02-07,MS,52.0,Centro-Oeste,Brasil
2016-02-14,MS,13.0,Centro-Oeste,Brasil
2016-02-21,MS,17.0,Centro-Oeste,Brasil
2016-02-28,MS,18.0,Centro-Oeste,Brasil
2016-03-06,MS,10.0,Centro-Oeste,Brasil
2016-03-13,MS,17.0,Centro-Oeste,Brasil
2016-03-20,MS,9.0,Centro-Oeste,Brasil
2016-03-27,MS,18.0,Centro-Oeste,Brasil
2016-04-03,MS,14.0,Centro-Oeste,Brasil
2016-04-10,MS,13.0,Centro-Oeste,Brasil
2016-04-17,MS,17.0,Centro-Oeste,Brasil
2016-04-24,MS,9.0,Centro-Oeste,Brasil
2016-05-01,MS,9.0,Centro-Oeste,Brasil
2016-05-08,MS,4.0,Centro-Oeste,Brasil
2016-05-15,MS,4.0,Centro-Oeste,Brasil
2016-05-22,MS,7.0,Centro-Oeste,Brasil
2016-05-29,MS,10.0,Centro-Oeste,Brasil
2016-06-05,MS,5.0,Centro-Oeste,Brasil
2016-06-12,MS,7.0,Centro-Oeste,Brasil
2016-06-19,MS,7.0,Centro-Oeste,Brasil
2016-06-26,MS,6.0,Centro-Oeste,Brasil
2016-07-03,MS,2.0,Centro-Oeste,Brasil
2016-07-10,MS,1.0,Centro-Oeste,Brasil
2016-07-17,MS,1.0,Centro-Oeste,Brasil
2016-07-24,MS,3.0,Centro-Oeste,Brasil
2016-07-31,MS,3.0,Centro-Oeste,Brasil
2016-08-07,MS,1.0,Centro-Oeste,Brasil
2016-08-14,MS,4.0,Centro-Oeste,Brasil
2016-08-21,MS,1.0,Centro-Oeste,Brasil
2016-08-28,MS,3.0,Centro-Oeste,Brasil
2016-09-04,MS,3.0,Centro-Oeste,Brasil
2016-09-11,MS,2.0,Centro-Oeste,Brasil
2016-09-18,MS,3.0,Centro-Oeste,Brasil
2016-09-25,MS,2.0,Centro-Oeste,Brasil
2016-10-02,MS,4.0,Centro-Oeste,Brasil
2016-10-09,MS,1.0,Centro-Oeste,Brasil
2016-10-16,MS,4.0,Centro-Oeste,Brasil
2016-10-23,MS,2.0,Centro-Oeste,Brasil
2016-10-30,MS,3.0,Centro-Oeste,Brasil
2016-11-06,MS,7.0,Centro-Oeste,Brasil
2016-11-13,MS,7.0,Centro-Oeste,Brasil
2016-11-20,MS,2.0,Centro-Oeste,Brasil
2016-11-27,MS,2.0,Centro-Oeste,Brasil
2016-12-04,MS,1.0,Centro-Oeste,Brasil
2016-12-11,MS,5.0,Centro-Oeste,Brasil
2016-12-18,MS,7.0,Centro-Oeste,Brasil
2016-12-25,MS,5.0,Centro-Oeste,Brasil
2017-01-01,MS,3.0,Centro-Oeste,Brasil
2017-01-08,MS,5.0,Centro-Oeste,Brasil
2017-01-15,MS,6.0,Centro-Oeste,Brasil
2017-01-22,MS,9.0,Centro-Oeste,Brasil
2017-01-29,MS,15.0,Centro-Oeste,Brasil
2017-02-05,MS,18.0,Centro-Oeste,Brasil
2017-02-12,MS,18.0,Centro-Oeste,Brasil
2017-02-19,MS,5.0,Centro-Oeste,Brasil
2017-02-26,MS,6.0,Centro-Oeste,Brasil
2017-03-05,MS,6.0,Centro-Oeste,Brasil
2017-03-12,MS,9.0,Centro-Oeste,Brasil
2017-03-19,MS,7.0,Centro-Oeste,Brasil
2017-03-26,MS,20.0,Centro-Oeste,Brasil
2017-04-02,MS,13.0,Centro-Oeste,Brasil
2017-04-09,MS,10.0,Centro-Oeste,Brasil
2017-04-16,MS,6.0,Centro-Oeste,Brasil
2017-04-23,MS,11.0,Centro-Oeste,Brasil
2017-04-30,MS,8.0,Centro-Oeste,Brasil
2017-05-07,MS,7.0,Centro-Oeste,Brasil
2017-05-14,MS,14.0,Centro-Oeste,Brasil
2017-05-21,MS,13.0,Centro-Oeste,Brasil
2017-05-28,MS,10.0,Centro-Oeste,Brasil
2017-06-04,MS,9.0,Centro-Oeste,Brasil
2017-06-11,MS,6.0,Centro-Oeste,Brasil
2017-06-18,MS,4.0,Centro-Oeste,Brasil
2017-06-25,MS,7.0,Centro-Oeste,Brasil
2017-07-02,MS,5.0,Centro-Oeste,Brasil
2017-07-09,MS,2.0,Centro-Oeste,Brasil
2017-07-16,MS,7.0,Centro-Oeste,Brasil
2017-07-23,MS,6.0,Centro-Oeste,Brasil
2017-07-30,MS,3.0,Centro-Oeste,Brasil
2017-08-06,MS,6.0,Centro-Oeste,Brasil
2017-08-13,MS,4.0,Centro-Oeste,Brasil
2017-08-20,MS,5.0,Centro-Oeste,Brasil
2017-08-27,MS,10.0,Centro-Oeste,Brasil
2017-09-03,MS,9.0,Centro-Oeste,Brasil
2017-09-10,MS,9.0,Centro-Oeste,Brasil
2017-09-17,MS,5.0,Centro-Oeste,Brasil
2017-09-24,MS,13.0,Centro-Oeste,Brasil
2017-10-01,MS,12.0,Centro-Oeste,Brasil
2017-10-08,MS,17.0,Centro-Oeste,Brasil
2017-10-15,MS,7.0,Centro-Oeste,Brasil
2017-10-22,MS,16.0,Centro-Oeste,Brasil
2017-10-29,MS,20.0,Centro-Oeste,Brasil
2017-11-05,MS,15.0,Centro-Oeste,Brasil
2017-11-12,MS,13.0,Centro-Oeste,Brasil
2017-11-19,MS,22.0,Centro-Oeste,Brasil
2017-11-26,MS,21.0,Centro-Oeste,Brasil
2017-12-03,MS,17.0,Centro-Oeste,Brasil
2017-12-10,MS,14.0,Centro-Oeste,Brasil
2017-12-17,MS,30.0,Centro-Oeste,Brasil
2017-12-24,MS,19.0,Centro-Oeste,Brasil
2017-12-31,MS,7.0,Centro-Oeste,Brasil
2018-01-07,MS,5.0,Centro-Oeste,Brasil
2018-01-14,MS,12.0,Centro-Oeste,Brasil
2018-01-21,MS,11.0,Centro-Oeste,Brasil
2018-01-28,MS,21.0,Centro-Oeste,Brasil
2018-02-04,MS,9.0,Centro-Oeste,Brasil
2018-02-11,MS,13.0,Centro-Oeste,Brasil
2018-02-18,MS,15.0,Centro-Oeste,Brasil
2018-02-25,MS,7.0,Centro-Oeste,Brasil
2018-03-04,MS,18.0,Centro-Oeste,Brasil
2018-03-11,MS,16.0,Centro-Oeste,Brasil
2018-03-18,MS,26.0,Centro-Oeste,Brasil
2018-03-25,MS,16.0,Centro-Oeste,Brasil
2018-04-01,MS,23.0,Centro-Oeste,Brasil
2018-04-08,MS,15.0,Centro-Oeste,Brasil
2018-04-15,MS,32.0,Centro-Oeste,Brasil
2018-04-22,MS,31.0,Centro-Oeste,Brasil
2018-04-29,MS,24.0,Centro-Oeste,Brasil
2018-05-06,MS,13.0,Centro-Oeste,Brasil
2018-05-13,MS,19.0,Centro-Oeste,Brasil
2018-05-20,MS,30.0,Centro-Oeste,Brasil
2018-05-27,MS,17.0,Centro-Oeste,Brasil
2018-06-03,MS,10.0,Centro-Oeste,Brasil
2018-06-10,MS,11.0,Centro-Oeste,Brasil
2018-06-17,MS,17.0,Centro-Oeste,Brasil
2018-06-24,MS,11.0,Centro-Oeste,Brasil
2018-07-01,MS,19.0,Centro-Oeste,Brasil
2018-07-08,MS,13.0,Centro-Oeste,Brasil
2018-07-15,MS,12.0,Centro-Oeste,Brasil
2018-07-22,MS,17.0,Centro-Oeste,Brasil
2018-07-29,MS,10.0,Centro-Oeste,Brasil
2018-08-05,MS,12.0,Centro-Oeste,Brasil
2018-08-12,MS,6.0,Centro-Oeste,Brasil
2018-08-19,MS,7.0,Centro-Oeste,Brasil
2018-08-26,MS,6.0,Centro-Oeste,Brasil
2018-09-02,MS,8.0,Centro-Oeste,Brasil
2018-09-09,MS,10.0,Centro-Oeste,Brasil
2018-09-16,MS,9.0,Centro-Oeste,Brasil
2018-09-23,MS,14.0,Centro-Oeste,Brasil
2018-09-30,MS,8.0,Centro-Oeste,Brasil
2018-10-07,MS,15.0,Centro-Oeste,Brasil
2018-10-14,MS,8.0,Centro-Oeste,Brasil
2018-10-21,MS,16.0,Centro-Oeste,Brasil
2018-10-28,MS,18.0,Centro-Oeste,Brasil
2018-11-04,MS,16.0,Centro-Oeste,Brasil
2018-11-11,MS,14.0,Centro-Oeste,Brasil
2018-11-18,MS,10.0,Centro-Oeste,Brasil
2018-11-25,MS,19.0,Centro-Oeste,Brasil
2018-12-02,MS,22.0,Centro-Oeste,Brasil
2018-12-09,MS,26.0,Centro-Oeste,Brasil
2018-12-16,MS,17.0,Centro-Oeste,Brasil
2018-12-23,MS,22.0,Centro-Oeste,Brasil
2018-12-30,MS,18.0,Centro-Oeste,Brasil
2019-01-06,MS,4.0,Centro-Oeste,Brasil
2019-01-13,MS,36.0,Centro-Oeste,Brasil
2019-01-20,MS,16.0,Centro-Oeste,Brasil
2019-01-27,MS,15.0,Centro-Oeste,Brasil
2019-02-03,MS,20.0,Centro-Oeste,Brasil
2019-02-10,MS,14.0,Centro-Oeste,Brasil
2019-02-17,MS,19.0,Centro-Oeste,Brasil
2019-02-24,MS,33.0,Centro-Oeste,Brasil
2019-03-03,MS,31.0,Centro-Oeste,Brasil
2019-03-10,MS,18.0,Centro-Oeste,Brasil
2019-03-17,MS,33.0,Centro-Oeste,Brasil
2019-03-24,MS,34.0,Centro-Oeste,Brasil
2019-03-31,MS,26.0,Centro-Oeste,Brasil
2019-04-07,MS,31.0,Centro-Oeste,Brasil
2019-04-14,MS,26.0,Centro-Oeste,Brasil
2019-04-21,MS,14.0,Centro-Oeste,Brasil
2019-04-28,MS,19.0,Centro-Oeste,Brasil
2019-05-05,MS,13.0,Centro-Oeste,Brasil
2019-05-12,MS,30.0,Centro-Oeste,Brasil
2019-05-19,MS,24.0,Centro-Oeste,Brasil
2019-05-26,MS,11.0,Centro-Oeste,Brasil
2019-06-02,MS,13.0,Centro-Oeste,Brasil
2019-06-09,MS,11.0,Centro-Oeste,Brasil
2019-06-16,MS,10.0,Centro-Oeste,Brasil
2019-06-23,MS,17.0,Centro-Oeste,Brasil
2019-06-30,MS,16.0,Centro-Oeste,Brasil
2019-07-07,MS,7.0,Centro-Oeste,Brasil
2019-07-14,MS,11.0,Centro-Oeste,Brasil
2019-07-21,MS,7.0,Centro-Oeste,Brasil
2019-07-28,MS,7.0,Centro-Oeste,Brasil
2019-08-04,MS,10.0,Centro-Oeste,Brasil
2019-08-11,MS,8.0,Centro-Oeste,Brasil
2019-08-18,MS,3.0,Centro-Oeste,Brasil
2019-08-25,MS,6.0,Centro-Oeste,Brasil
2019-09-01,MS,2.0,Centro-Oeste,Brasil
2019-09-08,MS,7.0,Centro-Oeste,Brasil
2019-09-15,MS,3.0,Centro-Oeste,Brasil
2019-09-22,MS,4.0,Centro-Oeste,Brasil
2019-09-29,MS,6.0,Centro-Oeste,Brasil
2019-10-06,MS,2.0,Centro-Oeste,Brasil
2019-10-13,MS,10.0,Centro-Oeste,Brasil
2019-10-20,MS,6.0,Centro-Oeste,Brasil
2019-10-27,MS,8.0,Centro-Oeste,Brasil
2019-11-03,MS,4.0,Centro-Oeste,Brasil
2019-11-10,MS,7.0,Centro-Oeste,Brasil
2019-11-17,MS,7.0,Centro-Oeste,Brasil
2019-11-24,MS,4.0,Centro-Oeste,Brasil
2019-12-01,MS,12.0,Centro-Oeste,Brasil
2019-12-08,MS,10.0,Centro-Oeste,Brasil
2019-12-15,MS,6.0,Centro-Oeste,Brasil
2019-12-22,MS,7.0,Centro-Oeste,Brasil
2019-12-29,MS,7.0,Centro-Oeste,Brasil
2020-01-05,MS,2.0,Centro-Oeste,Brasil
2020-01-12,MS,9.0,Centro-Oeste,Brasil
2020-01-19,MS,26.0,Centro-Oeste,Brasil
2020-01-26,MS,27.0,Centro-Oeste,Brasil
2020-02-02,MS,19.0,Centro-Oeste,Brasil
2020-02-09,MS,31.0,Centro-Oeste,Brasil
2020-02-16,MS,29.0,Centro-Oeste,Brasil
2020-02-23,MS,18.0,Centro-Oeste,Brasil
2020-03-01,MS,14.0,Centro-Oeste,Brasil
2020-03-08,MS,28.0,Centro-Oeste,Brasil
2020-03-15,MS,33.0,Centro-Oeste,Brasil
2020-03-22,MS,11.0,Centro-Oeste,Brasil
2020-03-29,MS,7.0,Centro-Oeste,Brasil
2020-04-05,MS,9.0,Centro-Oeste,Brasil
2020-04-12,MS,5.0,Centro-Oeste,Brasil
2020-04-19,MS,9.0,Centro-Oeste,Brasil
2020-04-26,MS,19.0,Centro-Oeste,Brasil
2020-05-03,MS,13.0,Centro-Oeste,Brasil
2020-05-10,MS,6.0,Centro-Oeste,Brasil
2020-05-17,MS,7.0,Centro-Oeste,Brasil
2020-05-24,MS,7.0,Centro-Oeste,Brasil
2020-05-31,MS,4.0,Centro-Oeste,Brasil
2020-06-07,MS,2.0,Centro-Oeste,Brasil
2020-06-14,MS,2.0,Centro-Oeste,Brasil
2020-06-21,MS,1.0,Centro-Oeste,Brasil
2020-06-28,MS,7.0,Centro-Oeste,Brasil
2020-07-05,MS,7.0,Centro-Oeste,Brasil
2020-07-12,MS,7.0,Centro-Oeste,Brasil
2020-07-19,MS,1.0,Centro-Oeste,Brasil
2020-07-26,MS,1.0,Centro-Oeste,Brasil
2020-08-02,MS,1.0,Centro-Oeste,Brasil
2020-08-09,MS,3.0,Centro-Oeste,Brasil
2020-08-16,MS,2.0,Centro-Oeste,Brasil
2020-08-23,MS,5.0,Centro-Oeste,Brasil
2020-08-30,MS,4.0,Centro-Oeste,Brasil
2020-09-06,MS,1.0,Centro-Oeste,Brasil
2020-09-13,MS,2.0,Centro-Oeste,Brasil
2020-09-20,MS,2.0,Centro-Oeste,Brasil
2020-09-27,MS,3.0,Centro-Oeste,Brasil
2020-10-04,MS,2.0,Centro-Oeste,Brasil
2020-10-11,MS,3.0,Centro-Oeste,Brasil
2020-10-18,MS,6.0,Centro-Oeste,Brasil
2020-10-25,MS,5.0,Centro-Oeste,Brasil
2020-11-01,MS,2.0,Centro-Oeste,Brasil
2020-11-08,MS,6.0,Centro-Oeste,Brasil
2020-11-15,MS,2.0,Centro-Oeste,Brasil
2020-11-22,MS,4.0,Centro-Oeste,Brasil
2020-11-29,MS,4.0,Centro-Oeste,Brasil
2020-12-06,MS,3.0,Centro-Oeste,Brasil
2020-12-13,MS,4.0,Centro-Oeste,Brasil
2020-12-20,MS,2.0,Centro-Oeste,Brasil
2020-12-27,MS,2.0,Centro-Oeste,Brasil
2021-01-03,MS,2.0,Centro-Oeste,Brasil
2021-01-10,MS,1.0,Centro-Oeste,Brasil
2021-01-17,MS,8.0,Centro-Oeste,Brasil
2021-01-24,MS,5.0,Centro-Oeste,Brasil
2021-01-31,MS,9.0,Centro-Oeste,Brasil
2021-02-07,MS,8.0,Centro-Oeste,Brasil
2021-02-14,MS,12.0,Centro-Oeste,Brasil
2021-02-21,MS,9.0,Centro-Oeste,Brasil
2021-02-28,MS,9.0,Centro-Oeste,Brasil
2021-03-07,MS,15.0,Centro-Oeste,Brasil
2021-03-14,MS,14.0,Centro-Oeste,Brasil
2021-03-21,MS,20.0,Centro-Oeste,Brasil
2021-03-28,MS,28.0,Centro-Oeste,Brasil
2021-04-04,MS,29.0,Centro-Oeste,Brasil
2021-04-11,MS,31.0,Centro-Oeste,Brasil
2021-04-18,MS,18.0,Centro-Oeste,Brasil
2021-04-25,MS,19.0,Centro-Oeste,Brasil
2021-05-02,MS,7.0,Centro-Oeste,Brasil
2021-05-09,MS,12.0,Centro-Oeste,Brasil
2021-05-16,MS,13.0,Centro-Oeste,Brasil
2021-05-23,MS,14.0,Centro-Oeste,Brasil
2021-05-30,MS,13.0,Centro-Oeste,Brasil
2021-06-06,MS,14.0,Centro-Oeste,Brasil
2021-06-13,MS,9.0,Centro-Oeste,Brasil
2021-06-20,MS,17.0,Centro-Oeste,Brasil
2021-06-27,MS,11.0,Centro-Oeste,Brasil
2021-07-04,MS,7.0,Centro-Oeste,Brasil
2021-07-11,MS,5.0,Centro-Oeste,Brasil
2021-07-18,MS,11.0,Centro-Oeste,Brasil
2021-07-25,MS,7.0,Centro-Oeste,Brasil
2021-08-01,MS,4.0,Centro-Oeste,Brasil
2021-08-08,MS,4.0,Centro-Oeste,Brasil
2021-08-15,MS,4.0,Centro-Oeste,Brasil
2021-08-22,MS,2.0,Centro-Oeste,Brasil
2021-08-29,MS,5.0,Centro-Oeste,Brasil
2021-09-05,MS,7.0,Centro-Oeste,Brasil
2021-09-12,MS,4.0,Centro-Oeste,Brasil
2021-09-19,MS,3.0,Centro-Oeste,Brasil
2021-09-26,MS,2.0,Centro-Oeste,Brasil
2021-10-03,MS,7.0,Centro-Oeste,Brasil
2021-10-10,MS,3.0,Centro-Oeste,Brasil
2021-10-17,MS,4.0,Centro-Oeste,Brasil
2021-10-24,MS,3.0,Centro-Oeste,Brasil
2021-10-31,MS,7.0,Centro-Oeste,Brasil
2021-11-07,MS,3.0,Centro-Oeste,Brasil
2021-11-14,MS,10.0,Centro-Oeste,Brasil
2021-11-21,MS,10.0,Centro-Oeste,Brasil
2021-11-28,MS,16.0,Centro-Oeste,Brasil
2021-12-05,MS,13.0,Centro-Oeste,Brasil
2021-12-12,MS,10.0,Centro-Oeste,Brasil
2021-12-19,MS,18.0,Centro-Oeste,Brasil
2021-12-26,MS,4.0,Centro-Oeste,Brasil
2022-01-02,MS,7.0,Centro-Oeste,Brasil
2022-01-09,MS,9.0,Centro-Oeste,Brasil
2022-01-16,MS,14.0,Centro-Oeste,Brasil
2022-01-23,MS,13.0,Centro-Oeste,Brasil
2022-01-30,MS,10.0,Centro-Oeste,Brasil
2022-02-06,MS,15.0,Centro-Oeste,Brasil
2022-02-13,MS,7.0,Centro-Oeste,Brasil
2022-02-20,MS,18.0,Centro-Oeste,Brasil
2022-02-27,MS,31.0,Centro-Oeste,Brasil
2022-03-06,MS,46.0,Centro-Oeste,Brasil
2022-03-13,MS,76.0,Centro-Oeste,Brasil
2022-03-20,MS,88.0,Centro-Oeste,Brasil
2022-03-27,MS,77.0,Centro-Oeste,Brasil
2022-04-03,MS,138.0,Centro-Oeste,Brasil
2022-04-10,MS,183.0,Centro-Oeste,Brasil
2022-04-17,MS,256.0,Centro-Oeste,Brasil
2022-04-24,MS,126.0,Centro-Oeste,Brasil
2022-05-01,MS,79.0,Centro-Oeste,Brasil
2022-05-08,MS,132.0,Centro-Oeste,Brasil
2022-05-15,MS,96.0,Centro-Oeste,Brasil
2022-05-22,MS,147.0,Centro-Oeste,Brasil
2022-05-29,MS,298.0,Centro-Oeste,Brasil
2022-06-05,MS,226.0,Centro-Oeste,Brasil
2022-06-12,MS,193.0,Centro-Oeste,Brasil
2022-06-19,MS,120.0,Centro-Oeste,Brasil
2022-06-26,MS,134.0,Centro-Oeste,Brasil
2022-07-03,MS,57.0,Centro-Oeste,Brasil
2022-07-10,MS,40.0,Centro-Oeste,Brasil
2022-07-17,MS,62.0,Centro-Oeste,Brasil
2022-07-24,MS,47.0,Centro-Oeste,Brasil
2022-07-31,MS,48.0,Centro-Oeste,Brasil
2022-08-07,MS,50.0,Centro-Oeste,Brasil
2022-08-14,MS,45.0,Centro-Oeste,Brasil
2022-08-21,MS,56.0,Centro-Oeste,Brasil
2022-08-28,MS,55.0,Centro-Oeste,Brasil
2022-09-04,MS,65.0,Centro-Oeste,Brasil
2022-09-11,MS,58.0,Centro-Oeste,Brasil
2022-09-18,MS,44.0,Centro-Oeste,Brasil
2022-09-25,MS,49.0,Centro-Oeste,Brasil
2022-10-02,MS,74.0,Centro-Oeste,Brasil
2022-10-09,MS,70.0,Centro-Oeste,Brasil
2022-10-16,MS,62.0,Centro-Oeste,Brasil
2022-10-23,MS,85.0,Centro-Oeste,Brasil
2022-10-30,MS,120.0,Centro-Oeste,Brasil
2022-11-06,MS,100.0,Centro-Oeste,Brasil
2022-11-13,MS,141.0,Centro-Oeste,Brasil
2022-11-20,MS,77.0,Centro-Oeste,Brasil
2022-11-27,MS,101.0,Centro-Oeste,Brasil
2022-12-04,MS,98.0,Centro-Oeste,Brasil
2022-12-11,MS,79.0,Centro-Oeste,Brasil
2022-12-18,MS,54.0,Centro-Oeste,Brasil
2022-12-25,MS,59.0,Centro-Oeste,Brasil
2023-01-01,MS,17.0,Centro-Oeste,Brasil
2023-01-08,MS,23.0,Centro-Oeste,Brasil
2023-01-15,MS,41.0,Centro-Oeste,Brasil
2023-01-22,MS,60.0,Centro-Oeste,Brasil
2023-01-29,MS,129.0,Centro-Oeste,Brasil
2023-02-05,MS,145.0,Centro-Oeste,Brasil
2023-02-12,MS,152.0,Centro-Oeste,Brasil
2023-02-19,MS,301.0,Centro-Oeste,Brasil
2023-02-26,MS,341.0,Centro-Oeste,Brasil
2023-03-05,MS,442.0,Centro-Oeste,Brasil
2023-03-12,MS,678.0,Centro-Oeste,Brasil
2023-03-19,MS,851.0,Centro-Oeste,Brasil
2023-03-26,MS,1143.0,Centro-Oeste,Brasil
2023-04-02,MS,1188.0,Centro-Oeste,Brasil
2023-04-09,MS,901.0,Centro-Oeste,Brasil
2023-04-16,MS,1042.0,Centro-Oeste,Brasil
2023-04-23,MS,831.0,Centro-Oeste,Brasil
2023-04-30,MS,787.0,Centro-Oeste,Brasil
2023-05-07,MS,639.0,Centro-Oeste,Brasil
2023-05-14,MS,656.0,Centro-Oeste,Brasil
2023-05-21,MS,638.0,Centro-Oeste,Brasil
2023-05-28,MS,541.0,Centro-Oeste,Brasil
2023-06-04,MS,396.0,Centro-Oeste,Brasil
2023-06-11,MS,307.0,Centro-Oeste,Brasil
2023-06-18,MS,205.0,Centro-Oeste,Brasil
2023-06-25,MS,193.0,Centro-Oeste,Brasil
2023-07-02,MS,234.0,Centro-Oeste,Brasil
2023-07-09,MS,170.0,Centro-Oeste,Brasil
2023-07-16,MS,211.0,Centro-Oeste,Brasil
2023-07-23,MS,156.0,Centro-Oeste,Brasil
2023-07-30,MS,125.0,Centro-Oeste,Brasil
2023-08-06,MS,112.0,Centro-Oeste,Brasil
2023-08-13,MS,139.0,Centro-Oeste,Brasil
2023-08-20,MS,136.0,Centro-Oeste,Brasil
2023-08-27,MS,115.0,Centro-Oeste,Brasil
2023-09-03,MS,85.0,Centro-Oeste,Brasil
2023-09-10,MS,56.0,Centro-Oeste,Brasil
2023-09-17,MS,72.0,Centro-Oeste,Brasil
2023-09-24,MS,54.0,Centro-Oeste,Brasil
2023-10-01,MS,65.0,Centro-Oeste,Brasil
2023-10-08,MS,93.0,Centro-Oeste,Brasil
2023-10-15,MS,36.0,Centro-Oeste,Brasil
2023-10-22,MS,93.0,Centro-Oeste,Brasil
2023-10-29,MS,106.0,Centro-Oeste,Brasil
2023-11-05,MS,71.0,Centro-Oeste,Brasil
2023-11-12,MS,158.0,Centro-Oeste,Brasil
2023-11-19,MS,106.0,Centro-Oeste,Brasil
2023-11-26,MS,129.0,Centro-Oeste,Brasil
2023-12-03,MS,106.0,Centro-Oeste,Brasil
2023-12-10,MS,119.0,Centro-Oeste,Brasil
2023-12-17,MS,110.0,Centro-Oeste,Brasil
2023-12-24,MS,94.0,Centro-Oeste,Brasil
2023-12-31,MS,79.0,Centro-Oeste,Brasil
2024-01-07,MS,190.0,Centro-Oeste,Brasil
2024-01-14,MS,311.0,Centro-Oeste,Brasil
2024-01-21,MS,400.0,Centro-Oeste,Brasil
2024-01-28,MS,519.0,Centro-Oeste,Brasil
2024-02-04,MS,626.0,Centro-Oeste,Brasil
2024-02-11,MS,787.0,Centro-Oeste,Brasil
2024-02-18,MS,824.0,Centro-Oeste,Brasil
2024-02-25,MS,1471.0,Centro-Oeste,Brasil
2024-03-03,MS,1846.0,Centro-Oeste,Brasil
2024-03-10,MS,1926.0,Centro-Oeste,Brasil
2024-03-17,MS,2215.0,Centro-Oeste,Brasil
2024-03-24,MS,2036.0,Centro-Oeste,Brasil
2024-03-31,MS,1274.0,Centro-Oeste,Brasil
2024-04-07,MS,1862.0,Centro-Oeste,Brasil
2024-04-14,MS,1928.0,Centro-Oeste,Brasil
2024-04-21,MS,1576.0,Centro-Oeste,Brasil
2024-04-28,MS,1745.0,Centro-Oeste,Brasil
2024-05-05,MS,1537.0,Centro-Oeste,Brasil
2024-05-12,MS,1529.0,Centro-Oeste,Brasil
2024-05-19,MS,1246.0,Centro-Oeste,Brasil
2024-05-26,MS,966.0,Centro-Oeste,Brasil
2024-06-02,MS,425.0,Centro-Oeste,Brasil
2024-06-09,MS,505.0,Centro-Oeste,Brasil
2024-06-16,MS,529.0,Centro-Oeste,Brasil
2024-06-23,MS,474.0,Centro-Oeste,Brasil
2024-06-30,MS,362.0,Centro-Oeste,Brasil
2024-07-07,MS,248.0,Centro-Oeste,Brasil
2024-07-14,MS,137.0,Centro-Oeste,Brasil
2024-07-21,MS,165.0,Centro-Oeste,Brasil
2024-07-28,MS,171.0,Centro-Oeste,Brasil
2024-08-04,MS,161.0,Centro-Oeste,Brasil
2024-08-11,MS,169.0,Centro-Oeste,Brasil
2024-08-18,MS,183.0,Centro-Oeste,Brasil
2024-08-25,MS,215.0,Centro-Oeste,Brasil
2024-09-01,MS,177.0,Centro-Oeste,Brasil
2024-09-08,MS,199.0,Centro-Oeste,Brasil
2024-09-15,MS,185.0,Centro-Oeste,Brasil
2024-09-22,MS,170.0,Centro-Oeste,Brasil
2024-09-29,MS,165.0,Centro-Oeste,Brasil
2024-10-06,MS,167.0,Centro-Oeste,Brasil
2024-10-13,MS,155.0,Centro-Oeste,Brasil
2024-10-20,MS,177.0,Centro-Oeste,Brasil
2024-10-27,MS,169.0,Centro-Oeste,Brasil
2024-11-03,MS,190.0,Centro-Oeste,Brasil
2024-11-10,MS,173.0,Centro-Oeste,Brasil
2024-11-17,MS,175.0,Centro-Oeste,Brasil
2024-11-24,MS,193.0,Centro-Oeste,Brasil
2024-12-01,MS,208.0,Centro-Oeste,Brasil
2024-12-08,MS,223.0,Centro-Oeste,Brasil
2024-12-15,MS,208.0,Centro-Oeste,Brasil
2024-12-22,MS,200.0,Centro-Oeste,Brasil
2024-12-29,MS,102.0,Centro-Oeste,Brasil
2025-01-05,MS,207.0,Centro-Oeste,Brasil
2025-01-12,MS,473.0,Centro-Oeste,Brasil
2025-01-19,MS,575.0,Centro-Oeste,Brasil
2025-01-26,MS,716.0,Centro-Oeste,Brasil
2025-02-02,MS,786.0,Centro-Oeste,Brasil
2025-02-09,MS,912.0,Centro-Oeste,Brasil
2025-02-16,MS,1102.0,Centro-Oeste,Brasil
2025-02-23,MS,1235.0,Centro-Oeste,Brasil
2025-03-02,MS,1377.0,Centro-Oeste,Brasil
2025-03-09,MS,1365.0,Centro-Oeste,Brasil
2025-03-16,MS,1704.0,Centro-Oeste,Brasil
2025-03-23,MS,2050.0,Centro-Oeste,Brasil
2025-03-30,MS,2169.0,Centro-Oeste,Brasil
2025-04-06,MS,2330.0,Centro-Oeste,Brasil
2025-04-13,MS,2479.0,Centro-Oeste,Brasil
2025-04-20,MS,2085.0,Centro-Oeste,Brasil
2025-04-27,MS,2522.0,Centro-Oeste,Brasil
2025-05-04,MS,1910.0,Centro-Oeste,Brasil
2025-05-11,MS,2112.0,Centro-Oeste,Brasil
2025-05-18,MS,2030.0,Centro-Oeste,Brasil
2025-05-25,MS,2165.0,Centro-Oeste,Brasil
2025-06-01,MS,1834.0,Centro-Oeste,Brasil
2025-06-08,MS,1328.0,Centro-Oeste,Brasil
2025-06-15,MS,1215.0,Centro-Oeste,Brasil
2025-06-22,MS,981.0,Centro-Oeste,Brasil
2025-06-29,MS,833.0,Centro-Oeste,Brasil
2025-07-06,MS,626.0,Centro-Oeste,Brasil
2025-07-13,MS,653.0,Centro-Oeste,Brasil
2025-07-20,MS,633.0,Centro-Oeste,Brasil
2025-07-27,MS,505.0,Centro-Oeste,Brasil
2025-08-03,MS,451.0,Centro-Oeste,Brasil
2025-08-10,MS,392.0,Centro-Oeste,Brasil
2025-08-17,MS,390.0,Centro-Oeste,Brasil
2025-08-24,MS,449.0,Centro-Oeste,Brasil
2025-08-31,MS,334.0,Centro-Oeste,Brasil
2025-09-07,MS,418.0,Centro-Oeste,Brasil
2025-09-14,MS,411.0,Centro-Oeste,Brasil
2025-09-21,MS,400.0,Centro-Oeste,Brasil
2025-09-28,MS,418.0,Centro-Oeste,Brasil
2025-10-05,MS,390.0,Centro-Oeste,Brasil
2025-10-12,MS,351.0,Centro-Oeste,Brasil
2025-10-19,MS,331.0,Centro-Oeste,Brasil
2025-10-26,MS,410.0,Centro-Oeste,Brasil
2025-11-02,MS,319.0,Centro-Oeste,Brasil
2025-11-09,MS,478.0,Centro-Oeste,Brasil
2025-11-16,MS,515.0,Centro-Oeste,Brasil
2025-11-23,MS,378.0,Centro-Oeste,Brasil
2025-11-30,MS,547.0,Centro-Oeste,Brasil
2025-12-07,MS,504.0,Centro-Oeste,Brasil
2025-12-14,MS,430.0,Centro-Oeste,Brasil
2025-12-21,MS,445.0,Centro-Oeste,Brasil
2025-12-28,MS,297.0,Centro-Oeste,Brasil
2026-01-04,MS,326.0,Centro-Oeste,Brasil
2026-01-11,MS,567.0,Centro-Oeste,Brasil
2026-01-18,MS,511.0,Centro-Oeste,Brasil
2026-01-25,MS,532.0,Centro-Oeste,Brasil
2026-02-01,MS,546.0,Centro-Oeste,Brasil
2026-02-08,MS,630.0,Centro-Oeste,Brasil
2026-02-15,MS,585.0,Centro-Oeste,Brasil
2026-02-22,MS,570.0,Centro-Oeste,Brasil
2026-03-01,MS,841.0,Centro-Oeste,Brasil
2026-03-08,MS,983.0,Centro-Oeste,Brasil
2026-03-15,MS,1173.0,Centro-Oeste,Brasil
2026-03-22,MS,1706.0,Centro-Oeste,Brasil
2026-03-29,MS,2263.0,Centro-Oeste,Brasil
2026-04-05,MS,2093.0,Centro-Oeste,Brasil
2026-04-12,MS,2584.0,Centro-Oeste,Brasil
2026-04-19,MS,2636.0,Centro-Oeste,Brasil
2026-04-26,MS,2486.0,Centro-Oeste,Brasil
2026-05-03,MS,2088.0,Centro-Oeste,Brasil
2026-05-10,MS,2084.0,Centro-Oeste,Brasil
2026-05-17,MS,1333.0,Centro-Oeste,Brasil
2026-05-24,MS,937.0,Centro-Oeste,Brasil
2026-05-31,MS,1190.0,Centro-Oeste,Brasil
2026-06-07,MS,843.0,Centro-Oeste,Brasil
2026-06-14,MS,816.0,Centro-Oeste,Brasil
2026-06-21,MS,699.0,Centro-Oeste,Brasil
2026-06-28,MS,501.0,Centro-Oeste,Brasil
2026-07-05,MS,534.0,Centro-Oeste,Brasil
2026-07-12,MS,425.0,Centro-Oeste,Brasil
2026-07-19,MS,356.0,Centro-Oeste,Brasil
2026-07-26,MS,392.0,Centro-Oeste,Brasil
2026-08-02,MS,340.0,Centro-Oeste,Brasil
2026-08-09,MS,334.0,Centro-Oeste,Brasil
2026-08-16,MS,348.0,Centro-Oeste,Brasil
2026-08-23,MS,310.0,Centro-Oeste,Brasil
2026-08-30,MS,274.0,Centro-Oeste,Brasil
2026-09-06,MS,147.0,Centro-Oeste,Brasil
2026-09-13,MS,147.0,Centro-Oeste,Brasil
2014-11-09,MT,1.0,Centro-Oeste,Brasil
2014-11-16,MT,1.0,Centro-Oeste,Brasil
2014-11-23,MT,1.0,Centro-Oeste,Brasil
2014-11-30,MT,2.0,Centro-Oeste,Brasil
2014-12-07,MT,1.0,Centro-Oeste,Brasil
2014-12-14,MT,1.0,Centro-Oeste,Brasil
2014-12-21,MT,2.0,Centro-Oeste,Brasil
2014-12-28,MT,2.0,Centro-Oeste,Brasil
2015-01-04,MT,2.0,Centro-Oeste,Brasil
2015-01-11,MT,1.0,Centro-Oeste,Brasil
2015-01-18,MT,1.0,Centro-Oeste,Brasil
2015-01-25,MT,1.0,Centro-Oeste,Brasil
2015-02-01,MT,1.0,Centro-Oeste,Brasil
2015-02-08,MT,1.0,Centro-Oeste,Brasil
2015-02-15,MT,1.0,Centro-Oeste,Brasil
2015-02-22,MT,2.0,Centro-Oeste,Brasil
2015-03-01,MT,3.0,Centro-Oeste,Brasil
2015-03-08,MT,1.0,Centro-Oeste,Brasil
2015-03-15,MT,1.0,Centro-Oeste,Brasil
2015-03-22,MT,1.0,Centro-Oeste,Brasil
2015-03-29,MT,1.0,Centro-Oeste,Brasil
2015-04-05,MT,2.0,Centro-Oeste,Brasil
2015-04-12,MT,1.0,Centro-Oeste,Brasil
2015-04-19,MT,2.0,Centro-Oeste,Brasil
2015-04-26,MT,2.0,Centro-Oeste,Brasil
2015-05-03,MT,1.0,Centro-Oeste,Brasil
2015-05-10,MT,4.0,Centro-Oeste,Brasil
2015-05-17,MT,4.0,Centro-Oeste,Brasil
2015-05-24,MT,6.0,Centro-Oeste,Brasil
2015-05-31,MT,1.0,Centro-Oeste,Brasil
2015-06-07,MT,2.0,Centro-Oeste,Brasil
2015-06-14,MT,1.0,Centro-Oeste,Brasil
2015-06-21,MT,6.0,Centro-Oeste,Brasil
2015-06-28,MT,3.0,Centro-Oeste,Brasil
2015-07-05,MT,4.0,Centro-Oeste,Brasil
2015-07-12,MT,2.0,Centro-Oeste,Brasil
2015-07-19,MT,7.0,Centro-Oeste,Brasil
2015-07-26,MT,5.0,Centro-Oeste,Brasil
2015-08-02,MT,11.0,Centro-Oeste,Brasil
2015-08-09,MT,5.0,Centro-Oeste,Brasil
2015-08-16,MT,23.0,Centro-Oeste,Brasil
2015-08-23,MT,8.0,Centro-Oeste,Brasil
2015-08-30,MT,8.0,Centro-Oeste,Brasil
2015-09-06,MT,8.0,Centro-Oeste,Brasil
2015-09-13,MT,25.0,Centro-Oeste,Brasil
2015-09-20,MT,6.0,Centro-Oeste,Brasil
2015-09-27,MT,3.0,Centro-Oeste,Brasil
2015-10-04,MT,5.0,Centro-Oeste,Brasil
2015-10-11,MT,2.0,Centro-Oeste,Brasil
2015-10-18,MT,13.0,Centro-Oeste,Brasil
2015-10-25,MT,13.0,Centro-Oeste,Brasil
2015-11-01,MT,4.0,Centro-Oeste,Brasil
2015-11-08,MT,3.0,Centro-Oeste,Brasil
2015-11-15,MT,2.0,Centro-Oeste,Brasil
2015-11-22,MT,4.0,Centro-Oeste,Brasil
2015-11-29,MT,3.0,Centro-Oeste,Brasil
2015-12-06,MT,32.0,Centro-Oeste,Brasil
2015-12-13,MT,45.0,Centro-Oeste,Brasil
2015-12-20,MT,29.0,Centro-Oeste,Brasil
2015-12-27,MT,12.0,Centro-Oeste,Brasil
2016-01-03,MT,12.0,Centro-Oeste,Brasil
2016-01-10,MT,21.0,Centro-Oeste,Brasil
2016-01-17,MT,47.0,Centro-Oeste,Brasil
2016-01-24,MT,82.0,Centro-Oeste,Brasil
2016-01-31,MT,80.0,Centro-Oeste,Brasil
2016-02-07,MT,97.0,Centro-Oeste,Brasil
2016-02-14,MT,94.0,Centro-Oeste,Brasil
2016-02-21,MT,105.0,Centro-Oeste,Brasil
2016-02-28,MT,129.0,Centro-Oeste,Brasil
2016-03-06,MT,130.0,Centro-Oeste,Brasil
2016-03-13,MT,92.0,Centro-Oeste,Brasil
2016-03-20,MT,72.0,Centro-Oeste,Brasil
2016-03-27,MT,78.0,Centro-Oeste,Brasil
2016-04-03,MT,85.0,Centro-Oeste,Brasil
2016-04-10,MT,46.0,Centro-Oeste,Brasil
2016-04-17,MT,55.0,Centro-Oeste,Brasil
2016-04-24,MT,41.0,Centro-Oeste,Brasil
2016-05-01,MT,28.0,Centro-Oeste,Brasil
2016-05-08,MT,25.0,Centro-Oeste,Brasil
2016-05-15,MT,16.0,Centro-Oeste,Brasil
2016-05-22,MT,23.0,Centro-Oeste,Brasil
2016-05-29,MT,11.0,Centro-Oeste,Brasil
2016-06-05,MT,4.0,Centro-Oeste,Brasil
2016-06-12,MT,4.0,Centro-Oeste,Brasil
2016-06-19,MT,8.0,Centro-Oeste,Brasil
2016-06-26,MT,7.0,Centro-Oeste,Brasil
2016-07-03,MT,2.0,Centro-Oeste,Brasil
2016-07-10,MT,1.0,Centro-Oeste,Brasil
2016-07-17,MT,4.0,Centro-Oeste,Brasil
2016-07-24,MT,1.0,Centro-Oeste,Brasil
2016-07-31,MT,4.0,Centro-Oeste,Brasil
2016-08-07,MT,2.0,Centro-Oeste,Brasil
2016-08-14,MT,4.0,Centro-Oeste,Brasil
2016-08-21,MT,3.0,Centro-Oeste,Brasil
2016-08-28,MT,2.0,Centro-Oeste,Brasil
2016-09-04,MT,3.0,Centro-Oeste,Brasil
2016-09-11,MT,2.0,Centro-Oeste,Brasil
2016-09-18,MT,3.0,Centro-Oeste,Brasil
2016-09-25,MT,2.0,Centro-Oeste,Brasil
2016-10-02,MT,1.0,Centro-Oeste,Brasil
2016-10-09,MT,1.0,Centro-Oeste,Brasil
2016-10-16,MT,7.0,Centro-Oeste,Brasil
2016-10-23,MT,5.0,Centro-Oeste,Brasil
2016-10-30,MT,4.0,Centro-Oeste,Brasil
2016-11-06,MT,2.0,Centro-Oeste,Brasil
2016-11-13,MT,3.0,Centro-Oeste,Brasil
2016-11-20,MT,2.0,Centro-Oeste,Brasil
2016-11-27,MT,1.0,Centro-Oeste,Brasil
2016-12-04,MT,5.0,Centro-Oeste,Brasil
2016-12-11,MT,3.0,Centro-Oeste,Brasil
2016-12-18,MT,7.0,Centro-Oeste,Brasil
2016-12-25,MT,8.0,Centro-Oeste,Brasil
2017-01-01,MT,5.0,Centro-Oeste,Brasil
2017-01-08,MT,12.0,Centro-Oeste,Brasil
2017-01-15,MT,17.0,Centro-Oeste,Brasil
2017-01-22,MT,36.0,Centro-Oeste,Brasil
2017-01-29,MT,61.0,Centro-Oeste,Brasil
2017-02-05,MT,71.0,Centro-Oeste,Brasil
2017-02-12,MT,91.0,Centro-Oeste,Brasil
2017-02-19,MT,101.0,Centro-Oeste,Brasil
2017-02-26,MT,119.0,Centro-Oeste,Brasil
2017-03-05,MT,61.0,Centro-Oeste,Brasil
2017-03-12,MT,120.0,Centro-Oeste,Brasil
2017-03-19,MT,154.0,Centro-Oeste,Brasil
2017-03-26,MT,152.0,Centro-Oeste,Brasil
2017-04-02,MT,212.0,Centro-Oeste,Brasil
2017-04-09,MT,270.0,Centro-Oeste,Brasil
2017-04-16,MT,210.0,Centro-Oeste,Brasil
2017-04-23,MT,197.0,Centro-Oeste,Brasil
2017-04-30,MT,195.0,Centro-Oeste,Brasil
2017-05-07,MT,142.0,Centro-Oeste,Brasil
2017-05-14,MT,179.0,Centro-Oeste,Brasil
2017-05-21,MT,163.0,Centro-Oeste,Brasil
2017-05-28,MT,109.0,Centro-Oeste,Brasil
2017-06-04,MT,94.0,Centro-Oeste,Brasil
2017-06-11,MT,98.0,Centro-Oeste,Brasil
2017-06-18,MT,60.0,Centro-Oeste,Brasil
2017-06-25,MT,83.0,Centro-Oeste,Brasil
2017-07-02,MT,70.0,Centro-Oeste,Brasil
2017-07-09,MT,55.0,Centro-Oeste,Brasil
2017-07-16,MT,53.0,Centro-Oeste,Brasil
2017-07-23,MT,26.0,Centro-Oeste,Brasil
2017-07-30,MT,66.0,Centro-Oeste,Brasil
2017-08-06,MT,30.0,Centro-Oeste,Brasil
2017-08-13,MT,20.0,Centro-Oeste,Brasil
2017-08-20,MT,27.0,Centro-Oeste,Brasil
2017-08-27,MT,19.0,Centro-Oeste,Brasil
2017-09-03,MT,20.0,Centro-Oeste,Brasil
2017-09-10,MT,10.0,Centro-Oeste,Brasil
2017-09-17,MT,7.0,Centro-Oeste,Brasil
2017-09-24,MT,15.0,Centro-Oeste,Brasil
2017-10-01,MT,14.0,Centro-Oeste,Brasil
2017-10-08,MT,21.0,Centro-Oeste,Brasil
2017-10-15,MT,5.0,Centro-Oeste,Brasil
2017-10-22,MT,16.0,Centro-Oeste,Brasil
2017-10-29,MT,14.0,Centro-Oeste,Brasil
2017-11-05,MT,8.0,Centro-Oeste,Brasil
2017-11-12,MT,10.0,Centro-Oeste,Brasil
2017-11-19,MT,15.0,Centro-Oeste,Brasil
2017-11-26,MT,22.0,Centro-Oeste,Brasil
2017-12-03,MT,49.0,Centro-Oeste,Brasil
2017-12-10,MT,26.0,Centro-Oeste,Brasil
2017-12-17,MT,35.0,Centro-Oeste,Brasil
2017-12-24,MT,64.0,Centro-Oeste,Brasil
2017-12-31,MT,131.0,Centro-Oeste,Brasil
2018-01-07,MT,293.0,Centro-Oeste,Brasil
2018-01-14,MT,583.0,Centro-Oeste,Brasil
2018-01-21,MT,788.0,Centro-Oeste,Brasil
2018-01-28,MT,1455.0,Centro-Oeste,Brasil
2018-02-04,MT,930.0,Centro-Oeste,Brasil
2018-02-11,MT,1288.0,Centro-Oeste,Brasil
2018-02-18,MT,778.0,Centro-Oeste,Brasil
2018-02-25,MT,1034.0,Centro-Oeste,Brasil
2018-03-04,MT,1090.0,Centro-Oeste,Brasil
2018-03-11,MT,796.0,Centro-Oeste,Brasil
2018-03-18,MT,764.0,Centro-Oeste,Brasil
2018-03-25,MT,502.0,Centro-Oeste,Brasil
2018-04-01,MT,432.0,Centro-Oeste,Brasil
2018-04-08,MT,487.0,Centro-Oeste,Brasil
2018-04-15,MT,384.0,Centro-Oeste,Brasil
2018-04-22,MT,304.0,Centro-Oeste,Brasil
2018-04-29,MT,223.0,Centro-Oeste,Brasil
2018-05-06,MT,205.0,Centro-Oeste,Brasil
2018-05-13,MT,216.0,Centro-Oeste,Brasil
2018-05-20,MT,163.0,Centro-Oeste,Brasil
2018-05-27,MT,207.0,Centro-Oeste,Brasil
2018-06-03,MT,108.0,Centro-Oeste,Brasil
2018-06-10,MT,118.0,Centro-Oeste,Brasil
2018-06-17,MT,87.0,Centro-Oeste,Brasil
2018-06-24,MT,111.0,Centro-Oeste,Brasil
2018-07-01,MT,86.0,Centro-Oeste,Brasil
2018-07-08,MT,43.0,Centro-Oeste,Brasil
2018-07-15,MT,48.0,Centro-Oeste,Brasil
2018-07-22,MT,27.0,Centro-Oeste,Brasil
2018-07-29,MT,40.0,Centro-Oeste,Brasil
2018-08-05,MT,40.0,Centro-Oeste,Brasil
2018-08-12,MT,33.0,Centro-Oeste,Brasil
2018-08-19,MT,43.0,Centro-Oeste,Brasil
2018-08-26,MT,21.0,Centro-Oeste,Brasil
2018-09-02,MT,22.0,Centro-Oeste,Brasil
2018-09-09,MT,17.0,Centro-Oeste,Brasil
2018-09-16,MT,14.0,Centro-Oeste,Brasil
2018-09-23,MT,15.0,Centro-Oeste,Brasil
2018-09-30,MT,10.0,Centro-Oeste,Brasil
2018-10-07,MT,18.0,Centro-Oeste,Brasil
2018-10-14,MT,18.0,Centro-Oeste,Brasil
2018-10-21,MT,17.0,Centro-Oeste,Brasil
2018-10-28,MT,18.0,Centro-Oeste,Brasil
2018-11-04,MT,19.0,Centro-Oeste,Brasil
2018-11-11,MT,14.0,Centro-Oeste,Brasil
2018-11-18,MT,20.0,Centro-Oeste,Brasil
2018-11-25,MT,25.0,Centro-Oeste,Brasil
2018-12-02,MT,30.0,Centro-Oeste,Brasil
2018-12-09,MT,35.0,Centro-Oeste,Brasil
2018-12-16,MT,34.0,Centro-Oeste,Brasil
2018-12-23,MT,27.0,Centro-Oeste,Brasil
2018-12-30,MT,6.0,Centro-Oeste,Brasil
2019-01-06,MT,4.0,Centro-Oeste,Brasil
2019-01-13,MT,8.0,Centro-Oeste,Brasil
2019-01-20,MT,23.0,Centro-Oeste,Brasil
2019-01-27,MT,14.0,Centro-Oeste,Brasil
2019-02-03,MT,14.0,Centro-Oeste,Brasil
2019-02-10,MT,20.0,Centro-Oeste,Brasil
2019-02-17,MT,27.0,Centro-Oeste,Brasil
2019-02-24,MT,16.0,Centro-Oeste,Brasil
2019-03-03,MT,17.0,Centro-Oeste,Brasil
2019-03-10,MT,16.0,Centro-Oeste,Brasil
2019-03-17,MT,19.0,Centro-Oeste,Brasil
2019-03-24,MT,36.0,Centro-Oeste,Brasil
2019-03-31,MT,40.0,Centro-Oeste,Brasil
2019-04-07,MT,37.0,Centro-Oeste,Brasil
2019-04-14,MT,28.0,Centro-Oeste,Brasil
2019-04-21,MT,29.0,Centro-Oeste,Brasil
2019-04-28,MT,23.0,Centro-Oeste,Brasil
2019-05-05,MT,27.0,Centro-Oeste,Brasil
2019-05-12,MT,48.0,Centro-Oeste,Brasil
2019-05-19,MT,33.0,Centro-Oeste,Brasil
2019-05-26,MT,34.0,Centro-Oeste,Brasil
2019-06-02,MT,23.0,Centro-Oeste,Brasil
2019-06-09,MT,19.0,Centro-Oeste,Brasil
2019-06-16,MT,20.0,Centro-Oeste,Brasil
2019-06-23,MT,32.0,Centro-Oeste,Brasil
2019-06-30,MT,25.0,Centro-Oeste,Brasil
2019-07-07,MT,19.0,Centro-Oeste,Brasil
2019-07-14,MT,12.0,Centro-Oeste,Brasil
2019-07-21,MT,12.0,Centro-Oeste,Brasil
2019-07-28,MT,12.0,Centro-Oeste,Brasil
2019-08-04,MT,5.0,Centro-Oeste,Brasil
2019-08-11,MT,11.0,Centro-Oeste,Brasil
2019-08-18,MT,6.0,Centro-Oeste,Brasil
2019-08-25,MT,5.0,Centro-Oeste,Brasil
2019-09-01,MT,9.0,Centro-Oeste,Brasil
2019-09-08,MT,5.0,Centro-Oeste,Brasil
2019-09-15,MT,9.0,Centro-Oeste,Brasil
2019-09-22,MT,2.0,Centro-Oeste,Brasil
2019-09-29,MT,8.0,Centro-Oeste,Brasil
2019-10-06,MT,7.0,Centro-Oeste,Brasil
2019-10-13,MT,6.0,Centro-Oeste,Brasil
2019-10-20,MT,4.0,Centro-Oeste,Brasil
2019-10-27,MT,14.0,Centro-Oeste,Brasil
2019-11-03,MT,13.0,Centro-Oeste,Brasil
2019-11-10,MT,12.0,Centro-Oeste,Brasil
2019-11-17,MT,8.0,Centro-Oeste,Brasil
2019-11-24,MT,6.0,Centro-Oeste,Brasil
2019-12-01,MT,15.0,Centro-Oeste,Brasil
2019-12-08,MT,12.0,Centro-Oeste,Brasil
2019-12-15,MT,15.0,Centro-Oeste,Brasil
2019-12-22,MT,23.0,Centro-Oeste,Brasil
2019-12-29,MT,7.0,Centro-Oeste,Brasil
2020-01-05,MT,8.0,Centro-Oeste,Brasil
2020-01-12,MT,20.0,Centro-Oeste,Brasil
2020-01-19,MT,28.0,Centro-Oeste,Brasil
2020-01-26,MT,45.0,Centro-Oeste,Brasil
2020-02-02,MT,58.0,Centro-Oeste,Brasil
2020-02-09,MT,45.0,Centro-Oeste,Brasil
2020-02-16,MT,50.0,Centro-Oeste,Brasil
2020-02-23,MT,50.0,Centro-Oeste,Brasil
2020-03-01,MT,33.0,Centro-Oeste,Brasil
2020-03-08,MT,41.0,Centro-Oeste,Brasil
2020-03-15,MT,44.0,Centro-Oeste,Brasil
2020-03-22,MT,35.0,Centro-Oeste,Brasil
2020-03-29,MT,29.0,Centro-Oeste,Brasil
2020-04-05,MT,19.0,Centro-Oeste,Brasil
2020-04-12,MT,18.0,Centro-Oeste,Brasil
2020-04-19,MT,29.0,Centro-Oeste,Brasil
2020-04-26,MT,17.0,Centro-Oeste,Brasil
2020-05-03,MT,22.0,Centro-Oeste,Brasil
2020-05-10,MT,20.0,Centro-Oeste,Brasil
2020-05-17,MT,17.0,Centro-Oeste,Brasil
2020-05-24,MT,14.0,Centro-Oeste,Brasil
2020-05-31,MT,16.0,Centro-Oeste,Brasil
2020-06-07,MT,11.0,Centro-Oeste,Brasil
2020-06-14,MT,12.0,Centro-Oeste,Brasil
2020-06-21,MT,22.0,Centro-Oeste,Brasil
2020-06-28,MT,6.0,Centro-Oeste,Brasil
2020-07-05,MT,1.0,Centro-Oeste,Brasil
2020-07-12,MT,3.0,Centro-Oeste,Brasil
2020-07-19,MT,2.0,Centro-Oeste,Brasil
2020-07-26,MT,11.0,Centro-Oeste,Brasil
2020-08-02,MT,6.0,Centro-Oeste,Brasil
2020-08-09,MT,2.0,Centro-Oeste,Brasil
2020-08-16,MT,5.0,Centro-Oeste,Brasil
2020-08-23,MT,6.0,Centro-Oeste,Brasil
2020-08-30,MT,3.0,Centro-Oeste,Brasil
2020-09-06,MT,5.0,Centro-Oeste,Brasil
2020-09-13,MT,1.0,Centro-Oeste,Brasil
2020-09-20,MT,3.0,Centro-Oeste,Brasil
2020-09-27,MT,3.0,Centro-Oeste,Brasil
2020-10-04,MT,3.0,Centro-Oeste,Brasil
2020-10-11,MT,3.0,Centro-Oeste,Brasil
2020-10-18,MT,3.0,Centro-Oeste,Brasil
2020-10-25,MT,2.0,Centro-Oeste,Brasil
2020-11-01,MT,2.0,Centro-Oeste,Brasil
2020-11-08,MT,2.0,Centro-Oeste,Brasil
2020-11-15,MT,3.0,Centro-Oeste,Brasil
2020-11-22,MT,3.0,Centro-Oeste,Brasil
2020-11-29,MT,4.0,Centro-Oeste,Brasil
2020-12-06,MT,2.0,Centro-Oeste,Brasil
2020-12-13,MT,3.0,Centro-Oeste,Brasil
2020-12-20,MT,2.0,Centro-Oeste,Brasil
2020-12-27,MT,1.0,Centro-Oeste,Brasil
2021-01-03,MT,1.0,Centro-Oeste,Brasil
2021-01-10,MT,2.0,Centro-Oeste,Brasil
2021-01-17,MT,3.0,Centro-Oeste,Brasil
2021-01-24,MT,6.0,Centro-Oeste,Brasil
2021-01-31,MT,3.0,Centro-Oeste,Brasil
2021-02-07,MT,6.0,Centro-Oeste,Brasil
2021-02-14,MT,16.0,Centro-Oeste,Brasil
2021-02-21,MT,8.0,Centro-Oeste,Brasil
2021-02-28,MT,16.0,Centro-Oeste,Brasil
2021-03-07,MT,7.0,Centro-Oeste,Brasil
2021-03-14,MT,13.0,Centro-Oeste,Brasil
2021-03-21,MT,24.0,Centro-Oeste,Brasil
2021-03-28,MT,18.0,Centro-Oeste,Brasil
2021-04-04,MT,5.0,Centro-Oeste,Brasil
2021-04-11,MT,8.0,Centro-Oeste,Brasil
2021-04-18,MT,12.0,Centro-Oeste,Brasil
2021-04-25,MT,12.0,Centro-Oeste,Brasil
2021-05-02,MT,10.0,Centro-Oeste,Brasil
2021-05-09,MT,4.0,Centro-Oeste,Brasil
2021-05-16,MT,8.0,Centro-Oeste,Brasil
2021-05-23,MT,9.0,Centro-Oeste,Brasil
2021-05-30,MT,12.0,Centro-Oeste,Brasil
2021-06-06,MT,10.0,Centro-Oeste,Brasil
2021-06-13,MT,2.0,Centro-Oeste,Brasil
2021-06-20,MT,6.0,Centro-Oeste,Brasil
2021-06-27,MT,9.0,Centro-Oeste,Brasil
2021-07-04,MT,3.0,Centro-Oeste,Brasil
2021-07-11,MT,3.0,Centro-Oeste,Brasil
2021-07-18,MT,5.0,Centro-Oeste,Brasil
2021-07-25,MT,4.0,Centro-Oeste,Brasil
2021-08-01,MT,8.0,Centro-Oeste,Brasil
2021-08-08,MT,6.0,Centro-Oeste,Brasil
2021-08-15,MT,9.0,Centro-Oeste,Brasil
2021-08-22,MT,4.0,Centro-Oeste,Brasil
2021-08-29,MT,6.0,Centro-Oeste,Brasil
2021-09-05,MT,2.0,Centro-Oeste,Brasil
2021-09-12,MT,1.0,Centro-Oeste,Brasil
2021-09-19,MT,2.0,Centro-Oeste,Brasil
2021-09-26,MT,6.0,Centro-Oeste,Brasil
2021-10-03,MT,1.0,Centro-Oeste,Brasil
2021-10-10,MT,4.0,Centro-Oeste,Brasil
2021-10-17,MT,2.0,Centro-Oeste,Brasil
2021-10-24,MT,1.0,Centro-Oeste,Brasil
2021-10-31,MT,5.0,Centro-Oeste,Brasil
2021-11-07,MT,1.0,Centro-Oeste,Brasil
2021-11-14,MT,6.0,Centro-Oeste,Brasil
2021-11-21,MT,2.0,Centro-Oeste,Brasil
2021-11-28,MT,7.0,Centro-Oeste,Brasil
2021-12-05,MT,5.0,Centro-Oeste,Brasil
2021-12-12,MT,7.0,Centro-Oeste,Brasil
2021-12-19,MT,3.0,Centro-Oeste,Brasil
2021-12-26,MT,5.0,Centro-Oeste,Brasil
2022-01-02,MT,9.0,Centro-Oeste,Brasil
2022-01-09,MT,2.0,Centro-Oeste,Brasil
2022-01-16,MT,5.0,Centro-Oeste,Brasil
2022-01-23,MT,9.0,Centro-Oeste,Brasil
2022-01-30,MT,6.0,Centro-Oeste,Brasil
2022-02-06,MT,7.0,Centro-Oeste,Brasil
2022-02-13,MT,7.0,Centro-Oeste,Brasil
2022-02-20,MT,6.0,Centro-Oeste,Brasil
2022-02-27,MT,9.0,Centro-Oeste,Brasil
2022-03-06,MT,8.0,Centro-Oeste,Brasil
2022-03-13,MT,12.0,Centro-Oeste,Brasil
2022-03-20,MT,12.0,Centro-Oeste,Brasil
2022-03-27,MT,15.0,Centro-Oeste,Brasil
2022-04-03,MT,21.0,Centro-Oeste,Brasil
2022-04-10,MT,18.0,Centro-Oeste,Brasil
2022-04-17,MT,22.0,Centro-Oeste,Brasil
2022-04-24,MT,16.0,Centro-Oeste,Brasil
2022-05-01,MT,25.0,Centro-Oeste,Brasil
2022-05-08,MT,20.0,Centro-Oeste,Brasil
2022-05-15,MT,26.0,Centro-Oeste,Brasil
2022-05-22,MT,18.0,Centro-Oeste,Brasil
2022-05-29,MT,16.0,Centro-Oeste,Brasil
2022-06-05,MT,14.0,Centro-Oeste,Brasil
2022-06-12,MT,19.0,Centro-Oeste,Brasil
2022-06-19,MT,13.0,Centro-Oeste,Brasil
2022-06-26,MT,8.0,Centro-Oeste,Brasil
2022-07-03,MT,6.0,Centro-Oeste,Brasil
2022-07-10,MT,8.0,Centro-Oeste,Brasil
2022-07-17,MT,11.0,Centro-Oeste,Brasil
2022-07-24,MT,12.0,Centro-Oeste,Brasil
2022-07-31,MT,6.0,Centro-Oeste,Brasil
2022-08-07,MT,14.0,Centro-Oeste,Brasil
2022-08-14,MT,6.0,Centro-Oeste,Brasil
2022-08-21,MT,5.0,Centro-Oeste,Brasil
2022-08-28,MT,3.0,Centro-Oeste,Brasil
2022-09-04,MT,9.0,Centro-Oeste,Brasil
2022-09-11,MT,2.0,Centro-Oeste,Brasil
2022-09-18,MT,3.0,Centro-Oeste,Brasil
2022-09-25,MT,1.0,Centro-Oeste,Brasil
2022-10-02,MT,3.0,Centro-Oeste,Brasil
2022-10-09,MT,3.0,Centro-Oeste,Brasil
2022-10-16,MT,3.0,Centro-Oeste,Brasil
2022-10-23,MT,3.0,Centro-Oeste,Brasil
2022-10-30,MT,3.0,Centro-Oeste,Brasil
2022-11-06,MT,1.0,Centro-Oeste,Brasil
2022-11-13,MT,6.0,Centro-Oeste,Brasil
2022-11-20,MT,1.0,Centro-Oeste,Brasil
2022-11-27,MT,2.0,Centro-Oeste,Brasil
2022-12-04,MT,8.0,Centro-Oeste,Brasil
2022-12-11,MT,3.0,Centro-Oeste,Brasil
2022-12-18,MT,3.0,Centro-Oeste,Brasil
2022-12-25,MT,4.0,Centro-Oeste,Brasil
2023-01-01,MT,2.0,Centro-Oeste,Brasil
2023-01-08,MT,1.0,Centro-Oeste,Brasil
2023-01-15,MT,4.0,Centro-Oeste,Brasil
2023-01-22,MT,3.0,Centro-Oeste,Brasil
2023-01-29,MT,2.0,Centro-Oeste,Brasil
2023-02-05,MT,7.0,Centro-Oeste,Brasil
2023-02-12,MT,4.0,Centro-Oeste,Brasil
2023-02-19,MT,5.0,Centro-Oeste,Brasil
2023-02-26,MT,11.0,Centro-Oeste,Brasil
2023-03-05,MT,16.0,Centro-Oeste,Brasil
2023-03-12,MT,12.0,Centro-Oeste,Brasil
2023-03-19,MT,17.0,Centro-Oeste,Brasil
2023-03-26,MT,11.0,Centro-Oeste,Brasil
2023-04-02,MT,31.0,Centro-Oeste,Brasil
2023-04-09,MT,40.0,Centro-Oeste,Brasil
2023-04-16,MT,47.0,Centro-Oeste,Brasil
2023-04-23,MT,27.0,Centro-Oeste,Brasil
2023-04-30,MT,35.0,Centro-Oeste,Brasil
2023-05-07,MT,14.0,Centro-Oeste,Brasil
2023-05-14,MT,17.0,Centro-Oeste,Brasil
2023-05-21,MT,23.0,Centro-Oeste,Brasil
2023-05-28,MT,31.0,Centro-Oeste,Brasil
2023-06-04,MT,16.0,Centro-Oeste,Brasil
2023-06-11,MT,10.0,Centro-Oeste,Brasil
2023-06-18,MT,9.0,Centro-Oeste,Brasil
2023-06-25,MT,11.0,Centro-Oeste,Brasil
2023-07-02,MT,11.0,Centro-Oeste,Brasil
2023-07-09,MT,3.0,Centro-Oeste,Brasil
2023-07-16,MT,12.0,Centro-Oeste,Brasil
2023-07-23,MT,5.0,Centro-Oeste,Brasil
2023-07-30,MT,11.0,Centro-Oeste,Brasil
2023-08-06,MT,14.0,Centro-Oeste,Brasil
2023-08-13,MT,3.0,Centro-Oeste,Brasil
2023-08-20,MT,8.0,Centro-Oeste,Brasil
2023-08-27,MT,5.0,Centro-Oeste,Brasil
2023-09-03,MT,8.0,Centro-Oeste,Brasil
2023-09-10,MT,8.0,Centro-Oeste,Brasil
2023-09-17,MT,13.0,Centro-Oeste,Brasil
2023-09-24,MT,6.0,Centro-Oeste,Brasil
2023-10-01,MT,20.0,Centro-Oeste,Brasil
2023-10-08,MT,9.0,Centro-Oeste,Brasil
2023-10-15,MT,15.0,Centro-Oeste,Brasil
2023-10-22,MT,19.0,Centro-Oeste,Brasil
2023-10-29,MT,25.0,Centro-Oeste,Brasil
2023-11-05,MT,14.0,Centro-Oeste,Brasil
2023-11-12,MT,14.0,Centro-Oeste,Brasil
2023-11-19,MT,12.0,Centro-Oeste,Brasil
2023-11-26,MT,16.0,Centro-Oeste,Brasil
2023-12-03,MT,10.0,Centro-Oeste,Brasil
2023-12-10,MT,11.0,Centro-Oeste,Brasil
2023-12-17,MT,12.0,Centro-Oeste,Brasil
2023-12-24,MT,12.0,Centro-Oeste,Brasil
2023-12-31,MT,11.0,Centro-Oeste,Brasil
2024-01-07,MT,15.0,Centro-Oeste,Brasil
2024-01-14,MT,50.0,Centro-Oeste,Brasil
2024-01-21,MT,63.0,Centro-Oeste,Brasil
2024-01-28,MT,127.0,Centro-Oeste,Brasil
2024-02-04,MT,284.0,Centro-Oeste,Brasil
2024-02-11,MT,448.0,Centro-Oeste,Brasil
2024-02-18,MT,610.0,Centro-Oeste,Brasil
2024-02-25,MT,832.0,Centro-Oeste,Brasil
2024-03-03,MT,683.0,Centro-Oeste,Brasil
2024-03-10,MT,754.0,Centro-Oeste,Brasil
2024-03-17,MT,936.0,Centro-Oeste,Brasil
2024-03-24,MT,849.0,Centro-Oeste,Brasil
2024-03-31,MT,628.0,Centro-Oeste,Brasil
2024-04-07,MT,899.0,Centro-Oeste,Brasil
2024-04-14,MT,930.0,Centro-Oeste,Brasil
2024-04-21,MT,855.0,Centro-Oeste,Brasil
2024-04-28,MT,1049.0,Centro-Oeste,Brasil
2024-05-05,MT,1303.0,Centro-Oeste,Brasil
2024-05-12,MT,1334.0,Centro-Oeste,Brasil
2024-05-19,MT,1421.0,Centro-Oeste,Brasil
2024-05-26,MT,1193.0,Centro-Oeste,Brasil
2024-06-02,MT,728.0,Centro-Oeste,Brasil
2024-06-09,MT,958.0,Centro-Oeste,Brasil
2024-06-16,MT,838.0,Centro-Oeste,Brasil
2024-06-23,MT,846.0,Centro-Oeste,Brasil
2024-06-30,MT,678.0,Centro-Oeste,Brasil
2024-07-07,MT,664.0,Centro-Oeste,Brasil
2024-07-14,MT,485.0,Centro-Oeste,Brasil
2024-07-21,MT,383.0,Centro-Oeste,Brasil
2024-07-28,MT,316.0,Centro-Oeste,Brasil
2024-08-04,MT,383.0,Centro-Oeste,Brasil
2024-08-11,MT,269.0,Centro-Oeste,Brasil
2024-08-18,MT,238.0,Centro-Oeste,Brasil
2024-08-25,MT,219.0,Centro-Oeste,Brasil
2024-09-01,MT,163.0,Centro-Oeste,Brasil
2024-09-08,MT,149.0,Centro-Oeste,Brasil
2024-09-15,MT,119.0,Centro-Oeste,Brasil
2024-09-22,MT,94.0,Centro-Oeste,Brasil
2024-09-29,MT,94.0,Centro-Oeste,Brasil
2024-10-06,MT,107.0,Centro-Oeste,Brasil
2024-10-13,MT,84.0,Centro-Oeste,Brasil
2024-10-20,MT,90.0,Centro-Oeste,Brasil
2024-10-27,MT,102.0,Centro-Oeste,Brasil
2024-11-03,MT,98.0,Centro-Oeste,Brasil
2024-11-10,MT,96.0,Centro-Oeste,Brasil
2024-11-17,MT,95.0,Centro-Oeste,Brasil
2024-11-24,MT,122.0,Centro-Oeste,Brasil
2024-12-01,MT,244.0,Centro-Oeste,Brasil
2024-12-08,MT,355.0,Centro-Oeste,Brasil
2024-12-15,MT,518.0,Centro-Oeste,Brasil
2024-12-22,MT,511.0,Centro-Oeste,Brasil
2024-12-29,MT,386.0,Centro-Oeste,Brasil
2025-01-05,MT,321.0,Centro-Oeste,Brasil
2025-01-12,MT,1351.0,Centro-Oeste,Brasil
2025-01-19,MT,2313.0,Centro-Oeste,Brasil
2025-01-26,MT,3051.0,Centro-Oeste,Brasil
2025-02-02,MT,3789.0,Centro-Oeste,Brasil
2025-02-09,MT,4133.0,Centro-Oeste,Brasil
2025-02-16,MT,4335.0,Centro-Oeste,Brasil
2025-02-23,MT,3504.0,Centro-Oeste,Brasil
2025-03-02,MT,2948.0,Centro-Oeste,Brasil
2025-03-09,MT,1864.0,Centro-Oeste,Brasil
2025-03-16,MT,2443.0,Centro-Oeste,Brasil
2025-03-23,MT,2337.0,Centro-Oeste,Brasil
2025-03-30,MT,2196.0,Centro-Oeste,Brasil
2025-04-06,MT,2287.0,Centro-Oeste,Brasil
2025-04-13,MT,2303.0,Centro-Oeste,Brasil
2025-04-20,MT,1788.0,Centro-Oeste,Brasil
2025-04-27,MT,2315.0,Centro-Oeste,Brasil
2025-05-04,MT,2222.0,Centro-Oeste,Brasil
2025-05-11,MT,2843.0,Centro-Oeste,Brasil
2025-05-18,MT,2626.0,Centro-Oeste,Brasil
2025-05-25,MT,2496.0,Centro-Oeste,Brasil
2025-06-01,MT,1966.0,Centro-Oeste,Brasil
2025-06-08,MT,1613.0,Centro-Oeste,Brasil
2025-06-15,MT,1462.0,Centro-Oeste,Brasil
2025-06-22,MT,932.0,Centro-Oeste,Brasil
2025-06-29,MT,957.0,Centro-Oeste,Brasil
2025-07-06,MT,682.0,Centro-Oeste,Brasil
2025-07-13,MT,616.0,Centro-Oeste,Brasil
2025-07-20,MT,539.0,Centro-Oeste,Brasil
2025-07-27,MT,443.0,Centro-Oeste,Brasil
2025-08-03,MT,335.0,Centro-Oeste,Brasil
2025-08-10,MT,322.0,Centro-Oeste,Brasil
2025-08-17,MT,246.0,Centro-Oeste,Brasil
2025-08-24,MT,245.0,Centro-Oeste,Brasil
2025-08-31,MT,189.0,Centro-Oeste,Brasil
2025-09-07,MT,191.0,Centro-Oeste,Brasil
2025-09-14,MT,178.0,Centro-Oeste,Brasil
2025-09-21,MT,174.0,Centro-Oeste,Brasil
2025-09-28,MT,176.0,Centro-Oeste,Brasil
2025-10-05,MT,168.0,Centro-Oeste,Brasil
2025-10-12,MT,204.0,Centro-Oeste,Brasil
2025-10-19,MT,137.0,Centro-Oeste,Brasil
2025-10-26,MT,115.0,Centro-Oeste,Brasil
2025-11-02,MT,124.0,Centro-Oeste,Brasil
2025-11-09,MT,151.0,Centro-Oeste,Brasil
2025-11-16,MT,161.0,Centro-Oeste,Brasil
2025-11-23,MT,114.0,Centro-Oeste,Brasil
2025-11-30,MT,130.0,Centro-Oeste,Brasil
2025-12-07,MT,103.0,Centro-Oeste,Brasil
2025-12-14,MT,96.0,Centro-Oeste,Brasil
2025-12-21,MT,98.0,Centro-Oeste,Brasil
2025-12-28,MT,45.0,Centro-Oeste,Brasil
2026-01-04,MT,51.0,Centro-Oeste,Brasil
2026-01-11,MT,114.0,Centro-Oeste,Brasil
2026-01-18,MT,118.0,Centro-Oeste,Brasil
2026-01-25,MT,114.0,Centro-Oeste,Brasil
2026-02-01,MT,119.0,Centro-Oeste,Brasil
2026-02-08,MT,111.0,Centro-Oeste,Brasil
2026-02-15,MT,111.0,Centro-Oeste,Brasil
2026-02-22,MT,95.0,Centro-Oeste,Brasil
2026-03-01,MT,107.0,Centro-Oeste,Brasil
2026-03-08,MT,110.0,Centro-Oeste,Brasil
2026-03-15,MT,120.0,Centro-Oeste,Brasil
2026-03-22,MT,135.0,Centro-Oeste,Brasil
2026-03-29,MT,122.0,Centro-Oeste,Brasil
2026-04-05,MT,98.0,Centro-Oeste,Brasil
2026-04-12,MT,109.0,Centro-Oeste,Brasil
2026-04-19,MT,108.0,Centro-Oeste,Brasil
2026-04-26,MT,64.0,Centro-Oeste,Brasil
2026-05-03,MT,92.0,Centro-Oeste,Brasil
2026-05-10,MT,78.0,Centro-Oeste,Brasil
2026-05-17,MT,56.0,Centro-Oeste,Brasil
2026-05-24,MT,46.0,Centro-Oeste,Brasil
2026-05-31,MT,58.0,Centro-Oeste,Brasil
2026-06-07,MT,60.0,Centro-Oeste,Brasil
2026-06-14,MT,42.0,Centro-Oeste,Brasil
2026-06-21,MT,44.0,Centro-Oeste,Brasil
2026-06-28,MT,56.0,Centro-Oeste,Brasil
2026-07-05,MT,42.0,Centro-Oeste,Brasil
2026-07-12,MT,41.0,Centro-Oeste,Brasil
2026-07-19,MT,55.0,Centro-Oeste,Brasil
2026-07-26,MT,50.0,Centro-Oeste,Brasil
2026-08-02,MT,28.0,Centro-Oeste,Brasil
2026-08-09,MT,25.0,Centro-Oeste,Brasil
2026-08-16,MT,29.0,Centro-Oeste,Brasil
2026-08-23,MT,16.0,Centro-Oeste,Brasil
2026-08-30,MT,24.0,Centro-Oeste,Brasil
2026-09-06,MT,13.0,Centro-Oeste,Brasil
2026-09-13,MT,13.0,Centro-Oeste,Brasil
2014-06-29,PA,1.0,Norte,Brasil
2014-07-06,PA,1.0,Norte,Brasil
2014-07-13,PA,1.0,Norte,Brasil
2014-07-20,PA,1.0,Norte,Brasil
2014-07-27,PA,1.0,Norte,Brasil
2014-08-03,PA,1.0,Norte,Brasil
2014-08-10,PA,1.0,Norte,Brasil
2014-08-17,PA,1.0,Norte,Brasil
2014-08-24,PA,1.0,Norte,Brasil
2014-08-31,PA,1.0,Norte,Brasil
2014-09-07,PA,3.0,Norte,Brasil
2014-09-14,PA,1.0,Norte,Brasil
2014-09-21,PA,1.0,Norte,Brasil
2014-09-28,PA,1.0,Norte,Brasil
2014-10-05,PA,5.0,Norte,Brasil
2014-10-12,PA,4.0,Norte,Brasil
2014-10-19,PA,1.0,Norte,Brasil
2014-10-26,PA,2.0,Norte,Brasil
2014-11-02,PA,4.0,Norte,Brasil
2014-11-09,PA,1.0,Norte,Brasil
2014-11-16,PA,5.0,Norte,Brasil
2014-11-23,PA,6.0,Norte,Brasil
2014-11-30,PA,6.0,Norte,Brasil
2014-12-07,PA,4.0,Norte,Brasil
2014-12-14,PA,1.0,Norte,Brasil
2014-12-21,PA,4.0,Norte,Brasil
2014-12-28,PA,3.0,Norte,Brasil
2015-01-04,PA,3.0,Norte,Brasil
2015-01-11,PA,3.0,Norte,Brasil
2015-01-18,PA,4.0,Norte,Brasil
2015-01-25,PA,1.0,Norte,Brasil
2015-02-01,PA,4.0,Norte,Brasil
2015-02-08,PA,2.0,Norte,Brasil
2015-02-15,PA,4.0,Norte,Brasil
2015-02-22,PA,2.0,Norte,Brasil
2015-03-01,PA,5.0,Norte,Brasil
2015-03-08,PA,4.0,Norte,Brasil
2015-03-15,PA,6.0,Norte,Brasil
2015-03-22,PA,4.0,Norte,Brasil
2015-03-29,PA,1.0,Norte,Brasil
2015-04-05,PA,1.0,Norte,Brasil
2015-04-12,PA,4.0,Norte,Brasil
2015-04-19,PA,3.0,Norte,Brasil
2015-04-26,PA,2.0,Norte,Brasil
2015-05-03,PA,7.0,Norte,Brasil
2015-05-10,PA,5.0,Norte,Brasil
2015-05-17,PA,14.0,Norte,Brasil
2015-05-24,PA,3.0,Norte,Brasil
2015-05-31,PA,8.0,Norte,Brasil
2015-06-07,PA,10.0,Norte,Brasil
2015-06-14,PA,8.0,Norte,Brasil
2015-06-21,PA,12.0,Norte,Brasil
2015-06-28,PA,8.0,Norte,Brasil
2015-07-05,PA,11.0,Norte,Brasil
2015-07-12,PA,10.0,Norte,Brasil
2015-07-19,PA,7.0,Norte,Brasil
2015-07-26,PA,10.0,Norte,Brasil
2015-08-02,PA,6.0,Norte,Brasil
2015-08-09,PA,15.0,Norte,Brasil
2015-08-16,PA,9.0,Norte,Brasil
2015-08-23,PA,11.0,Norte,Brasil
2015-08-30,PA,15.0,Norte,Brasil
2015-09-06,PA,21.0,Norte,Brasil
2015-09-13,PA,18.0,Norte,Brasil
2015-09-20,PA,19.0,Norte,Brasil
2015-09-27,PA,27.0,Norte,Brasil
2015-10-04,PA,10.0,Norte,Brasil
2015-10-11,PA,20.0,Norte,Brasil
2015-10-18,PA,12.0,Norte,Brasil
2015-10-25,PA,25.0,Norte,Brasil
2015-11-01,PA,16.0,Norte,Brasil
2015-11-08,PA,16.0,Norte,Brasil
2015-11-15,PA,22.0,Norte,Brasil
2015-11-22,PA,31.0,Norte,Brasil
2015-11-29,PA,21.0,Norte,Brasil
2015-12-06,PA,60.0,Norte,Brasil
2015-12-13,PA,28.0,Norte,Brasil
2015-12-20,PA,29.0,Norte,Brasil
2015-12-27,PA,24.0,Norte,Brasil
2016-01-03,PA,24.0,Norte,Brasil
2016-01-10,PA,7.0,Norte,Brasil
2016-01-17,PA,19.0,Norte,Brasil
2016-01-24,PA,29.0,Norte,Brasil
2016-01-31,PA,35.0,Norte,Brasil
2016-02-07,PA,77.0,Norte,Brasil
2016-02-14,PA,29.0,Norte,Brasil
2016-02-21,PA,45.0,Norte,Brasil
2016-02-28,PA,60.0,Norte,Brasil
2016-03-06,PA,74.0,Norte,Brasil
2016-03-13,PA,45.0,Norte,Brasil
2016-03-20,PA,64.0,Norte,Brasil
2016-03-27,PA,36.0,Norte,Brasil
2016-04-03,PA,59.0,Norte,Brasil
2016-04-10,PA,72.0,Norte,Brasil
2016-04-17,PA,60.0,Norte,Brasil
2016-04-24,PA,40.0,Norte,Brasil
2016-05-01,PA,71.0,Norte,Brasil
2016-05-08,PA,137.0,Norte,Brasil
2016-05-15,PA,100.0,Norte,Brasil
2016-05-22,PA,135.0,Norte,Brasil
2016-05-29,PA,83.0,Norte,Brasil
2016-06-05,PA,79.0,Norte,Brasil
2016-06-12,PA,81.0,Norte,Brasil
2016-06-19,PA,124.0,Norte,Brasil
2016-06-26,PA,103.0,Norte,Brasil
2016-07-03,PA,105.0,Norte,Brasil
2016-07-10,PA,88.0,Norte,Brasil
2016-07-17,PA,91.0,Norte,Brasil
2016-07-24,PA,74.0,Norte,Brasil
2016-07-31,PA,79.0,Norte,Brasil
2016-08-07,PA,83.0,Norte,Brasil
2016-08-14,PA,84.0,Norte,Brasil
2016-08-21,PA,262.0,Norte,Brasil
2016-08-28,PA,117.0,Norte,Brasil
2016-09-04,PA,95.0,Norte,Brasil
2016-09-11,PA,92.0,Norte,Brasil
2016-09-18,PA,87.0,Norte,Brasil
2016-09-25,PA,153.0,Norte,Brasil
2016-10-02,PA,97.0,Norte,Brasil
2016-10-09,PA,92.0,Norte,Brasil
2016-10-16,PA,63.0,Norte,Brasil
2016-10-23,PA,102.0,Norte,Brasil
2016-10-30,PA,55.0,Norte,Brasil
2016-11-06,PA,89.0,Norte,Brasil
2016-11-13,PA,133.0,Norte,Brasil
2016-11-20,PA,95.0,Norte,Brasil
2016-11-27,PA,84.0,Norte,Brasil
2016-12-04,PA,82.0,Norte,Brasil
2016-12-11,PA,109.0,Norte,Brasil
2016-12-18,PA,200.0,Norte,Brasil
2016-12-25,PA,190.0,Norte,Brasil
2017-01-01,PA,74.0,Norte,Brasil
2017-01-08,PA,104.0,Norte,Brasil
2017-01-15,PA,247.0,Norte,Brasil
2017-01-22,PA,352.0,Norte,Brasil
2017-01-29,PA,719.0,Norte,Brasil
2017-02-05,PA,1144.0,Norte,Brasil
2017-02-12,PA,688.0,Norte,Brasil
2017-02-19,PA,435.0,Norte,Brasil
2017-02-26,PA,546.0,Norte,Brasil
2017-03-05,PA,328.0,Norte,Brasil
2017-03-12,PA,377.0,Norte,Brasil
2017-03-19,PA,508.0,Norte,Brasil
2017-03-26,PA,357.0,Norte,Brasil
2017-04-02,PA,362.0,Norte,Brasil
2017-04-09,PA,389.0,Norte,Brasil
2017-04-16,PA,176.0,Norte,Brasil
2017-04-23,PA,277.0,Norte,Brasil
2017-04-30,PA,278.0,Norte,Brasil
2017-05-07,PA,168.0,Norte,Brasil
2017-05-14,PA,166.0,Norte,Brasil
2017-05-21,PA,260.0,Norte,Brasil
2017-05-28,PA,218.0,Norte,Brasil
2017-06-04,PA,193.0,Norte,Brasil
2017-06-11,PA,169.0,Norte,Brasil
2017-06-18,PA,168.0,Norte,Brasil
2017-06-25,PA,169.0,Norte,Brasil
2017-07-02,PA,129.0,Norte,Brasil
2017-07-09,PA,192.0,Norte,Brasil
2017-07-16,PA,122.0,Norte,Brasil
2017-07-23,PA,107.0,Norte,Brasil
2017-07-30,PA,128.0,Norte,Brasil
2017-08-06,PA,176.0,Norte,Brasil
2017-08-13,PA,166.0,Norte,Brasil
2017-08-20,PA,103.0,Norte,Brasil
2017-08-27,PA,148.0,Norte,Brasil
2017-09-03,PA,111.0,Norte,Brasil
2017-09-10,PA,75.0,Norte,Brasil
2017-09-17,PA,127.0,Norte,Brasil
2017-09-24,PA,89.0,Norte,Brasil
2017-10-01,PA,81.0,Norte,Brasil
2017-10-08,PA,69.0,Norte,Brasil
2017-10-15,PA,29.0,Norte,Brasil
2017-10-22,PA,70.0,Norte,Brasil
2017-10-29,PA,79.0,Norte,Brasil
2017-11-05,PA,68.0,Norte,Brasil
2017-11-12,PA,94.0,Norte,Brasil
2017-11-19,PA,115.0,Norte,Brasil
2017-11-26,PA,95.0,Norte,Brasil
2017-12-03,PA,99.0,Norte,Brasil
2017-12-10,PA,93.0,Norte,Brasil
2017-12-17,PA,135.0,Norte,Brasil
2017-12-24,PA,71.0,Norte,Brasil
2017-12-31,PA,49.0,Norte,Brasil
2018-01-07,PA,42.0,Norte,Brasil
2018-01-14,PA,89.0,Norte,Brasil
2018-01-21,PA,130.0,Norte,Brasil
2018-01-28,PA,163.0,Norte,Brasil
2018-02-04,PA,247.0,Norte,Brasil
2018-02-11,PA,261.0,Norte,Brasil
2018-02-18,PA,147.0,Norte,Brasil
2018-02-25,PA,325.0,Norte,Brasil
2018-03-04,PA,383.0,Norte,Brasil
2018-03-11,PA,344.0,Norte,Brasil
2018-03-18,PA,365.0,Norte,Brasil
2018-03-25,PA,390.0,Norte,Brasil
2018-04-01,PA,268.0,Norte,Brasil
2018-04-08,PA,348.0,Norte,Brasil
2018-04-15,PA,359.0,Norte,Brasil
2018-04-22,PA,333.0,Norte,Brasil
2018-04-29,PA,343.0,Norte,Brasil
2018-05-06,PA,240.0,Norte,Brasil
2018-05-13,PA,303.0,Norte,Brasil
2018-05-20,PA,305.0,Norte,Brasil
2018-05-27,PA,272.0,Norte,Brasil
2018-06-03,PA,182.0,Norte,Brasil
2018-06-10,PA,293.0,Norte,Brasil
2018-06-17,PA,234.0,Norte,Brasil
2018-06-24,PA,225.0,Norte,Brasil
2018-07-01,PA,283.0,Norte,Brasil
2018-07-08,PA,182.0,Norte,Brasil
2018-07-15,PA,178.0,Norte,Brasil
2018-07-22,PA,203.0,Norte,Brasil
2018-07-29,PA,168.0,Norte,Brasil
2018-08-05,PA,235.0,Norte,Brasil
2018-08-12,PA,235.0,Norte,Brasil
2018-08-19,PA,228.0,Norte,Brasil
2018-08-26,PA,286.0,Norte,Brasil
2018-09-02,PA,269.0,Norte,Brasil
2018-09-09,PA,229.0,Norte,Brasil
2018-09-16,PA,281.0,Norte,Brasil
2018-09-23,PA,251.0,Norte,Brasil
2018-09-30,PA,223.0,Norte,Brasil
2018-10-07,PA,180.0,Norte,Brasil
2018-10-14,PA,202.0,Norte,Brasil
2018-10-21,PA,178.0,Norte,Brasil
2018-10-28,PA,202.0,Norte,Brasil
2018-11-04,PA,140.0,Norte,Brasil
2018-11-11,PA,260.0,Norte,Brasil
2018-11-18,PA,97.0,Norte,Brasil
2018-11-25,PA,230.0,Norte,Brasil
2018-12-02,PA,137.0,Norte,Brasil
2018-12-09,PA,165.0,Norte,Brasil
2018-12-16,PA,197.0,Norte,Brasil
2018-12-23,PA,166.0,Norte,Brasil
2018-12-30,PA,110.0,Norte,Brasil
2019-01-06,PA,27.0,Norte,Brasil
2019-01-13,PA,127.0,Norte,Brasil
2019-01-20,PA,220.0,Norte,Brasil
2019-01-27,PA,229.0,Norte,Brasil
2019-02-03,PA,286.0,Norte,Brasil
2019-02-10,PA,322.0,Norte,Brasil
2019-02-17,PA,296.0,Norte,Brasil
2019-02-24,PA,329.0,Norte,Brasil
2019-03-03,PA,300.0,Norte,Brasil
2019-03-10,PA,141.0,Norte,Brasil
2019-03-17,PA,266.0,Norte,Brasil
2019-03-24,PA,266.0,Norte,Brasil
2019-03-31,PA,204.0,Norte,Brasil
2019-04-07,PA,179.0,Norte,Brasil
2019-04-14,PA,230.0,Norte,Brasil
2019-04-21,PA,145.0,Norte,Brasil
2019-04-28,PA,160.0,Norte,Brasil
2019-05-05,PA,163.0,Norte,Brasil
2019-05-12,PA,162.0,Norte,Brasil
2019-05-19,PA,160.0,Norte,Brasil
2019-05-26,PA,136.0,Norte,Brasil
2019-06-02,PA,134.0,Norte,Brasil
2019-06-09,PA,116.0,Norte,Brasil
2019-06-16,PA,104.0,Norte,Brasil
2019-06-23,PA,70.0,Norte,Brasil
2019-06-30,PA,120.0,Norte,Brasil
2019-07-07,PA,108.0,Norte,Brasil
2019-07-14,PA,90.0,Norte,Brasil
2019-07-21,PA,72.0,Norte,Brasil
2019-07-28,PA,52.0,Norte,Brasil
2019-08-04,PA,72.0,Norte,Brasil
2019-08-11,PA,62.0,Norte,Brasil
2019-08-18,PA,53.0,Norte,Brasil
2019-08-25,PA,57.0,Norte,Brasil
2019-09-01,PA,69.0,Norte,Brasil
2019-09-08,PA,69.0,Norte,Brasil
2019-09-15,PA,54.0,Norte,Brasil
2019-09-22,PA,56.0,Norte,Brasil
2019-09-29,PA,47.0,Norte,Brasil
2019-10-06,PA,50.0,Norte,Brasil
2019-10-13,PA,33.0,Norte,Brasil
2019-10-20,PA,30.0,Norte,Brasil
2019-10-27,PA,34.0,Norte,Brasil
2019-11-03,PA,36.0,Norte,Brasil
2019-11-10,PA,37.0,Norte,Brasil
2019-11-17,PA,43.0,Norte,Brasil
2019-11-24,PA,46.0,Norte,Brasil
2019-12-01,PA,39.0,Norte,Brasil
2019-12-08,PA,37.0,Norte,Brasil
2019-12-15,PA,40.0,Norte,Brasil
2019-12-22,PA,53.0,Norte,Brasil
2019-12-29,PA,30.0,Norte,Brasil
2020-01-05,PA,11.0,Norte,Brasil
2020-01-12,PA,64.0,Norte,Brasil
2020-01-19,PA,109.0,Norte,Brasil
2020-01-26,PA,114.0,Norte,Brasil
2020-02-02,PA,120.0,Norte,Brasil
2020-02-09,PA,128.0,Norte,Brasil
2020-02-16,PA,120.0,Norte,Brasil
2020-02-23,PA,134.0,Norte,Brasil
2020-03-01,PA,81.0,Norte,Brasil
2020-03-08,PA,126.0,Norte,Brasil
2020-03-15,PA,117.0,Norte,Brasil
2020-03-22,PA,128.0,Norte,Brasil
2020-03-29,PA,83.0,Norte,Brasil
2020-04-05,PA,65.0,Norte,Brasil
2020-04-12,PA,38.0,Norte,Brasil
2020-04-19,PA,47.0,Norte,Brasil
2020-04-26,PA,31.0,Norte,Brasil
2020-05-03,PA,23.0,Norte,Brasil
2020-05-10,PA,8.0,Norte,Brasil
2020-05-17,PA,13.0,Norte,Brasil
2020-05-24,PA,14.0,Norte,Brasil
2020-05-31,PA,7.0,Norte,Brasil
2020-06-07,PA,21.0,Norte,Brasil
2020-06-14,PA,8.0,Norte,Brasil
2020-06-21,PA,9.0,Norte,Brasil
2020-06-28,PA,14.0,Norte,Brasil
2020-07-05,PA,14.0,Norte,Brasil
2020-07-12,PA,8.0,Norte,Brasil
2020-07-19,PA,13.0,Norte,Brasil
2020-07-26,PA,13.0,Norte,Brasil
2020-08-02,PA,8.0,Norte,Brasil
2020-08-09,PA,10.0,Norte,Brasil
2020-08-16,PA,11.0,Norte,Brasil
2020-08-23,PA,15.0,Norte,Brasil
2020-08-30,PA,7.0,Norte,Brasil
2020-09-06,PA,9.0,Norte,Brasil
2020-09-13,PA,6.0,Norte,Brasil
2020-09-20,PA,13.0,Norte,Brasil
2020-09-27,PA,7.0,Norte,Brasil
2020-10-04,PA,11.0,Norte,Brasil
2020-10-11,PA,11.0,Norte,Brasil
2020-10-18,PA,9.0,Norte,Brasil
2020-10-25,PA,10.0,Norte,Brasil
2020-11-01,PA,8.0,Norte,Brasil
2020-11-08,PA,5.0,Norte,Brasil
2020-11-15,PA,5.0,Norte,Brasil
2020-11-22,PA,4.0,Norte,Brasil
2020-11-29,PA,9.0,Norte,Brasil
2020-12-06,PA,15.0,Norte,Brasil
2020-12-13,PA,10.0,Norte,Brasil
2020-12-20,PA,15.0,Norte,Brasil
2020-12-27,PA,3.0,Norte,Brasil
2021-01-03,PA,3.0,Norte,Brasil
2021-01-10,PA,4.0,Norte,Brasil
2021-01-17,PA,14.0,Norte,Brasil
2021-01-24,PA,10.0,Norte,Brasil
2021-01-31,PA,15.0,Norte,Brasil
2021-02-07,PA,30.0,Norte,Brasil
2021-02-14,PA,15.0,Norte,Brasil
2021-02-21,PA,16.0,Norte,Brasil
2021-02-28,PA,25.0,Norte,Brasil
2021-03-07,PA,28.0,Norte,Brasil
2021-03-14,PA,27.0,Norte,Brasil
2021-03-21,PA,17.0,Norte,Brasil
2021-03-28,PA,23.0,Norte,Brasil
2021-04-04,PA,15.0,Norte,Brasil
2021-04-11,PA,25.0,Norte,Brasil
2021-04-18,PA,21.0,Norte,Brasil
2021-04-25,PA,33.0,Norte,Brasil
2021-05-02,PA,19.0,Norte,Brasil
2021-05-09,PA,27.0,Norte,Brasil
2021-05-16,PA,28.0,Norte,Brasil
2021-05-23,PA,25.0,Norte,Brasil
2021-05-30,PA,22.0,Norte,Brasil
2021-06-06,PA,13.0,Norte,Brasil
2021-06-13,PA,25.0,Norte,Brasil
2021-06-20,PA,29.0,Norte,Brasil
2021-06-27,PA,28.0,Norte,Brasil
2021-07-04,PA,15.0,Norte,Brasil
2021-07-11,PA,26.0,Norte,Brasil
2021-07-18,PA,17.0,Norte,Brasil
2021-07-25,PA,14.0,Norte,Brasil
2021-08-01,PA,17.0,Norte,Brasil
2021-08-08,PA,15.0,Norte,Brasil
2021-08-15,PA,10.0,Norte,Brasil
2021-08-22,PA,16.0,Norte,Brasil
2021-08-29,PA,14.0,Norte,Brasil
2021-09-05,PA,21.0,Norte,Brasil
2021-09-12,PA,14.0,Norte,Brasil
2021-09-19,PA,27.0,Norte,Brasil
2021-09-26,PA,9.0,Norte,Brasil
2021-10-03,PA,12.0,Norte,Brasil
2021-10-10,PA,11.0,Norte,Brasil
2021-10-17,PA,8.0,Norte,Brasil
2021-10-24,PA,13.0,Norte,Brasil
2021-10-31,PA,11.0,Norte,Brasil
2021-11-07,PA,17.0,Norte,Brasil
2021-11-14,PA,18.0,Norte,Brasil
2021-11-21,PA,10.0,Norte,Brasil
2021-11-28,PA,15.0,Norte,Brasil
2021-12-05,PA,19.0,Norte,Brasil
2021-12-12,PA,19.0,Norte,Brasil
2021-12-19,PA,15.0,Norte,Brasil
2021-12-26,PA,23.0,Norte,Brasil
2022-01-02,PA,6.0,Norte,Brasil
2022-01-09,PA,2.0,Norte,Brasil
2022-01-16,PA,14.0,Norte,Brasil
2022-01-23,PA,27.0,Norte,Brasil
2022-01-30,PA,15.0,Norte,Brasil
2022-02-06,PA,27.0,Norte,Brasil
2022-02-13,PA,29.0,Norte,Brasil
2022-02-20,PA,30.0,Norte,Brasil
2022-02-27,PA,23.0,Norte,Brasil
2022-03-06,PA,20.0,Norte,Brasil
2022-03-13,PA,31.0,Norte,Brasil
2022-03-20,PA,36.0,Norte,Brasil
2022-03-27,PA,36.0,Norte,Brasil
2022-04-03,PA,42.0,Norte,Brasil
2022-04-10,PA,47.0,Norte,Brasil
2022-04-17,PA,37.0,Norte,Brasil
2022-04-24,PA,44.0,Norte,Brasil
2022-05-01,PA,66.0,Norte,Brasil
2022-05-08,PA,59.0,Norte,Brasil
2022-05-15,PA,65.0,Norte,Brasil
2022-05-22,PA,53.0,Norte,Brasil
2022-05-29,PA,73.0,Norte,Brasil
2022-06-05,PA,54.0,Norte,Brasil
2022-06-12,PA,34.0,Norte,Brasil
2022-06-19,PA,29.0,Norte,Brasil
2022-06-26,PA,30.0,Norte,Brasil
2022-07-03,PA,28.0,Norte,Brasil
2022-07-10,PA,44.0,Norte,Brasil
2022-07-17,PA,24.0,Norte,Brasil
2022-07-24,PA,24.0,Norte,Brasil
2022-07-31,PA,26.0,Norte,Brasil
2022-08-07,PA,22.0,Norte,Brasil
2022-08-14,PA,26.0,Norte,Brasil
2022-08-21,PA,30.0,Norte,Brasil
2022-08-28,PA,25.0,Norte,Brasil
2022-09-04,PA,31.0,Norte,Brasil
2022-09-11,PA,14.0,Norte,Brasil
2022-09-18,PA,38.0,Norte,Brasil
2022-09-25,PA,23.0,Norte,Brasil
2022-10-02,PA,24.0,Norte,Brasil
2022-10-09,PA,23.0,Norte,Brasil
2022-10-16,PA,19.0,Norte,Brasil
2022-10-23,PA,20.0,Norte,Brasil
2022-10-30,PA,19.0,Norte,Brasil
2022-11-06,PA,18.0,Norte,Brasil
2022-11-13,PA,16.0,Norte,Brasil
2022-11-20,PA,21.0,Norte,Brasil
2022-11-27,PA,41.0,Norte,Brasil
2022-12-04,PA,14.0,Norte,Brasil
2022-12-11,PA,17.0,Norte,Brasil
2022-12-18,PA,30.0,Norte,Brasil
2022-12-25,PA,13.0,Norte,Brasil
2023-01-01,PA,30.0,Norte,Brasil
2023-01-08,PA,12.0,Norte,Brasil
2023-01-15,PA,38.0,Norte,Brasil
2023-01-22,PA,35.0,Norte,Brasil
2023-01-29,PA,47.0,Norte,Brasil
2023-02-05,PA,44.0,Norte,Brasil
2023-02-12,PA,47.0,Norte,Brasil
2023-02-19,PA,31.0,Norte,Brasil
2023-02-26,PA,28.0,Norte,Brasil
2023-03-05,PA,38.0,Norte,Brasil
2023-03-12,PA,55.0,Norte,Brasil
2023-03-19,PA,71.0,Norte,Brasil
2023-03-26,PA,59.0,Norte,Brasil
2023-04-02,PA,85.0,Norte,Brasil
2023-04-09,PA,65.0,Norte,Brasil
2023-04-16,PA,75.0,Norte,Brasil
2023-04-23,PA,50.0,Norte,Brasil
2023-04-30,PA,67.0,Norte,Brasil
2023-05-07,PA,64.0,Norte,Brasil
2023-05-14,PA,57.0,Norte,Brasil
2023-05-21,PA,74.0,Norte,Brasil
2023-05-28,PA,54.0,Norte,Brasil
2023-06-04,PA,60.0,Norte,Brasil
2023-06-11,PA,44.0,Norte,Brasil
2023-06-18,PA,65.0,Norte,Brasil
2023-06-25,PA,52.0,Norte,Brasil
2023-07-02,PA,51.0,Norte,Brasil
2023-07-09,PA,43.0,Norte,Brasil
2023-07-16,PA,28.0,Norte,Brasil
2023-07-23,PA,39.0,Norte,Brasil
2023-07-30,PA,51.0,Norte,Brasil
2023-08-06,PA,47.0,Norte,Brasil
2023-08-13,PA,71.0,Norte,Brasil
2023-08-20,PA,45.0,Norte,Brasil
2023-08-27,PA,56.0,Norte,Brasil
2023-09-03,PA,36.0,Norte,Brasil
2023-09-10,PA,28.0,Norte,Brasil
2023-09-17,PA,36.0,Norte,Brasil
2023-09-24,PA,29.0,Norte,Brasil
2023-10-01,PA,33.0,Norte,Brasil
2023-10-08,PA,31.0,Norte,Brasil
2023-10-15,PA,20.0,Norte,Brasil
2023-10-22,PA,25.0,Norte,Brasil
2023-10-29,PA,44.0,Norte,Brasil
2023-11-05,PA,24.0,Norte,Brasil
2023-11-12,PA,36.0,Norte,Brasil
2023-11-19,PA,55.0,Norte,Brasil
2023-11-26,PA,44.0,Norte,Brasil
2023-12-03,PA,40.0,Norte,Brasil
2023-12-10,PA,27.0,Norte,Brasil
2023-12-17,PA,42.0,Norte,Brasil
2023-12-24,PA,49.0,Norte,Brasil
2023-12-31,PA,28.0,Norte,Brasil
2024-01-07,PA,23.0,Norte,Brasil
2024-01-14,PA,83.0,Norte,Brasil
2024-01-21,PA,89.0,Norte,Brasil
2024-01-28,PA,128.0,Norte,Brasil
2024-02-04,PA,176.0,Norte,Brasil
2024-02-11,PA,248.0,Norte,Brasil
2024-02-18,PA,239.0,Norte,Brasil
2024-02-25,PA,512.0,Norte,Brasil
2024-03-03,PA,478.0,Norte,Brasil
2024-03-10,PA,417.0,Norte,Brasil
2024-03-17,PA,356.0,Norte,Brasil
2024-03-24,PA,499.0,Norte,Brasil
2024-03-31,PA,255.0,Norte,Brasil
2024-04-07,PA,310.0,Norte,Brasil
2024-04-14,PA,287.0,Norte,Brasil
2024-04-21,PA,311.0,Norte,Brasil
2024-04-28,PA,249.0,Norte,Brasil
2024-05-05,PA,207.0,Norte,Brasil
2024-05-12,PA,188.0,Norte,Brasil
2024-05-19,PA,169.0,Norte,Brasil
2024-05-26,PA,137.0,Norte,Brasil
2024-06-02,PA,95.0,Norte,Brasil
2024-06-09,PA,117.0,Norte,Brasil
2024-06-16,PA,112.0,Norte,Brasil
2024-06-23,PA,81.0,Norte,Brasil
2024-06-30,PA,84.0,Norte,Brasil
2024-07-07,PA,71.0,Norte,Brasil
2024-07-14,PA,62.0,Norte,Brasil
2024-07-21,PA,72.0,Norte,Brasil
2024-07-28,PA,59.0,Norte,Brasil
2024-08-04,PA,65.0,Norte,Brasil
2024-08-11,PA,58.0,Norte,Brasil
2024-08-18,PA,58.0,Norte,Brasil
2024-08-25,PA,49.0,Norte,Brasil
2024-09-01,PA,56.0,Norte,Brasil
2024-09-08,PA,50.0,Norte,Brasil
2024-09-15,PA,43.0,Norte,Brasil
2024-09-22,PA,34.0,Norte,Brasil
2024-09-29,PA,32.0,Norte,Brasil
2024-10-06,PA,31.0,Norte,Brasil
2024-10-13,PA,39.0,Norte,Brasil
2024-10-20,PA,48.0,Norte,Brasil
2024-10-27,PA,47.0,Norte,Brasil
2024-11-03,PA,37.0,Norte,Brasil
2024-11-10,PA,36.0,Norte,Brasil
2024-11-17,PA,33.0,Norte,Brasil
2024-11-24,PA,26.0,Norte,Brasil
2024-12-01,PA,29.0,Norte,Brasil
2024-12-08,PA,17.0,Norte,Brasil
2024-12-15,PA,38.0,Norte,Brasil
2024-12-22,PA,34.0,Norte,Brasil
2024-12-29,PA,16.0,Norte,Brasil
2025-01-05,PA,8.0,Norte,Brasil
2025-01-12,PA,56.0,Norte,Brasil
2025-01-19,PA,55.0,Norte,Brasil
2025-01-26,PA,77.0,Norte,Brasil
2025-02-02,PA,92.0,Norte,Brasil
2025-02-09,PA,128.0,Norte,Brasil
2025-02-16,PA,139.0,Norte,Brasil
2025-02-23,PA,131.0,Norte,Brasil
2025-03-02,PA,104.0,Norte,Brasil
2025-03-09,PA,73.0,Norte,Brasil
2025-03-16,PA,98.0,Norte,Brasil
2025-03-23,PA,106.0,Norte,Brasil
2025-03-30,PA,105.0,Norte,Brasil
2025-04-06,PA,93.0,Norte,Brasil
2025-04-13,PA,100.0,Norte,Brasil
2025-04-20,PA,83.0,Norte,Brasil
2025-04-27,PA,113.0,Norte,Brasil
2025-05-04,PA,73.0,Norte,Brasil
2025-05-11,PA,58.0,Norte,Brasil
2025-05-18,PA,77.0,Norte,Brasil
2025-05-25,PA,76.0,Norte,Brasil
2025-06-01,PA,80.0,Norte,Brasil
2025-06-08,PA,76.0,Norte,Brasil
2025-06-15,PA,96.0,Norte,Brasil
2025-06-22,PA,62.0,Norte,Brasil
2025-06-29,PA,72.0,Norte,Brasil
2025-07-06,PA,59.0,Norte,Brasil
2025-07-13,PA,77.0,Norte,Brasil
2025-07-20,PA,43.0,Norte,Brasil
2025-07-27,PA,39.0,Norte,Brasil
2025-08-03,PA,40.0,Norte,Brasil
2025-08-10,PA,36.0,Norte,Brasil
2025-08-17,PA,31.0,Norte,Brasil
2025-08-24,PA,51.0,Norte,Brasil
2025-08-31,PA,39.0,Norte,Brasil
2025-09-07,PA,33.0,Norte,Brasil
2025-09-14,PA,42.0,Norte,Brasil
2025-09-21,PA,48.0,Norte,Brasil
2025-09-28,PA,26.0,Norte,Brasil
2025-10-05,PA,36.0,Norte,Brasil
2025-10-12,PA,38.0,Norte,Brasil
2025-10-19,PA,20.0,Norte,Brasil
2025-10-26,PA,32.0,Norte,Brasil
2025-11-02,PA,30.0,Norte,Brasil
2025-11-09,PA,24.0,Norte,Brasil
2025-11-16,PA,37.0,Norte,Brasil
2025-11-23,PA,27.0,Norte,Brasil
2025-11-30,PA,37.0,Norte,Brasil
2025-12-07,PA,29.0,Norte,Brasil
2025-12-14,PA,23.0,Norte,Brasil
2025-12-21,PA,35.0,Norte,Brasil
2025-12-28,PA,10.0,Norte,Brasil
2026-01-04,PA,14.0,Norte,Brasil
2026-01-11,PA,25.0,Norte,Brasil
2026-01-18,PA,32.0,Norte,Brasil
2026-01-25,PA,38.0,Norte,Brasil
2026-02-01,PA,46.0,Norte,Brasil
2026-02-08,PA,36.0,Norte,Brasil
2026-02-15,PA,32.0,Norte,Brasil
2026-02-22,PA,30.0,Norte,Brasil
2026-03-01,PA,63.0,Norte,Brasil
2026-03-08,PA,63.0,Norte,Brasil
2026-03-15,PA,44.0,Norte,Brasil
2026-03-22,PA,61.0,Norte,Brasil
2026-03-29,PA,52.0,Norte,Brasil
2026-04-05,PA,30.0,Norte,Brasil
2026-04-12,PA,52.0,Norte,Brasil
2026-04-19,PA,52.0,Norte,Brasil
2026-04-26,PA,31.0,Norte,Brasil
2026-05-03,PA,57.0,Norte,Brasil
2026-05-10,PA,46.0,Norte,Brasil
2026-05-17,PA,45.0,Norte,Brasil
2026-05-24,PA,45.0,Norte,Brasil
2026-05-31,PA,35.0,Norte,Brasil
2026-06-07,PA,30.0,Norte,Brasil
2026-06-14,PA,42.0,Norte,Brasil
2026-06-21,PA,36.0,Norte,Brasil
2026-06-28,PA,23.0,Norte,Brasil
2026-07-05,PA,39.0,Norte,Brasil
2026-07-12,PA,35.0,Norte,Brasil
2026-07-19,PA,34.0,Norte,Brasil
2026-07-26,PA,22.0,Norte,Brasil
2026-08-02,PA,27.0,Norte,Brasil
2026-08-09,PA,37.0,Norte,Brasil
2026-08-16,PA,30.0,Norte,Brasil
2026-08-23,PA,26.0,Norte,Brasil
2026-08-30,PA,19.0,Norte,Brasil
2026-09-06,PA,8.0,Norte,Brasil
2026-09-13,PA,8.0,Norte,Brasil
2014-10-05,PB,2.0,Nordeste,Brasil
2014-10-12,PB,2.0,Nordeste,Brasil
2014-10-19,PB,2.0,Nordeste,Brasil
2014-10-26,PB,2.0,Nordeste,Brasil
2014-11-02,PB,1.0,Nordeste,Brasil
2014-11-09,PB,1.0,Nordeste,Brasil
2014-11-16,PB,1.0,Nordeste,Brasil
2014-11-23,PB,1.0,Nordeste,Brasil
2014-11-30,PB,1.0,Nordeste,Brasil
2014-12-07,PB,1.0,Nordeste,Brasil
2014-12-14,PB,1.0,Nordeste,Brasil
2014-12-21,PB,2.0,Nordeste,Brasil
2014-12-28,PB,2.0,Nordeste,Brasil
2015-01-04,PB,2.0,Nordeste,Brasil
2015-01-11,PB,2.0,Nordeste,Brasil
2015-01-18,PB,2.0,Nordeste,Brasil
2015-01-25,PB,2.0,Nordeste,Brasil
2015-02-01,PB,1.0,Nordeste,Brasil
2015-02-08,PB,1.0,Nordeste,Brasil
2015-02-15,PB,1.0,Nordeste,Brasil
2015-02-22,PB,1.0,Nordeste,Brasil
2015-03-01,PB,1.0,Nordeste,Brasil
2015-03-08,PB,1.0,Nordeste,Brasil
2015-03-15,PB,1.0,Nordeste,Brasil
2015-03-22,PB,1.0,Nordeste,Brasil
2015-03-29,PB,5.0,Nordeste,Brasil
2015-04-05,PB,5.0,Nordeste,Brasil
2015-04-12,PB,5.0,Nordeste,Brasil
2015-04-19,PB,5.0,Nordeste,Brasil
2015-04-26,PB,4.0,Nordeste,Brasil
2015-05-03,PB,4.0,Nordeste,Brasil
2015-05-10,PB,1.0,Nordeste,Brasil
2015-05-17,PB,1.0,Nordeste,Brasil
2015-05-24,PB,2.0,Nordeste,Brasil
2015-05-31,PB,3.0,Nordeste,Brasil
2015-06-07,PB,3.0,Nordeste,Brasil
2015-06-14,PB,3.0,Nordeste,Brasil
2015-06-21,PB,1.0,Nordeste,Brasil
2015-06-28,PB,2.0,Nordeste,Brasil
2015-07-05,PB,2.0,Nordeste,Brasil
2015-07-12,PB,2.0,Nordeste,Brasil
2015-07-19,PB,2.0,Nordeste,Brasil
2015-07-26,PB,1.0,Nordeste,Brasil
2015-08-02,PB,1.0,Nordeste,Brasil
2015-08-09,PB,1.0,Nordeste,Brasil
2015-08-16,PB,1.0,Nordeste,Brasil
2015-08-23,PB,3.0,Nordeste,Brasil
2015-08-30,PB,3.0,Nordeste,Brasil
2015-09-06,PB,1.0,Nordeste,Brasil
2015-09-13,PB,1.0,Nordeste,Brasil
2015-09-20,PB,1.0,Nordeste,Brasil
2015-09-27,PB,1.0,Nordeste,Brasil
2015-10-04,PB,2.0,Nordeste,Brasil
2015-10-11,PB,2.0,Nordeste,Brasil
2015-10-18,PB,2.0,Nordeste,Brasil
2015-10-25,PB,2.0,Nordeste,Brasil
2015-11-01,PB,2.0,Nordeste,Brasil
2015-11-08,PB,2.0,Nordeste,Brasil
2015-11-15,PB,2.0,Nordeste,Brasil
2015-11-22,PB,1.0,Nordeste,Brasil
2015-11-29,PB,1.0,Nordeste,Brasil
2015-12-06,PB,4.0,Nordeste,Brasil
2015-12-13,PB,1.0,Nordeste,Brasil
2015-12-20,PB,12.0,Nordeste,Brasil
2015-12-27,PB,21.0,Nordeste,Brasil
2016-01-03,PB,21.0,Nordeste,Brasil
2016-01-10,PB,5.0,Nordeste,Brasil
2016-01-17,PB,10.0,Nordeste,Brasil
2016-01-24,PB,34.0,Nordeste,Brasil
2016-01-31,PB,10.0,Nordeste,Brasil
2016-02-07,PB,48.0,Nordeste,Brasil
2016-02-14,PB,64.0,Nordeste,Brasil
2016-02-21,PB,138.0,Nordeste,Brasil
2016-02-28,PB,215.0,Nordeste,Brasil
2016-03-06,PB,334.0,Nordeste,Brasil
2016-03-13,PB,402.0,Nordeste,Brasil
2016-03-20,PB,489.0,Nordeste,Brasil
2016-03-27,PB,455.0,Nordeste,Brasil
2016-04-03,PB,762.0,Nordeste,Brasil
2016-04-10,PB,873.0,Nordeste,Brasil
2016-04-17,PB,964.0,Nordeste,Brasil
2016-04-24,PB,914.0,Nordeste,Brasil
2016-05-01,PB,1303.0,Nordeste,Brasil
2016-05-08,PB,1357.0,Nordeste,Brasil
2016-05-15,PB,1480.0,Nordeste,Brasil
2016-05-22,PB,1236.0,Nordeste,Brasil
2016-05-29,PB,1175.0,Nordeste,Brasil
2016-06-05,PB,1036.0,Nordeste,Brasil
2016-06-12,PB,1119.0,Nordeste,Brasil
2016-06-19,PB,797.0,Nordeste,Brasil
2016-06-26,PB,609.0,Nordeste,Brasil
2016-07-03,PB,679.0,Nordeste,Brasil
2016-07-10,PB,548.0,Nordeste,Brasil
2016-07-17,PB,488.0,Nordeste,Brasil
2016-07-24,PB,395.0,Nordeste,Brasil
2016-07-31,PB,425.0,Nordeste,Brasil
2016-08-07,PB,624.0,Nordeste,Brasil
2016-08-14,PB,374.0,Nordeste,Brasil
2016-08-21,PB,411.0,Nordeste,Brasil
2016-08-28,PB,268.0,Nordeste,Brasil
2016-09-04,PB,187.0,Nordeste,Brasil
2016-09-11,PB,56.0,Nordeste,Brasil
2016-09-18,PB,81.0,Nordeste,Brasil
2016-09-25,PB,61.0,Nordeste,Brasil
2016-10-02,PB,29.0,Nordeste,Brasil
2016-10-09,PB,28.0,Nordeste,Brasil
2016-10-16,PB,25.0,Nordeste,Brasil
2016-10-23,PB,31.0,Nordeste,Brasil
2016-10-30,PB,10.0,Nordeste,Brasil
2016-11-06,PB,18.0,Nordeste,Brasil
2016-11-13,PB,27.0,Nordeste,Brasil
2016-11-20,PB,14.0,Nordeste,Brasil
2016-11-27,PB,13.0,Nordeste,Brasil
2016-12-04,PB,8.0,Nordeste,Brasil
2016-12-11,PB,14.0,Nordeste,Brasil
2016-12-18,PB,13.0,Nordeste,Brasil
2016-12-25,PB,14.0,Nordeste,Brasil
2017-01-01,PB,17.0,Nordeste,Brasil
2017-01-08,PB,4.0,Nordeste,Brasil
2017-01-15,PB,13.0,Nordeste,Brasil
2017-01-22,PB,13.0,Nordeste,Brasil
2017-01-29,PB,22.0,Nordeste,Brasil
2017-02-05,PB,27.0,Nordeste,Brasil
2017-02-12,PB,21.0,Nordeste,Brasil
2017-02-19,PB,20.0,Nordeste,Brasil
2017-02-26,PB,34.0,Nordeste,Brasil
2017-03-05,PB,7.0,Nordeste,Brasil
2017-03-12,PB,29.0,Nordeste,Brasil
2017-03-19,PB,39.0,Nordeste,Brasil
2017-03-26,PB,30.0,Nordeste,Brasil
2017-04-02,PB,29.0,Nordeste,Brasil
2017-04-09,PB,28.0,Nordeste,Brasil
2017-04-16,PB,34.0,Nordeste,Brasil
2017-04-23,PB,27.0,Nordeste,Brasil
2017-04-30,PB,26.0,Nordeste,Brasil
2017-05-07,PB,34.0,Nordeste,Brasil
2017-05-14,PB,38.0,Nordeste,Brasil
2017-05-21,PB,37.0,Nordeste,Brasil
2017-05-28,PB,42.0,Nordeste,Brasil
2017-06-04,PB,73.0,Nordeste,Brasil
2017-06-11,PB,110.0,Nordeste,Brasil
2017-06-18,PB,77.0,Nordeste,Brasil
2017-06-25,PB,54.0,Nordeste,Brasil
2017-07-02,PB,67.0,Nordeste,Brasil
2017-07-09,PB,70.0,Nordeste,Brasil
2017-07-16,PB,78.0,Nordeste,Brasil
2017-07-23,PB,45.0,Nordeste,Brasil
2017-07-30,PB,46.0,Nordeste,Brasil
2017-08-06,PB,51.0,Nordeste,Brasil
2017-08-13,PB,56.0,Nordeste,Brasil
2017-08-20,PB,59.0,Nordeste,Brasil
2017-08-27,PB,52.0,Nordeste,Brasil
2017-09-03,PB,50.0,Nordeste,Brasil
2017-09-10,PB,32.0,Nordeste,Brasil
2017-09-17,PB,49.0,Nordeste,Brasil
2017-09-24,PB,37.0,Nordeste,Brasil
2017-10-01,PB,35.0,Nordeste,Brasil
2017-10-08,PB,20.0,Nordeste,Brasil
2017-10-15,PB,24.0,Nordeste,Brasil
2017-10-22,PB,34.0,Nordeste,Brasil
2017-10-29,PB,20.0,Nordeste,Brasil
2017-11-05,PB,23.0,Nordeste,Brasil
2017-11-12,PB,20.0,Nordeste,Brasil
2017-11-19,PB,20.0,Nordeste,Brasil
2017-11-26,PB,12.0,Nordeste,Brasil
2017-12-03,PB,22.0,Nordeste,Brasil
2017-12-10,PB,6.0,Nordeste,Brasil
2017-12-17,PB,18.0,Nordeste,Brasil
2017-12-24,PB,28.0,Nordeste,Brasil
2017-12-31,PB,22.0,Nordeste,Brasil
2018-01-07,PB,2.0,Nordeste,Brasil
2018-01-14,PB,15.0,Nordeste,Brasil
2018-01-21,PB,10.0,Nordeste,Brasil
2018-01-28,PB,28.0,Nordeste,Brasil
2018-02-04,PB,16.0,Nordeste,Brasil
2018-02-11,PB,11.0,Nordeste,Brasil
2018-02-18,PB,16.0,Nordeste,Brasil
2018-02-25,PB,15.0,Nordeste,Brasil
2018-03-04,PB,24.0,Nordeste,Brasil
2018-03-11,PB,20.0,Nordeste,Brasil
2018-03-18,PB,27.0,Nordeste,Brasil
2018-03-25,PB,58.0,Nordeste,Brasil
2018-04-01,PB,55.0,Nordeste,Brasil
2018-04-08,PB,23.0,Nordeste,Brasil
2018-04-15,PB,21.0,Nordeste,Brasil
2018-04-22,PB,24.0,Nordeste,Brasil
2018-04-29,PB,18.0,Nordeste,Brasil
2018-05-06,PB,23.0,Nordeste,Brasil
2018-05-13,PB,62.0,Nordeste,Brasil
2018-05-20,PB,41.0,Nordeste,Brasil
2018-05-27,PB,51.0,Nordeste,Brasil
2018-06-03,PB,24.0,Nordeste,Brasil
2018-06-10,PB,57.0,Nordeste,Brasil
2018-06-17,PB,69.0,Nordeste,Brasil
2018-06-24,PB,57.0,Nordeste,Brasil
2018-07-01,PB,47.0,Nordeste,Brasil
2018-07-08,PB,47.0,Nordeste,Brasil
2018-07-15,PB,56.0,Nordeste,Brasil
2018-07-22,PB,63.0,Nordeste,Brasil
2018-07-29,PB,37.0,Nordeste,Brasil
2018-08-05,PB,41.0,Nordeste,Brasil
2018-08-12,PB,26.0,Nordeste,Brasil
2018-08-19,PB,16.0,Nordeste,Brasil
2018-08-26,PB,35.0,Nordeste,Brasil
2018-09-02,PB,21.0,Nordeste,Brasil
2018-09-09,PB,21.0,Nordeste,Brasil
2018-09-16,PB,17.0,Nordeste,Brasil
2018-09-23,PB,26.0,Nordeste,Brasil
2018-09-30,PB,22.0,Nordeste,Brasil
2018-10-07,PB,9.0,Nordeste,Brasil
2018-10-14,PB,10.0,Nordeste,Brasil
2018-10-21,PB,17.0,Nordeste,Brasil
2018-10-28,PB,12.0,Nordeste,Brasil
2018-11-04,PB,19.0,Nordeste,Brasil
2018-11-11,PB,10.0,Nordeste,Brasil
2018-11-18,PB,6.0,Nordeste,Brasil
2018-11-25,PB,18.0,Nordeste,Brasil
2018-12-02,PB,11.0,Nordeste,Brasil
2018-12-09,PB,6.0,Nordeste,Brasil
2018-12-16,PB,13.0,Nordeste,Brasil
2018-12-23,PB,9.0,Nordeste,Brasil
2018-12-30,PB,15.0,Nordeste,Brasil
2019-01-06,PB,3.0,Nordeste,Brasil
2019-01-13,PB,21.0,Nordeste,Brasil
2019-01-20,PB,15.0,Nordeste,Brasil
2019-01-27,PB,22.0,Nordeste,Brasil
2019-02-03,PB,20.0,Nordeste,Brasil
2019-02-10,PB,23.0,Nordeste,Brasil
2019-02-17,PB,17.0,Nordeste,Brasil
2019-02-24,PB,32.0,Nordeste,Brasil
2019-03-03,PB,19.0,Nordeste,Brasil
2019-03-10,PB,19.0,Nordeste,Brasil
2019-03-17,PB,19.0,Nordeste,Brasil
2019-03-24,PB,33.0,Nordeste,Brasil
2019-03-31,PB,35.0,Nordeste,Brasil
2019-04-07,PB,51.0,Nordeste,Brasil
2019-04-14,PB,64.0,Nordeste,Brasil
2019-04-21,PB,64.0,Nordeste,Brasil
2019-04-28,PB,57.0,Nordeste,Brasil
2019-05-05,PB,92.0,Nordeste,Brasil
2019-05-12,PB,94.0,Nordeste,Brasil
2019-05-19,PB,64.0,Nordeste,Brasil
2019-05-26,PB,56.0,Nordeste,Brasil
2019-06-02,PB,81.0,Nordeste,Brasil
2019-06-09,PB,72.0,Nordeste,Brasil
2019-06-16,PB,66.0,Nordeste,Brasil
2019-06-23,PB,33.0,Nordeste,Brasil
2019-06-30,PB,44.0,Nordeste,Brasil
2019-07-07,PB,39.0,Nordeste,Brasil
2019-07-14,PB,49.0,Nordeste,Brasil
2019-07-21,PB,39.0,Nordeste,Brasil
2019-07-28,PB,31.0,Nordeste,Brasil
2019-08-04,PB,24.0,Nordeste,Brasil
2019-08-11,PB,36.0,Nordeste,Brasil
2019-08-18,PB,52.0,Nordeste,Brasil
2019-08-25,PB,46.0,Nordeste,Brasil
2019-09-01,PB,56.0,Nordeste,Brasil
2019-09-08,PB,34.0,Nordeste,Brasil
2019-09-15,PB,31.0,Nordeste,Brasil
2019-09-22,PB,35.0,Nordeste,Brasil
2019-09-29,PB,44.0,Nordeste,Brasil
2019-10-06,PB,58.0,Nordeste,Brasil
2019-10-13,PB,36.0,Nordeste,Brasil
2019-10-20,PB,52.0,Nordeste,Brasil
2019-10-27,PB,54.0,Nordeste,Brasil
2019-11-03,PB,41.0,Nordeste,Brasil
2019-11-10,PB,40.0,Nordeste,Brasil
2019-11-17,PB,18.0,Nordeste,Brasil
2019-11-24,PB,27.0,Nordeste,Brasil
2019-12-01,PB,25.0,Nordeste,Brasil
2019-12-08,PB,24.0,Nordeste,Brasil
2019-12-15,PB,26.0,Nordeste,Brasil
2019-12-22,PB,19.0,Nordeste,Brasil
2019-12-29,PB,7.0,Nordeste,Brasil
2020-01-05,PB,3.0,Nordeste,Brasil
2020-01-12,PB,18.0,Nordeste,Brasil
2020-01-19,PB,30.0,Nordeste,Brasil
2020-01-26,PB,23.0,Nordeste,Brasil
2020-02-02,PB,13.0,Nordeste,Brasil
2020-02-09,PB,19.0,Nordeste,Brasil
2020-02-16,PB,18.0,Nordeste,Brasil
2020-02-23,PB,8.0,Nordeste,Brasil
2020-03-01,PB,8.0,Nordeste,Brasil
2020-03-08,PB,17.0,Nordeste,Brasil
2020-03-15,PB,23.0,Nordeste,Brasil
2020-03-22,PB,17.0,Nordeste,Brasil
2020-03-29,PB,11.0,Nordeste,Brasil
2020-04-05,PB,11.0,Nordeste,Brasil
2020-04-12,PB,8.0,Nordeste,Brasil
2020-04-19,PB,21.0,Nordeste,Brasil
2020-04-26,PB,21.0,Nordeste,Brasil
2020-05-03,PB,44.0,Nordeste,Brasil
2020-05-10,PB,38.0,Nordeste,Brasil
2020-05-17,PB,25.0,Nordeste,Brasil
2020-05-24,PB,46.0,Nordeste,Brasil
2020-05-31,PB,74.0,Nordeste,Brasil
2020-06-07,PB,48.0,Nordeste,Brasil
2020-06-14,PB,66.0,Nordeste,Brasil
2020-06-21,PB,75.0,Nordeste,Brasil
2020-06-28,PB,69.0,Nordeste,Brasil
2020-07-05,PB,121.0,Nordeste,Brasil
2020-07-12,PB,131.0,Nordeste,Brasil
2020-07-19,PB,154.0,Nordeste,Brasil
2020-07-26,PB,137.0,Nordeste,Brasil
2020-08-02,PB,112.0,Nordeste,Brasil
2020-08-09,PB,74.0,Nordeste,Brasil
2020-08-16,PB,109.0,Nordeste,Brasil
2020-08-23,PB,116.0,Nordeste,Brasil
2020-08-30,PB,79.0,Nordeste,Brasil
2020-09-06,PB,66.0,Nordeste,Brasil
2020-09-13,PB,36.0,Nordeste,Brasil
2020-09-20,PB,64.0,Nordeste,Brasil
2020-09-27,PB,74.0,Nordeste,Brasil
2020-10-04,PB,51.0,Nordeste,Brasil
2020-10-11,PB,34.0,Nordeste,Brasil
2020-10-18,PB,38.0,Nordeste,Brasil
2020-10-25,PB,27.0,Nordeste,Brasil
2020-11-01,PB,20.0,Nordeste,Brasil
2020-11-08,PB,22.0,Nordeste,Brasil
2020-11-15,PB,26.0,Nordeste,Brasil
2020-11-22,PB,19.0,Nordeste,Brasil
2020-11-29,PB,33.0,Nordeste,Brasil
2020-12-06,PB,19.0,Nordeste,Brasil
2020-12-13,PB,23.0,Nordeste,Brasil
2020-12-20,PB,19.0,Nordeste,Brasil
2020-12-27,PB,6.0,Nordeste,Brasil
2021-01-03,PB,6.0,Nordeste,Brasil
2021-01-10,PB,6.0,Nordeste,Brasil
2021-01-17,PB,39.0,Nordeste,Brasil
2021-01-24,PB,25.0,Nordeste,Brasil
2021-01-31,PB,56.0,Nordeste,Brasil
2021-02-07,PB,162.0,Nordeste,Brasil
2021-02-14,PB,231.0,Nordeste,Brasil
2021-02-21,PB,152.0,Nordeste,Brasil
2021-02-28,PB,135.0,Nordeste,Brasil
2021-03-07,PB,82.0,Nordeste,Brasil
2021-03-14,PB,74.0,Nordeste,Brasil
2021-03-21,PB,98.0,Nordeste,Brasil
2021-03-28,PB,91.0,Nordeste,Brasil
2021-04-04,PB,91.0,Nordeste,Brasil
2021-04-11,PB,97.0,Nordeste,Brasil
2021-04-18,PB,139.0,Nordeste,Brasil
2021-04-25,PB,163.0,Nordeste,Brasil
2021-05-02,PB,152.0,Nordeste,Brasil
2021-05-09,PB,157.0,Nordeste,Brasil
2021-05-16,PB,222.0,Nordeste,Brasil
2021-05-23,PB,262.0,Nordeste,Brasil
2021-05-30,PB,376.0,Nordeste,Brasil
2021-06-06,PB,378.0,Nordeste,Brasil
2021-06-13,PB,403.0,Nordeste,Brasil
2021-06-20,PB,420.0,Nordeste,Brasil
2021-06-27,PB,361.0,Nordeste,Brasil
2021-07-04,PB,532.0,Nordeste,Brasil
2021-07-11,PB,577.0,Nordeste,Brasil
2021-07-18,PB,566.0,Nordeste,Brasil
2021-07-25,PB,548.0,Nordeste,Brasil
2021-08-01,PB,505.0,Nordeste,Brasil
2021-08-08,PB,365.0,Nordeste,Brasil
2021-08-15,PB,460.0,Nordeste,Brasil
2021-08-22,PB,383.0,Nordeste,Brasil
2021-08-29,PB,388.0,Nordeste,Brasil
2021-09-05,PB,336.0,Nordeste,Brasil
2021-09-12,PB,308.0,Nordeste,Brasil
2021-09-19,PB,358.0,Nordeste,Brasil
2021-09-26,PB,312.0,Nordeste,Brasil
2021-10-03,PB,277.0,Nordeste,Brasil
2021-10-10,PB,240.0,Nordeste,Brasil
2021-10-17,PB,207.0,Nordeste,Brasil
2021-10-24,PB,295.0,Nordeste,Brasil
2021-10-31,PB,207.0,Nordeste,Brasil
2021-11-07,PB,132.0,Nordeste,Brasil
2021-11-14,PB,131.0,Nordeste,Brasil
2021-11-21,PB,113.0,Nordeste,Brasil
2021-11-28,PB,146.0,Nordeste,Brasil
2021-12-05,PB,142.0,Nordeste,Brasil
2021-12-12,PB,127.0,Nordeste,Brasil
2021-12-19,PB,137.0,Nordeste,Brasil
2021-12-26,PB,115.0,Nordeste,Brasil
2022-01-02,PB,67.0,Nordeste,Brasil
2022-01-09,PB,55.0,Nordeste,Brasil
2022-01-16,PB,83.0,Nordeste,Brasil
2022-01-23,PB,112.0,Nordeste,Brasil
2022-01-30,PB,123.0,Nordeste,Brasil
2022-02-06,PB,137.0,Nordeste,Brasil
2022-02-13,PB,202.0,Nordeste,Brasil
2022-02-20,PB,312.0,Nordeste,Brasil
2022-02-27,PB,343.0,Nordeste,Brasil
2022-03-06,PB,377.0,Nordeste,Brasil
2022-03-13,PB,499.0,Nordeste,Brasil
2022-03-20,PB,649.0,Nordeste,Brasil
2022-03-27,PB,669.0,Nordeste,Brasil
2022-04-03,PB,743.0,Nordeste,Brasil
2022-04-10,PB,1060.0,Nordeste,Brasil
2022-04-17,PB,670.0,Nordeste,Brasil
2022-04-24,PB,895.0,Nordeste,Brasil
2022-05-01,PB,1028.0,Nordeste,Brasil
2022-05-08,PB,1306.0,Nordeste,Brasil
2022-05-15,PB,1362.0,Nordeste,Brasil
2022-05-22,PB,1232.0,Nordeste,Brasil
2022-05-29,PB,1064.0,Nordeste,Brasil
2022-06-05,PB,990.0,Nordeste,Brasil
2022-06-12,PB,954.0,Nordeste,Brasil
2022-06-19,PB,743.0,Nordeste,Brasil
2022-06-26,PB,724.0,Nordeste,Brasil
2022-07-03,PB,887.0,Nordeste,Brasil
2022-07-10,PB,859.0,Nordeste,Brasil
2022-07-17,PB,798.0,Nordeste,Brasil
2022-07-24,PB,853.0,Nordeste,Brasil
2022-07-31,PB,697.0,Nordeste,Brasil
2022-08-07,PB,499.0,Nordeste,Brasil
2022-08-14,PB,532.0,Nordeste,Brasil
2022-08-21,PB,482.0,Nordeste,Brasil
2022-08-28,PB,425.0,Nordeste,Brasil
2022-09-04,PB,330.0,Nordeste,Brasil
2022-09-11,PB,226.0,Nordeste,Brasil
2022-09-18,PB,263.0,Nordeste,Brasil
2022-09-25,PB,175.0,Nordeste,Brasil
2022-10-02,PB,143.0,Nordeste,Brasil
2022-10-09,PB,156.0,Nordeste,Brasil
2022-10-16,PB,112.0,Nordeste,Brasil
2022-10-23,PB,93.0,Nordeste,Brasil
2022-10-30,PB,84.0,Nordeste,Brasil
2022-11-06,PB,68.0,Nordeste,Brasil
2022-11-13,PB,82.0,Nordeste,Brasil
2022-11-20,PB,58.0,Nordeste,Brasil
2022-11-27,PB,49.0,Nordeste,Brasil
2022-12-04,PB,42.0,Nordeste,Brasil
2022-12-11,PB,25.0,Nordeste,Brasil
2022-12-18,PB,25.0,Nordeste,Brasil
2022-12-25,PB,24.0,Nordeste,Brasil
2023-01-01,PB,22.0,Nordeste,Brasil
2023-01-08,PB,12.0,Nordeste,Brasil
2023-01-15,PB,32.0,Nordeste,Brasil
2023-01-22,PB,24.0,Nordeste,Brasil
2023-01-29,PB,40.0,Nordeste,Brasil
2023-02-05,PB,45.0,Nordeste,Brasil
2023-02-12,PB,51.0,Nordeste,Brasil
2023-02-19,PB,26.0,Nordeste,Brasil
2023-02-26,PB,33.0,Nordeste,Brasil
2023-03-05,PB,67.0,Nordeste,Brasil
2023-03-12,PB,46.0,Nordeste,Brasil
2023-03-19,PB,67.0,Nordeste,Brasil
2023-03-26,PB,62.0,Nordeste,Brasil
2023-04-02,PB,79.0,Nordeste,Brasil
2023-04-09,PB,94.0,Nordeste,Brasil
2023-04-16,PB,90.0,Nordeste,Brasil
2023-04-23,PB,83.0,Nordeste,Brasil
2023-04-30,PB,76.0,Nordeste,Brasil
2023-05-07,PB,69.0,Nordeste,Brasil
2023-05-14,PB,68.0,Nordeste,Brasil
2023-05-21,PB,83.0,Nordeste,Brasil
2023-05-28,PB,61.0,Nordeste,Brasil
2023-06-04,PB,56.0,Nordeste,Brasil
2023-06-11,PB,37.0,Nordeste,Brasil
2023-06-18,PB,44.0,Nordeste,Brasil
2023-06-25,PB,47.0,Nordeste,Brasil
2023-07-02,PB,36.0,Nordeste,Brasil
2023-07-09,PB,37.0,Nordeste,Brasil
2023-07-16,PB,44.0,Nordeste,Brasil
2023-07-23,PB,32.0,Nordeste,Brasil
2023-07-30,PB,31.0,Nordeste,Brasil
2023-08-06,PB,39.0,Nordeste,Brasil
2023-08-13,PB,30.0,Nordeste,Brasil
2023-08-20,PB,25.0,Nordeste,Brasil
2023-08-27,PB,31.0,Nordeste,Brasil
2023-09-03,PB,44.0,Nordeste,Brasil
2023-09-10,PB,21.0,Nordeste,Brasil
2023-09-17,PB,33.0,Nordeste,Brasil
2023-09-24,PB,36.0,Nordeste,Brasil
2023-10-01,PB,32.0,Nordeste,Brasil
2023-10-08,PB,30.0,Nordeste,Brasil
2023-10-15,PB,24.0,Nordeste,Brasil
2023-10-22,PB,25.0,Nordeste,Brasil
2023-10-29,PB,35.0,Nordeste,Brasil
2023-11-05,PB,19.0,Nordeste,Brasil
2023-11-12,PB,34.0,Nordeste,Brasil
2023-11-19,PB,17.0,Nordeste,Brasil
2023-11-26,PB,23.0,Nordeste,Brasil
2023-12-03,PB,20.0,Nordeste,Brasil
2023-12-10,PB,32.0,Nordeste,Brasil
2023-12-17,PB,42.0,Nordeste,Brasil
2023-12-24,PB,15.0,Nordeste,Brasil
2023-12-31,PB,23.0,Nordeste,Brasil
2024-01-07,PB,13.0,Nordeste,Brasil
2024-01-14,PB,31.0,Nordeste,Brasil
2024-01-21,PB,31.0,Nordeste,Brasil
2024-01-28,PB,27.0,Nordeste,Brasil
2024-02-04,PB,40.0,Nordeste,Brasil
2024-02-11,PB,59.0,Nordeste,Brasil
2024-02-18,PB,61.0,Nordeste,Brasil
2024-02-25,PB,146.0,Nordeste,Brasil
2024-03-03,PB,315.0,Nordeste,Brasil
2024-03-10,PB,468.0,Nordeste,Brasil
2024-03-17,PB,399.0,Nordeste,Brasil
2024-03-24,PB,464.0,Nordeste,Brasil
2024-03-31,PB,250.0,Nordeste,Brasil
2024-04-07,PB,298.0,Nordeste,Brasil
2024-04-14,PB,317.0,Nordeste,Brasil
2024-04-21,PB,287.0,Nordeste,Brasil
2024-04-28,PB,218.0,Nordeste,Brasil
2024-05-05,PB,218.0,Nordeste,Brasil
2024-05-12,PB,147.0,Nordeste,Brasil
2024-05-19,PB,135.0,Nordeste,Brasil
2024-05-26,PB,101.0,Nordeste,Brasil
2024-06-02,PB,32.0,Nordeste,Brasil
2024-06-09,PB,80.0,Nordeste,Brasil
2024-06-16,PB,80.0,Nordeste,Brasil
2024-06-23,PB,70.0,Nordeste,Brasil
2024-06-30,PB,52.0,Nordeste,Brasil
2024-07-07,PB,74.0,Nordeste,Brasil
2024-07-14,PB,86.0,Nordeste,Brasil
2024-07-21,PB,90.0,Nordeste,Brasil
2024-07-28,PB,102.0,Nordeste,Brasil
2024-08-04,PB,90.0,Nordeste,Brasil
2024-08-11,PB,71.0,Nordeste,Brasil
2024-08-18,PB,79.0,Nordeste,Brasil
2024-08-25,PB,64.0,Nordeste,Brasil
2024-09-01,PB,68.0,Nordeste,Brasil
2024-09-08,PB,53.0,Nordeste,Brasil
2024-09-15,PB,41.0,Nordeste,Brasil
2024-09-22,PB,43.0,Nordeste,Brasil
2024-09-29,PB,33.0,Nordeste,Brasil
2024-10-06,PB,30.0,Nordeste,Brasil
2024-10-13,PB,35.0,Nordeste,Brasil
2024-10-20,PB,40.0,Nordeste,Brasil
2024-10-27,PB,57.0,Nordeste,Brasil
2024-11-03,PB,36.0,Nordeste,Brasil
2024-11-10,PB,38.0,Nordeste,Brasil
2024-11-17,PB,32.0,Nordeste,Brasil
2024-11-24,PB,37.0,Nordeste,Brasil
2024-12-01,PB,39.0,Nordeste,Brasil
2024-12-08,PB,35.0,Nordeste,Brasil
2024-12-15,PB,23.0,Nordeste,Brasil
2024-12-22,PB,29.0,Nordeste,Brasil
2024-12-29,PB,11.0,Nordeste,Brasil
2025-01-05,PB,14.0,Nordeste,Brasil
2025-01-12,PB,35.0,Nordeste,Brasil
2025-01-19,PB,22.0,Nordeste,Brasil
2025-01-26,PB,69.0,Nordeste,Brasil
2025-02-02,PB,144.0,Nordeste,Brasil
2025-02-09,PB,159.0,Nordeste,Brasil
2025-02-16,PB,204.0,Nordeste,Brasil
2025-02-23,PB,188.0,Nordeste,Brasil
2025-03-02,PB,106.0,Nordeste,Brasil
2025-03-09,PB,126.0,Nordeste,Brasil
2025-03-16,PB,134.0,Nordeste,Brasil
2025-03-23,PB,141.0,Nordeste,Brasil
2025-03-30,PB,117.0,Nordeste,Brasil
2025-04-06,PB,103.0,Nordeste,Brasil
2025-04-13,PB,104.0,Nordeste,Brasil
2025-04-20,PB,66.0,Nordeste,Brasil
2025-04-27,PB,82.0,Nordeste,Brasil
2025-05-04,PB,74.0,Nordeste,Brasil
2025-05-11,PB,103.0,Nordeste,Brasil
2025-05-18,PB,100.0,Nordeste,Brasil
2025-05-25,PB,76.0,Nordeste,Brasil
2025-06-01,PB,70.0,Nordeste,Brasil
2025-06-08,PB,89.0,Nordeste,Brasil
2025-06-15,PB,77.0,Nordeste,Brasil
2025-06-22,PB,33.0,Nordeste,Brasil
2025-06-29,PB,47.0,Nordeste,Brasil
2025-07-06,PB,45.0,Nordeste,Brasil
2025-07-13,PB,56.0,Nordeste,Brasil
2025-07-20,PB,47.0,Nordeste,Brasil
2025-07-27,PB,58.0,Nordeste,Brasil
2025-08-03,PB,51.0,Nordeste,Brasil
2025-08-10,PB,55.0,Nordeste,Brasil
2025-08-17,PB,62.0,Nordeste,Brasil
2025-08-24,PB,47.0,Nordeste,Brasil
2025-08-31,PB,53.0,Nordeste,Brasil
2025-09-07,PB,67.0,Nordeste,Brasil
2025-09-14,PB,47.0,Nordeste,Brasil
2025-09-21,PB,47.0,Nordeste,Brasil
2025-09-28,PB,64.0,Nordeste,Brasil
2025-10-05,PB,57.0,Nordeste,Brasil
2025-10-12,PB,55.0,Nordeste,Brasil
2025-10-19,PB,58.0,Nordeste,Brasil
2025-10-26,PB,58.0,Nordeste,Brasil
2025-11-02,PB,51.0,Nordeste,Brasil
2025-11-09,PB,39.0,Nordeste,Brasil
2025-11-16,PB,48.0,Nordeste,Brasil
2025-11-23,PB,22.0,Nordeste,Brasil
2025-11-30,PB,22.0,Nordeste,Brasil
2025-12-07,PB,27.0,Nordeste,Brasil
2025-12-14,PB,26.0,Nordeste,Brasil
2025-12-21,PB,29.0,Nordeste,Brasil
2025-12-28,PB,17.0,Nordeste,Brasil
2026-01-04,PB,14.0,Nordeste,Brasil
2026-01-11,PB,34.0,Nordeste,Brasil
2026-01-18,PB,26.0,Nordeste,Brasil
2026-01-25,PB,31.0,Nordeste,Brasil
2026-02-01,PB,24.0,Nordeste,Brasil
2026-02-08,PB,35.0,Nordeste,Brasil
2026-02-15,PB,39.0,Nordeste,Brasil
2026-02-22,PB,59.0,Nordeste,Brasil
2026-03-01,PB,60.0,Nordeste,Brasil
2026-03-08,PB,66.0,Nordeste,Brasil
2026-03-15,PB,45.0,Nordeste,Brasil
2026-03-22,PB,60.0,Nordeste,Brasil
2026-03-29,PB,62.0,Nordeste,Brasil
2026-04-05,PB,38.0,Nordeste,Brasil
2026-04-12,PB,55.0,Nordeste,Brasil
2026-04-19,PB,77.0,Nordeste,Brasil
2026-04-26,PB,43.0,Nordeste,Brasil
2026-05-03,PB,46.0,Nordeste,Brasil
2026-05-10,PB,47.0,Nordeste,Brasil
2026-05-17,PB,36.0,Nordeste,Brasil
2026-05-24,PB,56.0,Nordeste,Brasil
2026-05-31,PB,52.0,Nordeste,Brasil
2026-06-07,PB,27.0,Nordeste,Brasil
2026-06-14,PB,26.0,Nordeste,Brasil
2026-06-21,PB,35.0,Nordeste,Brasil
2026-06-28,PB,49.0,Nordeste,Brasil
2026-07-05,PB,48.0,Nordeste,Brasil
2026-07-12,PB,37.0,Nordeste,Brasil
2026-07-19,PB,55.0,Nordeste,Brasil
2026-07-26,PB,50.0,Nordeste,Brasil
2026-08-02,PB,63.0,Nordeste,Brasil
2026-08-09,PB,45.0,Nordeste,Brasil
2026-08-16,PB,42.0,Nordeste,Brasil
2026-08-23,PB,73.0,Nordeste,Brasil
2026-08-30,PB,76.0,Nordeste,Brasil
2026-09-06,PB,39.0,Nordeste,Brasil
2026-09-13,PB,39.0,Nordeste,Brasil
2014-03-02,PE,1.0,Nordeste,Brasil
2014-03-09,PE,1.0,Nordeste,Brasil
2014-03-16,PE,1.0,Nordeste,Brasil
2014-03-23,PE,1.0,Nordeste,Brasil
2014-03-30,PE,1.0,Nordeste,Brasil
2014-04-06,PE,1.0,Nordeste,Brasil
2014-04-13,PE,1.0,Nordeste,Brasil
2014-04-20,PE,1.0,Nordeste,Brasil
2014-04-27,PE,1.0,Nordeste,Brasil
2014-05-04,PE,1.0,Nordeste,Brasil
2014-05-11,PE,1.0,Nordeste,Brasil
2014-05-18,PE,1.0,Nordeste,Brasil
2014-05-25,PE,1.0,Nordeste,Brasil
2014-06-01,PE,1.0,Nordeste,Brasil
2014-06-08,PE,1.0,Nordeste,Brasil
2014-06-15,PE,1.0,Nordeste,Brasil
2014-06-22,PE,1.0,Nordeste,Brasil
2014-06-29,PE,1.0,Nordeste,Brasil
2014-07-06,PE,1.0,Nordeste,Brasil
2014-07-13,PE,1.0,Nordeste,Brasil
2014-07-20,PE,1.0,Nordeste,Brasil
2014-07-27,PE,1.0,Nordeste,Brasil
2014-08-03,PE,1.0,Nordeste,Brasil
2014-08-10,PE,1.0,Nordeste,Brasil
2014-08-17,PE,1.0,Nordeste,Brasil
2014-08-24,PE,1.0,Nordeste,Brasil
2014-08-31,PE,1.0,Nordeste,Brasil
2014-09-07,PE,1.0,Nordeste,Brasil
2014-09-14,PE,1.0,Nordeste,Brasil
2014-09-21,PE,1.0,Nordeste,Brasil
2014-09-28,PE,1.0,Nordeste,Brasil
2014-10-05,PE,1.0,Nordeste,Brasil
2014-10-12,PE,1.0,Nordeste,Brasil
2014-10-19,PE,1.0,Nordeste,Brasil
2014-10-26,PE,1.0,Nordeste,Brasil
2014-11-02,PE,2.0,Nordeste,Brasil
2014-11-09,PE,1.0,Nordeste,Brasil
2014-11-16,PE,4.0,Nordeste,Brasil
2014-11-23,PE,4.0,Nordeste,Brasil
2014-11-30,PE,3.0,Nordeste,Brasil
2014-12-07,PE,1.0,Nordeste,Brasil
2014-12-14,PE,9.0,Nordeste,Brasil
2014-12-21,PE,1.0,Nordeste,Brasil
2014-12-28,PE,3.0,Nordeste,Brasil
2015-01-04,PE,2.0,Nordeste,Brasil
2015-01-11,PE,3.0,Nordeste,Brasil
2015-01-18,PE,2.0,Nordeste,Brasil
2015-01-25,PE,3.0,Nordeste,Brasil
2015-02-01,PE,5.0,Nordeste,Brasil
2015-02-08,PE,3.0,Nordeste,Brasil
2015-02-15,PE,5.0,Nordeste,Brasil
2015-02-22,PE,3.0,Nordeste,Brasil
2015-03-01,PE,5.0,Nordeste,Brasil
2015-03-08,PE,2.0,Nordeste,Brasil
2015-03-15,PE,3.0,Nordeste,Brasil
2015-03-22,PE,1.0,Nordeste,Brasil
2015-03-29,PE,13.0,Nordeste,Brasil
2015-04-05,PE,2.0,Nordeste,Brasil
2015-04-12,PE,2.0,Nordeste,Brasil
2015-04-19,PE,2.0,Nordeste,Brasil
2015-04-26,PE,5.0,Nordeste,Brasil
2015-05-03,PE,1.0,Nordeste,Brasil
2015-05-10,PE,3.0,Nordeste,Brasil
2015-05-17,PE,3.0,Nordeste,Brasil
2015-05-24,PE,2.0,Nordeste,Brasil
2015-05-31,PE,2.0,Nordeste,Brasil
2015-06-07,PE,3.0,Nordeste,Brasil
2015-06-14,PE,1.0,Nordeste,Brasil
2015-06-21,PE,4.0,Nordeste,Brasil
2015-06-28,PE,1.0,Nordeste,Brasil
2015-07-05,PE,2.0,Nordeste,Brasil
2015-07-12,PE,5.0,Nordeste,Brasil
2015-07-19,PE,1.0,Nordeste,Brasil
2015-07-26,PE,1.0,Nordeste,Brasil
2015-08-02,PE,1.0,Nordeste,Brasil
2015-08-09,PE,3.0,Nordeste,Brasil
2015-08-16,PE,11.0,Nordeste,Brasil
2015-08-23,PE,18.0,Nordeste,Brasil
2015-08-30,PE,8.0,Nordeste,Brasil
2015-09-06,PE,23.0,Nordeste,Brasil
2015-09-13,PE,88.0,Nordeste,Brasil
2015-09-20,PE,135.0,Nordeste,Brasil
2015-09-27,PE,192.0,Nordeste,Brasil
2015-10-04,PE,252.0,Nordeste,Brasil
2015-10-11,PE,322.0,Nordeste,Brasil
2015-10-18,PE,182.0,Nordeste,Brasil
2015-10-25,PE,158.0,Nordeste,Brasil
2015-11-01,PE,149.0,Nordeste,Brasil
2015-11-08,PE,93.0,Nordeste,Brasil
2015-11-15,PE,516.0,Nordeste,Brasil
2015-11-22,PE,491.0,Nordeste,Brasil
2015-11-29,PE,593.0,Nordeste,Brasil
2015-12-06,PE,644.0,Nordeste,Brasil
2015-12-13,PE,982.0,Nordeste,Brasil
2015-12-20,PE,904.0,Nordeste,Brasil
2015-12-27,PE,691.0,Nordeste,Brasil
2016-01-03,PE,691.0,Nordeste,Brasil
2016-01-10,PE,1369.0,Nordeste,Brasil
2016-01-17,PE,1899.0,Nordeste,Brasil
2016-01-24,PE,2377.0,Nordeste,Brasil
2016-01-31,PE,2983.0,Nordeste,Brasil
2016-02-07,PE,2842.0,Nordeste,Brasil
2016-02-14,PE,3756.0,Nordeste,Brasil
2016-02-21,PE,4519.0,Nordeste,Brasil
2016-02-28,PE,5246.0,Nordeste,Brasil
2016-03-06,PE,3945.0,Nordeste,Brasil
2016-03-13,PE,3685.0,Nordeste,Brasil
2016-03-20,PE,2869.0,Nordeste,Brasil
2016-03-27,PE,1907.0,Nordeste,Brasil
2016-04-03,PE,2472.0,Nordeste,Brasil
2016-04-10,PE,2330.0,Nordeste,Brasil
2016-04-17,PE,2109.0,Nordeste,Brasil
2016-04-24,PE,2509.0,Nordeste,Brasil
2016-05-01,PE,1645.0,Nordeste,Brasil
2016-05-08,PE,1293.0,Nordeste,Brasil
2016-05-15,PE,1081.0,Nordeste,Brasil
2016-05-22,PE,1082.0,Nordeste,Brasil
2016-05-29,PE,1034.0,Nordeste,Brasil
2016-06-05,PE,716.0,Nordeste,Brasil
2016-06-12,PE,645.0,Nordeste,Brasil
2016-06-19,PE,764.0,Nordeste,Brasil
2016-06-26,PE,474.0,Nordeste,Brasil
2016-07-03,PE,486.0,Nordeste,Brasil
2016-07-10,PE,436.0,Nordeste,Brasil
2016-07-17,PE,375.0,Nordeste,Brasil
2016-07-24,PE,395.0,Nordeste,Brasil
2016-07-31,PE,325.0,Nordeste,Brasil
2016-08-07,PE,287.0,Nordeste,Brasil
2016-08-14,PE,286.0,Nordeste,Brasil
2016-08-21,PE,395.0,Nordeste,Brasil
2016-08-28,PE,335.0,Nordeste,Brasil
2016-09-04,PE,218.0,Nordeste,Brasil
2016-09-11,PE,160.0,Nordeste,Brasil
2016-09-18,PE,181.0,Nordeste,Brasil
2016-09-25,PE,161.0,Nordeste,Brasil
2016-10-02,PE,178.0,Nordeste,Brasil
2016-10-09,PE,141.0,Nordeste,Brasil
2016-10-16,PE,100.0,Nordeste,Brasil
2016-10-23,PE,142.0,Nordeste,Brasil
2016-10-30,PE,118.0,Nordeste,Brasil
2016-11-06,PE,78.0,Nordeste,Brasil
2016-11-13,PE,79.0,Nordeste,Brasil
2016-11-20,PE,81.0,Nordeste,Brasil
2016-11-27,PE,98.0,Nordeste,Brasil
2016-12-04,PE,82.0,Nordeste,Brasil
2016-12-11,PE,94.0,Nordeste,Brasil
2016-12-18,PE,128.0,Nordeste,Brasil
2016-12-25,PE,159.0,Nordeste,Brasil
2017-01-01,PE,133.0,Nordeste,Brasil
2017-01-08,PE,63.0,Nordeste,Brasil
2017-01-15,PE,105.0,Nordeste,Brasil
2017-01-22,PE,128.0,Nordeste,Brasil
2017-01-29,PE,110.0,Nordeste,Brasil
2017-02-05,PE,113.0,Nordeste,Brasil
2017-02-12,PE,113.0,Nordeste,Brasil
2017-02-19,PE,129.0,Nordeste,Brasil
2017-02-26,PE,118.0,Nordeste,Brasil
2017-03-05,PE,68.0,Nordeste,Brasil
2017-03-12,PE,102.0,Nordeste,Brasil
2017-03-19,PE,126.0,Nordeste,Brasil
2017-03-26,PE,131.0,Nordeste,Brasil
2017-04-02,PE,106.0,Nordeste,Brasil
2017-04-09,PE,134.0,Nordeste,Brasil
2017-04-16,PE,117.0,Nordeste,Brasil
2017-04-23,PE,122.0,Nordeste,Brasil
2017-04-30,PE,161.0,Nordeste,Brasil
2017-05-07,PE,179.0,Nordeste,Brasil
2017-05-14,PE,191.0,Nordeste,Brasil
2017-05-21,PE,158.0,Nordeste,Brasil
2017-05-28,PE,148.0,Nordeste,Brasil
2017-06-04,PE,139.0,Nordeste,Brasil
2017-06-11,PE,109.0,Nordeste,Brasil
2017-06-18,PE,102.0,Nordeste,Brasil
2017-06-25,PE,123.0,Nordeste,Brasil
2017-07-02,PE,88.0,Nordeste,Brasil
2017-07-09,PE,115.0,Nordeste,Brasil
2017-07-16,PE,88.0,Nordeste,Brasil
2017-07-23,PE,90.0,Nordeste,Brasil
2017-07-30,PE,93.0,Nordeste,Brasil
2017-08-06,PE,76.0,Nordeste,Brasil
2017-08-13,PE,86.0,Nordeste,Brasil
2017-08-20,PE,118.0,Nordeste,Brasil
2017-08-27,PE,117.0,Nordeste,Brasil
2017-09-03,PE,91.0,Nordeste,Brasil
2017-09-10,PE,56.0,Nordeste,Brasil
2017-09-17,PE,99.0,Nordeste,Brasil
2017-09-24,PE,106.0,Nordeste,Brasil
2017-10-01,PE,151.0,Nordeste,Brasil
2017-10-08,PE,91.0,Nordeste,Brasil
2017-10-15,PE,69.0,Nordeste,Brasil
2017-10-22,PE,81.0,Nordeste,Brasil
2017-10-29,PE,79.0,Nordeste,Brasil
2017-11-05,PE,63.0,Nordeste,Brasil
2017-11-12,PE,50.0,Nordeste,Brasil
2017-11-19,PE,54.0,Nordeste,Brasil
2017-11-26,PE,65.0,Nordeste,Brasil
2017-12-03,PE,80.0,Nordeste,Brasil
2017-12-10,PE,69.0,Nordeste,Brasil
2017-12-17,PE,63.0,Nordeste,Brasil
2017-12-24,PE,50.0,Nordeste,Brasil
2017-12-31,PE,30.0,Nordeste,Brasil
2018-01-07,PE,32.0,Nordeste,Brasil
2018-01-14,PE,60.0,Nordeste,Brasil
2018-01-21,PE,73.0,Nordeste,Brasil
2018-01-28,PE,55.0,Nordeste,Brasil
2018-02-04,PE,49.0,Nordeste,Brasil
2018-02-11,PE,37.0,Nordeste,Brasil
2018-02-18,PE,22.0,Nordeste,Brasil
2018-02-25,PE,61.0,Nordeste,Brasil
2018-03-04,PE,59.0,Nordeste,Brasil
2018-03-11,PE,69.0,Nordeste,Brasil
2018-03-18,PE,80.0,Nordeste,Brasil
2018-03-25,PE,67.0,Nordeste,Brasil
2018-04-01,PE,48.0,Nordeste,Brasil
2018-04-08,PE,89.0,Nordeste,Brasil
2018-04-15,PE,97.0,Nordeste,Brasil
2018-04-22,PE,119.0,Nordeste,Brasil
2018-04-29,PE,129.0,Nordeste,Brasil
2018-05-06,PE,102.0,Nordeste,Brasil
2018-05-13,PE,125.0,Nordeste,Brasil
2018-05-20,PE,138.0,Nordeste,Brasil
2018-05-27,PE,79.0,Nordeste,Brasil
2018-06-03,PE,67.0,Nordeste,Brasil
2018-06-10,PE,67.0,Nordeste,Brasil
2018-06-17,PE,103.0,Nordeste,Brasil
2018-06-24,PE,70.0,Nordeste,Brasil
2018-07-01,PE,78.0,Nordeste,Brasil
2018-07-08,PE,50.0,Nordeste,Brasil
2018-07-15,PE,71.0,Nordeste,Brasil
2018-07-22,PE,86.0,Nordeste,Brasil
2018-07-29,PE,91.0,Nordeste,Brasil
2018-08-05,PE,73.0,Nordeste,Brasil
2018-08-12,PE,95.0,Nordeste,Brasil
2018-08-19,PE,68.0,Nordeste,Brasil
2018-08-26,PE,81.0,Nordeste,Brasil
2018-09-02,PE,73.0,Nordeste,Brasil
2018-09-09,PE,49.0,Nordeste,Brasil
2018-09-16,PE,61.0,Nordeste,Brasil
2018-09-23,PE,78.0,Nordeste,Brasil
2018-09-30,PE,53.0,Nordeste,Brasil
2018-10-07,PE,39.0,Nordeste,Brasil
2018-10-14,PE,38.0,Nordeste,Brasil
2018-10-21,PE,51.0,Nordeste,Brasil
2018-10-28,PE,50.0,Nordeste,Brasil
2018-11-04,PE,32.0,Nordeste,Brasil
2018-11-11,PE,45.0,Nordeste,Brasil
2018-11-18,PE,42.0,Nordeste,Brasil
2018-11-25,PE,48.0,Nordeste,Brasil
2018-12-02,PE,48.0,Nordeste,Brasil
2018-12-09,PE,59.0,Nordeste,Brasil
2018-12-16,PE,43.0,Nordeste,Brasil
2018-12-23,PE,41.0,Nordeste,Brasil
2018-12-30,PE,21.0,Nordeste,Brasil
2019-01-06,PE,29.0,Nordeste,Brasil
2019-01-13,PE,46.0,Nordeste,Brasil
2019-01-20,PE,43.0,Nordeste,Brasil
2019-01-27,PE,80.0,Nordeste,Brasil
2019-02-03,PE,69.0,Nordeste,Brasil
2019-02-10,PE,94.0,Nordeste,Brasil
2019-02-17,PE,111.0,Nordeste,Brasil
2019-02-24,PE,86.0,Nordeste,Brasil
2019-03-03,PE,94.0,Nordeste,Brasil
2019-03-10,PE,77.0,Nordeste,Brasil
2019-03-17,PE,145.0,Nordeste,Brasil
2019-03-24,PE,142.0,Nordeste,Brasil
2019-03-31,PE,156.0,Nordeste,Brasil
2019-04-07,PE,192.0,Nordeste,Brasil
2019-04-14,PE,267.0,Nordeste,Brasil
2019-04-21,PE,238.0,Nordeste,Brasil
2019-04-28,PE,407.0,Nordeste,Brasil
2019-05-05,PE,422.0,Nordeste,Brasil
2019-05-12,PE,404.0,Nordeste,Brasil
2019-05-19,PE,432.0,Nordeste,Brasil
2019-05-26,PE,331.0,Nordeste,Brasil
2019-06-02,PE,340.0,Nordeste,Brasil
2019-06-09,PE,334.0,Nordeste,Brasil
2019-06-16,PE,316.0,Nordeste,Brasil
2019-06-23,PE,209.0,Nordeste,Brasil
2019-06-30,PE,272.0,Nordeste,Brasil
2019-07-07,PE,238.0,Nordeste,Brasil
2019-07-14,PE,228.0,Nordeste,Brasil
2019-07-21,PE,213.0,Nordeste,Brasil
2019-07-28,PE,176.0,Nordeste,Brasil
2019-08-04,PE,161.0,Nordeste,Brasil
2019-08-11,PE,184.0,Nordeste,Brasil
2019-08-18,PE,162.0,Nordeste,Brasil
2019-08-25,PE,200.0,Nordeste,Brasil
2019-09-01,PE,183.0,Nordeste,Brasil
2019-09-08,PE,152.0,Nordeste,Brasil
2019-09-15,PE,140.0,Nordeste,Brasil
2019-09-22,PE,155.0,Nordeste,Brasil
2019-09-29,PE,140.0,Nordeste,Brasil
2019-10-06,PE,140.0,Nordeste,Brasil
2019-10-13,PE,132.0,Nordeste,Brasil
2019-10-20,PE,145.0,Nordeste,Brasil
2019-10-27,PE,132.0,Nordeste,Brasil
2019-11-03,PE,113.0,Nordeste,Brasil
2019-11-10,PE,123.0,Nordeste,Brasil
2019-11-17,PE,73.0,Nordeste,Brasil
2019-11-24,PE,113.0,Nordeste,Brasil
2019-12-01,PE,91.0,Nordeste,Brasil
2019-12-08,PE,67.0,Nordeste,Brasil
2019-12-15,PE,66.0,Nordeste,Brasil
2019-12-22,PE,59.0,Nordeste,Brasil
2019-12-29,PE,40.0,Nordeste,Brasil
2020-01-05,PE,38.0,Nordeste,Brasil
2020-01-12,PE,49.0,Nordeste,Brasil
2020-01-19,PE,70.0,Nordeste,Brasil
2020-01-26,PE,58.0,Nordeste,Brasil
2020-02-02,PE,77.0,Nordeste,Brasil
2020-02-09,PE,86.0,Nordeste,Brasil
2020-02-16,PE,92.0,Nordeste,Brasil
2020-02-23,PE,94.0,Nordeste,Brasil
2020-03-01,PE,55.0,Nordeste,Brasil
2020-03-08,PE,93.0,Nordeste,Brasil
2020-03-15,PE,102.0,Nordeste,Brasil
2020-03-22,PE,46.0,Nordeste,Brasil
2020-03-29,PE,42.0,Nordeste,Brasil
2020-04-05,PE,42.0,Nordeste,Brasil
2020-04-12,PE,43.0,Nordeste,Brasil
2020-04-19,PE,61.0,Nordeste,Brasil
2020-04-26,PE,75.0,Nordeste,Brasil
2020-05-03,PE,78.0,Nordeste,Brasil
2020-05-10,PE,119.0,Nordeste,Brasil
2020-05-17,PE,163.0,Nordeste,Brasil
2020-05-24,PE,163.0,Nordeste,Brasil
2020-05-31,PE,151.0,Nordeste,Brasil
2020-06-07,PE,153.0,Nordeste,Brasil
2020-06-14,PE,135.0,Nordeste,Brasil
2020-06-21,PE,209.0,Nordeste,Brasil
2020-06-28,PE,223.0,Nordeste,Brasil
2020-07-05,PE,428.0,Nordeste,Brasil
2020-07-12,PE,364.0,Nordeste,Brasil
2020-07-19,PE,376.0,Nordeste,Brasil
2020-07-26,PE,446.0,Nordeste,Brasil
2020-08-02,PE,389.0,Nordeste,Brasil
2020-08-09,PE,360.0,Nordeste,Brasil
2020-08-16,PE,325.0,Nordeste,Brasil
2020-08-23,PE,295.0,Nordeste,Brasil
2020-08-30,PE,314.0,Nordeste,Brasil
2020-09-06,PE,304.0,Nordeste,Brasil
2020-09-13,PE,192.0,Nordeste,Brasil
2020-09-20,PE,284.0,Nordeste,Brasil
2020-09-27,PE,256.0,Nordeste,Brasil
2020-10-04,PE,229.0,Nordeste,Brasil
2020-10-11,PE,217.0,Nordeste,Brasil
2020-10-18,PE,136.0,Nordeste,Brasil
2020-10-25,PE,131.0,Nordeste,Brasil
2020-11-01,PE,150.0,Nordeste,Brasil
2020-11-08,PE,152.0,Nordeste,Brasil
2020-11-15,PE,152.0,Nordeste,Brasil
2020-11-22,PE,104.0,Nordeste,Brasil
2020-11-29,PE,100.0,Nordeste,Brasil
2020-12-06,PE,99.0,Nordeste,Brasil
2020-12-13,PE,99.0,Nordeste,Brasil
2020-12-20,PE,84.0,Nordeste,Brasil
2020-12-27,PE,52.0,Nordeste,Brasil
2021-01-03,PE,52.0,Nordeste,Brasil
2021-01-10,PE,40.0,Nordeste,Brasil
2021-01-17,PE,76.0,Nordeste,Brasil
2021-01-24,PE,99.0,Nordeste,Brasil
2021-01-31,PE,97.0,Nordeste,Brasil
2021-02-07,PE,128.0,Nordeste,Brasil
2021-02-14,PE,142.0,Nordeste,Brasil
2021-02-21,PE,137.0,Nordeste,Brasil
2021-02-28,PE,250.0,Nordeste,Brasil
2021-03-07,PE,195.0,Nordeste,Brasil
2021-03-14,PE,234.0,Nordeste,Brasil
2021-03-21,PE,229.0,Nordeste,Brasil
2021-03-28,PE,284.0,Nordeste,Brasil
2021-04-04,PE,243.0,Nordeste,Brasil
2021-04-11,PE,436.0,Nordeste,Brasil
2021-04-18,PE,436.0,Nordeste,Brasil
2021-04-25,PE,458.0,Nordeste,Brasil
2021-05-02,PE,728.0,Nordeste,Brasil
2021-05-09,PE,820.0,Nordeste,Brasil
2021-05-16,PE,1097.0,Nordeste,Brasil
2021-05-23,PE,1484.0,Nordeste,Brasil
2021-05-30,PE,1983.0,Nordeste,Brasil
2021-06-06,PE,1876.0,Nordeste,Brasil
2021-06-13,PE,2191.0,Nordeste,Brasil
2021-06-20,PE,2190.0,Nordeste,Brasil
2021-06-27,PE,1598.0,Nordeste,Brasil
2021-07-04,PE,1951.0,Nordeste,Brasil
2021-07-11,PE,1752.0,Nordeste,Brasil
2021-07-18,PE,1665.0,Nordeste,Brasil
2021-07-25,PE,1489.0,Nordeste,Brasil
2021-08-01,PE,1470.0,Nordeste,Brasil
2021-08-08,PE,1133.0,Nordeste,Brasil
2021-08-15,PE,1044.0,Nordeste,Brasil
2021-08-22,PE,1064.0,Nordeste,Brasil
2021-08-29,PE,841.0,Nordeste,Brasil
2021-09-05,PE,654.0,Nordeste,Brasil
2021-09-12,PE,540.0,Nordeste,Brasil
2021-09-19,PE,613.0,Nordeste,Brasil
2021-09-26,PE,608.0,Nordeste,Brasil
2021-10-03,PE,533.0,Nordeste,Brasil
2021-10-10,PE,534.0,Nordeste,Brasil
2021-10-17,PE,315.0,Nordeste,Brasil
2021-10-24,PE,363.0,Nordeste,Brasil
2021-10-31,PE,378.0,Nordeste,Brasil
2021-11-07,PE,256.0,Nordeste,Brasil
2021-11-14,PE,327.0,Nordeste,Brasil
2021-11-21,PE,240.0,Nordeste,Brasil
2021-11-28,PE,263.0,Nordeste,Brasil
2021-12-05,PE,244.0,Nordeste,Brasil
2021-12-12,PE,295.0,Nordeste,Brasil
2021-12-19,PE,166.0,Nordeste,Brasil
2021-12-26,PE,220.0,Nordeste,Brasil
2022-01-02,PE,77.0,Nordeste,Brasil
2022-01-09,PE,39.0,Nordeste,Brasil
2022-01-16,PE,89.0,Nordeste,Brasil
2022-01-23,PE,145.0,Nordeste,Brasil
2022-01-30,PE,226.0,Nordeste,Brasil
2022-02-06,PE,253.0,Nordeste,Brasil
2022-02-13,PE,384.0,Nordeste,Brasil
2022-02-20,PE,449.0,Nordeste,Brasil
2022-02-27,PE,539.0,Nordeste,Brasil
2022-03-06,PE,580.0,Nordeste,Brasil
2022-03-13,PE,692.0,Nordeste,Brasil
2022-03-20,PE,1158.0,Nordeste,Brasil
2022-03-27,PE,1305.0,Nordeste,Brasil
2022-04-03,PE,1520.0,Nordeste,Brasil
2022-04-10,PE,1758.0,Nordeste,Brasil
2022-04-17,PE,1524.0,Nordeste,Brasil
2022-04-24,PE,2109.0,Nordeste,Brasil
2022-05-01,PE,2244.0,Nordeste,Brasil
2022-05-08,PE,2309.0,Nordeste,Brasil
2022-05-15,PE,2277.0,Nordeste,Brasil
2022-05-22,PE,2102.0,Nordeste,Brasil
2022-05-29,PE,1602.0,Nordeste,Brasil
2022-06-05,PE,1345.0,Nordeste,Brasil
2022-06-12,PE,1204.0,Nordeste,Brasil
2022-06-19,PE,1084.0,Nordeste,Brasil
2022-06-26,PE,720.0,Nordeste,Brasil
2022-07-03,PE,795.0,Nordeste,Brasil
2022-07-10,PE,686.0,Nordeste,Brasil
2022-07-17,PE,619.0,Nordeste,Brasil
2022-07-24,PE,523.0,Nordeste,Brasil
2022-07-31,PE,493.0,Nordeste,Brasil
2022-08-07,PE,463.0,Nordeste,Brasil
2022-08-14,PE,524.0,Nordeste,Brasil
2022-08-21,PE,411.0,Nordeste,Brasil
2022-08-28,PE,376.0,Nordeste,Brasil
2022-09-04,PE,282.0,Nordeste,Brasil
2022-09-11,PE,212.0,Nordeste,Brasil
2022-09-18,PE,247.0,Nordeste,Brasil
2022-09-25,PE,195.0,Nordeste,Brasil
2022-10-02,PE,164.0,Nordeste,Brasil
2022-10-09,PE,157.0,Nordeste,Brasil
2022-10-16,PE,127.0,Nordeste,Brasil
2022-10-23,PE,173.0,Nordeste,Brasil
2022-10-30,PE,168.0,Nordeste,Brasil
2022-11-06,PE,116.0,Nordeste,Brasil
2022-11-13,PE,225.0,Nordeste,Brasil
2022-11-20,PE,170.0,Nordeste,Brasil
2022-11-27,PE,166.0,Nordeste,Brasil
2022-12-04,PE,124.0,Nordeste,Brasil
2022-12-11,PE,130.0,Nordeste,Brasil
2022-12-18,PE,127.0,Nordeste,Brasil
2022-12-25,PE,104.0,Nordeste,Brasil
2023-01-01,PE,81.0,Nordeste,Brasil
2023-01-08,PE,54.0,Nordeste,Brasil
2023-01-15,PE,119.0,Nordeste,Brasil
2023-01-22,PE,126.0,Nordeste,Brasil
2023-01-29,PE,143.0,Nordeste,Brasil
2023-02-05,PE,143.0,Nordeste,Brasil
2023-02-12,PE,131.0,Nordeste,Brasil
2023-02-19,PE,186.0,Nordeste,Brasil
2023-02-26,PE,119.0,Nordeste,Brasil
2023-03-05,PE,212.0,Nordeste,Brasil
2023-03-12,PE,216.0,Nordeste,Brasil
2023-03-19,PE,241.0,Nordeste,Brasil
2023-03-26,PE,246.0,Nordeste,Brasil
2023-04-02,PE,373.0,Nordeste,Brasil
2023-04-09,PE,232.0,Nordeste,Brasil
2023-04-16,PE,269.0,Nordeste,Brasil
2023-04-23,PE,267.0,Nordeste,Brasil
2023-04-30,PE,227.0,Nordeste,Brasil
2023-05-07,PE,208.0,Nordeste,Brasil
2023-05-14,PE,184.0,Nordeste,Brasil
2023-05-21,PE,214.0,Nordeste,Brasil
2023-05-28,PE,179.0,Nordeste,Brasil
2023-06-04,PE,159.0,Nordeste,Brasil
2023-06-11,PE,119.0,Nordeste,Brasil
2023-06-18,PE,114.0,Nordeste,Brasil
2023-06-25,PE,93.0,Nordeste,Brasil
2023-07-02,PE,77.0,Nordeste,Brasil
2023-07-09,PE,124.0,Nordeste,Brasil
2023-07-16,PE,155.0,Nordeste,Brasil
2023-07-23,PE,116.0,Nordeste,Brasil
2023-07-30,PE,111.0,Nordeste,Brasil
2023-08-06,PE,124.0,Nordeste,Brasil
2023-08-13,PE,87.0,Nordeste,Brasil
2023-08-20,PE,130.0,Nordeste,Brasil
2023-08-27,PE,138.0,Nordeste,Brasil
2023-09-03,PE,91.0,Nordeste,Brasil
2023-09-10,PE,94.0,Nordeste,Brasil
2023-09-17,PE,113.0,Nordeste,Brasil
2023-09-24,PE,103.0,Nordeste,Brasil
2023-10-01,PE,93.0,Nordeste,Brasil
2023-10-08,PE,91.0,Nordeste,Brasil
2023-10-15,PE,64.0,Nordeste,Brasil
2023-10-22,PE,100.0,Nordeste,Brasil
2023-10-29,PE,105.0,Nordeste,Brasil
2023-11-05,PE,61.0,Nordeste,Brasil
2023-11-12,PE,161.0,Nordeste,Brasil
2023-11-19,PE,115.0,Nordeste,Brasil
2023-11-26,PE,128.0,Nordeste,Brasil
2023-12-03,PE,93.0,Nordeste,Brasil
2023-12-10,PE,107.0,Nordeste,Brasil
2023-12-17,PE,117.0,Nordeste,Brasil
2023-12-24,PE,110.0,Nordeste,Brasil
2023-12-31,PE,71.0,Nordeste,Brasil
2024-01-07,PE,44.0,Nordeste,Brasil
2024-01-14,PE,79.0,Nordeste,Brasil
2024-01-21,PE,95.0,Nordeste,Brasil
2024-01-28,PE,164.0,Nordeste,Brasil
2024-02-04,PE,150.0,Nordeste,Brasil
2024-02-11,PE,206.0,Nordeste,Brasil
2024-02-18,PE,181.0,Nordeste,Brasil
2024-02-25,PE,585.0,Nordeste,Brasil
2024-03-03,PE,864.0,Nordeste,Brasil
2024-03-10,PE,941.0,Nordeste,Brasil
2024-03-17,PE,887.0,Nordeste,Brasil
2024-03-24,PE,854.0,Nordeste,Brasil
2024-03-31,PE,646.0,Nordeste,Brasil
2024-04-07,PE,712.0,Nordeste,Brasil
2024-04-14,PE,793.0,Nordeste,Brasil
2024-04-21,PE,677.0,Nordeste,Brasil
2024-04-28,PE,566.0,Nordeste,Brasil
2024-05-05,PE,454.0,Nordeste,Brasil
2024-05-12,PE,424.0,Nordeste,Brasil
2024-05-19,PE,343.0,Nordeste,Brasil
2024-05-26,PE,379.0,Nordeste,Brasil
2024-06-02,PE,270.0,Nordeste,Brasil
2024-06-09,PE,323.0,Nordeste,Brasil
2024-06-16,PE,348.0,Nordeste,Brasil
2024-06-23,PE,303.0,Nordeste,Brasil
2024-06-30,PE,255.0,Nordeste,Brasil
2024-07-07,PE,339.0,Nordeste,Brasil
2024-07-14,PE,254.0,Nordeste,Brasil
2024-07-21,PE,225.0,Nordeste,Brasil
2024-07-28,PE,234.0,Nordeste,Brasil
2024-08-04,PE,212.0,Nordeste,Brasil
2024-08-11,PE,254.0,Nordeste,Brasil
2024-08-18,PE,251.0,Nordeste,Brasil
2024-08-25,PE,176.0,Nordeste,Brasil
2024-09-01,PE,202.0,Nordeste,Brasil
2024-09-08,PE,146.0,Nordeste,Brasil
2024-09-15,PE,163.0,Nordeste,Brasil
2024-09-22,PE,174.0,Nordeste,Brasil
2024-09-29,PE,138.0,Nordeste,Brasil
2024-10-06,PE,130.0,Nordeste,Brasil
2024-10-13,PE,125.0,Nordeste,Brasil
2024-10-20,PE,108.0,Nordeste,Brasil
2024-10-27,PE,117.0,Nordeste,Brasil
2024-11-03,PE,95.0,Nordeste,Brasil
2024-11-10,PE,100.0,Nordeste,Brasil
2024-11-17,PE,84.0,Nordeste,Brasil
2024-11-24,PE,92.0,Nordeste,Brasil
2024-12-01,PE,79.0,Nordeste,Brasil
2024-12-08,PE,82.0,Nordeste,Brasil
2024-12-15,PE,91.0,Nordeste,Brasil
2024-12-22,PE,81.0,Nordeste,Brasil
2024-12-29,PE,43.0,Nordeste,Brasil
2025-01-05,PE,30.0,Nordeste,Brasil
2025-01-12,PE,78.0,Nordeste,Brasil
2025-01-19,PE,116.0,Nordeste,Brasil
2025-01-26,PE,95.0,Nordeste,Brasil
2025-02-02,PE,101.0,Nordeste,Brasil
2025-02-09,PE,104.0,Nordeste,Brasil
2025-02-16,PE,143.0,Nordeste,Brasil
2025-02-23,PE,158.0,Nordeste,Brasil
2025-03-02,PE,169.0,Nordeste,Brasil
2025-03-09,PE,71.0,Nordeste,Brasil
2025-03-16,PE,163.0,Nordeste,Brasil
2025-03-23,PE,150.0,Nordeste,Brasil
2025-03-30,PE,177.0,Nordeste,Brasil
2025-04-06,PE,210.0,Nordeste,Brasil
2025-04-13,PE,190.0,Nordeste,Brasil
2025-04-20,PE,169.0,Nordeste,Brasil
2025-04-27,PE,221.0,Nordeste,Brasil
2025-05-04,PE,149.0,Nordeste,Brasil
2025-05-11,PE,210.0,Nordeste,Brasil
2025-05-18,PE,137.0,Nordeste,Brasil
2025-05-25,PE,152.0,Nordeste,Brasil
2025-06-01,PE,157.0,Nordeste,Brasil
2025-06-08,PE,153.0,Nordeste,Brasil
2025-06-15,PE,188.0,Nordeste,Brasil
2025-06-22,PE,112.0,Nordeste,Brasil
2025-06-29,PE,115.0,Nordeste,Brasil
2025-07-06,PE,175.0,Nordeste,Brasil
2025-07-13,PE,141.0,Nordeste,Brasil
2025-07-20,PE,160.0,Nordeste,Brasil
2025-07-27,PE,158.0,Nordeste,Brasil
2025-08-03,PE,160.0,Nordeste,Brasil
2025-08-10,PE,170.0,Nordeste,Brasil
2025-08-17,PE,183.0,Nordeste,Brasil
2025-08-24,PE,167.0,Nordeste,Brasil
2025-08-31,PE,183.0,Nordeste,Brasil
2025-09-07,PE,194.0,Nordeste,Brasil
2025-09-14,PE,167.0,Nordeste,Brasil
2025-09-21,PE,196.0,Nordeste,Brasil
2025-09-28,PE,195.0,Nordeste,Brasil
2025-10-05,PE,153.0,Nordeste,Brasil
2025-10-12,PE,169.0,Nordeste,Brasil
2025-10-19,PE,148.0,Nordeste,Brasil
2025-10-26,PE,141.0,Nordeste,Brasil
2025-11-02,PE,132.0,Nordeste,Brasil
2025-11-09,PE,148.0,Nordeste,Brasil
2025-11-16,PE,110.0,Nordeste,Brasil
2025-11-23,PE,93.0,Nordeste,Brasil
2025-11-30,PE,145.0,Nordeste,Brasil
2025-12-07,PE,105.0,Nordeste,Brasil
2025-12-14,PE,97.0,Nordeste,Brasil
2025-12-21,PE,75.0,Nordeste,Brasil
2025-12-28,PE,43.0,Nordeste,Brasil
2026-01-04,PE,53.0,Nordeste,Brasil
2026-01-11,PE,86.0,Nordeste,Brasil
2026-01-18,PE,82.0,Nordeste,Brasil
2026-01-25,PE,96.0,Nordeste,Brasil
2026-02-01,PE,84.0,Nordeste,Brasil
2026-02-08,PE,128.0,Nordeste,Brasil
2026-02-15,PE,112.0,Nordeste,Brasil
2026-02-22,PE,100.0,Nordeste,Brasil
2026-03-01,PE,144.0,Nordeste,Brasil
2026-03-08,PE,137.0,Nordeste,Brasil
2026-03-15,PE,181.0,Nordeste,Brasil
2026-03-22,PE,152.0,Nordeste,Brasil
2026-03-29,PE,164.0,Nordeste,Brasil
2026-04-05,PE,109.0,Nordeste,Brasil
2026-04-12,PE,179.0,Nordeste,Brasil
2026-04-19,PE,204.0,Nordeste,Brasil
2026-04-26,PE,142.0,Nordeste,Brasil
2026-05-03,PE,171.0,Nordeste,Brasil
2026-05-10,PE,192.0,Nordeste,Brasil
2026-05-17,PE,258.0,Nordeste,Brasil
2026-05-24,PE,359.0,Nordeste,Brasil
2026-05-31,PE,373.0,Nordeste,Brasil
2026-06-07,PE,310.0,Nordeste,Brasil
2026-06-14,PE,358.0,Nordeste,Brasil
2026-06-21,PE,350.0,Nordeste,Brasil
2026-06-28,PE,214.0,Nordeste,Brasil
2026-07-05,PE,222.0,Nordeste,Brasil
2026-07-12,PE,273.0,Nordeste,Brasil
2026-07-19,PE,251.0,Nordeste,Brasil
2026-07-26,PE,180.0,Nordeste,Brasil
2026-08-02,PE,212.0,Nordeste,Brasil
2026-08-09,PE,220.0,Nordeste,Brasil
2026-08-16,PE,171.0,Nordeste,Brasil
2026-08-23,PE,163.0,Nordeste,Brasil
2026-08-30,PE,142.0,Nordeste,Brasil
2026-09-06,PE,45.0,Nordeste,Brasil
2026-09-13,PE,45.0,Nordeste,Brasil
2014-09-07,PI,1.0,Nordeste,Brasil
2014-09-14,PI,1.0,Nordeste,Brasil
2014-09-21,PI,1.0,Nordeste,Brasil
2014-09-28,PI,1.0,Nordeste,Brasil
2014-10-05,PI,1.0,Nordeste,Brasil
2014-10-12,PI,1.0,Nordeste,Brasil
2014-10-19,PI,1.0,Nordeste,Brasil
2014-10-26,PI,1.0,Nordeste,Brasil
2014-11-02,PI,1.0,Nordeste,Brasil
2014-11-09,PI,1.0,Nordeste,Brasil
2014-11-16,PI,1.0,Nordeste,Brasil
2014-11-23,PI,1.0,Nordeste,Brasil
2014-11-30,PI,1.0,Nordeste,Brasil
2014-12-07,PI,1.0,Nordeste,Brasil
2014-12-14,PI,1.0,Nordeste,Brasil
2014-12-21,PI,1.0,Nordeste,Brasil
2014-12-28,PI,1.0,Nordeste,Brasil
2015-01-04,PI,1.0,Nordeste,Brasil
2015-01-11,PI,1.0,Nordeste,Brasil
2015-01-18,PI,1.0,Nordeste,Brasil
2015-01-25,PI,1.0,Nordeste,Brasil
2015-02-01,PI,4.0,Nordeste,Brasil
2015-02-08,PI,4.0,Nordeste,Brasil
2015-02-15,PI,1.0,Nordeste,Brasil
2015-02-22,PI,2.0,Nordeste,Brasil
2015-03-01,PI,6.0,Nordeste,Brasil
2015-03-08,PI,4.0,Nordeste,Brasil
2015-03-15,PI,9.0,Nordeste,Brasil
2015-03-22,PI,7.0,Nordeste,Brasil
2015-03-29,PI,33.0,Nordeste,Brasil
2015-04-05,PI,21.0,Nordeste,Brasil
2015-04-12,PI,43.0,Nordeste,Brasil
2015-04-19,PI,48.0,Nordeste,Brasil
2015-04-26,PI,54.0,Nordeste,Brasil
2015-05-03,PI,44.0,Nordeste,Brasil
2015-05-10,PI,26.0,Nordeste,Brasil
2015-05-17,PI,23.0,Nordeste,Brasil
2015-05-24,PI,16.0,Nordeste,Brasil
2015-05-31,PI,26.0,Nordeste,Brasil
2015-06-07,PI,23.0,Nordeste,Brasil
2015-06-14,PI,17.0,Nordeste,Brasil
2015-06-21,PI,16.0,Nordeste,Brasil
2015-06-28,PI,9.0,Nordeste,Brasil
2015-07-05,PI,6.0,Nordeste,Brasil
2015-07-12,PI,4.0,Nordeste,Brasil
2015-07-19,PI,3.0,Nordeste,Brasil
2015-07-26,PI,3.0,Nordeste,Brasil
2015-08-02,PI,3.0,Nordeste,Brasil
2015-08-09,PI,3.0,Nordeste,Brasil
2015-08-16,PI,3.0,Nordeste,Brasil
2015-08-23,PI,3.0,Nordeste,Brasil
2015-08-30,PI,3.0,Nordeste,Brasil
2015-09-06,PI,3.0,Nordeste,Brasil
2015-09-13,PI,3.0,Nordeste,Brasil
2015-09-20,PI,3.0,Nordeste,Brasil
2015-09-27,PI,3.0,Nordeste,Brasil
2015-10-04,PI,3.0,Nordeste,Brasil
2015-10-11,PI,3.0,Nordeste,Brasil
2015-10-18,PI,3.0,Nordeste,Brasil
2015-10-25,PI,3.0,Nordeste,Brasil
2015-11-01,PI,3.0,Nordeste,Brasil
2015-11-08,PI,1.0,Nordeste,Brasil
2015-11-15,PI,1.0,Nordeste,Brasil
2015-11-22,PI,1.0,Nordeste,Brasil
2015-11-29,PI,1.0,Nordeste,Brasil
2015-12-06,PI,1.0,Nordeste,Brasil
2015-12-13,PI,3.0,Nordeste,Brasil
2015-12-20,PI,3.0,Nordeste,Brasil
2015-12-27,PI,3.0,Nordeste,Brasil
2016-01-03,PI,3.0,Nordeste,Brasil
2016-01-10,PI,2.0,Nordeste,Brasil
2016-01-17,PI,2.0,Nordeste,Brasil
2016-01-24,PI,3.0,Nordeste,Brasil
2016-01-31,PI,2.0,Nordeste,Brasil
2016-02-07,PI,7.0,Nordeste,Brasil
2016-02-14,PI,3.0,Nordeste,Brasil
2016-02-21,PI,5.0,Nordeste,Brasil
2016-02-28,PI,15.0,Nordeste,Brasil
2016-03-06,PI,17.0,Nordeste,Brasil
2016-03-13,PI,17.0,Nordeste,Brasil
2016-03-20,PI,17.0,Nordeste,Brasil
2016-03-27,PI,23.0,Nordeste,Brasil
2016-04-03,PI,65.0,Nordeste,Brasil
2016-04-10,PI,139.0,Nordeste,Brasil
2016-04-17,PI,205.0,Nordeste,Brasil
2016-04-24,PI,230.0,Nordeste,Brasil
2016-05-01,PI,194.0,Nordeste,Brasil
2016-05-08,PI,174.0,Nordeste,Brasil
2016-05-15,PI,260.0,Nordeste,Brasil
2016-05-22,PI,284.0,Nordeste,Brasil
2016-05-29,PI,158.0,Nordeste,Brasil
2016-06-05,PI,152.0,Nordeste,Brasil
2016-06-12,PI,113.0,Nordeste,Brasil
2016-06-19,PI,113.0,Nordeste,Brasil
2016-06-26,PI,124.0,Nordeste,Brasil
2016-07-03,PI,112.0,Nordeste,Brasil
2016-07-10,PI,90.0,Nordeste,Brasil
2016-07-17,PI,76.0,Nordeste,Brasil
2016-07-24,PI,64.0,Nordeste,Brasil
2016-07-31,PI,57.0,Nordeste,Brasil
2016-08-07,PI,56.0,Nordeste,Brasil
2016-08-14,PI,43.0,Nordeste,Brasil
2016-08-21,PI,61.0,Nordeste,Brasil
2016-08-28,PI,31.0,Nordeste,Brasil
2016-09-04,PI,20.0,Nordeste,Brasil
2016-09-11,PI,9.0,Nordeste,Brasil
2016-09-18,PI,19.0,Nordeste,Brasil
2016-09-25,PI,19.0,Nordeste,Brasil
2016-10-02,PI,14.0,Nordeste,Brasil
2016-10-09,PI,13.0,Nordeste,Brasil
2016-10-16,PI,7.0,Nordeste,Brasil
2016-10-23,PI,13.0,Nordeste,Brasil
2016-10-30,PI,4.0,Nordeste,Brasil
2016-11-06,PI,7.0,Nordeste,Brasil
2016-11-13,PI,6.0,Nordeste,Brasil
2016-11-20,PI,5.0,Nordeste,Brasil
2016-11-27,PI,3.0,Nordeste,Brasil
2016-12-04,PI,3.0,Nordeste,Brasil
2016-12-11,PI,8.0,Nordeste,Brasil
2016-12-18,PI,5.0,Nordeste,Brasil
2016-12-25,PI,5.0,Nordeste,Brasil
2017-01-01,PI,2.0,Nordeste,Brasil
2017-01-08,PI,2.0,Nordeste,Brasil
2017-01-15,PI,7.0,Nordeste,Brasil
2017-01-22,PI,14.0,Nordeste,Brasil
2017-01-29,PI,13.0,Nordeste,Brasil
2017-02-05,PI,14.0,Nordeste,Brasil
2017-02-12,PI,16.0,Nordeste,Brasil
2017-02-19,PI,14.0,Nordeste,Brasil
2017-02-26,PI,32.0,Nordeste,Brasil
2017-03-05,PI,17.0,Nordeste,Brasil
2017-03-12,PI,41.0,Nordeste,Brasil
2017-03-19,PI,33.0,Nordeste,Brasil
2017-03-26,PI,59.0,Nordeste,Brasil
2017-04-02,PI,78.0,Nordeste,Brasil
2017-04-09,PI,116.0,Nordeste,Brasil
2017-04-16,PI,96.0,Nordeste,Brasil
2017-04-23,PI,114.0,Nordeste,Brasil
2017-04-30,PI,189.0,Nordeste,Brasil
2017-05-07,PI,219.0,Nordeste,Brasil
2017-05-14,PI,290.0,Nordeste,Brasil
2017-05-21,PI,434.0,Nordeste,Brasil
2017-05-28,PI,442.0,Nordeste,Brasil
2017-06-04,PI,415.0,Nordeste,Brasil
2017-06-11,PI,516.0,Nordeste,Brasil
2017-06-18,PI,380.0,Nordeste,Brasil
2017-06-25,PI,538.0,Nordeste,Brasil
2017-07-02,PI,498.0,Nordeste,Brasil
2017-07-09,PI,519.0,Nordeste,Brasil
2017-07-16,PI,483.0,Nordeste,Brasil
2017-07-23,PI,369.0,Nordeste,Brasil
2017-07-30,PI,342.0,Nordeste,Brasil
2017-08-06,PI,245.0,Nordeste,Brasil
2017-08-13,PI,248.0,Nordeste,Brasil
2017-08-20,PI,208.0,Nordeste,Brasil
2017-08-27,PI,187.0,Nordeste,Brasil
2017-09-03,PI,212.0,Nordeste,Brasil
2017-09-10,PI,87.0,Nordeste,Brasil
2017-09-17,PI,114.0,Nordeste,Brasil
2017-09-24,PI,121.0,Nordeste,Brasil
2017-10-01,PI,73.0,Nordeste,Brasil
2017-10-08,PI,52.0,Nordeste,Brasil
2017-10-15,PI,32.0,Nordeste,Brasil
2017-10-22,PI,39.0,Nordeste,Brasil
2017-10-29,PI,27.0,Nordeste,Brasil
2017-11-05,PI,28.0,Nordeste,Brasil
2017-11-12,PI,24.0,Nordeste,Brasil
2017-11-19,PI,24.0,Nordeste,Brasil
2017-11-26,PI,22.0,Nordeste,Brasil
2017-12-03,PI,21.0,Nordeste,Brasil
2017-12-10,PI,21.0,Nordeste,Brasil
2017-12-17,PI,29.0,Nordeste,Brasil
2017-12-24,PI,20.0,Nordeste,Brasil
2017-12-31,PI,9.0,Nordeste,Brasil
2018-01-07,PI,10.0,Nordeste,Brasil
2018-01-14,PI,26.0,Nordeste,Brasil
2018-01-21,PI,19.0,Nordeste,Brasil
2018-01-28,PI,25.0,Nordeste,Brasil
2018-02-04,PI,23.0,Nordeste,Brasil
2018-02-11,PI,30.0,Nordeste,Brasil
2018-02-18,PI,12.0,Nordeste,Brasil
2018-02-25,PI,25.0,Nordeste,Brasil
2018-03-04,PI,23.0,Nordeste,Brasil
2018-03-11,PI,17.0,Nordeste,Brasil
2018-03-18,PI,32.0,Nordeste,Brasil
2018-03-25,PI,23.0,Nordeste,Brasil
2018-04-01,PI,23.0,Nordeste,Brasil
2018-04-08,PI,26.0,Nordeste,Brasil
2018-04-15,PI,19.0,Nordeste,Brasil
2018-04-22,PI,25.0,Nordeste,Brasil
2018-04-29,PI,17.0,Nordeste,Brasil
2018-05-06,PI,20.0,Nordeste,Brasil
2018-05-13,PI,24.0,Nordeste,Brasil
2018-05-20,PI,23.0,Nordeste,Brasil
2018-05-27,PI,26.0,Nordeste,Brasil
2018-06-03,PI,13.0,Nordeste,Brasil
2018-06-10,PI,17.0,Nordeste,Brasil
2018-06-17,PI,13.0,Nordeste,Brasil
2018-06-24,PI,29.0,Nordeste,Brasil
2018-07-01,PI,28.0,Nordeste,Brasil
2018-07-08,PI,14.0,Nordeste,Brasil
2018-07-15,PI,29.0,Nordeste,Brasil
2018-07-22,PI,35.0,Nordeste,Brasil
2018-07-29,PI,29.0,Nordeste,Brasil
2018-08-05,PI,26.0,Nordeste,Brasil
2018-08-12,PI,32.0,Nordeste,Brasil
2018-08-19,PI,9.0,Nordeste,Brasil
2018-08-26,PI,11.0,Nordeste,Brasil
2018-09-02,PI,13.0,Nordeste,Brasil
2018-09-09,PI,7.0,Nordeste,Brasil
2018-09-16,PI,7.0,Nordeste,Brasil
2018-09-23,PI,8.0,Nordeste,Brasil
2018-09-30,PI,16.0,Nordeste,Brasil
2018-10-07,PI,10.0,Nordeste,Brasil
2018-10-14,PI,17.0,Nordeste,Brasil
2018-10-21,PI,5.0,Nordeste,Brasil
2018-10-28,PI,9.0,Nordeste,Brasil
2018-11-04,PI,9.0,Nordeste,Brasil
2018-11-11,PI,8.0,Nordeste,Brasil
2018-11-18,PI,2.0,Nordeste,Brasil
2018-11-25,PI,5.0,Nordeste,Brasil
2018-12-02,PI,4.0,Nordeste,Brasil
2018-12-09,PI,1.0,Nordeste,Brasil
2018-12-16,PI,7.0,Nordeste,Brasil
2018-12-23,PI,8.0,Nordeste,Brasil
2018-12-30,PI,5.0,Nordeste,Brasil
2019-01-06,PI,3.0,Nordeste,Brasil
2019-01-13,PI,6.0,Nordeste,Brasil
2019-01-20,PI,8.0,Nordeste,Brasil
2019-01-27,PI,17.0,Nordeste,Brasil
2019-02-03,PI,11.0,Nordeste,Brasil
2019-02-10,PI,9.0,Nordeste,Brasil
2019-02-17,PI,16.0,Nordeste,Brasil
2019-02-24,PI,19.0,Nordeste,Brasil
2019-03-03,PI,15.0,Nordeste,Brasil
2019-03-10,PI,6.0,Nordeste,Brasil
2019-03-17,PI,23.0,Nordeste,Brasil
2019-03-24,PI,31.0,Nordeste,Brasil
2019-03-31,PI,47.0,Nordeste,Brasil
2019-04-07,PI,31.0,Nordeste,Brasil
2019-04-14,PI,58.0,Nordeste,Brasil
2019-04-21,PI,31.0,Nordeste,Brasil
2019-04-28,PI,61.0,Nordeste,Brasil
2019-05-05,PI,83.0,Nordeste,Brasil
2019-05-12,PI,58.0,Nordeste,Brasil
2019-05-19,PI,66.0,Nordeste,Brasil
2019-05-26,PI,72.0,Nordeste,Brasil
2019-06-02,PI,72.0,Nordeste,Brasil
2019-06-09,PI,42.0,Nordeste,Brasil
2019-06-16,PI,58.0,Nordeste,Brasil
2019-06-23,PI,37.0,Nordeste,Brasil
2019-06-30,PI,55.0,Nordeste,Brasil
2019-07-07,PI,39.0,Nordeste,Brasil
2019-07-14,PI,42.0,Nordeste,Brasil
2019-07-21,PI,39.0,Nordeste,Brasil
2019-07-28,PI,24.0,Nordeste,Brasil
2019-08-04,PI,19.0,Nordeste,Brasil
2019-08-11,PI,15.0,Nordeste,Brasil
2019-08-18,PI,12.0,Nordeste,Brasil
2019-08-25,PI,12.0,Nordeste,Brasil
2019-09-01,PI,3.0,Nordeste,Brasil
2019-09-08,PI,6.0,Nordeste,Brasil
2019-09-15,PI,6.0,Nordeste,Brasil
2019-09-22,PI,4.0,Nordeste,Brasil
2019-09-29,PI,10.0,Nordeste,Brasil
2019-10-06,PI,3.0,Nordeste,Brasil
2019-10-13,PI,7.0,Nordeste,Brasil
2019-10-20,PI,5.0,Nordeste,Brasil
2019-10-27,PI,5.0,Nordeste,Brasil
2019-11-03,PI,5.0,Nordeste,Brasil
2019-11-10,PI,4.0,Nordeste,Brasil
2019-11-17,PI,2.0,Nordeste,Brasil
2019-11-24,PI,8.0,Nordeste,Brasil
2019-12-01,PI,6.0,Nordeste,Brasil
2019-12-08,PI,4.0,Nordeste,Brasil
2019-12-15,PI,7.0,Nordeste,Brasil
2019-12-22,PI,1.0,Nordeste,Brasil
2019-12-29,PI,3.0,Nordeste,Brasil
2020-01-05,PI,1.0,Nordeste,Brasil
2020-01-12,PI,1.0,Nordeste,Brasil
2020-01-19,PI,4.0,Nordeste,Brasil
2020-01-26,PI,12.0,Nordeste,Brasil
2020-02-02,PI,4.0,Nordeste,Brasil
2020-02-09,PI,4.0,Nordeste,Brasil
2020-02-16,PI,10.0,Nordeste,Brasil
2020-02-23,PI,3.0,Nordeste,Brasil
2020-03-01,PI,3.0,Nordeste,Brasil
2020-03-08,PI,18.0,Nordeste,Brasil
2020-03-15,PI,7.0,Nordeste,Brasil
2020-03-22,PI,7.0,Nordeste,Brasil
2020-03-29,PI,4.0,Nordeste,Brasil
2020-04-05,PI,3.0,Nordeste,Brasil
2020-04-12,PI,3.0,Nordeste,Brasil
2020-04-19,PI,6.0,Nordeste,Brasil
2020-04-26,PI,8.0,Nordeste,Brasil
2020-05-03,PI,11.0,Nordeste,Brasil
2020-05-10,PI,1.0,Nordeste,Brasil
2020-05-17,PI,10.0,Nordeste,Brasil
2020-05-24,PI,10.0,Nordeste,Brasil
2020-05-31,PI,14.0,Nordeste,Brasil
2020-06-07,PI,11.0,Nordeste,Brasil
2020-06-14,PI,8.0,Nordeste,Brasil
2020-06-21,PI,26.0,Nordeste,Brasil
2020-06-28,PI,4.0,Nordeste,Brasil
2020-07-05,PI,10.0,Nordeste,Brasil
2020-07-12,PI,24.0,Nordeste,Brasil
2020-07-19,PI,2.0,Nordeste,Brasil
2020-07-26,PI,4.0,Nordeste,Brasil
2020-08-02,PI,3.0,Nordeste,Brasil
2020-08-09,PI,5.0,Nordeste,Brasil
2020-08-16,PI,4.0,Nordeste,Brasil
2020-08-23,PI,5.0,Nordeste,Brasil
2020-08-30,PI,5.0,Nordeste,Brasil
2020-09-06,PI,2.0,Nordeste,Brasil
2020-09-13,PI,1.0,Nordeste,Brasil
2020-09-20,PI,1.0,Nordeste,Brasil
2020-09-27,PI,3.0,Nordeste,Brasil
2020-10-04,PI,5.0,Nordeste,Brasil
2020-10-11,PI,4.0,Nordeste,Brasil
2020-10-18,PI,3.0,Nordeste,Brasil
2020-10-25,PI,2.0,Nordeste,Brasil
2020-11-01,PI,1.0,Nordeste,Brasil
2020-11-08,PI,1.0,Nordeste,Brasil
2020-11-15,PI,1.0,Nordeste,Brasil
2020-11-22,PI,3.0,Nordeste,Brasil
2020-11-29,PI,2.0,Nordeste,Brasil
2020-12-06,PI,3.0,Nordeste,Brasil
2020-12-13,PI,4.0,Nordeste,Brasil
2020-12-20,PI,2.0,Nordeste,Brasil
2020-12-27,PI,2.0,Nordeste,Brasil
2021-01-03,PI,2.0,Nordeste,Brasil
2021-01-10,PI,1.0,Nordeste,Brasil
2021-01-17,PI,2.0,Nordeste,Brasil
2021-01-24,PI,4.0,Nordeste,Brasil
2021-01-31,PI,6.0,Nordeste,Brasil
2021-02-07,PI,6.0,Nordeste,Brasil
2021-02-14,PI,4.0,Nordeste,Brasil
2021-02-21,PI,4.0,Nordeste,Brasil
2021-02-28,PI,3.0,Nordeste,Brasil
2021-03-07,PI,2.0,Nordeste,Brasil
2021-03-14,PI,1.0,Nordeste,Brasil
2021-03-21,PI,2.0,Nordeste,Brasil
2021-03-28,PI,4.0,Nordeste,Brasil
2021-04-04,PI,2.0,Nordeste,Brasil
2021-04-11,PI,4.0,Nordeste,Brasil
2021-04-18,PI,3.0,Nordeste,Brasil
2021-04-25,PI,7.0,Nordeste,Brasil
2021-05-02,PI,18.0,Nordeste,Brasil
2021-05-09,PI,15.0,Nordeste,Brasil
2021-05-16,PI,15.0,Nordeste,Brasil
2021-05-23,PI,24.0,Nordeste,Brasil
2021-05-30,PI,22.0,Nordeste,Brasil
2021-06-06,PI,28.0,Nordeste,Brasil
2021-06-13,PI,34.0,Nordeste,Brasil
2021-06-20,PI,19.0,Nordeste,Brasil
2021-06-27,PI,15.0,Nordeste,Brasil
2021-07-04,PI,21.0,Nordeste,Brasil
2021-07-11,PI,10.0,Nordeste,Brasil
2021-07-18,PI,22.0,Nordeste,Brasil
2021-07-25,PI,15.0,Nordeste,Brasil
2021-08-01,PI,18.0,Nordeste,Brasil
2021-08-08,PI,22.0,Nordeste,Brasil
2021-08-15,PI,20.0,Nordeste,Brasil
2021-08-22,PI,18.0,Nordeste,Brasil
2021-08-29,PI,23.0,Nordeste,Brasil
2021-09-05,PI,16.0,Nordeste,Brasil
2021-09-12,PI,8.0,Nordeste,Brasil
2021-09-19,PI,10.0,Nordeste,Brasil
2021-09-26,PI,16.0,Nordeste,Brasil
2021-10-03,PI,3.0,Nordeste,Brasil
2021-10-10,PI,1.0,Nordeste,Brasil
2021-10-17,PI,1.0,Nordeste,Brasil
2021-10-24,PI,1.0,Nordeste,Brasil
2021-10-31,PI,1.0,Nordeste,Brasil
2021-11-07,PI,1.0,Nordeste,Brasil
2021-11-14,PI,2.0,Nordeste,Brasil
2021-11-21,PI,4.0,Nordeste,Brasil
2021-11-28,PI,4.0,Nordeste,Brasil
2021-12-05,PI,4.0,Nordeste,Brasil
2021-12-12,PI,3.0,Nordeste,Brasil
2021-12-19,PI,4.0,Nordeste,Brasil
2021-12-26,PI,2.0,Nordeste,Brasil
2022-01-02,PI,2.0,Nordeste,Brasil
2022-01-09,PI,2.0,Nordeste,Brasil
2022-01-16,PI,17.0,Nordeste,Brasil
2022-01-23,PI,23.0,Nordeste,Brasil
2022-01-30,PI,17.0,Nordeste,Brasil
2022-02-06,PI,33.0,Nordeste,Brasil
2022-02-13,PI,53.0,Nordeste,Brasil
2022-02-20,PI,82.0,Nordeste,Brasil
2022-02-27,PI,109.0,Nordeste,Brasil
2022-03-06,PI,60.0,Nordeste,Brasil
2022-03-13,PI,207.0,Nordeste,Brasil
2022-03-20,PI,340.0,Nordeste,Brasil
2022-03-27,PI,535.0,Nordeste,Brasil
2022-04-03,PI,670.0,Nordeste,Brasil
2022-04-10,PI,886.0,Nordeste,Brasil
2022-04-17,PI,603.0,Nordeste,Brasil
2022-04-24,PI,951.0,Nordeste,Brasil
2022-05-01,PI,1205.0,Nordeste,Brasil
2022-05-08,PI,924.0,Nordeste,Brasil
2022-05-15,PI,971.0,Nordeste,Brasil
2022-05-22,PI,842.0,Nordeste,Brasil
2022-05-29,PI,684.0,Nordeste,Brasil
2022-06-05,PI,503.0,Nordeste,Brasil
2022-06-12,PI,449.0,Nordeste,Brasil
2022-06-19,PI,380.0,Nordeste,Brasil
2022-06-26,PI,267.0,Nordeste,Brasil
2022-07-03,PI,360.0,Nordeste,Brasil
2022-07-10,PI,212.0,Nordeste,Brasil
2022-07-17,PI,162.0,Nordeste,Brasil
2022-07-24,PI,114.0,Nordeste,Brasil
2022-07-31,PI,62.0,Nordeste,Brasil
2022-08-07,PI,74.0,Nordeste,Brasil
2022-08-14,PI,40.0,Nordeste,Brasil
2022-08-21,PI,58.0,Nordeste,Brasil
2022-08-28,PI,28.0,Nordeste,Brasil
2022-09-04,PI,30.0,Nordeste,Brasil
2022-09-11,PI,43.0,Nordeste,Brasil
2022-09-18,PI,41.0,Nordeste,Brasil
2022-09-25,PI,34.0,Nordeste,Brasil
2022-10-02,PI,14.0,Nordeste,Brasil
2022-10-09,PI,9.0,Nordeste,Brasil
2022-10-16,PI,23.0,Nordeste,Brasil
2022-10-23,PI,23.0,Nordeste,Brasil
2022-10-30,PI,12.0,Nordeste,Brasil
2022-11-06,PI,11.0,Nordeste,Brasil
2022-11-13,PI,14.0,Nordeste,Brasil
2022-11-20,PI,15.0,Nordeste,Brasil
2022-11-27,PI,21.0,Nordeste,Brasil
2022-12-04,PI,15.0,Nordeste,Brasil
2022-12-11,PI,17.0,Nordeste,Brasil
2022-12-18,PI,6.0,Nordeste,Brasil
2022-12-25,PI,12.0,Nordeste,Brasil
2023-01-01,PI,37.0,Nordeste,Brasil
2023-01-08,PI,12.0,Nordeste,Brasil
2023-01-15,PI,42.0,Nordeste,Brasil
2023-01-22,PI,57.0,Nordeste,Brasil
2023-01-29,PI,67.0,Nordeste,Brasil
2023-02-05,PI,73.0,Nordeste,Brasil
2023-02-12,PI,86.0,Nordeste,Brasil
2023-02-19,PI,141.0,Nordeste,Brasil
2023-02-26,PI,147.0,Nordeste,Brasil
2023-03-05,PI,203.0,Nordeste,Brasil
2023-03-12,PI,221.0,Nordeste,Brasil
2023-03-19,PI,235.0,Nordeste,Brasil
2023-03-26,PI,256.0,Nordeste,Brasil
2023-04-02,PI,224.0,Nordeste,Brasil
2023-04-09,PI,166.0,Nordeste,Brasil
2023-04-16,PI,274.0,Nordeste,Brasil
2023-04-23,PI,270.0,Nordeste,Brasil
2023-04-30,PI,375.0,Nordeste,Brasil
2023-05-07,PI,236.0,Nordeste,Brasil
2023-05-14,PI,224.0,Nordeste,Brasil
2023-05-21,PI,261.0,Nordeste,Brasil
2023-05-28,PI,179.0,Nordeste,Brasil
2023-06-04,PI,193.0,Nordeste,Brasil
2023-06-11,PI,205.0,Nordeste,Brasil
2023-06-18,PI,193.0,Nordeste,Brasil
2023-06-25,PI,128.0,Nordeste,Brasil
2023-07-02,PI,120.0,Nordeste,Brasil
2023-07-09,PI,116.0,Nordeste,Brasil
2023-07-16,PI,73.0,Nordeste,Brasil
2023-07-23,PI,65.0,Nordeste,Brasil
2023-07-30,PI,59.0,Nordeste,Brasil
2023-08-06,PI,64.0,Nordeste,Brasil
2023-08-13,PI,46.0,Nordeste,Brasil
2023-08-20,PI,29.0,Nordeste,Brasil
2023-08-27,PI,31.0,Nordeste,Brasil
2023-09-03,PI,23.0,Nordeste,Brasil
2023-09-10,PI,8.0,Nordeste,Brasil
2023-09-17,PI,17.0,Nordeste,Brasil
2023-09-24,PI,15.0,Nordeste,Brasil
2023-10-01,PI,13.0,Nordeste,Brasil
2023-10-08,PI,6.0,Nordeste,Brasil
2023-10-15,PI,5.0,Nordeste,Brasil
2023-10-22,PI,8.0,Nordeste,Brasil
2023-10-29,PI,9.0,Nordeste,Brasil
2023-11-05,PI,4.0,Nordeste,Brasil
2023-11-12,PI,8.0,Nordeste,Brasil
2023-11-19,PI,5.0,Nordeste,Brasil
2023-11-26,PI,7.0,Nordeste,Brasil
2023-12-03,PI,5.0,Nordeste,Brasil
2023-12-10,PI,8.0,Nordeste,Brasil
2023-12-17,PI,12.0,Nordeste,Brasil
2023-12-24,PI,6.0,Nordeste,Brasil
2023-12-31,PI,8.0,Nordeste,Brasil
2024-01-07,PI,3.0,Nordeste,Brasil
2024-01-14,PI,12.0,Nordeste,Brasil
2024-01-21,PI,5.0,Nordeste,Brasil
2024-01-28,PI,10.0,Nordeste,Brasil
2024-02-04,PI,13.0,Nordeste,Brasil
2024-02-11,PI,20.0,Nordeste,Brasil
2024-02-18,PI,26.0,Nordeste,Brasil
2024-02-25,PI,56.0,Nordeste,Brasil
2024-03-03,PI,57.0,Nordeste,Brasil
2024-03-10,PI,79.0,Nordeste,Brasil
2024-03-17,PI,102.0,Nordeste,Brasil
2024-03-24,PI,86.0,Nordeste,Brasil
2024-03-31,PI,40.0,Nordeste,Brasil
2024-04-07,PI,54.0,Nordeste,Brasil
2024-04-14,PI,58.0,Nordeste,Brasil
2024-04-21,PI,41.0,Nordeste,Brasil
2024-04-28,PI,42.0,Nordeste,Brasil
2024-05-05,PI,33.0,Nordeste,Brasil
2024-05-12,PI,62.0,Nordeste,Brasil
2024-05-19,PI,49.0,Nordeste,Brasil
2024-05-26,PI,45.0,Nordeste,Brasil
2024-06-02,PI,46.0,Nordeste,Brasil
2024-06-09,PI,58.0,Nordeste,Brasil
2024-06-16,PI,55.0,Nordeste,Brasil
2024-06-23,PI,30.0,Nordeste,Brasil
2024-06-30,PI,30.0,Nordeste,Brasil
2024-07-07,PI,22.0,Nordeste,Brasil
2024-07-14,PI,12.0,Nordeste,Brasil
2024-07-21,PI,20.0,Nordeste,Brasil
2024-07-28,PI,22.0,Nordeste,Brasil
2024-08-04,PI,10.0,Nordeste,Brasil
2024-08-11,PI,7.0,Nordeste,Brasil
2024-08-18,PI,4.0,Nordeste,Brasil
2024-08-25,PI,7.0,Nordeste,Brasil
2024-09-01,PI,5.0,Nordeste,Brasil
2024-09-08,PI,5.0,Nordeste,Brasil
2024-09-15,PI,11.0,Nordeste,Brasil
2024-09-22,PI,9.0,Nordeste,Brasil
2024-09-29,PI,6.0,Nordeste,Brasil
2024-10-06,PI,7.0,Nordeste,Brasil
2024-10-13,PI,8.0,Nordeste,Brasil
2024-10-20,PI,8.0,Nordeste,Brasil
2024-10-27,PI,5.0,Nordeste,Brasil
2024-11-03,PI,6.0,Nordeste,Brasil
2024-11-10,PI,3.0,Nordeste,Brasil
2024-11-17,PI,4.0,Nordeste,Brasil
2024-11-24,PI,3.0,Nordeste,Brasil
2024-12-01,PI,2.0,Nordeste,Brasil
2024-12-08,PI,5.0,Nordeste,Brasil
2024-12-15,PI,7.0,Nordeste,Brasil
2024-12-22,PI,9.0,Nordeste,Brasil
2024-12-29,PI,3.0,Nordeste,Brasil
2025-01-05,PI,1.0,Nordeste,Brasil
2025-01-12,PI,6.0,Nordeste,Brasil
2025-01-19,PI,5.0,Nordeste,Brasil
2025-01-26,PI,16.0,Nordeste,Brasil
2025-02-02,PI,16.0,Nordeste,Brasil
2025-02-09,PI,12.0,Nordeste,Brasil
2025-02-16,PI,14.0,Nordeste,Brasil
2025-02-23,PI,31.0,Nordeste,Brasil
2025-03-02,PI,24.0,Nordeste,Brasil
2025-03-09,PI,16.0,Nordeste,Brasil
2025-03-16,PI,20.0,Nordeste,Brasil
2025-03-23,PI,39.0,Nordeste,Brasil
2025-03-30,PI,34.0,Nordeste,Brasil
2025-04-06,PI,34.0,Nordeste,Brasil
2025-04-13,PI,51.0,Nordeste,Brasil
2025-04-20,PI,42.0,Nordeste,Brasil
2025-04-27,PI,56.0,Nordeste,Brasil
2025-05-04,PI,41.0,Nordeste,Brasil
2025-05-11,PI,40.0,Nordeste,Brasil
2025-05-18,PI,44.0,Nordeste,Brasil
2025-05-25,PI,37.0,Nordeste,Brasil
2025-06-01,PI,36.0,Nordeste,Brasil
2025-06-08,PI,36.0,Nordeste,Brasil
2025-06-15,PI,29.0,Nordeste,Brasil
2025-06-22,PI,21.0,Nordeste,Brasil
2025-06-29,PI,19.0,Nordeste,Brasil
2025-07-06,PI,12.0,Nordeste,Brasil
2025-07-13,PI,15.0,Nordeste,Brasil
2025-07-20,PI,12.0,Nordeste,Brasil
2025-07-27,PI,9.0,Nordeste,Brasil
2025-08-03,PI,17.0,Nordeste,Brasil
2025-08-10,PI,9.0,Nordeste,Brasil
2025-08-17,PI,11.0,Nordeste,Brasil
2025-08-24,PI,10.0,Nordeste,Brasil
2025-08-31,PI,10.0,Nordeste,Brasil
2025-09-07,PI,13.0,Nordeste,Brasil
2025-09-14,PI,16.0,Nordeste,Brasil
2025-09-21,PI,13.0,Nordeste,Brasil
2025-09-28,PI,19.0,Nordeste,Brasil
2025-10-05,PI,14.0,Nordeste,Brasil
2025-10-12,PI,11.0,Nordeste,Brasil
2025-10-19,PI,5.0,Nordeste,Brasil
2025-10-26,PI,5.0,Nordeste,Brasil
2025-11-02,PI,8.0,Nordeste,Brasil
2025-11-09,PI,3.0,Nordeste,Brasil
2025-11-16,PI,5.0,Nordeste,Brasil
2025-11-23,PI,9.0,Nordeste,Brasil
2025-11-30,PI,7.0,Nordeste,Brasil
2025-12-07,PI,3.0,Nordeste,Brasil
2025-12-14,PI,10.0,Nordeste,Brasil
2025-12-21,PI,5.0,Nordeste,Brasil
2025-12-28,PI,2.0,Nordeste,Brasil
2026-01-04,PI,5.0,Nordeste,Brasil
2026-01-11,PI,4.0,Nordeste,Brasil
2026-01-18,PI,7.0,Nordeste,Brasil
2026-01-25,PI,6.0,Nordeste,Brasil
2026-02-01,PI,8.0,Nordeste,Brasil
2026-02-08,PI,9.0,Nordeste,Brasil
2026-02-15,PI,20.0,Nordeste,Brasil
2026-02-22,PI,8.0,Nordeste,Brasil
2026-03-01,PI,20.0,Nordeste,Brasil
2026-03-08,PI,13.0,Nordeste,Brasil
2026-03-15,PI,33.0,Nordeste,Brasil
2026-03-22,PI,42.0,Nordeste,Brasil
2026-03-29,PI,21.0,Nordeste,Brasil
2026-04-05,PI,11.0,Nordeste,Brasil
2026-04-12,PI,14.0,Nordeste,Brasil
2026-04-19,PI,22.0,Nordeste,Brasil
2026-04-26,PI,16.0,Nordeste,Brasil
2026-05-03,PI,29.0,Nordeste,Brasil
2026-05-10,PI,37.0,Nordeste,Brasil
2026-05-17,PI,30.0,Nordeste,Brasil
2026-05-24,PI,19.0,Nordeste,Brasil
2026-05-31,PI,37.0,Nordeste,Brasil
2026-06-07,PI,21.0,Nordeste,Brasil
2026-06-14,PI,13.0,Nordeste,Brasil
2026-06-21,PI,32.0,Nordeste,Brasil
2026-06-28,PI,21.0,Nordeste,Brasil
2026-07-05,PI,17.0,Nordeste,Brasil
2026-07-12,PI,24.0,Nordeste,Brasil
2026-07-19,PI,23.0,Nordeste,Brasil
2026-07-26,PI,17.0,Nordeste,Brasil
2026-08-02,PI,15.0,Nordeste,Brasil
2026-08-09,PI,4.0,Nordeste,Brasil
2026-08-16,PI,4.0,Nordeste,Brasil
2026-08-23,PI,3.0,Nordeste,Brasil
2026-08-30,PI,4.0,Nordeste,Brasil
2026-09-06,PI,3.0,Nordeste,Brasil
2026-09-13,PI,3.0,Nordeste,Brasil
2014-06-08,PR,2.0,Sul,Brasil
2014-06-15,PR,2.0,Sul,Brasil
2014-06-22,PR,1.0,Sul,Brasil
2014-06-29,PR,1.0,Sul,Brasil
2014-07-06,PR,1.0,Sul,Brasil
2014-07-13,PR,1.0,Sul,Brasil
2014-07-20,PR,2.0,Sul,Brasil
2014-07-27,PR,2.0,Sul,Brasil
2014-08-03,PR,1.0,Sul,Brasil
2014-08-10,PR,1.0,Sul,Brasil
2014-08-17,PR,1.0,Sul,Brasil
2014-08-24,PR,1.0,Sul,Brasil
2014-08-31,PR,1.0,Sul,Brasil
2014-09-07,PR,1.0,Sul,Brasil
2014-09-14,PR,1.0,Sul,Brasil
2014-09-21,PR,1.0,Sul,Brasil
2014-09-28,PR,1.0,Sul,Brasil
2014-10-05,PR,2.0,Sul,Brasil
2014-10-12,PR,1.0,Sul,Brasil
2014-10-19,PR,1.0,Sul,Brasil
2014-10-26,PR,2.0,Sul,Brasil
2014-11-02,PR,2.0,Sul,Brasil
2014-11-09,PR,2.0,Sul,Brasil
2014-11-16,PR,1.0,Sul,Brasil
2014-11-23,PR,4.0,Sul,Brasil
2014-11-30,PR,3.0,Sul,Brasil
2014-12-07,PR,2.0,Sul,Brasil
2014-12-14,PR,4.0,Sul,Brasil
2014-12-21,PR,1.0,Sul,Brasil
2014-12-28,PR,1.0,Sul,Brasil
2015-01-04,PR,1.0,Sul,Brasil
2015-01-11,PR,2.0,Sul,Brasil
2015-01-18,PR,2.0,Sul,Brasil
2015-01-25,PR,1.0,Sul,Brasil
2015-02-01,PR,1.0,Sul,Brasil
2015-02-08,PR,1.0,Sul,Brasil
2015-02-15,PR,3.0,Sul,Brasil
2015-02-22,PR,1.0,Sul,Brasil
2015-03-01,PR,3.0,Sul,Brasil
2015-03-08,PR,1.0,Sul,Brasil
2015-03-15,PR,2.0,Sul,Brasil
2015-03-22,PR,2.0,Sul,Brasil
2015-03-29,PR,5.0,Sul,Brasil
2015-04-05,PR,5.0,Sul,Brasil
2015-04-12,PR,1.0,Sul,Brasil
2015-04-19,PR,2.0,Sul,Brasil
2015-04-26,PR,4.0,Sul,Brasil
2015-05-03,PR,1.0,Sul,Brasil
2015-05-10,PR,1.0,Sul,Brasil
2015-05-17,PR,3.0,Sul,Brasil
2015-05-24,PR,6.0,Sul,Brasil
2015-05-31,PR,2.0,Sul,Brasil
2015-06-07,PR,1.0,Sul,Brasil
2015-06-14,PR,3.0,Sul,Brasil
2015-06-21,PR,3.0,Sul,Brasil
2015-06-28,PR,1.0,Sul,Brasil
2015-07-05,PR,1.0,Sul,Brasil
2015-07-12,PR,1.0,Sul,Brasil
2015-07-19,PR,2.0,Sul,Brasil
2015-07-26,PR,6.0,Sul,Brasil
2015-08-02,PR,7.0,Sul,Brasil
2015-08-09,PR,2.0,Sul,Brasil
2015-08-16,PR,2.0,Sul,Brasil
2015-08-23,PR,2.0,Sul,Brasil
2015-08-30,PR,2.0,Sul,Brasil
2015-09-06,PR,1.0,Sul,Brasil
2015-09-13,PR,1.0,Sul,Brasil
2015-09-20,PR,1.0,Sul,Brasil
2015-09-27,PR,4.0,Sul,Brasil
2015-10-04,PR,2.0,Sul,Brasil
2015-10-11,PR,2.0,Sul,Brasil
2015-10-18,PR,1.0,Sul,Brasil
2015-10-25,PR,3.0,Sul,Brasil
2015-11-01,PR,2.0,Sul,Brasil
2015-11-08,PR,2.0,Sul,Brasil
2015-11-15,PR,1.0,Sul,Brasil
2015-11-22,PR,2.0,Sul,Brasil
2015-11-29,PR,4.0,Sul,Brasil
2015-12-06,PR,10.0,Sul,Brasil
2015-12-13,PR,12.0,Sul,Brasil
2015-12-20,PR,11.0,Sul,Brasil
2015-12-27,PR,17.0,Sul,Brasil
2016-01-03,PR,17.0,Sul,Brasil
2016-01-10,PR,25.0,Sul,Brasil
2016-01-17,PR,45.0,Sul,Brasil
2016-01-24,PR,63.0,Sul,Brasil
2016-01-31,PR,82.0,Sul,Brasil
2016-02-07,PR,64.0,Sul,Brasil
2016-02-14,PR,71.0,Sul,Brasil
2016-02-21,PR,140.0,Sul,Brasil
2016-02-28,PR,176.0,Sul,Brasil
2016-03-06,PR,281.0,Sul,Brasil
2016-03-13,PR,277.0,Sul,Brasil
2016-03-20,PR,217.0,Sul,Brasil
2016-03-27,PR,164.0,Sul,Brasil
2016-04-03,PR,174.0,Sul,Brasil
2016-04-10,PR,134.0,Sul,Brasil
2016-04-17,PR,97.0,Sul,Brasil
2016-04-24,PR,55.0,Sul,Brasil
2016-05-01,PR,64.0,Sul,Brasil
2016-05-08,PR,46.0,Sul,Brasil
2016-05-15,PR,35.0,Sul,Brasil
2016-05-22,PR,37.0,Sul,Brasil
2016-05-29,PR,12.0,Sul,Brasil
2016-06-05,PR,13.0,Sul,Brasil
2016-06-12,PR,21.0,Sul,Brasil
2016-06-19,PR,7.0,Sul,Brasil
2016-06-26,PR,16.0,Sul,Brasil
2016-07-03,PR,11.0,Sul,Brasil
2016-07-10,PR,7.0,Sul,Brasil
2016-07-17,PR,7.0,Sul,Brasil
2016-07-24,PR,8.0,Sul,Brasil
2016-07-31,PR,11.0,Sul,Brasil
2016-08-07,PR,10.0,Sul,Brasil
2016-08-14,PR,8.0,Sul,Brasil
2016-08-21,PR,16.0,Sul,Brasil
2016-08-28,PR,8.0,Sul,Brasil
2016-09-04,PR,16.0,Sul,Brasil
2016-09-11,PR,6.0,Sul,Brasil
2016-09-18,PR,13.0,Sul,Brasil
2016-09-25,PR,9.0,Sul,Brasil
2016-10-02,PR,15.0,Sul,Brasil
2016-10-09,PR,8.0,Sul,Brasil
2016-10-16,PR,11.0,Sul,Brasil
2016-10-23,PR,16.0,Sul,Brasil
2016-10-30,PR,11.0,Sul,Brasil
2016-11-06,PR,12.0,Sul,Brasil
2016-11-13,PR,13.0,Sul,Brasil
2016-11-20,PR,15.0,Sul,Brasil
2016-11-27,PR,22.0,Sul,Brasil
2016-12-04,PR,18.0,Sul,Brasil
2016-12-11,PR,25.0,Sul,Brasil
2016-12-18,PR,14.0,Sul,Brasil
2016-12-25,PR,17.0,Sul,Brasil
2017-01-01,PR,22.0,Sul,Brasil
2017-01-08,PR,8.0,Sul,Brasil
2017-01-15,PR,21.0,Sul,Brasil
2017-01-22,PR,34.0,Sul,Brasil
2017-01-29,PR,29.0,Sul,Brasil
2017-02-05,PR,23.0,Sul,Brasil
2017-02-12,PR,28.0,Sul,Brasil
2017-02-19,PR,17.0,Sul,Brasil
2017-02-26,PR,29.0,Sul,Brasil
2017-03-05,PR,16.0,Sul,Brasil
2017-03-12,PR,18.0,Sul,Brasil
2017-03-19,PR,22.0,Sul,Brasil
2017-03-26,PR,19.0,Sul,Brasil
2017-04-02,PR,27.0,Sul,Brasil
2017-04-09,PR,24.0,Sul,Brasil
2017-04-16,PR,11.0,Sul,Brasil
2017-04-23,PR,15.0,Sul,Brasil
2017-04-30,PR,16.0,Sul,Brasil
2017-05-07,PR,18.0,Sul,Brasil
2017-05-14,PR,17.0,Sul,Brasil
2017-05-21,PR,16.0,Sul,Brasil
2017-05-28,PR,8.0,Sul,Brasil
2017-06-04,PR,19.0,Sul,Brasil
2017-06-11,PR,11.0,Sul,Brasil
2017-06-18,PR,6.0,Sul,Brasil
2017-06-25,PR,7.0,Sul,Brasil
2017-07-02,PR,8.0,Sul,Brasil
2017-07-09,PR,12.0,Sul,Brasil
2017-07-16,PR,7.0,Sul,Brasil
2017-07-23,PR,3.0,Sul,Brasil
2017-07-30,PR,8.0,Sul,Brasil
2017-08-06,PR,10.0,Sul,Brasil
2017-08-13,PR,11.0,Sul,Brasil
2017-08-20,PR,8.0,Sul,Brasil
2017-08-27,PR,10.0,Sul,Brasil
2017-09-03,PR,17.0,Sul,Brasil
2017-09-10,PR,6.0,Sul,Brasil
2017-09-17,PR,10.0,Sul,Brasil
2017-09-24,PR,21.0,Sul,Brasil
2017-10-01,PR,20.0,Sul,Brasil
2017-10-08,PR,8.0,Sul,Brasil
2017-10-15,PR,15.0,Sul,Brasil
2017-10-22,PR,19.0,Sul,Brasil
2017-10-29,PR,14.0,Sul,Brasil
2017-11-05,PR,12.0,Sul,Brasil
2017-11-12,PR,20.0,Sul,Brasil
2017-11-19,PR,9.0,Sul,Brasil
2017-11-26,PR,21.0,Sul,Brasil
2017-12-03,PR,13.0,Sul,Brasil
2017-12-10,PR,17.0,Sul,Brasil
2017-12-17,PR,19.0,Sul,Brasil
2017-12-24,PR,17.0,Sul,Brasil
2017-12-31,PR,4.0,Sul,Brasil
2018-01-07,PR,11.0,Sul,Brasil
2018-01-14,PR,11.0,Sul,Brasil
2018-01-21,PR,23.0,Sul,Brasil
2018-01-28,PR,27.0,Sul,Brasil
2018-02-04,PR,29.0,Sul,Brasil
2018-02-11,PR,11.0,Sul,Brasil
2018-02-18,PR,16.0,Sul,Brasil
2018-02-25,PR,12.0,Sul,Brasil
2018-03-04,PR,9.0,Sul,Brasil
2018-03-11,PR,27.0,Sul,Brasil
2018-03-18,PR,36.0,Sul,Brasil
2018-03-25,PR,21.0,Sul,Brasil
2018-04-01,PR,24.0,Sul,Brasil
2018-04-08,PR,20.0,Sul,Brasil
2018-04-15,PR,26.0,Sul,Brasil
2018-04-22,PR,23.0,Sul,Brasil
2018-04-29,PR,16.0,Sul,Brasil
2018-05-06,PR,7.0,Sul,Brasil
2018-05-13,PR,12.0,Sul,Brasil
2018-05-20,PR,9.0,Sul,Brasil
2018-05-27,PR,7.0,Sul,Brasil
2018-06-03,PR,4.0,Sul,Brasil
2018-06-10,PR,6.0,Sul,Brasil
2018-06-17,PR,5.0,Sul,Brasil
2018-06-24,PR,4.0,Sul,Brasil
2018-07-01,PR,8.0,Sul,Brasil
2018-07-08,PR,9.0,Sul,Brasil
2018-07-15,PR,5.0,Sul,Brasil
2018-07-22,PR,10.0,Sul,Brasil
2018-07-29,PR,13.0,Sul,Brasil
2018-08-05,PR,8.0,Sul,Brasil
2018-08-12,PR,5.0,Sul,Brasil
2018-08-19,PR,8.0,Sul,Brasil
2018-08-26,PR,4.0,Sul,Brasil
2018-09-02,PR,6.0,Sul,Brasil
2018-09-09,PR,2.0,Sul,Brasil
2018-09-16,PR,4.0,Sul,Brasil
2018-09-23,PR,5.0,Sul,Brasil
2018-09-30,PR,4.0,Sul,Brasil
2018-10-07,PR,13.0,Sul,Brasil
2018-10-14,PR,7.0,Sul,Brasil
2018-10-21,PR,10.0,Sul,Brasil
2018-10-28,PR,8.0,Sul,Brasil
2018-11-04,PR,7.0,Sul,Brasil
2018-11-11,PR,16.0,Sul,Brasil
2018-11-18,PR,7.0,Sul,Brasil
2018-11-25,PR,15.0,Sul,Brasil
2018-12-02,PR,7.0,Sul,Brasil
2018-12-09,PR,8.0,Sul,Brasil
2018-12-16,PR,10.0,Sul,Brasil
2018-12-23,PR,12.0,Sul,Brasil
2018-12-30,PR,4.0,Sul,Brasil
2019-01-06,PR,10.0,Sul,Brasil
2019-01-13,PR,8.0,Sul,Brasil
2019-01-20,PR,15.0,Sul,Brasil
2019-01-27,PR,23.0,Sul,Brasil
2019-02-03,PR,15.0,Sul,Brasil
2019-02-10,PR,20.0,Sul,Brasil
2019-02-17,PR,28.0,Sul,Brasil
2019-02-24,PR,23.0,Sul,Brasil
2019-03-03,PR,13.0,Sul,Brasil
2019-03-10,PR,22.0,Sul,Brasil
2019-03-17,PR,22.0,Sul,Brasil
2019-03-24,PR,34.0,Sul,Brasil
2019-03-31,PR,35.0,Sul,Brasil
2019-04-07,PR,30.0,Sul,Brasil
2019-04-14,PR,25.0,Sul,Brasil
2019-04-21,PR,32.0,Sul,Brasil
2019-04-28,PR,45.0,Sul,Brasil
2019-05-05,PR,32.0,Sul,Brasil
2019-05-12,PR,29.0,Sul,Brasil
2019-05-19,PR,47.0,Sul,Brasil
2019-05-26,PR,14.0,Sul,Brasil
2019-06-02,PR,22.0,Sul,Brasil
2019-06-09,PR,25.0,Sul,Brasil
2019-06-16,PR,12.0,Sul,Brasil
2019-06-23,PR,16.0,Sul,Brasil
2019-06-30,PR,14.0,Sul,Brasil
2019-07-07,PR,22.0,Sul,Brasil
2019-07-14,PR,11.0,Sul,Brasil
2019-07-21,PR,9.0,Sul,Brasil
2019-07-28,PR,7.0,Sul,Brasil
2019-08-04,PR,2.0,Sul,Brasil
2019-08-11,PR,13.0,Sul,Brasil
2019-08-18,PR,9.0,Sul,Brasil
2019-08-25,PR,12.0,Sul,Brasil
2019-09-01,PR,5.0,Sul,Brasil
2019-09-08,PR,7.0,Sul,Brasil
2019-09-15,PR,6.0,Sul,Brasil
2019-09-22,PR,5.0,Sul,Brasil
2019-09-29,PR,7.0,Sul,Brasil
2019-10-06,PR,8.0,Sul,Brasil
2019-10-13,PR,3.0,Sul,Brasil
2019-10-20,PR,8.0,Sul,Brasil
2019-10-27,PR,6.0,Sul,Brasil
2019-11-03,PR,5.0,Sul,Brasil
2019-11-10,PR,12.0,Sul,Brasil
2019-11-17,PR,6.0,Sul,Brasil
2019-11-24,PR,13.0,Sul,Brasil
2019-12-01,PR,13.0,Sul,Brasil
2019-12-08,PR,12.0,Sul,Brasil
2019-12-15,PR,9.0,Sul,Brasil
2019-12-22,PR,12.0,Sul,Brasil
2019-12-29,PR,4.0,Sul,Brasil
2020-01-05,PR,5.0,Sul,Brasil
2020-01-12,PR,12.0,Sul,Brasil
2020-01-19,PR,25.0,Sul,Brasil
2020-01-26,PR,16.0,Sul,Brasil
2020-02-02,PR,18.0,Sul,Brasil
2020-02-09,PR,30.0,Sul,Brasil
2020-02-16,PR,56.0,Sul,Brasil
2020-02-23,PR,51.0,Sul,Brasil
2020-03-01,PR,32.0,Sul,Brasil
2020-03-08,PR,58.0,Sul,Brasil
2020-03-15,PR,58.0,Sul,Brasil
2020-03-22,PR,32.0,Sul,Brasil
2020-03-29,PR,17.0,Sul,Brasil
2020-04-05,PR,19.0,Sul,Brasil
2020-04-12,PR,23.0,Sul,Brasil
2020-04-19,PR,19.0,Sul,Brasil
2020-04-26,PR,24.0,Sul,Brasil
2020-05-03,PR,15.0,Sul,Brasil
2020-05-10,PR,16.0,Sul,Brasil
2020-05-17,PR,14.0,Sul,Brasil
2020-05-24,PR,13.0,Sul,Brasil
2020-05-31,PR,7.0,Sul,Brasil
2020-06-07,PR,4.0,Sul,Brasil
2020-06-14,PR,4.0,Sul,Brasil
2020-06-21,PR,5.0,Sul,Brasil
2020-06-28,PR,4.0,Sul,Brasil
2020-07-05,PR,5.0,Sul,Brasil
2020-07-12,PR,4.0,Sul,Brasil
2020-07-19,PR,4.0,Sul,Brasil
2020-07-26,PR,2.0,Sul,Brasil
2020-08-02,PR,2.0,Sul,Brasil
2020-08-09,PR,4.0,Sul,Brasil
2020-08-16,PR,3.0,Sul,Brasil
2020-08-23,PR,2.0,Sul,Brasil
2020-08-30,PR,3.0,Sul,Brasil
2020-09-06,PR,8.0,Sul,Brasil
2020-09-13,PR,3.0,Sul,Brasil
2020-09-20,PR,2.0,Sul,Brasil
2020-09-27,PR,2.0,Sul,Brasil
2020-10-04,PR,3.0,Sul,Brasil
2020-10-11,PR,4.0,Sul,Brasil
2020-10-18,PR,1.0,Sul,Brasil
2020-10-25,PR,8.0,Sul,Brasil
2020-11-01,PR,21.0,Sul,Brasil
2020-11-08,PR,6.0,Sul,Brasil
2020-11-15,PR,3.0,Sul,Brasil
2020-11-22,PR,1.0,Sul,Brasil
2020-11-29,PR,5.0,Sul,Brasil
2020-12-06,PR,4.0,Sul,Brasil
2020-12-13,PR,5.0,Sul,Brasil
2020-12-20,PR,3.0,Sul,Brasil
2020-12-27,PR,2.0,Sul,Brasil
2021-01-03,PR,2.0,Sul,Brasil
2021-01-10,PR,1.0,Sul,Brasil
2021-01-17,PR,3.0,Sul,Brasil
2021-01-24,PR,7.0,Sul,Brasil
2021-01-31,PR,1.0,Sul,Brasil
2021-02-07,PR,6.0,Sul,Brasil
2021-02-14,PR,5.0,Sul,Brasil
2021-02-21,PR,4.0,Sul,Brasil
2021-02-28,PR,5.0,Sul,Brasil
2021-03-07,PR,8.0,Sul,Brasil
2021-03-14,PR,12.0,Sul,Brasil
2021-03-21,PR,17.0,Sul,Brasil
2021-03-28,PR,16.0,Sul,Brasil
2021-04-04,PR,23.0,Sul,Brasil
2021-04-11,PR,15.0,Sul,Brasil
2021-04-18,PR,17.0,Sul,Brasil
2021-04-25,PR,18.0,Sul,Brasil
2021-05-02,PR,15.0,Sul,Brasil
2021-05-09,PR,15.0,Sul,Brasil
2021-05-16,PR,17.0,Sul,Brasil
2021-05-23,PR,18.0,Sul,Brasil
2021-05-30,PR,13.0,Sul,Brasil
2021-06-06,PR,7.0,Sul,Brasil
2021-06-13,PR,6.0,Sul,Brasil
2021-06-20,PR,7.0,Sul,Brasil
2021-06-27,PR,3.0,Sul,Brasil
2021-07-04,PR,1.0,Sul,Brasil
2021-07-11,PR,2.0,Sul,Brasil
2021-07-18,PR,6.0,Sul,Brasil
2021-07-25,PR,3.0,Sul,Brasil
2021-08-01,PR,1.0,Sul,Brasil
2021-08-08,PR,3.0,Sul,Brasil
2021-08-15,PR,5.0,Sul,Brasil
2021-08-22,PR,4.0,Sul,Brasil
2021-08-29,PR,3.0,Sul,Brasil
2021-09-05,PR,7.0,Sul,Brasil
2021-09-12,PR,4.0,Sul,Brasil
2021-09-19,PR,6.0,Sul,Brasil
2021-09-26,PR,3.0,Sul,Brasil
2021-10-03,PR,7.0,Sul,Brasil
2021-10-10,PR,2.0,Sul,Brasil
2021-10-17,PR,2.0,Sul,Brasil
2021-10-24,PR,2.0,Sul,Brasil
2021-10-31,PR,5.0,Sul,Brasil
2021-11-07,PR,3.0,Sul,Brasil
2021-11-14,PR,9.0,Sul,Brasil
2021-11-21,PR,1.0,Sul,Brasil
2021-11-28,PR,7.0,Sul,Brasil
2021-12-05,PR,5.0,Sul,Brasil
2021-12-12,PR,3.0,Sul,Brasil
2021-12-19,PR,7.0,Sul,Brasil
2021-12-26,PR,4.0,Sul,Brasil
2022-01-02,PR,2.0,Sul,Brasil
2022-01-09,PR,2.0,Sul,Brasil
2022-01-16,PR,7.0,Sul,Brasil
2022-01-23,PR,1.0,Sul,Brasil
2022-01-30,PR,1.0,Sul,Brasil
2022-02-06,PR,2.0,Sul,Brasil
2022-02-13,PR,2.0,Sul,Brasil
2022-02-20,PR,10.0,Sul,Brasil
2022-02-27,PR,7.0,Sul,Brasil
2022-03-06,PR,5.0,Sul,Brasil
2022-03-13,PR,18.0,Sul,Brasil
2022-03-20,PR,14.0,Sul,Brasil
2022-03-27,PR,15.0,Sul,Brasil
2022-04-03,PR,19.0,Sul,Brasil
2022-04-10,PR,22.0,Sul,Brasil
2022-04-17,PR,20.0,Sul,Brasil
2022-04-24,PR,14.0,Sul,Brasil
2022-05-01,PR,20.0,Sul,Brasil
2022-05-08,PR,35.0,Sul,Brasil
2022-05-15,PR,25.0,Sul,Brasil
2022-05-22,PR,23.0,Sul,Brasil
2022-05-29,PR,15.0,Sul,Brasil
2022-06-05,PR,12.0,Sul,Brasil
2022-06-12,PR,8.0,Sul,Brasil
2022-06-19,PR,5.0,Sul,Brasil
2022-06-26,PR,16.0,Sul,Brasil
2022-07-03,PR,4.0,Sul,Brasil
2022-07-10,PR,12.0,Sul,Brasil
2022-07-17,PR,4.0,Sul,Brasil
2022-07-24,PR,4.0,Sul,Brasil
2022-07-31,PR,10.0,Sul,Brasil
2022-08-07,PR,4.0,Sul,Brasil
2022-08-14,PR,8.0,Sul,Brasil
2022-08-21,PR,4.0,Sul,Brasil
2022-08-28,PR,6.0,Sul,Brasil
2022-09-04,PR,6.0,Sul,Brasil
2022-09-11,PR,6.0,Sul,Brasil
2022-09-18,PR,2.0,Sul,Brasil
2022-09-25,PR,3.0,Sul,Brasil
2022-10-02,PR,3.0,Sul,Brasil
2022-10-09,PR,3.0,Sul,Brasil
2022-10-16,PR,2.0,Sul,Brasil
2022-10-23,PR,6.0,Sul,Brasil
2022-10-30,PR,1.0,Sul,Brasil
2022-11-06,PR,4.0,Sul,Brasil
2022-11-13,PR,4.0,Sul,Brasil
2022-11-20,PR,5.0,Sul,Brasil
2022-11-27,PR,4.0,Sul,Brasil
2022-12-04,PR,2.0,Sul,Brasil
2022-12-11,PR,3.0,Sul,Brasil
2022-12-18,PR,3.0,Sul,Brasil
2022-12-25,PR,6.0,Sul,Brasil
2023-01-01,PR,4.0,Sul,Brasil
2023-01-08,PR,2.0,Sul,Brasil
2023-01-15,PR,8.0,Sul,Brasil
2023-01-22,PR,5.0,Sul,Brasil
2023-01-29,PR,6.0,Sul,Brasil
2023-02-05,PR,22.0,Sul,Brasil
2023-02-12,PR,48.0,Sul,Brasil
2023-02-19,PR,44.0,Sul,Brasil
2023-02-26,PR,45.0,Sul,Brasil
2023-03-05,PR,88.0,Sul,Brasil
2023-03-12,PR,173.0,Sul,Brasil
2023-03-19,PR,171.0,Sul,Brasil
2023-03-26,PR,251.0,Sul,Brasil
2023-04-02,PR,294.0,Sul,Brasil
2023-04-09,PR,207.0,Sul,Brasil
2023-04-16,PR,240.0,Sul,Brasil
2023-04-23,PR,248.0,Sul,Brasil
2023-04-30,PR,258.0,Sul,Brasil
2023-05-07,PR,249.0,Sul,Brasil
2023-05-14,PR,259.0,Sul,Brasil
2023-05-21,PR,202.0,Sul,Brasil
2023-05-28,PR,132.0,Sul,Brasil
2023-06-04,PR,126.0,Sul,Brasil
2023-06-11,PR,86.0,Sul,Brasil
2023-06-18,PR,66.0,Sul,Brasil
2023-06-25,PR,57.0,Sul,Brasil
2023-07-02,PR,56.0,Sul,Brasil
2023-07-09,PR,38.0,Sul,Brasil
2023-07-16,PR,20.0,Sul,Brasil
2023-07-23,PR,18.0,Sul,Brasil
2023-07-30,PR,28.0,Sul,Brasil
2023-08-06,PR,23.0,Sul,Brasil
2023-08-13,PR,22.0,Sul,Brasil
2023-08-20,PR,23.0,Sul,Brasil
2023-08-27,PR,20.0,Sul,Brasil
2023-09-03,PR,22.0,Sul,Brasil
2023-09-10,PR,20.0,Sul,Brasil
2023-09-17,PR,27.0,Sul,Brasil
2023-09-24,PR,19.0,Sul,Brasil
2023-10-01,PR,19.0,Sul,Brasil
2023-10-08,PR,30.0,Sul,Brasil
2023-10-15,PR,12.0,Sul,Brasil
2023-10-22,PR,27.0,Sul,Brasil
2023-10-29,PR,34.0,Sul,Brasil
2023-11-05,PR,6.0,Sul,Brasil
2023-11-12,PR,17.0,Sul,Brasil
2023-11-19,PR,10.0,Sul,Brasil
2023-11-26,PR,11.0,Sul,Brasil
2023-12-03,PR,21.0,Sul,Brasil
2023-12-10,PR,12.0,Sul,Brasil
2023-12-17,PR,15.0,Sul,Brasil
2023-12-24,PR,14.0,Sul,Brasil
2023-12-31,PR,10.0,Sul,Brasil
2024-01-07,PR,8.0,Sul,Brasil
2024-01-14,PR,22.0,Sul,Brasil
2024-01-21,PR,22.0,Sul,Brasil
2024-01-28,PR,53.0,Sul,Brasil
2024-02-04,PR,42.0,Sul,Brasil
2024-02-11,PR,43.0,Sul,Brasil
2024-02-18,PR,38.0,Sul,Brasil
2024-02-25,PR,60.0,Sul,Brasil
2024-03-03,PR,58.0,Sul,Brasil
2024-03-10,PR,52.0,Sul,Brasil
2024-03-17,PR,74.0,Sul,Brasil
2024-03-24,PR,61.0,Sul,Brasil
2024-03-31,PR,63.0,Sul,Brasil
2024-04-07,PR,107.0,Sul,Brasil
2024-04-14,PR,89.0,Sul,Brasil
2024-04-21,PR,66.0,Sul,Brasil
2024-04-28,PR,82.0,Sul,Brasil
2024-05-05,PR,66.0,Sul,Brasil
2024-05-12,PR,54.0,Sul,Brasil
2024-05-19,PR,71.0,Sul,Brasil
2024-05-26,PR,60.0,Sul,Brasil
2024-06-02,PR,28.0,Sul,Brasil
2024-06-09,PR,31.0,Sul,Brasil
2024-06-16,PR,31.0,Sul,Brasil
2024-06-23,PR,47.0,Sul,Brasil
2024-06-30,PR,27.0,Sul,Brasil
2024-07-07,PR,27.0,Sul,Brasil
2024-07-14,PR,16.0,Sul,Brasil
2024-07-21,PR,13.0,Sul,Brasil
2024-07-28,PR,13.0,Sul,Brasil
2024-08-04,PR,12.0,Sul,Brasil
2024-08-11,PR,24.0,Sul,Brasil
2024-08-18,PR,13.0,Sul,Brasil
2024-08-25,PR,21.0,Sul,Brasil
2024-09-01,PR,18.0,Sul,Brasil
2024-09-08,PR,28.0,Sul,Brasil
2024-09-15,PR,31.0,Sul,Brasil
2024-09-22,PR,26.0,Sul,Brasil
2024-09-29,PR,20.0,Sul,Brasil
2024-10-06,PR,12.0,Sul,Brasil
2024-10-13,PR,17.0,Sul,Brasil
2024-10-20,PR,17.0,Sul,Brasil
2024-10-27,PR,22.0,Sul,Brasil
2024-11-03,PR,7.0,Sul,Brasil
2024-11-10,PR,18.0,Sul,Brasil
2024-11-17,PR,9.0,Sul,Brasil
2024-11-24,PR,16.0,Sul,Brasil
2024-12-01,PR,36.0,Sul,Brasil
2024-12-08,PR,87.0,Sul,Brasil
2024-12-15,PR,82.0,Sul,Brasil
2024-12-22,PR,76.0,Sul,Brasil
2024-12-29,PR,50.0,Sul,Brasil
2025-01-05,PR,56.0,Sul,Brasil
2025-01-12,PR,97.0,Sul,Brasil
2025-01-19,PR,121.0,Sul,Brasil
2025-01-26,PR,149.0,Sul,Brasil
2025-02-02,PR,152.0,Sul,Brasil
2025-02-09,PR,190.0,Sul,Brasil
2025-02-16,PR,222.0,Sul,Brasil
2025-02-23,PR,298.0,Sul,Brasil
2025-03-02,PR,364.0,Sul,Brasil
2025-03-09,PR,433.0,Sul,Brasil
2025-03-16,PR,557.0,Sul,Brasil
2025-03-23,PR,778.0,Sul,Brasil
2025-03-30,PR,991.0,Sul,Brasil
2025-04-06,PR,890.0,Sul,Brasil
2025-04-13,PR,710.0,Sul,Brasil
2025-04-20,PR,603.0,Sul,Brasil
2025-04-27,PR,650.0,Sul,Brasil
2025-05-04,PR,497.0,Sul,Brasil
2025-05-11,PR,466.0,Sul,Brasil
2025-05-18,PR,435.0,Sul,Brasil
2025-05-25,PR,448.0,Sul,Brasil
2025-06-01,PR,324.0,Sul,Brasil
2025-06-08,PR,266.0,Sul,Brasil
2025-06-15,PR,191.0,Sul,Brasil
2025-06-22,PR,126.0,Sul,Brasil
2025-06-29,PR,102.0,Sul,Brasil
2025-07-06,PR,55.0,Sul,Brasil
2025-07-13,PR,66.0,Sul,Brasil
2025-07-20,PR,65.0,Sul,Brasil
2025-07-27,PR,54.0,Sul,Brasil
2025-08-03,PR,75.0,Sul,Brasil
2025-08-10,PR,45.0,Sul,Brasil
2025-08-17,PR,45.0,Sul,Brasil
2025-08-24,PR,61.0,Sul,Brasil
2025-08-31,PR,40.0,Sul,Brasil
2025-09-07,PR,66.0,Sul,Brasil
2025-09-14,PR,45.0,Sul,Brasil
2025-09-21,PR,69.0,Sul,Brasil
2025-09-28,PR,66.0,Sul,Brasil
2025-10-05,PR,43.0,Sul,Brasil
2025-10-12,PR,69.0,Sul,Brasil
2025-10-19,PR,54.0,Sul,Brasil
2025-10-26,PR,54.0,Sul,Brasil
2025-11-02,PR,64.0,Sul,Brasil
2025-11-09,PR,58.0,Sul,Brasil
2025-11-16,PR,52.0,Sul,Brasil
2025-11-23,PR,51.0,Sul,Brasil
2025-11-30,PR,50.0,Sul,Brasil
2025-12-07,PR,77.0,Sul,Brasil
2025-12-14,PR,65.0,Sul,Brasil
2025-12-21,PR,51.0,Sul,Brasil
2025-12-28,PR,27.0,Sul,Brasil
2026-01-04,PR,30.0,Sul,Brasil
2026-01-11,PR,47.0,Sul,Brasil
2026-01-18,PR,77.0,Sul,Brasil
2026-01-25,PR,76.0,Sul,Brasil
2026-02-01,PR,60.0,Sul,Brasil
2026-02-08,PR,54.0,Sul,Brasil
2026-02-15,PR,65.0,Sul,Brasil
2026-02-22,PR,46.0,Sul,Brasil
2026-03-01,PR,67.0,Sul,Brasil
2026-03-08,PR,42.0,Sul,Brasil
2026-03-15,PR,46.0,Sul,Brasil
2026-03-22,PR,40.0,Sul,Brasil
2026-03-29,PR,52.0,Sul,Brasil
2026-04-05,PR,62.0,Sul,Brasil
2026-04-12,PR,52.0,Sul,Brasil
2026-04-19,PR,74.0,Sul,Brasil
2026-04-26,PR,58.0,Sul,Brasil
2026-05-03,PR,65.0,Sul,Brasil
2026-05-10,PR,71.0,Sul,Brasil
2026-05-17,PR,57.0,Sul,Brasil
2026-05-24,PR,44.0,Sul,Brasil
2026-05-31,PR,40.0,Sul,Brasil
2026-06-07,PR,26.0,Sul,Brasil
2026-06-14,PR,45.0,Sul,Brasil
2026-06-21,PR,27.0,Sul,Brasil
2026-06-28,PR,14.0,Sul,Brasil
2026-07-05,PR,24.0,Sul,Brasil
2026-07-12,PR,14.0,Sul,Brasil
2026-07-19,PR,19.0,Sul,Brasil
2026-07-26,PR,19.0,Sul,Brasil
2026-08-02,PR,18.0,Sul,Brasil
2026-08-09,PR,14.0,Sul,Brasil
2026-08-16,PR,18.0,Sul,Brasil
2026-08-23,PR,21.0,Sul,Brasil
2026-08-30,PR,24.0,Sul,Brasil
2026-09-06,PR,9.0,Sul,Brasil
2026-09-13,PR,9.0,Sul,Brasil
2014-05-25,RJ,1.0,Sudeste,Brasil
2014-06-01,RJ,1.0,Sudeste,Brasil
2014-06-08,RJ,1.0,Sudeste,Brasil
2014-06-15,RJ,1.0,Sudeste,Brasil
2014-06-22,RJ,1.0,Sudeste,Brasil
2014-06-29,RJ,2.0,Sudeste,Brasil
2014-07-06,RJ,2.0,Sudeste,Brasil
2014-07-13,RJ,2.0,Sudeste,Brasil
2014-07-20,RJ,2.0,Sudeste,Brasil
2014-07-27,RJ,2.0,Sudeste,Brasil
2014-08-03,RJ,2.0,Sudeste,Brasil
2014-08-10,RJ,2.0,Sudeste,Brasil
2014-08-17,RJ,1.0,Sudeste,Brasil
2014-08-24,RJ,1.0,Sudeste,Brasil
2014-08-31,RJ,1.0,Sudeste,Brasil
2014-09-07,RJ,1.0,Sudeste,Brasil
2014-09-14,RJ,1.0,Sudeste,Brasil
2014-09-21,RJ,1.0,Sudeste,Brasil
2014-09-28,RJ,1.0,Sudeste,Brasil
2014-10-05,RJ,5.0,Sudeste,Brasil
2014-10-12,RJ,2.0,Sudeste,Brasil
2014-10-19,RJ,3.0,Sudeste,Brasil
2014-10-26,RJ,1.0,Sudeste,Brasil
2014-11-02,RJ,1.0,Sudeste,Brasil
2014-11-09,RJ,2.0,Sudeste,Brasil
2014-11-16,RJ,2.0,Sudeste,Brasil
2014-11-23,RJ,2.0,Sudeste,Brasil
2014-11-30,RJ,1.0,Sudeste,Brasil
2014-12-07,RJ,5.0,Sudeste,Brasil
2014-12-14,RJ,5.0,Sudeste,Brasil
2014-12-21,RJ,2.0,Sudeste,Brasil
2014-12-28,RJ,1.0,Sudeste,Brasil
2015-01-04,RJ,1.0,Sudeste,Brasil
2015-01-11,RJ,1.0,Sudeste,Brasil
2015-01-18,RJ,1.0,Sudeste,Brasil
2015-01-25,RJ,1.0,Sudeste,Brasil
2015-02-01,RJ,2.0,Sudeste,Brasil
2015-02-08,RJ,2.0,Sudeste,Brasil
2015-02-15,RJ,4.0,Sudeste,Brasil
2015-02-22,RJ,4.0,Sudeste,Brasil
2015-03-01,RJ,1.0,Sudeste,Brasil
2015-03-08,RJ,1.0,Sudeste,Brasil
2015-03-15,RJ,2.0,Sudeste,Brasil
2015-03-22,RJ,2.0,Sudeste,Brasil
2015-03-29,RJ,1.0,Sudeste,Brasil
2015-04-05,RJ,1.0,Sudeste,Brasil
2015-04-12,RJ,2.0,Sudeste,Brasil
2015-04-19,RJ,3.0,Sudeste,Brasil
2015-04-26,RJ,1.0,Sudeste,Brasil
2015-05-03,RJ,2.0,Sudeste,Brasil
2015-05-10,RJ,4.0,Sudeste,Brasil
2015-05-17,RJ,1.0,Sudeste,Brasil
2015-05-24,RJ,3.0,Sudeste,Brasil
2015-05-31,RJ,2.0,Sudeste,Brasil
2015-06-07,RJ,4.0,Sudeste,Brasil
2015-06-14,RJ,4.0,Sudeste,Brasil
2015-06-21,RJ,3.0,Sudeste,Brasil
2015-06-28,RJ,3.0,Sudeste,Brasil
2015-07-05,RJ,3.0,Sudeste,Brasil
2015-07-12,RJ,1.0,Sudeste,Brasil
2015-07-19,RJ,1.0,Sudeste,Brasil
2015-07-26,RJ,1.0,Sudeste,Brasil
2015-08-02,RJ,1.0,Sudeste,Brasil
2015-08-09,RJ,1.0,Sudeste,Brasil
2015-08-16,RJ,1.0,Sudeste,Brasil
2015-08-23,RJ,5.0,Sudeste,Brasil
2015-08-30,RJ,1.0,Sudeste,Brasil
2015-09-06,RJ,1.0,Sudeste,Brasil
2015-09-13,RJ,2.0,Sudeste,Brasil
2015-09-20,RJ,2.0,Sudeste,Brasil
2015-09-27,RJ,1.0,Sudeste,Brasil
2015-10-04,RJ,1.0,Sudeste,Brasil
2015-10-11,RJ,2.0,Sudeste,Brasil
2015-10-18,RJ,2.0,Sudeste,Brasil
2015-10-25,RJ,2.0,Sudeste,Brasil
2015-11-01,RJ,1.0,Sudeste,Brasil
2015-11-08,RJ,3.0,Sudeste,Brasil
2015-11-15,RJ,7.0,Sudeste,Brasil
2015-11-22,RJ,3.0,Sudeste,Brasil
2015-11-29,RJ,24.0,Sudeste,Brasil
2015-12-06,RJ,8.0,Sudeste,Brasil
2015-12-13,RJ,14.0,Sudeste,Brasil
2015-12-20,RJ,15.0,Sudeste,Brasil
2015-12-27,RJ,5.0,Sudeste,Brasil
2016-01-03,RJ,5.0,Sudeste,Brasil
2016-01-10,RJ,12.0,Sudeste,Brasil
2016-01-17,RJ,11.0,Sudeste,Brasil
2016-01-24,RJ,36.0,Sudeste,Brasil
2016-01-31,RJ,35.0,Sudeste,Brasil
2016-02-07,RJ,46.0,Sudeste,Brasil
2016-02-14,RJ,52.0,Sudeste,Brasil
2016-02-21,RJ,88.0,Sudeste,Brasil
2016-02-28,RJ,116.0,Sudeste,Brasil
2016-03-06,RJ,171.0,Sudeste,Brasil
2016-03-13,RJ,193.0,Sudeste,Brasil
2016-03-20,RJ,283.0,Sudeste,Brasil
2016-03-27,RJ,462.0,Sudeste,Brasil
2016-04-03,RJ,988.0,Sudeste,Brasil
2016-04-10,RJ,1073.0,Sudeste,Brasil
2016-04-17,RJ,1366.0,Sudeste,Brasil
2016-04-24,RJ,1244.0,Sudeste,Brasil
2016-05-01,RJ,1535.0,Sudeste,Brasil
2016-05-08,RJ,1389.0,Sudeste,Brasil
2016-05-15,RJ,1338.0,Sudeste,Brasil
2016-05-22,RJ,1181.0,Sudeste,Brasil
2016-05-29,RJ,852.0,Sudeste,Brasil
2016-06-05,RJ,1007.0,Sudeste,Brasil
2016-06-12,RJ,713.0,Sudeste,Brasil
2016-06-19,RJ,743.0,Sudeste,Brasil
2016-06-26,RJ,491.0,Sudeste,Brasil
2016-07-03,RJ,551.0,Sudeste,Brasil
2016-07-10,RJ,377.0,Sudeste,Brasil
2016-07-17,RJ,350.0,Sudeste,Brasil
2016-07-24,RJ,298.0,Sudeste,Brasil
2016-07-31,RJ,295.0,Sudeste,Brasil
2016-08-07,RJ,183.0,Sudeste,Brasil
2016-08-14,RJ,242.0,Sudeste,Brasil
2016-08-21,RJ,231.0,Sudeste,Brasil
2016-08-28,RJ,135.0,Sudeste,Brasil
2016-09-04,RJ,103.0,Sudeste,Brasil
2016-09-11,RJ,92.0,Sudeste,Brasil
2016-09-18,RJ,108.0,Sudeste,Brasil
2016-09-25,RJ,81.0,Sudeste,Brasil
2016-10-02,RJ,149.0,Sudeste,Brasil
2016-10-09,RJ,32.0,Sudeste,Brasil
2016-10-16,RJ,87.0,Sudeste,Brasil
2016-10-23,RJ,103.0,Sudeste,Brasil
2016-10-30,RJ,98.0,Sudeste,Brasil
2016-11-06,RJ,61.0,Sudeste,Brasil
2016-11-13,RJ,80.0,Sudeste,Brasil
2016-11-20,RJ,51.0,Sudeste,Brasil
2016-11-27,RJ,54.0,Sudeste,Brasil
2016-12-04,RJ,84.0,Sudeste,Brasil
2016-12-11,RJ,58.0,Sudeste,Brasil
2016-12-18,RJ,58.0,Sudeste,Brasil
2016-12-25,RJ,98.0,Sudeste,Brasil
2017-01-01,RJ,59.0,Sudeste,Brasil
2017-01-08,RJ,69.0,Sudeste,Brasil
2017-01-15,RJ,100.0,Sudeste,Brasil
2017-01-22,RJ,103.0,Sudeste,Brasil
2017-01-29,RJ,171.0,Sudeste,Brasil
2017-02-05,RJ,217.0,Sudeste,Brasil
2017-02-12,RJ,134.0,Sudeste,Brasil
2017-02-19,RJ,138.0,Sudeste,Brasil
2017-02-26,RJ,128.0,Sudeste,Brasil
2017-03-05,RJ,68.0,Sudeste,Brasil
2017-03-12,RJ,137.0,Sudeste,Brasil
2017-03-19,RJ,142.0,Sudeste,Brasil
2017-03-26,RJ,109.0,Sudeste,Brasil
2017-04-02,RJ,145.0,Sudeste,Brasil
2017-04-09,RJ,149.0,Sudeste,Brasil
2017-04-16,RJ,114.0,Sudeste,Brasil
2017-04-23,RJ,127.0,Sudeste,Brasil
2017-04-30,RJ,158.0,Sudeste,Brasil
2017-05-07,RJ,145.0,Sudeste,Brasil
2017-05-14,RJ,112.0,Sudeste,Brasil
2017-05-21,RJ,154.0,Sudeste,Brasil
2017-05-28,RJ,161.0,Sudeste,Brasil
2017-06-04,RJ,126.0,Sudeste,Brasil
2017-06-11,RJ,163.0,Sudeste,Brasil
2017-06-18,RJ,99.0,Sudeste,Brasil
2017-06-25,RJ,137.0,Sudeste,Brasil
2017-07-02,RJ,153.0,Sudeste,Brasil
2017-07-09,RJ,125.0,Sudeste,Brasil
2017-07-16,RJ,194.0,Sudeste,Brasil
2017-07-23,RJ,168.0,Sudeste,Brasil
2017-07-30,RJ,121.0,Sudeste,Brasil
2017-08-06,RJ,163.0,Sudeste,Brasil
2017-08-13,RJ,144.0,Sudeste,Brasil
2017-08-20,RJ,109.0,Sudeste,Brasil
2017-08-27,RJ,79.0,Sudeste,Brasil
2017-09-03,RJ,66.0,Sudeste,Brasil
2017-09-10,RJ,61.0,Sudeste,Brasil
2017-09-17,RJ,74.0,Sudeste,Brasil
2017-09-24,RJ,54.0,Sudeste,Brasil
2017-10-01,RJ,74.0,Sudeste,Brasil
2017-10-08,RJ,64.0,Sudeste,Brasil
2017-10-15,RJ,32.0,Sudeste,Brasil
2017-10-22,RJ,78.0,Sudeste,Brasil
2017-10-29,RJ,60.0,Sudeste,Brasil
2017-11-05,RJ,68.0,Sudeste,Brasil
2017-11-12,RJ,51.0,Sudeste,Brasil
2017-11-19,RJ,78.0,Sudeste,Brasil
2017-11-26,RJ,77.0,Sudeste,Brasil
2017-12-03,RJ,43.0,Sudeste,Brasil
2017-12-10,RJ,59.0,Sudeste,Brasil
2017-12-17,RJ,107.0,Sudeste,Brasil
2017-12-24,RJ,85.0,Sudeste,Brasil
2017-12-31,RJ,60.0,Sudeste,Brasil
2018-01-07,RJ,61.0,Sudeste,Brasil
2018-01-14,RJ,103.0,Sudeste,Brasil
2018-01-21,RJ,185.0,Sudeste,Brasil
2018-01-28,RJ,179.0,Sudeste,Brasil
2018-02-04,RJ,260.0,Sudeste,Brasil
2018-02-11,RJ,331.0,Sudeste,Brasil
2018-02-18,RJ,297.0,Sudeste,Brasil
2018-02-25,RJ,575.0,Sudeste,Brasil
2018-03-04,RJ,791.0,Sudeste,Brasil
2018-03-11,RJ,934.0,Sudeste,Brasil
2018-03-18,RJ,1432.0,Sudeste,Brasil
2018-03-25,RJ,1260.0,Sudeste,Brasil
2018-04-01,RJ,1269.0,Sudeste,Brasil
2018-04-08,RJ,2703.0,Sudeste,Brasil
2018-04-15,RJ,2040.0,Sudeste,Brasil
2018-04-22,RJ,1908.0,Sudeste,Brasil
2018-04-29,RJ,1769.0,Sudeste,Brasil
2018-05-06,RJ,1918.0,Sudeste,Brasil
2018-05-13,RJ,2096.0,Sudeste,Brasil
2018-05-20,RJ,2293.0,Sudeste,Brasil
2018-05-27,RJ,1994.0,Sudeste,Brasil
2018-06-03,RJ,1187.0,Sudeste,Brasil
2018-06-10,RJ,1615.0,Sudeste,Brasil
2018-06-17,RJ,1328.0,Sudeste,Brasil
2018-06-24,RJ,1322.0,Sudeste,Brasil
2018-07-01,RJ,1347.0,Sudeste,Brasil
2018-07-08,RJ,1141.0,Sudeste,Brasil
2018-07-15,RJ,1213.0,Sudeste,Brasil
2018-07-22,RJ,1056.0,Sudeste,Brasil
2018-07-29,RJ,859.0,Sudeste,Brasil
2018-08-05,RJ,941.0,Sudeste,Brasil
2018-08-12,RJ,579.0,Sudeste,Brasil
2018-08-19,RJ,562.0,Sudeste,Brasil
2018-08-26,RJ,607.0,Sudeste,Brasil
2018-09-02,RJ,422.0,Sudeste,Brasil
2018-09-09,RJ,299.0,Sudeste,Brasil
2018-09-16,RJ,360.0,Sudeste,Brasil
2018-09-23,RJ,316.0,Sudeste,Brasil
2018-09-30,RJ,536.0,Sudeste,Brasil
2018-10-07,RJ,377.0,Sudeste,Brasil
2018-10-14,RJ,288.0,Sudeste,Brasil
2018-10-21,RJ,356.0,Sudeste,Brasil
2018-10-28,RJ,353.0,Sudeste,Brasil
2018-11-04,RJ,345.0,Sudeste,Brasil
2018-11-11,RJ,335.0,Sudeste,Brasil
2018-11-18,RJ,258.0,Sudeste,Brasil
2018-11-25,RJ,353.0,Sudeste,Brasil
2018-12-02,RJ,403.0,Sudeste,Brasil
2018-12-09,RJ,446.0,Sudeste,Brasil
2018-12-16,RJ,519.0,Sudeste,Brasil
2018-12-23,RJ,594.0,Sudeste,Brasil
2018-12-30,RJ,460.0,Sudeste,Brasil
2019-01-06,RJ,400.0,Sudeste,Brasil
2019-01-13,RJ,795.0,Sudeste,Brasil
2019-01-20,RJ,888.0,Sudeste,Brasil
2019-01-27,RJ,932.0,Sudeste,Brasil
2019-02-03,RJ,765.0,Sudeste,Brasil
2019-02-10,RJ,1026.0,Sudeste,Brasil
2019-02-17,RJ,1034.0,Sudeste,Brasil
2019-02-24,RJ,1053.0,Sudeste,Brasil
2019-03-03,RJ,1124.0,Sudeste,Brasil
2019-03-10,RJ,749.0,Sudeste,Brasil
2019-03-17,RJ,1668.0,Sudeste,Brasil
2019-03-24,RJ,2131.0,Sudeste,Brasil
2019-03-31,RJ,2840.0,Sudeste,Brasil
2019-04-07,RJ,3862.0,Sudeste,Brasil
2019-04-14,RJ,4428.0,Sudeste,Brasil
2019-04-21,RJ,4345.0,Sudeste,Brasil
2019-04-28,RJ,5195.0,Sudeste,Brasil
2019-05-05,RJ,5846.0,Sudeste,Brasil
2019-05-12,RJ,6750.0,Sudeste,Brasil
2019-05-19,RJ,6828.0,Sudeste,Brasil
2019-05-26,RJ,6165.0,Sudeste,Brasil
2019-06-02,RJ,5591.0,Sudeste,Brasil
2019-06-09,RJ,4994.0,Sudeste,Brasil
2019-06-16,RJ,3636.0,Sudeste,Brasil
2019-06-23,RJ,3081.0,Sudeste,Brasil
2019-06-30,RJ,3441.0,Sudeste,Brasil
2019-07-07,RJ,3013.0,Sudeste,Brasil
2019-07-14,RJ,2608.0,Sudeste,Brasil
2019-07-21,RJ,1828.0,Sudeste,Brasil
2019-07-28,RJ,1561.0,Sudeste,Brasil
2019-08-04,RJ,1358.0,Sudeste,Brasil
2019-08-11,RJ,1162.0,Sudeste,Brasil
2019-08-18,RJ,967.0,Sudeste,Brasil
2019-08-25,RJ,798.0,Sudeste,Brasil
2019-09-01,RJ,532.0,Sudeste,Brasil
2019-09-08,RJ,548.0,Sudeste,Brasil
2019-09-15,RJ,462.0,Sudeste,Brasil
2019-09-22,RJ,489.0,Sudeste,Brasil
2019-09-29,RJ,313.0,Sudeste,Brasil
2019-10-06,RJ,364.0,Sudeste,Brasil
2019-10-13,RJ,417.0,Sudeste,Brasil
2019-10-20,RJ,393.0,Sudeste,Brasil
2019-10-27,RJ,362.0,Sudeste,Brasil
2019-11-03,RJ,339.0,Sudeste,Brasil
2019-11-10,RJ,411.0,Sudeste,Brasil
2019-11-17,RJ,214.0,Sudeste,Brasil
2019-11-24,RJ,290.0,Sudeste,Brasil
2019-12-01,RJ,335.0,Sudeste,Brasil
2019-12-08,RJ,297.0,Sudeste,Brasil
2019-12-15,RJ,265.0,Sudeste,Brasil
2019-12-22,RJ,298.0,Sudeste,Brasil
2019-12-29,RJ,196.0,Sudeste,Brasil
2020-01-05,RJ,141.0,Sudeste,Brasil
2020-01-12,RJ,223.0,Sudeste,Brasil
2020-01-19,RJ,274.0,Sudeste,Brasil
2020-01-26,RJ,339.0,Sudeste,Brasil
2020-02-02,RJ,389.0,Sudeste,Brasil
2020-02-09,RJ,386.0,Sudeste,Brasil
2020-02-16,RJ,325.0,Sudeste,Brasil
2020-02-23,RJ,378.0,Sudeste,Brasil
2020-03-01,RJ,220.0,Sudeste,Brasil
2020-03-08,RJ,323.0,Sudeste,Brasil
2020-03-15,RJ,327.0,Sudeste,Brasil
2020-03-22,RJ,139.0,Sudeste,Brasil
2020-03-29,RJ,154.0,Sudeste,Brasil
2020-04-05,RJ,100.0,Sudeste,Brasil
2020-04-12,RJ,87.0,Sudeste,Brasil
2020-04-19,RJ,98.0,Sudeste,Brasil
2020-04-26,RJ,84.0,Sudeste,Brasil
2020-05-03,RJ,63.0,Sudeste,Brasil
2020-05-10,RJ,70.0,Sudeste,Brasil
2020-05-17,RJ,70.0,Sudeste,Brasil
2020-05-24,RJ,95.0,Sudeste,Brasil
2020-05-31,RJ,71.0,Sudeste,Brasil
2020-06-07,RJ,68.0,Sudeste,Brasil
2020-06-14,RJ,34.0,Sudeste,Brasil
2020-06-21,RJ,61.0,Sudeste,Brasil
2020-06-28,RJ,58.0,Sudeste,Brasil
2020-07-05,RJ,46.0,Sudeste,Brasil
2020-07-12,RJ,44.0,Sudeste,Brasil
2020-07-19,RJ,62.0,Sudeste,Brasil
2020-07-26,RJ,36.0,Sudeste,Brasil
2020-08-02,RJ,51.0,Sudeste,Brasil
2020-08-09,RJ,34.0,Sudeste,Brasil
2020-08-16,RJ,36.0,Sudeste,Brasil
2020-08-23,RJ,33.0,Sudeste,Brasil
2020-08-30,RJ,21.0,Sudeste,Brasil
2020-09-06,RJ,32.0,Sudeste,Brasil
2020-09-13,RJ,34.0,Sudeste,Brasil
2020-09-20,RJ,33.0,Sudeste,Brasil
2020-09-27,RJ,28.0,Sudeste,Brasil
2020-10-04,RJ,25.0,Sudeste,Brasil
2020-10-11,RJ,20.0,Sudeste,Brasil
2020-10-18,RJ,21.0,Sudeste,Brasil
2020-10-25,RJ,26.0,Sudeste,Brasil
2020-11-01,RJ,15.0,Sudeste,Brasil
2020-11-08,RJ,18.0,Sudeste,Brasil
2020-11-15,RJ,41.0,Sudeste,Brasil
2020-11-22,RJ,25.0,Sudeste,Brasil
2020-11-29,RJ,35.0,Sudeste,Brasil
2020-12-06,RJ,27.0,Sudeste,Brasil
2020-12-13,RJ,22.0,Sudeste,Brasil
2020-12-20,RJ,24.0,Sudeste,Brasil
2020-12-27,RJ,6.0,Sudeste,Brasil
2021-01-03,RJ,6.0,Sudeste,Brasil
2021-01-10,RJ,6.0,Sudeste,Brasil
2021-01-17,RJ,28.0,Sudeste,Brasil
2021-01-24,RJ,15.0,Sudeste,Brasil
2021-01-31,RJ,17.0,Sudeste,Brasil
2021-02-07,RJ,15.0,Sudeste,Brasil
2021-02-14,RJ,14.0,Sudeste,Brasil
2021-02-21,RJ,15.0,Sudeste,Brasil
2021-02-28,RJ,20.0,Sudeste,Brasil
2021-03-07,RJ,31.0,Sudeste,Brasil
2021-03-14,RJ,27.0,Sudeste,Brasil
2021-03-21,RJ,19.0,Sudeste,Brasil
2021-03-28,RJ,30.0,Sudeste,Brasil
2021-04-04,RJ,20.0,Sudeste,Brasil
2021-04-11,RJ,26.0,Sudeste,Brasil
2021-04-18,RJ,30.0,Sudeste,Brasil
2021-04-25,RJ,26.0,Sudeste,Brasil
2021-05-02,RJ,37.0,Sudeste,Brasil
2021-05-09,RJ,36.0,Sudeste,Brasil
2021-05-16,RJ,32.0,Sudeste,Brasil
2021-05-23,RJ,74.0,Sudeste,Brasil
2021-05-30,RJ,28.0,Sudeste,Brasil
2021-06-06,RJ,27.0,Sudeste,Brasil
2021-06-13,RJ,31.0,Sudeste,Brasil
2021-06-20,RJ,39.0,Sudeste,Brasil
2021-06-27,RJ,21.0,Sudeste,Brasil
2021-07-04,RJ,39.0,Sudeste,Brasil
2021-07-11,RJ,23.0,Sudeste,Brasil
2021-07-18,RJ,26.0,Sudeste,Brasil
2021-07-25,RJ,24.0,Sudeste,Brasil
2021-08-01,RJ,27.0,Sudeste,Brasil
2021-08-08,RJ,29.0,Sudeste,Brasil
2021-08-15,RJ,18.0,Sudeste,Brasil
2021-08-22,RJ,21.0,Sudeste,Brasil
2021-08-29,RJ,27.0,Sudeste,Brasil
2021-09-05,RJ,21.0,Sudeste,Brasil
2021-09-12,RJ,10.0,Sudeste,Brasil
2021-09-19,RJ,26.0,Sudeste,Brasil
2021-09-26,RJ,24.0,Sudeste,Brasil
2021-10-03,RJ,14.0,Sudeste,Brasil
2021-10-10,RJ,14.0,Sudeste,Brasil
2021-10-17,RJ,11.0,Sudeste,Brasil
2021-10-24,RJ,15.0,Sudeste,Brasil
2021-10-31,RJ,12.0,Sudeste,Brasil
2021-11-07,RJ,13.0,Sudeste,Brasil
2021-11-14,RJ,10.0,Sudeste,Brasil
2021-11-21,RJ,10.0,Sudeste,Brasil
2021-11-28,RJ,15.0,Sudeste,Brasil
2021-12-05,RJ,25.0,Sudeste,Brasil
2021-12-12,RJ,18.0,Sudeste,Brasil
2021-12-19,RJ,10.0,Sudeste,Brasil
2021-12-26,RJ,8.0,Sudeste,Brasil
2022-01-02,RJ,7.0,Sudeste,Brasil
2022-01-09,RJ,4.0,Sudeste,Brasil
2022-01-16,RJ,10.0,Sudeste,Brasil
2022-01-23,RJ,17.0,Sudeste,Brasil
2022-01-30,RJ,9.0,Sudeste,Brasil
2022-02-06,RJ,17.0,Sudeste,Brasil
2022-02-13,RJ,24.0,Sudeste,Brasil
2022-02-20,RJ,19.0,Sudeste,Brasil
2022-02-27,RJ,22.0,Sudeste,Brasil
2022-03-06,RJ,16.0,Sudeste,Brasil
2022-03-13,RJ,34.0,Sudeste,Brasil
2022-03-20,RJ,27.0,Sudeste,Brasil
2022-03-27,RJ,32.0,Sudeste,Brasil
2022-04-03,RJ,44.0,Sudeste,Brasil
2022-04-10,RJ,32.0,Sudeste,Brasil
2022-04-17,RJ,54.0,Sudeste,Brasil
2022-04-24,RJ,27.0,Sudeste,Brasil
2022-05-01,RJ,62.0,Sudeste,Brasil
2022-05-08,RJ,53.0,Sudeste,Brasil
2022-05-15,RJ,66.0,Sudeste,Brasil
2022-05-22,RJ,72.0,Sudeste,Brasil
2022-05-29,RJ,70.0,Sudeste,Brasil
2022-06-05,RJ,68.0,Sudeste,Brasil
2022-06-12,RJ,58.0,Sudeste,Brasil
2022-06-19,RJ,30.0,Sudeste,Brasil
2022-06-26,RJ,49.0,Sudeste,Brasil
2022-07-03,RJ,35.0,Sudeste,Brasil
2022-07-10,RJ,39.0,Sudeste,Brasil
2022-07-17,RJ,25.0,Sudeste,Brasil
2022-07-24,RJ,35.0,Sudeste,Brasil
2022-07-31,RJ,30.0,Sudeste,Brasil
2022-08-07,RJ,23.0,Sudeste,Brasil
2022-08-14,RJ,36.0,Sudeste,Brasil
2022-08-21,RJ,24.0,Sudeste,Brasil
2022-08-28,RJ,14.0,Sudeste,Brasil
2022-09-04,RJ,22.0,Sudeste,Brasil
2022-09-11,RJ,10.0,Sudeste,Brasil
2022-09-18,RJ,28.0,Sudeste,Brasil
2022-09-25,RJ,21.0,Sudeste,Brasil
2022-10-02,RJ,19.0,Sudeste,Brasil
2022-10-09,RJ,27.0,Sudeste,Brasil
2022-10-16,RJ,25.0,Sudeste,Brasil
2022-10-23,RJ,34.0,Sudeste,Brasil
2022-10-30,RJ,32.0,Sudeste,Brasil
2022-11-06,RJ,28.0,Sudeste,Brasil
2022-11-13,RJ,30.0,Sudeste,Brasil
2022-11-20,RJ,25.0,Sudeste,Brasil
2022-11-27,RJ,26.0,Sudeste,Brasil
2022-12-04,RJ,32.0,Sudeste,Brasil
2022-12-11,RJ,23.0,Sudeste,Brasil
2022-12-18,RJ,42.0,Sudeste,Brasil
2022-12-25,RJ,38.0,Sudeste,Brasil
2023-01-01,RJ,35.0,Sudeste,Brasil
2023-01-08,RJ,31.0,Sudeste,Brasil
2023-01-15,RJ,41.0,Sudeste,Brasil
2023-01-22,RJ,44.0,Sudeste,Brasil
2023-01-29,RJ,57.0,Sudeste,Brasil
2023-02-05,RJ,76.0,Sudeste,Brasil
2023-02-12,RJ,122.0,Sudeste,Brasil
2023-02-19,RJ,103.0,Sudeste,Brasil
2023-02-26,RJ,69.0,Sudeste,Brasil
2023-03-05,RJ,134.0,Sudeste,Brasil
2023-03-12,RJ,171.0,Sudeste,Brasil
2023-03-19,RJ,158.0,Sudeste,Brasil
2023-03-26,RJ,159.0,Sudeste,Brasil
2023-04-02,RJ,147.0,Sudeste,Brasil
2023-04-09,RJ,90.0,Sudeste,Brasil
2023-04-16,RJ,73.0,Sudeste,Brasil
2023-04-23,RJ,70.0,Sudeste,Brasil
2023-04-30,RJ,56.0,Sudeste,Brasil
2023-05-07,RJ,78.0,Sudeste,Brasil
2023-05-14,RJ,97.0,Sudeste,Brasil
2023-05-21,RJ,74.0,Sudeste,Brasil
2023-05-28,RJ,69.0,Sudeste,Brasil
2023-06-04,RJ,71.0,Sudeste,Brasil
2023-06-11,RJ,61.0,Sudeste,Brasil
2023-06-18,RJ,81.0,Sudeste,Brasil
2023-06-25,RJ,55.0,Sudeste,Brasil
2023-07-02,RJ,64.0,Sudeste,Brasil
2023-07-09,RJ,46.0,Sudeste,Brasil
2023-07-16,RJ,61.0,Sudeste,Brasil
2023-07-23,RJ,35.0,Sudeste,Brasil
2023-07-30,RJ,32.0,Sudeste,Brasil
2023-08-06,RJ,55.0,Sudeste,Brasil
2023-08-13,RJ,32.0,Sudeste,Brasil
2023-08-20,RJ,41.0,Sudeste,Brasil
2023-08-27,RJ,35.0,Sudeste,Brasil
2023-09-03,RJ,38.0,Sudeste,Brasil
2023-09-10,RJ,33.0,Sudeste,Brasil
2023-09-17,RJ,38.0,Sudeste,Brasil
2023-09-24,RJ,51.0,Sudeste,Brasil
2023-10-01,RJ,46.0,Sudeste,Brasil
2023-10-08,RJ,49.0,Sudeste,Brasil
2023-10-15,RJ,35.0,Sudeste,Brasil
2023-10-22,RJ,31.0,Sudeste,Brasil
2023-10-29,RJ,42.0,Sudeste,Brasil
2023-11-05,RJ,45.0,Sudeste,Brasil
2023-11-12,RJ,38.0,Sudeste,Brasil
2023-11-19,RJ,31.0,Sudeste,Brasil
2023-11-26,RJ,57.0,Sudeste,Brasil
2023-12-03,RJ,52.0,Sudeste,Brasil
2023-12-10,RJ,38.0,Sudeste,Brasil
2023-12-17,RJ,63.0,Sudeste,Brasil
2023-12-24,RJ,70.0,Sudeste,Brasil
2023-12-31,RJ,70.0,Sudeste,Brasil
2024-01-07,RJ,65.0,Sudeste,Brasil
2024-01-14,RJ,113.0,Sudeste,Brasil
2024-01-21,RJ,211.0,Sudeste,Brasil
2024-01-28,RJ,271.0,Sudeste,Brasil
2024-02-04,RJ,346.0,Sudeste,Brasil
2024-02-11,RJ,328.0,Sudeste,Brasil
2024-02-18,RJ,302.0,Sudeste,Brasil
2024-02-25,RJ,346.0,Sudeste,Brasil
2024-03-03,RJ,399.0,Sudeste,Brasil
2024-03-10,RJ,355.0,Sudeste,Brasil
2024-03-17,RJ,254.0,Sudeste,Brasil
2024-03-24,RJ,194.0,Sudeste,Brasil
2024-03-31,RJ,151.0,Sudeste,Brasil
2024-04-07,RJ,248.0,Sudeste,Brasil
2024-04-14,RJ,248.0,Sudeste,Brasil
2024-04-21,RJ,171.0,Sudeste,Brasil
2024-04-28,RJ,184.0,Sudeste,Brasil
2024-05-05,RJ,228.0,Sudeste,Brasil
2024-05-12,RJ,191.0,Sudeste,Brasil
2024-05-19,RJ,170.0,Sudeste,Brasil
2024-05-26,RJ,194.0,Sudeste,Brasil
2024-06-02,RJ,134.0,Sudeste,Brasil
2024-06-09,RJ,127.0,Sudeste,Brasil
2024-06-16,RJ,94.0,Sudeste,Brasil
2024-06-23,RJ,85.0,Sudeste,Brasil
2024-06-30,RJ,132.0,Sudeste,Brasil
2024-07-07,RJ,77.0,Sudeste,Brasil
2024-07-14,RJ,69.0,Sudeste,Brasil
2024-07-21,RJ,78.0,Sudeste,Brasil
2024-07-28,RJ,52.0,Sudeste,Brasil
2024-08-04,RJ,64.0,Sudeste,Brasil
2024-08-11,RJ,30.0,Sudeste,Brasil
2024-08-18,RJ,48.0,Sudeste,Brasil
2024-08-25,RJ,27.0,Sudeste,Brasil
2024-09-01,RJ,26.0,Sudeste,Brasil
2024-09-08,RJ,37.0,Sudeste,Brasil
2024-09-15,RJ,42.0,Sudeste,Brasil
2024-09-22,RJ,41.0,Sudeste,Brasil
2024-09-29,RJ,42.0,Sudeste,Brasil
2024-10-06,RJ,43.0,Sudeste,Brasil
2024-10-13,RJ,29.0,Sudeste,Brasil
2024-10-20,RJ,49.0,Sudeste,Brasil
2024-10-27,RJ,27.0,Sudeste,Brasil
2024-11-03,RJ,249.0,Sudeste,Brasil
2024-11-10,RJ,84.0,Sudeste,Brasil
2024-11-17,RJ,45.0,Sudeste,Brasil
2024-11-24,RJ,76.0,Sudeste,Brasil
2024-12-01,RJ,81.0,Sudeste,Brasil
2024-12-08,RJ,78.0,Sudeste,Brasil
2024-12-15,RJ,69.0,Sudeste,Brasil
2024-12-22,RJ,101.0,Sudeste,Brasil
2024-12-29,RJ,33.0,Sudeste,Brasil
2025-01-05,RJ,16.0,Sudeste,Brasil
2025-01-12,RJ,80.0,Sudeste,Brasil
2025-01-19,RJ,84.0,Sudeste,Brasil
2025-01-26,RJ,123.0,Sudeste,Brasil
2025-02-02,RJ,167.0,Sudeste,Brasil
2025-02-09,RJ,211.0,Sudeste,Brasil
2025-02-16,RJ,263.0,Sudeste,Brasil
2025-02-23,RJ,317.0,Sudeste,Brasil
2025-03-02,RJ,237.0,Sudeste,Brasil
2025-03-09,RJ,113.0,Sudeste,Brasil
2025-03-16,RJ,147.0,Sudeste,Brasil
2025-03-23,RJ,118.0,Sudeste,Brasil
2025-03-30,RJ,133.0,Sudeste,Brasil
2025-04-06,RJ,138.0,Sudeste,Brasil
2025-04-13,RJ,130.0,Sudeste,Brasil
2025-04-20,RJ,100.0,Sudeste,Brasil
2025-04-27,RJ,102.0,Sudeste,Brasil
2025-05-04,RJ,126.0,Sudeste,Brasil
2025-05-11,RJ,159.0,Sudeste,Brasil
2025-05-18,RJ,116.0,Sudeste,Brasil
2025-05-25,RJ,118.0,Sudeste,Brasil
2025-06-01,RJ,94.0,Sudeste,Brasil
2025-06-08,RJ,111.0,Sudeste,Brasil
2025-06-15,RJ,97.0,Sudeste,Brasil
2025-06-22,RJ,36.0,Sudeste,Brasil
2025-06-29,RJ,71.0,Sudeste,Brasil
2025-07-06,RJ,56.0,Sudeste,Brasil
2025-07-13,RJ,48.0,Sudeste,Brasil
2025-07-20,RJ,35.0,Sudeste,Brasil
2025-07-27,RJ,30.0,Sudeste,Brasil
2025-08-03,RJ,39.0,Sudeste,Brasil
2025-08-10,RJ,29.0,Sudeste,Brasil
2025-08-17,RJ,22.0,Sudeste,Brasil
2025-08-24,RJ,28.0,Sudeste,Brasil
2025-08-31,RJ,25.0,Sudeste,Brasil
2025-09-07,RJ,26.0,Sudeste,Brasil
2025-09-14,RJ,30.0,Sudeste,Brasil
2025-09-21,RJ,29.0,Sudeste,Brasil
2025-09-28,RJ,36.0,Sudeste,Brasil
2025-10-05,RJ,43.0,Sudeste,Brasil
2025-10-12,RJ,25.0,Sudeste,Brasil
2025-10-19,RJ,29.0,Sudeste,Brasil
2025-10-26,RJ,24.0,Sudeste,Brasil
2025-11-02,RJ,28.0,Sudeste,Brasil
2025-11-09,RJ,21.0,Sudeste,Brasil
2025-11-16,RJ,30.0,Sudeste,Brasil
2025-11-23,RJ,26.0,Sudeste,Brasil
2025-11-30,RJ,26.0,Sudeste,Brasil
2025-12-07,RJ,34.0,Sudeste,Brasil
2025-12-14,RJ,24.0,Sudeste,Brasil
2025-12-21,RJ,31.0,Sudeste,Brasil
2025-12-28,RJ,29.0,Sudeste,Brasil
2026-01-04,RJ,20.0,Sudeste,Brasil
2026-01-11,RJ,26.0,Sudeste,Brasil
2026-01-18,RJ,54.0,Sudeste,Brasil
2026-01-25,RJ,44.0,Sudeste,Brasil
2026-02-01,RJ,47.0,Sudeste,Brasil
2026-02-08,RJ,51.0,Sudeste,Brasil
2026-02-15,RJ,42.0,Sudeste,Brasil
2026-02-22,RJ,37.0,Sudeste,Brasil
2026-03-01,RJ,109.0,Sudeste,Brasil
2026-03-08,RJ,137.0,Sudeste,Brasil
2026-03-15,RJ,176.0,Sudeste,Brasil
2026-03-22,RJ,202.0,Sudeste,Brasil
2026-03-29,RJ,268.0,Sudeste,Brasil
2026-04-05,RJ,173.0,Sudeste,Brasil
2026-04-12,RJ,248.0,Sudeste,Brasil
2026-04-19,RJ,241.0,Sudeste,Brasil
2026-04-26,RJ,150.0,Sudeste,Brasil
2026-05-03,RJ,186.0,Sudeste,Brasil
2026-05-10,RJ,290.0,Sudeste,Brasil
2026-05-17,RJ,288.0,Sudeste,Brasil
2026-05-24,RJ,222.0,Sudeste,Brasil
2026-05-31,RJ,190.0,Sudeste,Brasil
2026-06-07,RJ,155.0,Sudeste,Brasil
2026-06-14,RJ,133.0,Sudeste,Brasil
2026-06-21,RJ,113.0,Sudeste,Brasil
2026-06-28,RJ,129.0,Sudeste,Brasil
2026-07-05,RJ,103.0,Sudeste,Brasil
2026-07-12,RJ,80.0,Sudeste,Brasil
2026-07-19,RJ,82.0,Sudeste,Brasil
2026-07-26,RJ,71.0,Sudeste,Brasil
2026-08-02,RJ,75.0,Sudeste,Brasil
2026-08-09,RJ,84.0,Sudeste,Brasil
2026-08-16,RJ,63.0,Sudeste,Brasil
2026-08-23,RJ,113.0,Sudeste,Brasil
2026-08-30,RJ,76.0,Sudeste,Brasil
2026-09-06,RJ,30.0,Sudeste,Brasil
2026-09-13,RJ,30.0,Sudeste,Brasil
2014-04-06,RN,1.0,Nordeste,Brasil
2014-04-13,RN,1.0,Nordeste,Brasil
2014-04-20,RN,1.0,Nordeste,Brasil
2014-04-27,RN,1.0,Nordeste,Brasil
2014-05-04,RN,1.0,Nordeste,Brasil
2014-05-11,RN,1.0,Nordeste,Brasil
2014-05-18,RN,1.0,Nordeste,Brasil
2014-05-25,RN,1.0,Nordeste,Brasil
2014-06-01,RN,1.0,Nordeste,Brasil
2014-06-08,RN,1.0,Nordeste,Brasil
2014-06-15,RN,1.0,Nordeste,Brasil
2014-06-22,RN,1.0,Nordeste,Brasil
2014-06-29,RN,1.0,Nordeste,Brasil
2014-07-06,RN,1.0,Nordeste,Brasil
2014-07-13,RN,1.0,Nordeste,Brasil
2014-07-20,RN,1.0,Nordeste,Brasil
2014-07-27,RN,1.0,Nordeste,Brasil
2014-08-03,RN,1.0,Nordeste,Brasil
2014-08-10,RN,1.0,Nordeste,Brasil
2014-08-17,RN,1.0,Nordeste,Brasil
2014-08-24,RN,1.0,Nordeste,Brasil
2014-08-31,RN,1.0,Nordeste,Brasil
2014-09-07,RN,1.0,Nordeste,Brasil
2014-09-14,RN,1.0,Nordeste,Brasil
2014-09-21,RN,1.0,Nordeste,Brasil
2014-09-28,RN,1.0,Nordeste,Brasil
2014-10-05,RN,6.0,Nordeste,Brasil
2014-10-12,RN,6.0,Nordeste,Brasil
2014-10-19,RN,6.0,Nordeste,Brasil
2014-10-26,RN,3.0,Nordeste,Brasil
2014-11-02,RN,1.0,Nordeste,Brasil
2014-11-09,RN,2.0,Nordeste,Brasil
2014-11-16,RN,2.0,Nordeste,Brasil
2014-11-23,RN,2.0,Nordeste,Brasil
2014-11-30,RN,1.0,Nordeste,Brasil
2014-12-07,RN,3.0,Nordeste,Brasil
2014-12-14,RN,7.0,Nordeste,Brasil
2014-12-21,RN,4.0,Nordeste,Brasil
2014-12-28,RN,6.0,Nordeste,Brasil
2015-01-04,RN,1.0,Nordeste,Brasil
2015-01-11,RN,8.0,Nordeste,Brasil
2015-01-18,RN,16.0,Nordeste,Brasil
2015-01-25,RN,39.0,Nordeste,Brasil
2015-02-01,RN,52.0,Nordeste,Brasil
2015-02-08,RN,113.0,Nordeste,Brasil
2015-02-15,RN,354.0,Nordeste,Brasil
2015-02-22,RN,288.0,Nordeste,Brasil
2015-03-01,RN,771.0,Nordeste,Brasil
2015-03-08,RN,686.0,Nordeste,Brasil
2015-03-15,RN,636.0,Nordeste,Brasil
2015-03-22,RN,323.0,Nordeste,Brasil
2015-03-29,RN,324.0,Nordeste,Brasil
2015-04-05,RN,176.0,Nordeste,Brasil
2015-04-12,RN,181.0,Nordeste,Brasil
2015-04-19,RN,174.0,Nordeste,Brasil
2015-04-26,RN,110.0,Nordeste,Brasil
2015-05-03,RN,55.0,Nordeste,Brasil
2015-05-10,RN,40.0,Nordeste,Brasil
2015-05-17,RN,32.0,Nordeste,Brasil
2015-05-24,RN,16.0,Nordeste,Brasil
2015-05-31,RN,23.0,Nordeste,Brasil
2015-06-07,RN,5.0,Nordeste,Brasil
2015-06-14,RN,6.0,Nordeste,Brasil
2015-06-21,RN,11.0,Nordeste,Brasil
2015-06-28,RN,6.0,Nordeste,Brasil
2015-07-05,RN,6.0,Nordeste,Brasil
2015-07-12,RN,1.0,Nordeste,Brasil
2015-07-19,RN,1.0,Nordeste,Brasil
2015-07-26,RN,3.0,Nordeste,Brasil
2015-08-02,RN,3.0,Nordeste,Brasil
2015-08-09,RN,1.0,Nordeste,Brasil
2015-08-16,RN,4.0,Nordeste,Brasil
2015-08-23,RN,4.0,Nordeste,Brasil
2015-08-30,RN,3.0,Nordeste,Brasil
2015-09-06,RN,5.0,Nordeste,Brasil
2015-09-13,RN,3.0,Nordeste,Brasil
2015-09-20,RN,6.0,Nordeste,Brasil
2015-09-27,RN,9.0,Nordeste,Brasil
2015-10-04,RN,2.0,Nordeste,Brasil
2015-10-11,RN,5.0,Nordeste,Brasil
2015-10-18,RN,5.0,Nordeste,Brasil
2015-10-25,RN,2.0,Nordeste,Brasil
2015-11-01,RN,5.0,Nordeste,Brasil
2015-11-08,RN,1.0,Nordeste,Brasil
2015-11-15,RN,19.0,Nordeste,Brasil
2015-11-22,RN,14.0,Nordeste,Brasil
2015-11-29,RN,10.0,Nordeste,Brasil
2015-12-06,RN,18.0,Nordeste,Brasil
2015-12-13,RN,29.0,Nordeste,Brasil
2015-12-20,RN,22.0,Nordeste,Brasil
2015-12-27,RN,25.0,Nordeste,Brasil
2016-01-03,RN,25.0,Nordeste,Brasil
2016-01-10,RN,45.0,Nordeste,Brasil
2016-01-17,RN,42.0,Nordeste,Brasil
2016-01-24,RN,36.0,Nordeste,Brasil
2016-01-31,RN,90.0,Nordeste,Brasil
2016-02-07,RN,239.0,Nordeste,Brasil
2016-02-14,RN,524.0,Nordeste,Brasil
2016-02-21,RN,909.0,Nordeste,Brasil
2016-02-28,RN,957.0,Nordeste,Brasil
2016-03-06,RN,1009.0,Nordeste,Brasil
2016-03-13,RN,1376.0,Nordeste,Brasil
2016-03-20,RN,2091.0,Nordeste,Brasil
2016-03-27,RN,1551.0,Nordeste,Brasil
2016-04-03,RN,2203.0,Nordeste,Brasil
2016-04-10,RN,1703.0,Nordeste,Brasil
2016-04-17,RN,1411.0,Nordeste,Brasil
2016-04-24,RN,1297.0,Nordeste,Brasil
2016-05-01,RN,1494.0,Nordeste,Brasil
2016-05-08,RN,1319.0,Nordeste,Brasil
2016-05-15,RN,1046.0,Nordeste,Brasil
2016-05-22,RN,982.0,Nordeste,Brasil
2016-05-29,RN,846.0,Nordeste,Brasil
2016-06-05,RN,783.0,Nordeste,Brasil
2016-06-12,RN,649.0,Nordeste,Brasil
2016-06-19,RN,728.0,Nordeste,Brasil
2016-06-26,RN,474.0,Nordeste,Brasil
2016-07-03,RN,385.0,Nordeste,Brasil
2016-07-10,RN,312.0,Nordeste,Brasil
2016-07-17,RN,345.0,Nordeste,Brasil
2016-07-24,RN,302.0,Nordeste,Brasil
2016-07-31,RN,265.0,Nordeste,Brasil
2016-08-07,RN,236.0,Nordeste,Brasil
2016-08-14,RN,227.0,Nordeste,Brasil
2016-08-21,RN,207.0,Nordeste,Brasil
2016-08-28,RN,133.0,Nordeste,Brasil
2016-09-04,RN,167.0,Nordeste,Brasil
2016-09-11,RN,99.0,Nordeste,Brasil
2016-09-18,RN,114.0,Nordeste,Brasil
2016-09-25,RN,99.0,Nordeste,Brasil
2016-10-02,RN,64.0,Nordeste,Brasil
2016-10-09,RN,49.0,Nordeste,Brasil
2016-10-16,RN,41.0,Nordeste,Brasil
2016-10-23,RN,53.0,Nordeste,Brasil
2016-10-30,RN,27.0,Nordeste,Brasil
2016-11-06,RN,48.0,Nordeste,Brasil
2016-11-13,RN,40.0,Nordeste,Brasil
2016-11-20,RN,21.0,Nordeste,Brasil
2016-11-27,RN,26.0,Nordeste,Brasil
2016-12-04,RN,28.0,Nordeste,Brasil
2016-12-11,RN,26.0,Nordeste,Brasil
2016-12-18,RN,16.0,Nordeste,Brasil
2016-12-25,RN,17.0,Nordeste,Brasil
2017-01-01,RN,14.0,Nordeste,Brasil
2017-01-08,RN,23.0,Nordeste,Brasil
2017-01-15,RN,25.0,Nordeste,Brasil
2017-01-22,RN,25.0,Nordeste,Brasil
2017-01-29,RN,27.0,Nordeste,Brasil
2017-02-05,RN,33.0,Nordeste,Brasil
2017-02-12,RN,47.0,Nordeste,Brasil
2017-02-19,RN,44.0,Nordeste,Brasil
2017-02-26,RN,51.0,Nordeste,Brasil
2017-03-05,RN,53.0,Nordeste,Brasil
2017-03-12,RN,41.0,Nordeste,Brasil
2017-03-19,RN,48.0,Nordeste,Brasil
2017-03-26,RN,45.0,Nordeste,Brasil
2017-04-02,RN,40.0,Nordeste,Brasil
2017-04-09,RN,33.0,Nordeste,Brasil
2017-04-16,RN,37.0,Nordeste,Brasil
2017-04-23,RN,41.0,Nordeste,Brasil
2017-04-30,RN,54.0,Nordeste,Brasil
2017-05-07,RN,43.0,Nordeste,Brasil
2017-05-14,RN,34.0,Nordeste,Brasil
2017-05-21,RN,50.0,Nordeste,Brasil
2017-05-28,RN,61.0,Nordeste,Brasil
2017-06-04,RN,46.0,Nordeste,Brasil
2017-06-11,RN,101.0,Nordeste,Brasil
2017-06-18,RN,85.0,Nordeste,Brasil
2017-06-25,RN,94.0,Nordeste,Brasil
2017-07-02,RN,51.0,Nordeste,Brasil
2017-07-09,RN,56.0,Nordeste,Brasil
2017-07-16,RN,42.0,Nordeste,Brasil
2017-07-23,RN,79.0,Nordeste,Brasil
2017-07-30,RN,90.0,Nordeste,Brasil
2017-08-06,RN,68.0,Nordeste,Brasil
2017-08-13,RN,72.0,Nordeste,Brasil
2017-08-20,RN,62.0,Nordeste,Brasil
2017-08-27,RN,61.0,Nordeste,Brasil
2017-09-03,RN,52.0,Nordeste,Brasil
2017-09-10,RN,27.0,Nordeste,Brasil
2017-09-17,RN,34.0,Nordeste,Brasil
2017-09-24,RN,42.0,Nordeste,Brasil
2017-10-01,RN,52.0,Nordeste,Brasil
2017-10-08,RN,31.0,Nordeste,Brasil
2017-10-15,RN,40.0,Nordeste,Brasil
2017-10-22,RN,31.0,Nordeste,Brasil
2017-10-29,RN,28.0,Nordeste,Brasil
2017-11-05,RN,17.0,Nordeste,Brasil
2017-11-12,RN,31.0,Nordeste,Brasil
2017-11-19,RN,13.0,Nordeste,Brasil
2017-11-26,RN,23.0,Nordeste,Brasil
2017-12-03,RN,36.0,Nordeste,Brasil
2017-12-10,RN,24.0,Nordeste,Brasil
2017-12-17,RN,18.0,Nordeste,Brasil
2017-12-24,RN,17.0,Nordeste,Brasil
2017-12-31,RN,21.0,Nordeste,Brasil
2018-01-07,RN,16.0,Nordeste,Brasil
2018-01-14,RN,25.0,Nordeste,Brasil
2018-01-21,RN,22.0,Nordeste,Brasil
2018-01-28,RN,64.0,Nordeste,Brasil
2018-02-04,RN,40.0,Nordeste,Brasil
2018-02-11,RN,29.0,Nordeste,Brasil
2018-02-18,RN,31.0,Nordeste,Brasil
2018-02-25,RN,35.0,Nordeste,Brasil
2018-03-04,RN,66.0,Nordeste,Brasil
2018-03-11,RN,68.0,Nordeste,Brasil
2018-03-18,RN,84.0,Nordeste,Brasil
2018-03-25,RN,60.0,Nordeste,Brasil
2018-04-01,RN,54.0,Nordeste,Brasil
2018-04-08,RN,49.0,Nordeste,Brasil
2018-04-15,RN,64.0,Nordeste,Brasil
2018-04-22,RN,60.0,Nordeste,Brasil
2018-04-29,RN,76.0,Nordeste,Brasil
2018-05-06,RN,100.0,Nordeste,Brasil
2018-05-13,RN,150.0,Nordeste,Brasil
2018-05-20,RN,72.0,Nordeste,Brasil
2018-05-27,RN,95.0,Nordeste,Brasil
2018-06-03,RN,66.0,Nordeste,Brasil
2018-06-10,RN,73.0,Nordeste,Brasil
2018-06-17,RN,72.0,Nordeste,Brasil
2018-06-24,RN,79.0,Nordeste,Brasil
2018-07-01,RN,88.0,Nordeste,Brasil
2018-07-08,RN,131.0,Nordeste,Brasil
2018-07-15,RN,175.0,Nordeste,Brasil
2018-07-22,RN,221.0,Nordeste,Brasil
2018-07-29,RN,205.0,Nordeste,Brasil
2018-08-05,RN,193.0,Nordeste,Brasil
2018-08-12,RN,149.0,Nordeste,Brasil
2018-08-19,RN,96.0,Nordeste,Brasil
2018-08-26,RN,78.0,Nordeste,Brasil
2018-09-02,RN,90.0,Nordeste,Brasil
2018-09-09,RN,65.0,Nordeste,Brasil
2018-09-16,RN,56.0,Nordeste,Brasil
2018-09-23,RN,57.0,Nordeste,Brasil
2018-09-30,RN,73.0,Nordeste,Brasil
2018-10-07,RN,18.0,Nordeste,Brasil
2018-10-14,RN,16.0,Nordeste,Brasil
2018-10-21,RN,36.0,Nordeste,Brasil
2018-10-28,RN,28.0,Nordeste,Brasil
2018-11-04,RN,34.0,Nordeste,Brasil
2018-11-11,RN,16.0,Nordeste,Brasil
2018-11-18,RN,35.0,Nordeste,Brasil
2018-11-25,RN,17.0,Nordeste,Brasil
2018-12-02,RN,48.0,Nordeste,Brasil
2018-12-09,RN,23.0,Nordeste,Brasil
2018-12-16,RN,22.0,Nordeste,Brasil
2018-12-23,RN,27.0,Nordeste,Brasil
2018-12-30,RN,16.0,Nordeste,Brasil
2019-01-06,RN,17.0,Nordeste,Brasil
2019-01-13,RN,16.0,Nordeste,Brasil
2019-01-20,RN,13.0,Nordeste,Brasil
2019-01-27,RN,21.0,Nordeste,Brasil
2019-02-03,RN,25.0,Nordeste,Brasil
2019-02-10,RN,22.0,Nordeste,Brasil
2019-02-17,RN,16.0,Nordeste,Brasil
2019-02-24,RN,25.0,Nordeste,Brasil
2019-03-03,RN,38.0,Nordeste,Brasil
2019-03-10,RN,15.0,Nordeste,Brasil
2019-03-17,RN,43.0,Nordeste,Brasil
2019-03-24,RN,125.0,Nordeste,Brasil
2019-03-31,RN,93.0,Nordeste,Brasil
2019-04-07,RN,129.0,Nordeste,Brasil
2019-04-14,RN,181.0,Nordeste,Brasil
2019-04-21,RN,159.0,Nordeste,Brasil
2019-04-28,RN,171.0,Nordeste,Brasil
2019-05-05,RN,247.0,Nordeste,Brasil
2019-05-12,RN,332.0,Nordeste,Brasil
2019-05-19,RN,454.0,Nordeste,Brasil
2019-05-26,RN,647.0,Nordeste,Brasil
2019-06-02,RN,676.0,Nordeste,Brasil
2019-06-09,RN,550.0,Nordeste,Brasil
2019-06-16,RN,600.0,Nordeste,Brasil
2019-06-23,RN,537.0,Nordeste,Brasil
2019-06-30,RN,754.0,Nordeste,Brasil
2019-07-07,RN,825.0,Nordeste,Brasil
2019-07-14,RN,735.0,Nordeste,Brasil
2019-07-21,RN,844.0,Nordeste,Brasil
2019-07-28,RN,717.0,Nordeste,Brasil
2019-08-04,RN,549.0,Nordeste,Brasil
2019-08-11,RN,736.0,Nordeste,Brasil
2019-08-18,RN,693.0,Nordeste,Brasil
2019-08-25,RN,649.0,Nordeste,Brasil
2019-09-01,RN,530.0,Nordeste,Brasil
2019-09-08,RN,465.0,Nordeste,Brasil
2019-09-15,RN,452.0,Nordeste,Brasil
2019-09-22,RN,384.0,Nordeste,Brasil
2019-09-29,RN,301.0,Nordeste,Brasil
2019-10-06,RN,274.0,Nordeste,Brasil
2019-10-13,RN,244.0,Nordeste,Brasil
2019-10-20,RN,287.0,Nordeste,Brasil
2019-10-27,RN,203.0,Nordeste,Brasil
2019-11-03,RN,166.0,Nordeste,Brasil
2019-11-10,RN,114.0,Nordeste,Brasil
2019-11-17,RN,83.0,Nordeste,Brasil
2019-11-24,RN,85.0,Nordeste,Brasil
2019-12-01,RN,67.0,Nordeste,Brasil
2019-12-08,RN,64.0,Nordeste,Brasil
2019-12-15,RN,39.0,Nordeste,Brasil
2019-12-22,RN,48.0,Nordeste,Brasil
2019-12-29,RN,31.0,Nordeste,Brasil
2020-01-05,RN,19.0,Nordeste,Brasil
2020-01-12,RN,65.0,Nordeste,Brasil
2020-01-19,RN,49.0,Nordeste,Brasil
2020-01-26,RN,34.0,Nordeste,Brasil
2020-02-02,RN,63.0,Nordeste,Brasil
2020-02-09,RN,58.0,Nordeste,Brasil
2020-02-16,RN,66.0,Nordeste,Brasil
2020-02-23,RN,87.0,Nordeste,Brasil
2020-03-01,RN,74.0,Nordeste,Brasil
2020-03-08,RN,111.0,Nordeste,Brasil
2020-03-15,RN,165.0,Nordeste,Brasil
2020-03-22,RN,161.0,Nordeste,Brasil
2020-03-29,RN,42.0,Nordeste,Brasil
2020-04-05,RN,105.0,Nordeste,Brasil
2020-04-12,RN,96.0,Nordeste,Brasil
2020-04-19,RN,159.0,Nordeste,Brasil
2020-04-26,RN,150.0,Nordeste,Brasil
2020-05-03,RN,231.0,Nordeste,Brasil
2020-05-10,RN,173.0,Nordeste,Brasil
2020-05-17,RN,207.0,Nordeste,Brasil
2020-05-24,RN,206.0,Nordeste,Brasil
2020-05-31,RN,399.0,Nordeste,Brasil
2020-06-07,RN,221.0,Nordeste,Brasil
2020-06-14,RN,288.0,Nordeste,Brasil
2020-06-21,RN,413.0,Nordeste,Brasil
2020-06-28,RN,478.0,Nordeste,Brasil
2020-07-05,RN,512.0,Nordeste,Brasil
2020-07-12,RN,403.0,Nordeste,Brasil
2020-07-19,RN,347.0,Nordeste,Brasil
2020-07-26,RN,308.0,Nordeste,Brasil
2020-08-02,RN,298.0,Nordeste,Brasil
2020-08-09,RN,281.0,Nordeste,Brasil
2020-08-16,RN,228.0,Nordeste,Brasil
2020-08-23,RN,164.0,Nordeste,Brasil
2020-08-30,RN,145.0,Nordeste,Brasil
2020-09-06,RN,109.0,Nordeste,Brasil
2020-09-13,RN,94.0,Nordeste,Brasil
2020-09-20,RN,89.0,Nordeste,Brasil
2020-09-27,RN,79.0,Nordeste,Brasil
2020-10-04,RN,63.0,Nordeste,Brasil
2020-10-11,RN,63.0,Nordeste,Brasil
2020-10-18,RN,46.0,Nordeste,Brasil
2020-10-25,RN,41.0,Nordeste,Brasil
2020-11-01,RN,36.0,Nordeste,Brasil
2020-11-08,RN,28.0,Nordeste,Brasil
2020-11-15,RN,27.0,Nordeste,Brasil
2020-11-22,RN,35.0,Nordeste,Brasil
2020-11-29,RN,43.0,Nordeste,Brasil
2020-12-06,RN,37.0,Nordeste,Brasil
2020-12-13,RN,31.0,Nordeste,Brasil
2020-12-20,RN,34.0,Nordeste,Brasil
2020-12-27,RN,16.0,Nordeste,Brasil
2021-01-03,RN,16.0,Nordeste,Brasil
2021-01-10,RN,2.0,Nordeste,Brasil
2021-01-17,RN,16.0,Nordeste,Brasil
2021-01-24,RN,13.0,Nordeste,Brasil
2021-01-31,RN,20.0,Nordeste,Brasil
2021-02-07,RN,38.0,Nordeste,Brasil
2021-02-14,RN,56.0,Nordeste,Brasil
2021-02-21,RN,16.0,Nordeste,Brasil
2021-02-28,RN,18.0,Nordeste,Brasil
2021-03-07,RN,35.0,Nordeste,Brasil
2021-03-14,RN,95.0,Nordeste,Brasil
2021-03-21,RN,163.0,Nordeste,Brasil
2021-03-28,RN,125.0,Nordeste,Brasil
2021-04-04,RN,127.0,Nordeste,Brasil
2021-04-11,RN,140.0,Nordeste,Brasil
2021-04-18,RN,216.0,Nordeste,Brasil
2021-04-25,RN,258.0,Nordeste,Brasil
2021-05-02,RN,295.0,Nordeste,Brasil
2021-05-09,RN,246.0,Nordeste,Brasil
2021-05-16,RN,191.0,Nordeste,Brasil
2021-05-23,RN,233.0,Nordeste,Brasil
2021-05-30,RN,281.0,Nordeste,Brasil
2021-06-06,RN,199.0,Nordeste,Brasil
2021-06-13,RN,238.0,Nordeste,Brasil
2021-06-20,RN,254.0,Nordeste,Brasil
2021-06-27,RN,184.0,Nordeste,Brasil
2021-07-04,RN,192.0,Nordeste,Brasil
2021-07-11,RN,145.0,Nordeste,Brasil
2021-07-18,RN,142.0,Nordeste,Brasil
2021-07-25,RN,134.0,Nordeste,Brasil
2021-08-01,RN,117.0,Nordeste,Brasil
2021-08-08,RN,112.0,Nordeste,Brasil
2021-08-15,RN,105.0,Nordeste,Brasil
2021-08-22,RN,94.0,Nordeste,Brasil
2021-08-29,RN,99.0,Nordeste,Brasil
2021-09-05,RN,115.0,Nordeste,Brasil
2021-09-12,RN,75.0,Nordeste,Brasil
2021-09-19,RN,61.0,Nordeste,Brasil
2021-09-26,RN,68.0,Nordeste,Brasil
2021-10-03,RN,49.0,Nordeste,Brasil
2021-10-10,RN,71.0,Nordeste,Brasil
2021-10-17,RN,54.0,Nordeste,Brasil
2021-10-24,RN,49.0,Nordeste,Brasil
2021-10-31,RN,42.0,Nordeste,Brasil
2021-11-07,RN,47.0,Nordeste,Brasil
2021-11-14,RN,116.0,Nordeste,Brasil
2021-11-21,RN,49.0,Nordeste,Brasil
2021-11-28,RN,73.0,Nordeste,Brasil
2021-12-05,RN,103.0,Nordeste,Brasil
2021-12-12,RN,77.0,Nordeste,Brasil
2021-12-19,RN,86.0,Nordeste,Brasil
2021-12-26,RN,117.0,Nordeste,Brasil
2022-01-02,RN,72.0,Nordeste,Brasil
2022-01-09,RN,17.0,Nordeste,Brasil
2022-01-16,RN,87.0,Nordeste,Brasil
2022-01-23,RN,50.0,Nordeste,Brasil
2022-01-30,RN,55.0,Nordeste,Brasil
2022-02-06,RN,72.0,Nordeste,Brasil
2022-02-13,RN,88.0,Nordeste,Brasil
2022-02-20,RN,90.0,Nordeste,Brasil
2022-02-27,RN,131.0,Nordeste,Brasil
2022-03-06,RN,95.0,Nordeste,Brasil
2022-03-13,RN,240.0,Nordeste,Brasil
2022-03-20,RN,254.0,Nordeste,Brasil
2022-03-27,RN,271.0,Nordeste,Brasil
2022-04-03,RN,282.0,Nordeste,Brasil
2022-04-10,RN,323.0,Nordeste,Brasil
2022-04-17,RN,292.0,Nordeste,Brasil
2022-04-24,RN,493.0,Nordeste,Brasil
2022-05-01,RN,848.0,Nordeste,Brasil
2022-05-08,RN,828.0,Nordeste,Brasil
2022-05-15,RN,926.0,Nordeste,Brasil
2022-05-22,RN,1112.0,Nordeste,Brasil
2022-05-29,RN,1130.0,Nordeste,Brasil
2022-06-05,RN,1161.0,Nordeste,Brasil
2022-06-12,RN,1296.0,Nordeste,Brasil
2022-06-19,RN,988.0,Nordeste,Brasil
2022-06-26,RN,922.0,Nordeste,Brasil
2022-07-03,RN,631.0,Nordeste,Brasil
2022-07-10,RN,647.0,Nordeste,Brasil
2022-07-17,RN,669.0,Nordeste,Brasil
2022-07-24,RN,670.0,Nordeste,Brasil
2022-07-31,RN,592.0,Nordeste,Brasil
2022-08-07,RN,548.0,Nordeste,Brasil
2022-08-14,RN,520.0,Nordeste,Brasil
2022-08-21,RN,525.0,Nordeste,Brasil
2022-08-28,RN,422.0,Nordeste,Brasil
2022-09-04,RN,366.0,Nordeste,Brasil
2022-09-11,RN,261.0,Nordeste,Brasil
2022-09-18,RN,269.0,Nordeste,Brasil
2022-09-25,RN,208.0,Nordeste,Brasil
2022-10-02,RN,177.0,Nordeste,Brasil
2022-10-09,RN,128.0,Nordeste,Brasil
2022-10-16,RN,121.0,Nordeste,Brasil
2022-10-23,RN,104.0,Nordeste,Brasil
2022-10-30,RN,77.0,Nordeste,Brasil
2022-11-06,RN,103.0,Nordeste,Brasil
2022-11-13,RN,88.0,Nordeste,Brasil
2022-11-20,RN,89.0,Nordeste,Brasil
2022-11-27,RN,56.0,Nordeste,Brasil
2022-12-04,RN,47.0,Nordeste,Brasil
2022-12-11,RN,50.0,Nordeste,Brasil
2022-12-18,RN,51.0,Nordeste,Brasil
2022-12-25,RN,44.0,Nordeste,Brasil
2023-01-01,RN,40.0,Nordeste,Brasil
2023-01-08,RN,34.0,Nordeste,Brasil
2023-01-15,RN,55.0,Nordeste,Brasil
2023-01-22,RN,84.0,Nordeste,Brasil
2023-01-29,RN,143.0,Nordeste,Brasil
2023-02-05,RN,84.0,Nordeste,Brasil
2023-02-12,RN,87.0,Nordeste,Brasil
2023-02-19,RN,79.0,Nordeste,Brasil
2023-02-26,RN,75.0,Nordeste,Brasil
2023-03-05,RN,87.0,Nordeste,Brasil
2023-03-12,RN,74.0,Nordeste,Brasil
2023-03-19,RN,64.0,Nordeste,Brasil
2023-03-26,RN,110.0,Nordeste,Brasil
2023-04-02,RN,124.0,Nordeste,Brasil
2023-04-09,RN,130.0,Nordeste,Brasil
2023-04-16,RN,271.0,Nordeste,Brasil
2023-04-23,RN,196.0,Nordeste,Brasil
2023-04-30,RN,190.0,Nordeste,Brasil
2023-05-07,RN,102.0,Nordeste,Brasil
2023-05-14,RN,128.0,Nordeste,Brasil
2023-05-21,RN,105.0,Nordeste,Brasil
2023-05-28,RN,67.0,Nordeste,Brasil
2023-06-04,RN,105.0,Nordeste,Brasil
2023-06-11,RN,67.0,Nordeste,Brasil
2023-06-18,RN,113.0,Nordeste,Brasil
2023-06-25,RN,68.0,Nordeste,Brasil
2023-07-02,RN,51.0,Nordeste,Brasil
2023-07-09,RN,67.0,Nordeste,Brasil
2023-07-16,RN,51.0,Nordeste,Brasil
2023-07-23,RN,43.0,Nordeste,Brasil
2023-07-30,RN,42.0,Nordeste,Brasil
2023-08-06,RN,42.0,Nordeste,Brasil
2023-08-13,RN,48.0,Nordeste,Brasil
2023-08-20,RN,46.0,Nordeste,Brasil
2023-08-27,RN,39.0,Nordeste,Brasil
2023-09-03,RN,33.0,Nordeste,Brasil
2023-09-10,RN,31.0,Nordeste,Brasil
2023-09-17,RN,35.0,Nordeste,Brasil
2023-09-24,RN,44.0,Nordeste,Brasil
2023-10-01,RN,40.0,Nordeste,Brasil
2023-10-08,RN,42.0,Nordeste,Brasil
2023-10-15,RN,32.0,Nordeste,Brasil
2023-10-22,RN,36.0,Nordeste,Brasil
2023-10-29,RN,26.0,Nordeste,Brasil
2023-11-05,RN,25.0,Nordeste,Brasil
2023-11-12,RN,42.0,Nordeste,Brasil
2023-11-19,RN,21.0,Nordeste,Brasil
2023-11-26,RN,30.0,Nordeste,Brasil
2023-12-03,RN,31.0,Nordeste,Brasil
2023-12-10,RN,23.0,Nordeste,Brasil
2023-12-17,RN,32.0,Nordeste,Brasil
2023-12-24,RN,27.0,Nordeste,Brasil
2023-12-31,RN,16.0,Nordeste,Brasil
2024-01-07,RN,22.0,Nordeste,Brasil
2024-01-14,RN,25.0,Nordeste,Brasil
2024-01-21,RN,61.0,Nordeste,Brasil
2024-01-28,RN,61.0,Nordeste,Brasil
2024-02-04,RN,73.0,Nordeste,Brasil
2024-02-11,RN,59.0,Nordeste,Brasil
2024-02-18,RN,59.0,Nordeste,Brasil
2024-02-25,RN,273.0,Nordeste,Brasil
2024-03-03,RN,311.0,Nordeste,Brasil
2024-03-10,RN,443.0,Nordeste,Brasil
2024-03-17,RN,535.0,Nordeste,Brasil
2024-03-24,RN,563.0,Nordeste,Brasil
2024-03-31,RN,316.0,Nordeste,Brasil
2024-04-07,RN,323.0,Nordeste,Brasil
2024-04-14,RN,301.0,Nordeste,Brasil
2024-04-21,RN,292.0,Nordeste,Brasil
2024-04-28,RN,226.0,Nordeste,Brasil
2024-05-05,RN,157.0,Nordeste,Brasil
2024-05-12,RN,182.0,Nordeste,Brasil
2024-05-19,RN,134.0,Nordeste,Brasil
2024-05-26,RN,120.0,Nordeste,Brasil
2024-06-02,RN,99.0,Nordeste,Brasil
2024-06-09,RN,96.0,Nordeste,Brasil
2024-06-16,RN,106.0,Nordeste,Brasil
2024-06-23,RN,60.0,Nordeste,Brasil
2024-06-30,RN,77.0,Nordeste,Brasil
2024-07-07,RN,88.0,Nordeste,Brasil
2024-07-14,RN,91.0,Nordeste,Brasil
2024-07-21,RN,96.0,Nordeste,Brasil
2024-07-28,RN,77.0,Nordeste,Brasil
2024-08-04,RN,89.0,Nordeste,Brasil
2024-08-11,RN,76.0,Nordeste,Brasil
2024-08-18,RN,75.0,Nordeste,Brasil
2024-08-25,RN,56.0,Nordeste,Brasil
2024-09-01,RN,45.0,Nordeste,Brasil
2024-09-08,RN,37.0,Nordeste,Brasil
2024-09-15,RN,41.0,Nordeste,Brasil
2024-09-22,RN,27.0,Nordeste,Brasil
2024-09-29,RN,39.0,Nordeste,Brasil
2024-10-06,RN,13.0,Nordeste,Brasil
2024-10-13,RN,33.0,Nordeste,Brasil
2024-10-20,RN,35.0,Nordeste,Brasil
2024-10-27,RN,34.0,Nordeste,Brasil
2024-11-03,RN,22.0,Nordeste,Brasil
2024-11-10,RN,23.0,Nordeste,Brasil
2024-11-17,RN,29.0,Nordeste,Brasil
2024-11-24,RN,20.0,Nordeste,Brasil
2024-12-01,RN,12.0,Nordeste,Brasil
2024-12-08,RN,17.0,Nordeste,Brasil
2024-12-15,RN,23.0,Nordeste,Brasil
2024-12-22,RN,25.0,Nordeste,Brasil
2024-12-29,RN,13.0,Nordeste,Brasil
2025-01-05,RN,12.0,Nordeste,Brasil
2025-01-12,RN,13.0,Nordeste,Brasil
2025-01-19,RN,31.0,Nordeste,Brasil
2025-01-26,RN,40.0,Nordeste,Brasil
2025-02-02,RN,53.0,Nordeste,Brasil
2025-02-09,RN,47.0,Nordeste,Brasil
2025-02-16,RN,52.0,Nordeste,Brasil
2025-02-23,RN,49.0,Nordeste,Brasil
2025-03-02,RN,56.0,Nordeste,Brasil
2025-03-09,RN,46.0,Nordeste,Brasil
2025-03-16,RN,88.0,Nordeste,Brasil
2025-03-23,RN,128.0,Nordeste,Brasil
2025-03-30,RN,92.0,Nordeste,Brasil
2025-04-06,RN,109.0,Nordeste,Brasil
2025-04-13,RN,134.0,Nordeste,Brasil
2025-04-20,RN,88.0,Nordeste,Brasil
2025-04-27,RN,110.0,Nordeste,Brasil
2025-05-04,RN,126.0,Nordeste,Brasil
2025-05-11,RN,94.0,Nordeste,Brasil
2025-05-18,RN,99.0,Nordeste,Brasil
2025-05-25,RN,84.0,Nordeste,Brasil
2025-06-01,RN,88.0,Nordeste,Brasil
2025-06-08,RN,103.0,Nordeste,Brasil
2025-06-15,RN,82.0,Nordeste,Brasil
2025-06-22,RN,54.0,Nordeste,Brasil
2025-06-29,RN,86.0,Nordeste,Brasil
2025-07-06,RN,104.0,Nordeste,Brasil
2025-07-13,RN,104.0,Nordeste,Brasil
2025-07-20,RN,114.0,Nordeste,Brasil
2025-07-27,RN,150.0,Nordeste,Brasil
2025-08-03,RN,140.0,Nordeste,Brasil
2025-08-10,RN,192.0,Nordeste,Brasil
2025-08-17,RN,133.0,Nordeste,Brasil
2025-08-24,RN,181.0,Nordeste,Brasil
2025-08-31,RN,111.0,Nordeste,Brasil
2025-09-07,RN,117.0,Nordeste,Brasil
2025-09-14,RN,157.0,Nordeste,Brasil
2025-09-21,RN,179.0,Nordeste,Brasil
2025-09-28,RN,161.0,Nordeste,Brasil
2025-10-05,RN,90.0,Nordeste,Brasil
2025-10-12,RN,90.0,Nordeste,Brasil
2025-10-19,RN,87.0,Nordeste,Brasil
2025-10-26,RN,100.0,Nordeste,Brasil
2025-11-02,RN,80.0,Nordeste,Brasil
2025-11-09,RN,56.0,Nordeste,Brasil
2025-11-16,RN,66.0,Nordeste,Brasil
2025-11-23,RN,46.0,Nordeste,Brasil
2025-11-30,RN,46.0,Nordeste,Brasil
2025-12-07,RN,28.0,Nordeste,Brasil
2025-12-14,RN,50.0,Nordeste,Brasil
2025-12-21,RN,28.0,Nordeste,Brasil
2025-12-28,RN,32.0,Nordeste,Brasil
2026-01-04,RN,14.0,Nordeste,Brasil
2026-01-11,RN,35.0,Nordeste,Brasil
2026-01-18,RN,32.0,Nordeste,Brasil
2026-01-25,RN,36.0,Nordeste,Brasil
2026-02-01,RN,27.0,Nordeste,Brasil
2026-02-08,RN,39.0,Nordeste,Brasil
2026-02-15,RN,32.0,Nordeste,Brasil
2026-02-22,RN,36.0,Nordeste,Brasil
2026-03-01,RN,83.0,Nordeste,Brasil
2026-03-08,RN,65.0,Nordeste,Brasil
2026-03-15,RN,67.0,Nordeste,Brasil
2026-03-22,RN,63.0,Nordeste,Brasil
2026-03-29,RN,62.0,Nordeste,Brasil
2026-04-05,RN,51.0,Nordeste,Brasil
2026-04-12,RN,51.0,Nordeste,Brasil
2026-04-19,RN,54.0,Nordeste,Brasil
2026-04-26,RN,24.0,Nordeste,Brasil
2026-05-03,RN,46.0,Nordeste,Brasil
2026-05-10,RN,41.0,Nordeste,Brasil
2026-05-17,RN,47.0,Nordeste,Brasil
2026-05-24,RN,57.0,Nordeste,Brasil
2026-05-31,RN,57.0,Nordeste,Brasil
2026-06-07,RN,43.0,Nordeste,Brasil
2026-06-14,RN,56.0,Nordeste,Brasil
2026-06-21,RN,55.0,Nordeste,Brasil
2026-06-28,RN,32.0,Nordeste,Brasil
2026-07-05,RN,67.0,Nordeste,Brasil
2026-07-12,RN,56.0,Nordeste,Brasil
2026-07-19,RN,46.0,Nordeste,Brasil
2026-07-26,RN,45.0,Nordeste,Brasil
2026-08-02,RN,54.0,Nordeste,Brasil
2026-08-09,RN,37.0,Nordeste,Brasil
2026-08-16,RN,80.0,Nordeste,Brasil
2026-08-23,RN,56.0,Nordeste,Brasil
2026-08-30,RN,54.0,Nordeste,Brasil
2026-09-06,RN,37.0,Nordeste,Brasil
2026-09-13,RN,37.0,Nordeste,Brasil
2014-06-22,RO,1.0,Norte,Brasil
2014-06-29,RO,1.0,Norte,Brasil
2014-07-06,RO,1.0,Norte,Brasil
2014-07-13,RO,1.0,Norte,Brasil
2014-07-20,RO,1.0,Norte,Brasil
2014-07-27,RO,1.0,Norte,Brasil
2014-08-03,RO,1.0,Norte,Brasil
2014-08-10,RO,1.0,Norte,Brasil
2014-08-17,RO,1.0,Norte,Brasil
2014-08-24,RO,1.0,Norte,Brasil
2014-08-31,RO,1.0,Norte,Brasil
2014-09-07,RO,1.0,Norte,Brasil
2014-09-14,RO,1.0,Norte,Brasil
2014-09-21,RO,1.0,Norte,Brasil
2014-09-28,RO,1.0,Norte,Brasil
2014-10-05,RO,1.0,Norte,Brasil
2014-10-12,RO,1.0,Norte,Brasil
2014-10-19,RO,2.0,Norte,Brasil
2014-10-26,RO,1.0,Norte,Brasil
2014-11-02,RO,1.0,Norte,Brasil
2014-11-09,RO,1.0,Norte,Brasil
2014-11-16,RO,1.0,Norte,Brasil
2014-11-23,RO,1.0,Norte,Brasil
2014-11-30,RO,1.0,Norte,Brasil
2014-12-07,RO,1.0,Norte,Brasil
2014-12-14,RO,1.0,Norte,Brasil
2014-12-21,RO,1.0,Norte,Brasil
2014-12-28,RO,1.0,Norte,Brasil
2015-01-04,RO,1.0,Norte,Brasil
2015-01-11,RO,1.0,Norte,Brasil
2015-01-18,RO,1.0,Norte,Brasil
2015-01-25,RO,1.0,Norte,Brasil
2015-02-01,RO,2.0,Norte,Brasil
2015-02-08,RO,2.0,Norte,Brasil
2015-02-15,RO,2.0,Norte,Brasil
2015-02-22,RO,2.0,Norte,Brasil
2015-03-01,RO,2.0,Norte,Brasil
2015-03-08,RO,1.0,Norte,Brasil
2015-03-15,RO,1.0,Norte,Brasil
2015-03-22,RO,1.0,Norte,Brasil
2015-03-29,RO,1.0,Norte,Brasil
2015-04-05,RO,1.0,Norte,Brasil
2015-04-12,RO,1.0,Norte,Brasil
2015-04-19,RO,1.0,Norte,Brasil
2015-04-26,RO,1.0,Norte,Brasil
2015-05-03,RO,1.0,Norte,Brasil
2015-05-10,RO,1.0,Norte,Brasil
2015-05-17,RO,1.0,Norte,Brasil
2015-05-24,RO,1.0,Norte,Brasil
2015-05-31,RO,5.0,Norte,Brasil
2015-06-07,RO,5.0,Norte,Brasil
2015-06-14,RO,5.0,Norte,Brasil
2015-06-21,RO,5.0,Norte,Brasil
2015-06-28,RO,1.0,Norte,Brasil
2015-07-05,RO,1.0,Norte,Brasil
2015-07-12,RO,1.0,Norte,Brasil
2015-07-19,RO,1.0,Norte,Brasil
2015-07-26,RO,1.0,Norte,Brasil
2015-08-02,RO,1.0,Norte,Brasil
2015-08-09,RO,1.0,Norte,Brasil
2015-08-16,RO,1.0,Norte,Brasil
2015-08-23,RO,2.0,Norte,Brasil
2015-08-30,RO,2.0,Norte,Brasil
2015-09-06,RO,1.0,Norte,Brasil
2015-09-13,RO,1.0,Norte,Brasil
2015-09-20,RO,1.0,Norte,Brasil
2015-09-27,RO,1.0,Norte,Brasil
2015-10-04,RO,1.0,Norte,Brasil
2015-10-11,RO,1.0,Norte,Brasil
2015-10-18,RO,1.0,Norte,Brasil
2015-10-25,RO,1.0,Norte,Brasil
2015-11-01,RO,1.0,Norte,Brasil
2015-11-08,RO,1.0,Norte,Brasil
2015-11-15,RO,1.0,Norte,Brasil
2015-11-22,RO,1.0,Norte,Brasil
2015-11-29,RO,3.0,Norte,Brasil
2015-12-06,RO,4.0,Norte,Brasil
2015-12-13,RO,8.0,Norte,Brasil
2015-12-20,RO,5.0,Norte,Brasil
2015-12-27,RO,2.0,Norte,Brasil
2016-01-03,RO,2.0,Norte,Brasil
2016-01-10,RO,7.0,Norte,Brasil
2016-01-17,RO,34.0,Norte,Brasil
2016-01-24,RO,29.0,Norte,Brasil
2016-01-31,RO,59.0,Norte,Brasil
2016-02-07,RO,90.0,Norte,Brasil
2016-02-14,RO,82.0,Norte,Brasil
2016-02-21,RO,145.0,Norte,Brasil
2016-02-28,RO,149.0,Norte,Brasil
2016-03-06,RO,133.0,Norte,Brasil
2016-03-13,RO,117.0,Norte,Brasil
2016-03-20,RO,113.0,Norte,Brasil
2016-03-27,RO,89.0,Norte,Brasil
2016-04-03,RO,79.0,Norte,Brasil
2016-04-10,RO,124.0,Norte,Brasil
2016-04-17,RO,76.0,Norte,Brasil
2016-04-24,RO,42.0,Norte,Brasil
2016-05-01,RO,40.0,Norte,Brasil
2016-05-08,RO,29.0,Norte,Brasil
2016-05-15,RO,30.0,Norte,Brasil
2016-05-22,RO,21.0,Norte,Brasil
2016-05-29,RO,18.0,Norte,Brasil
2016-06-05,RO,18.0,Norte,Brasil
2016-06-12,RO,14.0,Norte,Brasil
2016-06-19,RO,16.0,Norte,Brasil
2016-06-26,RO,22.0,Norte,Brasil
2016-07-03,RO,11.0,Norte,Brasil
2016-07-10,RO,10.0,Norte,Brasil
2016-07-17,RO,31.0,Norte,Brasil
2016-07-24,RO,11.0,Norte,Brasil
2016-07-31,RO,12.0,Norte,Brasil
2016-08-07,RO,10.0,Norte,Brasil
2016-08-14,RO,10.0,Norte,Brasil
2016-08-21,RO,7.0,Norte,Brasil
2016-08-28,RO,9.0,Norte,Brasil
2016-09-04,RO,11.0,Norte,Brasil
2016-09-11,RO,6.0,Norte,Brasil
2016-09-18,RO,1.0,Norte,Brasil
2016-09-25,RO,6.0,Norte,Brasil
2016-10-02,RO,6.0,Norte,Brasil
2016-10-09,RO,2.0,Norte,Brasil
2016-10-16,RO,6.0,Norte,Brasil
2016-10-23,RO,6.0,Norte,Brasil
2016-10-30,RO,6.0,Norte,Brasil
2016-11-06,RO,6.0,Norte,Brasil
2016-11-13,RO,8.0,Norte,Brasil
2016-11-20,RO,7.0,Norte,Brasil
2016-11-27,RO,18.0,Norte,Brasil
2016-12-04,RO,11.0,Norte,Brasil
2016-12-11,RO,16.0,Norte,Brasil
2016-12-18,RO,19.0,Norte,Brasil
2016-12-25,RO,17.0,Norte,Brasil
2017-01-01,RO,22.0,Norte,Brasil
2017-01-08,RO,14.0,Norte,Brasil
2017-01-15,RO,21.0,Norte,Brasil
2017-01-22,RO,36.0,Norte,Brasil
2017-01-29,RO,45.0,Norte,Brasil
2017-02-05,RO,42.0,Norte,Brasil
2017-02-12,RO,43.0,Norte,Brasil
2017-02-19,RO,56.0,Norte,Brasil
2017-02-26,RO,47.0,Norte,Brasil
2017-03-05,RO,27.0,Norte,Brasil
2017-03-12,RO,28.0,Norte,Brasil
2017-03-19,RO,35.0,Norte,Brasil
2017-03-26,RO,36.0,Norte,Brasil
2017-04-02,RO,44.0,Norte,Brasil
2017-04-09,RO,21.0,Norte,Brasil
2017-04-16,RO,19.0,Norte,Brasil
2017-04-23,RO,18.0,Norte,Brasil
2017-04-30,RO,7.0,Norte,Brasil
2017-05-07,RO,11.0,Norte,Brasil
2017-05-14,RO,12.0,Norte,Brasil
2017-05-21,RO,16.0,Norte,Brasil
2017-05-28,RO,15.0,Norte,Brasil
2017-06-04,RO,10.0,Norte,Brasil
2017-06-11,RO,5.0,Norte,Brasil
2017-06-18,RO,8.0,Norte,Brasil
2017-06-25,RO,13.0,Norte,Brasil
2017-07-02,RO,6.0,Norte,Brasil
2017-07-09,RO,10.0,Norte,Brasil
2017-07-16,RO,5.0,Norte,Brasil
2017-07-23,RO,7.0,Norte,Brasil
2017-07-30,RO,4.0,Norte,Brasil
2017-08-06,RO,4.0,Norte,Brasil
2017-08-13,RO,7.0,Norte,Brasil
2017-08-20,RO,13.0,Norte,Brasil
2017-08-27,RO,14.0,Norte,Brasil
2017-09-03,RO,9.0,Norte,Brasil
2017-09-10,RO,2.0,Norte,Brasil
2017-09-17,RO,9.0,Norte,Brasil
2017-09-24,RO,8.0,Norte,Brasil
2017-10-01,RO,4.0,Norte,Brasil
2017-10-08,RO,7.0,Norte,Brasil
2017-10-15,RO,3.0,Norte,Brasil
2017-10-22,RO,9.0,Norte,Brasil
2017-10-29,RO,7.0,Norte,Brasil
2017-11-05,RO,5.0,Norte,Brasil
2017-11-12,RO,8.0,Norte,Brasil
2017-11-19,RO,7.0,Norte,Brasil
2017-11-26,RO,7.0,Norte,Brasil
2017-12-03,RO,10.0,Norte,Brasil
2017-12-10,RO,15.0,Norte,Brasil
2017-12-17,RO,6.0,Norte,Brasil
2017-12-24,RO,10.0,Norte,Brasil
2017-12-31,RO,5.0,Norte,Brasil
2018-01-07,RO,8.0,Norte,Brasil
2018-01-14,RO,11.0,Norte,Brasil
2018-01-21,RO,18.0,Norte,Brasil
2018-01-28,RO,23.0,Norte,Brasil
2018-02-04,RO,13.0,Norte,Brasil
2018-02-11,RO,16.0,Norte,Brasil
2018-02-18,RO,9.0,Norte,Brasil
2018-02-25,RO,14.0,Norte,Brasil
2018-03-04,RO,13.0,Norte,Brasil
2018-03-11,RO,6.0,Norte,Brasil
2018-03-18,RO,12.0,Norte,Brasil
2018-03-25,RO,16.0,Norte,Brasil
2018-04-01,RO,7.0,Norte,Brasil
2018-04-08,RO,12.0,Norte,Brasil
2018-04-15,RO,30.0,Norte,Brasil
2018-04-22,RO,19.0,Norte,Brasil
2018-04-29,RO,16.0,Norte,Brasil
2018-05-06,RO,14.0,Norte,Brasil
2018-05-13,RO,12.0,Norte,Brasil
2018-05-20,RO,10.0,Norte,Brasil
2018-05-27,RO,7.0,Norte,Brasil
2018-06-03,RO,12.0,Norte,Brasil
2018-06-10,RO,6.0,Norte,Brasil
2018-06-17,RO,7.0,Norte,Brasil
2018-06-24,RO,2.0,Norte,Brasil
2018-07-01,RO,11.0,Norte,Brasil
2018-07-08,RO,4.0,Norte,Brasil
2018-07-15,RO,9.0,Norte,Brasil
2018-07-22,RO,5.0,Norte,Brasil
2018-07-29,RO,5.0,Norte,Brasil
2018-08-05,RO,6.0,Norte,Brasil
2018-08-12,RO,6.0,Norte,Brasil
2018-08-19,RO,6.0,Norte,Brasil
2018-08-26,RO,6.0,Norte,Brasil
2018-09-02,RO,3.0,Norte,Brasil
2018-09-09,RO,2.0,Norte,Brasil
2018-09-16,RO,6.0,Norte,Brasil
2018-09-23,RO,3.0,Norte,Brasil
2018-09-30,RO,1.0,Norte,Brasil
2018-10-07,RO,4.0,Norte,Brasil
2018-10-14,RO,3.0,Norte,Brasil
2018-10-21,RO,5.0,Norte,Brasil
2018-10-28,RO,4.0,Norte,Brasil
2018-11-04,RO,3.0,Norte,Brasil
2018-11-11,RO,7.0,Norte,Brasil
2018-11-18,RO,5.0,Norte,Brasil
2018-11-25,RO,9.0,Norte,Brasil
2018-12-02,RO,5.0,Norte,Brasil
2018-12-09,RO,7.0,Norte,Brasil
2018-12-16,RO,8.0,Norte,Brasil
2018-12-23,RO,3.0,Norte,Brasil
2018-12-30,RO,8.0,Norte,Brasil
2019-01-06,RO,2.0,Norte,Brasil
2019-01-13,RO,6.0,Norte,Brasil
2019-01-20,RO,14.0,Norte,Brasil
2019-01-27,RO,5.0,Norte,Brasil
2019-02-03,RO,11.0,Norte,Brasil
2019-02-10,RO,9.0,Norte,Brasil
2019-02-17,RO,7.0,Norte,Brasil
2019-02-24,RO,4.0,Norte,Brasil
2019-03-03,RO,8.0,Norte,Brasil
2019-03-10,RO,5.0,Norte,Brasil
2019-03-17,RO,11.0,Norte,Brasil
2019-03-24,RO,20.0,Norte,Brasil
2019-03-31,RO,5.0,Norte,Brasil
2019-04-07,RO,22.0,Norte,Brasil
2019-04-14,RO,12.0,Norte,Brasil
2019-04-21,RO,9.0,Norte,Brasil
2019-04-28,RO,17.0,Norte,Brasil
2019-05-05,RO,44.0,Norte,Brasil
2019-05-12,RO,10.0,Norte,Brasil
2019-05-19,RO,19.0,Norte,Brasil
2019-05-26,RO,12.0,Norte,Brasil
2019-06-02,RO,7.0,Norte,Brasil
2019-06-09,RO,11.0,Norte,Brasil
2019-06-16,RO,6.0,Norte,Brasil
2019-06-23,RO,9.0,Norte,Brasil
2019-06-30,RO,5.0,Norte,Brasil
2019-07-07,RO,6.0,Norte,Brasil
2019-07-14,RO,8.0,Norte,Brasil
2019-07-21,RO,13.0,Norte,Brasil
2019-07-28,RO,10.0,Norte,Brasil
2019-08-04,RO,8.0,Norte,Brasil
2019-08-11,RO,7.0,Norte,Brasil
2019-08-18,RO,15.0,Norte,Brasil
2019-08-25,RO,22.0,Norte,Brasil
2019-09-01,RO,10.0,Norte,Brasil
2019-09-08,RO,12.0,Norte,Brasil
2019-09-15,RO,5.0,Norte,Brasil
2019-09-22,RO,3.0,Norte,Brasil
2019-09-29,RO,7.0,Norte,Brasil
2019-10-06,RO,15.0,Norte,Brasil
2019-10-13,RO,7.0,Norte,Brasil
2019-10-20,RO,7.0,Norte,Brasil
2019-10-27,RO,16.0,Norte,Brasil
2019-11-03,RO,12.0,Norte,Brasil
2019-11-10,RO,6.0,Norte,Brasil
2019-11-17,RO,7.0,Norte,Brasil
2019-11-24,RO,11.0,Norte,Brasil
2019-12-01,RO,9.0,Norte,Brasil
2019-12-08,RO,27.0,Norte,Brasil
2019-12-15,RO,18.0,Norte,Brasil
2019-12-22,RO,19.0,Norte,Brasil
2019-12-29,RO,6.0,Norte,Brasil
2020-01-05,RO,6.0,Norte,Brasil
2020-01-12,RO,18.0,Norte,Brasil
2020-01-19,RO,27.0,Norte,Brasil
2020-01-26,RO,40.0,Norte,Brasil
2020-02-02,RO,42.0,Norte,Brasil
2020-02-09,RO,53.0,Norte,Brasil
2020-02-16,RO,45.0,Norte,Brasil
2020-02-23,RO,55.0,Norte,Brasil
2020-03-01,RO,31.0,Norte,Brasil
2020-03-08,RO,45.0,Norte,Brasil
2020-03-15,RO,38.0,Norte,Brasil
2020-03-22,RO,51.0,Norte,Brasil
2020-03-29,RO,55.0,Norte,Brasil
2020-04-05,RO,51.0,Norte,Brasil
2020-04-12,RO,44.0,Norte,Brasil
2020-04-19,RO,50.0,Norte,Brasil
2020-04-26,RO,20.0,Norte,Brasil
2020-05-03,RO,15.0,Norte,Brasil
2020-05-10,RO,18.0,Norte,Brasil
2020-05-17,RO,17.0,Norte,Brasil
2020-05-24,RO,20.0,Norte,Brasil
2020-05-31,RO,19.0,Norte,Brasil
2020-06-07,RO,17.0,Norte,Brasil
2020-06-14,RO,10.0,Norte,Brasil
2020-06-21,RO,6.0,Norte,Brasil
2020-06-28,RO,15.0,Norte,Brasil
2020-07-05,RO,2.0,Norte,Brasil
2020-07-12,RO,6.0,Norte,Brasil
2020-07-19,RO,12.0,Norte,Brasil
2020-07-26,RO,4.0,Norte,Brasil
2020-08-02,RO,7.0,Norte,Brasil
2020-08-09,RO,9.0,Norte,Brasil
2020-08-16,RO,10.0,Norte,Brasil
2020-08-23,RO,3.0,Norte,Brasil
2020-08-30,RO,8.0,Norte,Brasil
2020-09-06,RO,7.0,Norte,Brasil
2020-09-13,RO,4.0,Norte,Brasil
2020-09-20,RO,9.0,Norte,Brasil
2020-09-27,RO,7.0,Norte,Brasil
2020-10-04,RO,6.0,Norte,Brasil
2020-10-11,RO,3.0,Norte,Brasil
2020-10-18,RO,5.0,Norte,Brasil
2020-10-25,RO,6.0,Norte,Brasil
2020-11-01,RO,2.0,Norte,Brasil
2020-11-08,RO,4.0,Norte,Brasil
2020-11-15,RO,6.0,Norte,Brasil
2020-11-22,RO,11.0,Norte,Brasil
2020-11-29,RO,24.0,Norte,Brasil
2020-12-06,RO,20.0,Norte,Brasil
2020-12-13,RO,14.0,Norte,Brasil
2020-12-20,RO,24.0,Norte,Brasil
2020-12-27,RO,13.0,Norte,Brasil
2021-01-03,RO,13.0,Norte,Brasil
2021-01-10,RO,4.0,Norte,Brasil
2021-01-17,RO,18.0,Norte,Brasil
2021-01-24,RO,13.0,Norte,Brasil
2021-01-31,RO,15.0,Norte,Brasil
2021-02-07,RO,9.0,Norte,Brasil
2021-02-14,RO,25.0,Norte,Brasil
2021-02-21,RO,18.0,Norte,Brasil
2021-02-28,RO,19.0,Norte,Brasil
2021-03-07,RO,20.0,Norte,Brasil
2021-03-14,RO,22.0,Norte,Brasil
2021-03-21,RO,19.0,Norte,Brasil
2021-03-28,RO,28.0,Norte,Brasil
2021-04-04,RO,20.0,Norte,Brasil
2021-04-11,RO,13.0,Norte,Brasil
2021-04-18,RO,10.0,Norte,Brasil
2021-04-25,RO,7.0,Norte,Brasil
2021-05-02,RO,11.0,Norte,Brasil
2021-05-09,RO,7.0,Norte,Brasil
2021-05-16,RO,8.0,Norte,Brasil
2021-05-23,RO,6.0,Norte,Brasil
2021-05-30,RO,2.0,Norte,Brasil
2021-06-06,RO,3.0,Norte,Brasil
2021-06-13,RO,9.0,Norte,Brasil
2021-06-20,RO,11.0,Norte,Brasil
2021-06-27,RO,4.0,Norte,Brasil
2021-07-04,RO,3.0,Norte,Brasil
2021-07-11,RO,3.0,Norte,Brasil
2021-07-18,RO,4.0,Norte,Brasil
2021-07-25,RO,3.0,Norte,Brasil
2021-08-01,RO,4.0,Norte,Brasil
2021-08-08,RO,3.0,Norte,Brasil
2021-08-15,RO,6.0,Norte,Brasil
2021-08-22,RO,6.0,Norte,Brasil
2021-08-29,RO,6.0,Norte,Brasil
2021-09-05,RO,2.0,Norte,Brasil
2021-09-12,RO,1.0,Norte,Brasil
2021-09-19,RO,7.0,Norte,Brasil
2021-09-26,RO,4.0,Norte,Brasil
2021-10-03,RO,1.0,Norte,Brasil
2021-10-10,RO,4.0,Norte,Brasil
2021-10-17,RO,4.0,Norte,Brasil
2021-10-24,RO,4.0,Norte,Brasil
2021-10-31,RO,2.0,Norte,Brasil
2021-11-07,RO,2.0,Norte,Brasil
2021-11-14,RO,6.0,Norte,Brasil
2021-11-21,RO,6.0,Norte,Brasil
2021-11-28,RO,6.0,Norte,Brasil
2021-12-05,RO,2.0,Norte,Brasil
2021-12-12,RO,1.0,Norte,Brasil
2021-12-19,RO,4.0,Norte,Brasil
2021-12-26,RO,8.0,Norte,Brasil
2022-01-02,RO,14.0,Norte,Brasil
2022-01-09,RO,8.0,Norte,Brasil
2022-01-16,RO,28.0,Norte,Brasil
2022-01-23,RO,28.0,Norte,Brasil
2022-01-30,RO,9.0,Norte,Brasil
2022-02-06,RO,12.0,Norte,Brasil
2022-02-13,RO,4.0,Norte,Brasil
2022-02-20,RO,5.0,Norte,Brasil
2022-02-27,RO,5.0,Norte,Brasil
2022-03-06,RO,10.0,Norte,Brasil
2022-03-13,RO,20.0,Norte,Brasil
2022-03-20,RO,13.0,Norte,Brasil
2022-03-27,RO,17.0,Norte,Brasil
2022-04-03,RO,18.0,Norte,Brasil
2022-04-10,RO,15.0,Norte,Brasil
2022-04-17,RO,15.0,Norte,Brasil
2022-04-24,RO,28.0,Norte,Brasil
2022-05-01,RO,22.0,Norte,Brasil
2022-05-08,RO,15.0,Norte,Brasil
2022-05-15,RO,29.0,Norte,Brasil
2022-05-22,RO,12.0,Norte,Brasil
2022-05-29,RO,17.0,Norte,Brasil
2022-06-05,RO,12.0,Norte,Brasil
2022-06-12,RO,7.0,Norte,Brasil
2022-06-19,RO,6.0,Norte,Brasil
2022-06-26,RO,11.0,Norte,Brasil
2022-07-03,RO,4.0,Norte,Brasil
2022-07-10,RO,9.0,Norte,Brasil
2022-07-17,RO,8.0,Norte,Brasil
2022-07-24,RO,9.0,Norte,Brasil
2022-07-31,RO,8.0,Norte,Brasil
2022-08-07,RO,3.0,Norte,Brasil
2022-08-14,RO,8.0,Norte,Brasil
2022-08-21,RO,10.0,Norte,Brasil
2022-08-28,RO,8.0,Norte,Brasil
2022-09-04,RO,3.0,Norte,Brasil
2022-09-11,RO,3.0,Norte,Brasil
2022-09-18,RO,4.0,Norte,Brasil
2022-09-25,RO,4.0,Norte,Brasil
2022-10-02,RO,2.0,Norte,Brasil
2022-10-09,RO,3.0,Norte,Brasil
2022-10-16,RO,6.0,Norte,Brasil
2022-10-23,RO,4.0,Norte,Brasil
2022-10-30,RO,4.0,Norte,Brasil
2022-11-06,RO,3.0,Norte,Brasil
2022-11-13,RO,6.0,Norte,Brasil
2022-11-20,RO,5.0,Norte,Brasil
2022-11-27,RO,8.0,Norte,Brasil
2022-12-04,RO,6.0,Norte,Brasil
2022-12-11,RO,9.0,Norte,Brasil
2022-12-18,RO,2.0,Norte,Brasil
2022-12-25,RO,9.0,Norte,Brasil
2023-01-01,RO,7.0,Norte,Brasil
2023-01-08,RO,2.0,Norte,Brasil
2023-01-15,RO,6.0,Norte,Brasil
2023-01-22,RO,13.0,Norte,Brasil
2023-01-29,RO,17.0,Norte,Brasil
2023-02-05,RO,12.0,Norte,Brasil
2023-02-12,RO,12.0,Norte,Brasil
2023-02-19,RO,19.0,Norte,Brasil
2023-02-26,RO,14.0,Norte,Brasil
2023-03-05,RO,17.0,Norte,Brasil
2023-03-12,RO,14.0,Norte,Brasil
2023-03-19,RO,30.0,Norte,Brasil
2023-03-26,RO,41.0,Norte,Brasil
2023-04-02,RO,56.0,Norte,Brasil
2023-04-09,RO,37.0,Norte,Brasil
2023-04-16,RO,47.0,Norte,Brasil
2023-04-23,RO,24.0,Norte,Brasil
2023-04-30,RO,44.0,Norte,Brasil
2023-05-07,RO,44.0,Norte,Brasil
2023-05-14,RO,37.0,Norte,Brasil
2023-05-21,RO,48.0,Norte,Brasil
2023-05-28,RO,14.0,Norte,Brasil
2023-06-04,RO,21.0,Norte,Brasil
2023-06-11,RO,19.0,Norte,Brasil
2023-06-18,RO,13.0,Norte,Brasil
2023-06-25,RO,12.0,Norte,Brasil
2023-07-02,RO,16.0,Norte,Brasil
2023-07-09,RO,14.0,Norte,Brasil
2023-07-16,RO,16.0,Norte,Brasil
2023-07-23,RO,21.0,Norte,Brasil
2023-07-30,RO,11.0,Norte,Brasil
2023-08-06,RO,14.0,Norte,Brasil
2023-08-13,RO,11.0,Norte,Brasil
2023-08-20,RO,12.0,Norte,Brasil
2023-08-27,RO,18.0,Norte,Brasil
2023-09-03,RO,13.0,Norte,Brasil
2023-09-10,RO,16.0,Norte,Brasil
2023-09-17,RO,14.0,Norte,Brasil
2023-09-24,RO,13.0,Norte,Brasil
2023-10-01,RO,7.0,Norte,Brasil
2023-10-08,RO,8.0,Norte,Brasil
2023-10-15,RO,15.0,Norte,Brasil
2023-10-22,RO,14.0,Norte,Brasil
2023-10-29,RO,17.0,Norte,Brasil
2023-11-05,RO,9.0,Norte,Brasil
2023-11-12,RO,10.0,Norte,Brasil
2023-11-19,RO,12.0,Norte,Brasil
2023-11-26,RO,11.0,Norte,Brasil
2023-12-03,RO,5.0,Norte,Brasil
2023-12-10,RO,14.0,Norte,Brasil
2023-12-17,RO,13.0,Norte,Brasil
2023-12-24,RO,23.0,Norte,Brasil
2023-12-31,RO,24.0,Norte,Brasil
2024-01-07,RO,21.0,Norte,Brasil
2024-01-14,RO,63.0,Norte,Brasil
2024-01-21,RO,126.0,Norte,Brasil
2024-01-28,RO,174.0,Norte,Brasil
2024-02-04,RO,198.0,Norte,Brasil
2024-02-11,RO,99.0,Norte,Brasil
2024-02-18,RO,97.0,Norte,Brasil
2024-02-25,RO,151.0,Norte,Brasil
2024-03-03,RO,106.0,Norte,Brasil
2024-03-10,RO,165.0,Norte,Brasil
2024-03-17,RO,139.0,Norte,Brasil
2024-03-24,RO,106.0,Norte,Brasil
2024-03-31,RO,58.0,Norte,Brasil
2024-04-07,RO,51.0,Norte,Brasil
2024-04-14,RO,57.0,Norte,Brasil
2024-04-21,RO,63.0,Norte,Brasil
2024-04-28,RO,42.0,Norte,Brasil
2024-05-05,RO,25.0,Norte,Brasil
2024-05-12,RO,24.0,Norte,Brasil
2024-05-19,RO,14.0,Norte,Brasil
2024-05-26,RO,28.0,Norte,Brasil
2024-06-02,RO,13.0,Norte,Brasil
2024-06-09,RO,17.0,Norte,Brasil
2024-06-16,RO,10.0,Norte,Brasil
2024-06-23,RO,16.0,Norte,Brasil
2024-06-30,RO,9.0,Norte,Brasil
2024-07-07,RO,17.0,Norte,Brasil
2024-07-14,RO,12.0,Norte,Brasil
2024-07-21,RO,6.0,Norte,Brasil
2024-07-28,RO,6.0,Norte,Brasil
2024-08-04,RO,13.0,Norte,Brasil
2024-08-11,RO,10.0,Norte,Brasil
2024-08-18,RO,18.0,Norte,Brasil
2024-08-25,RO,3.0,Norte,Brasil
2024-09-01,RO,12.0,Norte,Brasil
2024-09-08,RO,14.0,Norte,Brasil
2024-09-15,RO,3.0,Norte,Brasil
2024-09-22,RO,15.0,Norte,Brasil
2024-09-29,RO,7.0,Norte,Brasil
2024-10-06,RO,3.0,Norte,Brasil
2024-10-13,RO,3.0,Norte,Brasil
2024-10-20,RO,16.0,Norte,Brasil
2024-10-27,RO,25.0,Norte,Brasil
2024-11-03,RO,12.0,Norte,Brasil
2024-11-10,RO,15.0,Norte,Brasil
2024-11-17,RO,17.0,Norte,Brasil
2024-11-24,RO,14.0,Norte,Brasil
2024-12-01,RO,22.0,Norte,Brasil
2024-12-08,RO,28.0,Norte,Brasil
2024-12-15,RO,19.0,Norte,Brasil
2024-12-22,RO,41.0,Norte,Brasil
2024-12-29,RO,18.0,Norte,Brasil
2025-01-05,RO,5.0,Norte,Brasil
2025-01-12,RO,43.0,Norte,Brasil
2025-01-19,RO,65.0,Norte,Brasil
2025-01-26,RO,92.0,Norte,Brasil
2025-02-02,RO,138.0,Norte,Brasil
2025-02-09,RO,107.0,Norte,Brasil
2025-02-16,RO,182.0,Norte,Brasil
2025-02-23,RO,156.0,Norte,Brasil
2025-03-02,RO,224.0,Norte,Brasil
2025-03-09,RO,257.0,Norte,Brasil
2025-03-16,RO,525.0,Norte,Brasil
2025-03-23,RO,561.0,Norte,Brasil
2025-03-30,RO,606.0,Norte,Brasil
2025-04-06,RO,541.0,Norte,Brasil
2025-04-13,RO,560.0,Norte,Brasil
2025-04-20,RO,542.0,Norte,Brasil
2025-04-27,RO,502.0,Norte,Brasil
2025-05-04,RO,514.0,Norte,Brasil
2025-05-11,RO,641.0,Norte,Brasil
2025-05-18,RO,571.0,Norte,Brasil
2025-05-25,RO,529.0,Norte,Brasil
2025-06-01,RO,358.0,Norte,Brasil
2025-06-08,RO,306.0,Norte,Brasil
2025-06-15,RO,291.0,Norte,Brasil
2025-06-22,RO,198.0,Norte,Brasil
2025-06-29,RO,216.0,Norte,Brasil
2025-07-06,RO,199.0,Norte,Brasil
2025-07-13,RO,151.0,Norte,Brasil
2025-07-20,RO,161.0,Norte,Brasil
2025-07-27,RO,116.0,Norte,Brasil
2025-08-03,RO,120.0,Norte,Brasil
2025-08-10,RO,66.0,Norte,Brasil
2025-08-17,RO,83.0,Norte,Brasil
2025-08-24,RO,72.0,Norte,Brasil
2025-08-31,RO,46.0,Norte,Brasil
2025-09-07,RO,37.0,Norte,Brasil
2025-09-14,RO,29.0,Norte,Brasil
2025-09-21,RO,43.0,Norte,Brasil
2025-09-28,RO,48.0,Norte,Brasil
2025-10-05,RO,30.0,Norte,Brasil
2025-10-12,RO,41.0,Norte,Brasil
2025-10-19,RO,40.0,Norte,Brasil
2025-10-26,RO,32.0,Norte,Brasil
2025-11-02,RO,29.0,Norte,Brasil
2025-11-09,RO,27.0,Norte,Brasil
2025-11-16,RO,45.0,Norte,Brasil
2025-11-23,RO,22.0,Norte,Brasil
2025-11-30,RO,44.0,Norte,Brasil
2025-12-07,RO,32.0,Norte,Brasil
2025-12-14,RO,29.0,Norte,Brasil
2025-12-21,RO,19.0,Norte,Brasil
2025-12-28,RO,14.0,Norte,Brasil
2026-01-04,RO,23.0,Norte,Brasil
2026-01-11,RO,41.0,Norte,Brasil
2026-01-18,RO,77.0,Norte,Brasil
2026-01-25,RO,81.0,Norte,Brasil
2026-02-01,RO,91.0,Norte,Brasil
2026-02-08,RO,105.0,Norte,Brasil
2026-02-15,RO,107.0,Norte,Brasil
2026-02-22,RO,80.0,Norte,Brasil
2026-03-01,RO,101.0,Norte,Brasil
2026-03-08,RO,101.0,Norte,Brasil
2026-03-15,RO,106.0,Norte,Brasil
2026-03-22,RO,100.0,Norte,Brasil
2026-03-29,RO,106.0,Norte,Brasil
2026-04-05,RO,81.0,Norte,Brasil
2026-04-12,RO,119.0,Norte,Brasil
2026-04-19,RO,71.0,Norte,Brasil
2026-04-26,RO,62.0,Norte,Brasil
2026-05-03,RO,40.0,Norte,Brasil
2026-05-10,RO,84.0,Norte,Brasil
2026-05-17,RO,90.0,Norte,Brasil
2026-05-24,RO,81.0,Norte,Brasil
2026-05-31,RO,86.0,Norte,Brasil
2026-06-07,RO,79.0,Norte,Brasil
2026-06-14,RO,78.0,Norte,Brasil
2026-06-21,RO,69.0,Norte,Brasil
2026-06-28,RO,52.0,Norte,Brasil
2026-07-05,RO,48.0,Norte,Brasil
2026-07-12,RO,36.0,Norte,Brasil
2026-07-19,RO,32.0,Norte,Brasil
2026-07-26,RO,42.0,Norte,Brasil
2026-08-02,RO,33.0,Norte,Brasil
2026-08-09,RO,25.0,Norte,Brasil
2026-08-16,RO,37.0,Norte,Brasil
2026-08-23,RO,21.0,Norte,Brasil
2026-08-30,RO,6.0,Norte,Brasil
2026-09-06,RO,6.0,Norte,Brasil
2026-09-13,RO,6.0,Norte,Brasil
2014-08-24,RR,1.0,Norte,Brasil
2014-08-31,RR,2.0,Norte,Brasil
2014-09-07,RR,11.0,Norte,Brasil
2014-09-14,RR,5.0,Norte,Brasil
2014-09-21,RR,10.0,Norte,Brasil
2014-09-28,RR,9.0,Norte,Brasil
2014-10-05,RR,3.0,Norte,Brasil
2014-10-12,RR,15.0,Norte,Brasil
2014-10-19,RR,16.0,Norte,Brasil
2014-10-26,RR,10.0,Norte,Brasil
2014-11-02,RR,12.0,Norte,Brasil
2014-11-09,RR,14.0,Norte,Brasil
2014-11-16,RR,20.0,Norte,Brasil
2014-11-23,RR,17.0,Norte,Brasil
2014-11-30,RR,11.0,Norte,Brasil
2014-12-07,RR,8.0,Norte,Brasil
2014-12-14,RR,9.0,Norte,Brasil
2014-12-21,RR,8.0,Norte,Brasil
2014-12-28,RR,8.0,Norte,Brasil
2015-01-04,RR,11.0,Norte,Brasil
2015-01-11,RR,1.0,Norte,Brasil
2015-01-18,RR,14.0,Norte,Brasil
2015-01-25,RR,9.0,Norte,Brasil
2015-02-01,RR,9.0,Norte,Brasil
2015-02-08,RR,5.0,Norte,Brasil
2015-02-15,RR,5.0,Norte,Brasil
2015-02-22,RR,5.0,Norte,Brasil
2015-03-01,RR,6.0,Norte,Brasil
2015-03-08,RR,5.0,Norte,Brasil
2015-03-15,RR,7.0,Norte,Brasil
2015-03-22,RR,5.0,Norte,Brasil
2015-03-29,RR,5.0,Norte,Brasil
2015-04-05,RR,3.0,Norte,Brasil
2015-04-12,RR,3.0,Norte,Brasil
2015-04-19,RR,8.0,Norte,Brasil
2015-04-26,RR,4.0,Norte,Brasil
2015-05-03,RR,2.0,Norte,Brasil
2015-05-10,RR,2.0,Norte,Brasil
2015-05-17,RR,2.0,Norte,Brasil
2015-05-24,RR,8.0,Norte,Brasil
2015-05-31,RR,5.0,Norte,Brasil
2015-06-07,RR,4.0,Norte,Brasil
2015-06-14,RR,9.0,Norte,Brasil
2015-06-21,RR,24.0,Norte,Brasil
2015-06-28,RR,3.0,Norte,Brasil
2015-07-05,RR,7.0,Norte,Brasil
2015-07-12,RR,6.0,Norte,Brasil
2015-07-19,RR,8.0,Norte,Brasil
2015-07-26,RR,15.0,Norte,Brasil
2015-08-02,RR,18.0,Norte,Brasil
2015-08-09,RR,13.0,Norte,Brasil
2015-08-16,RR,17.0,Norte,Brasil
2015-08-23,RR,27.0,Norte,Brasil
2015-08-30,RR,20.0,Norte,Brasil
2015-09-06,RR,30.0,Norte,Brasil
2015-09-13,RR,20.0,Norte,Brasil
2015-09-20,RR,30.0,Norte,Brasil
2015-09-27,RR,22.0,Norte,Brasil
2015-10-04,RR,17.0,Norte,Brasil
2015-10-11,RR,6.0,Norte,Brasil
2015-10-18,RR,3.0,Norte,Brasil
2015-10-25,RR,3.0,Norte,Brasil
2015-11-01,RR,3.0,Norte,Brasil
2015-11-08,RR,1.0,Norte,Brasil
2015-11-15,RR,2.0,Norte,Brasil
2015-11-22,RR,3.0,Norte,Brasil
2015-11-29,RR,6.0,Norte,Brasil
2015-12-06,RR,2.0,Norte,Brasil
2015-12-13,RR,2.0,Norte,Brasil
2015-12-20,RR,4.0,Norte,Brasil
2015-12-27,RR,2.0,Norte,Brasil
2016-01-03,RR,2.0,Norte,Brasil
2016-01-10,RR,2.0,Norte,Brasil
2016-01-17,RR,1.0,Norte,Brasil
2016-01-24,RR,1.0,Norte,Brasil
2016-01-31,RR,1.0,Norte,Brasil
2016-02-07,RR,1.0,Norte,Brasil
2016-02-14,RR,4.0,Norte,Brasil
2016-02-21,RR,2.0,Norte,Brasil
2016-02-28,RR,5.0,Norte,Brasil
2016-03-06,RR,2.0,Norte,Brasil
2016-03-13,RR,5.0,Norte,Brasil
2016-03-20,RR,5.0,Norte,Brasil
2016-03-27,RR,4.0,Norte,Brasil
2016-04-03,RR,5.0,Norte,Brasil
2016-04-10,RR,5.0,Norte,Brasil
2016-04-17,RR,6.0,Norte,Brasil
2016-04-24,RR,5.0,Norte,Brasil
2016-05-01,RR,5.0,Norte,Brasil
2016-05-08,RR,3.0,Norte,Brasil
2016-05-15,RR,5.0,Norte,Brasil
2016-05-22,RR,5.0,Norte,Brasil
2016-05-29,RR,5.0,Norte,Brasil
2016-06-05,RR,3.0,Norte,Brasil
2016-06-12,RR,6.0,Norte,Brasil
2016-06-19,RR,4.0,Norte,Brasil
2016-06-26,RR,6.0,Norte,Brasil
2016-07-03,RR,10.0,Norte,Brasil
2016-07-10,RR,6.0,Norte,Brasil
2016-07-17,RR,6.0,Norte,Brasil
2016-07-24,RR,7.0,Norte,Brasil
2016-07-31,RR,4.0,Norte,Brasil
2016-08-07,RR,8.0,Norte,Brasil
2016-08-14,RR,11.0,Norte,Brasil
2016-08-21,RR,14.0,Norte,Brasil
2016-08-28,RR,8.0,Norte,Brasil
2016-09-04,RR,15.0,Norte,Brasil
2016-09-11,RR,10.0,Norte,Brasil
2016-09-18,RR,14.0,Norte,Brasil
2016-09-25,RR,8.0,Norte,Brasil
2016-10-02,RR,5.0,Norte,Brasil
2016-10-09,RR,5.0,Norte,Brasil
2016-10-16,RR,2.0,Norte,Brasil
2016-10-23,RR,3.0,Norte,Brasil
2016-10-30,RR,7.0,Norte,Brasil
2016-11-06,RR,6.0,Norte,Brasil
2016-11-13,RR,8.0,Norte,Brasil
2016-11-20,RR,6.0,Norte,Brasil
2016-11-27,RR,7.0,Norte,Brasil
2016-12-04,RR,5.0,Norte,Brasil
2016-12-11,RR,5.0,Norte,Brasil
2016-12-18,RR,10.0,Norte,Brasil
2016-12-25,RR,5.0,Norte,Brasil
2017-01-01,RR,7.0,Norte,Brasil
2017-01-08,RR,4.0,Norte,Brasil
2017-01-15,RR,9.0,Norte,Brasil
2017-01-22,RR,12.0,Norte,Brasil
2017-01-29,RR,21.0,Norte,Brasil
2017-02-05,RR,27.0,Norte,Brasil
2017-02-12,RR,35.0,Norte,Brasil
2017-02-19,RR,50.0,Norte,Brasil
2017-02-26,RR,50.0,Norte,Brasil
2017-03-05,RR,42.0,Norte,Brasil
2017-03-12,RR,64.0,Norte,Brasil
2017-03-19,RR,77.0,Norte,Brasil
2017-03-26,RR,79.0,Norte,Brasil
2017-04-02,RR,78.0,Norte,Brasil
2017-04-09,RR,98.0,Norte,Brasil
2017-04-16,RR,98.0,Norte,Brasil
2017-04-23,RR,122.0,Norte,Brasil
2017-04-30,RR,175.0,Norte,Brasil
2017-05-07,RR,142.0,Norte,Brasil
2017-05-14,RR,157.0,Norte,Brasil
2017-05-21,RR,225.0,Norte,Brasil
2017-05-28,RR,330.0,Norte,Brasil
2017-06-04,RR,277.0,Norte,Brasil
2017-06-11,RR,291.0,Norte,Brasil
2017-06-18,RR,257.0,Norte,Brasil
2017-06-25,RR,384.0,Norte,Brasil
2017-07-02,RR,287.0,Norte,Brasil
2017-07-09,RR,387.0,Norte,Brasil
2017-07-16,RR,337.0,Norte,Brasil
2017-07-23,RR,351.0,Norte,Brasil
2017-07-30,RR,547.0,Norte,Brasil
2017-08-06,RR,398.0,Norte,Brasil
2017-08-13,RR,273.0,Norte,Brasil
2017-08-20,RR,208.0,Norte,Brasil
2017-08-27,RR,142.0,Norte,Brasil
2017-09-03,RR,126.0,Norte,Brasil
2017-09-10,RR,50.0,Norte,Brasil
2017-09-17,RR,89.0,Norte,Brasil
2017-09-24,RR,80.0,Norte,Brasil
2017-10-01,RR,59.0,Norte,Brasil
2017-10-08,RR,30.0,Norte,Brasil
2017-10-15,RR,35.0,Norte,Brasil
2017-10-22,RR,52.0,Norte,Brasil
2017-10-29,RR,33.0,Norte,Brasil
2017-11-05,RR,19.0,Norte,Brasil
2017-11-12,RR,20.0,Norte,Brasil
2017-11-19,RR,11.0,Norte,Brasil
2017-11-26,RR,22.0,Norte,Brasil
2017-12-03,RR,20.0,Norte,Brasil
2017-12-10,RR,8.0,Norte,Brasil
2017-12-17,RR,12.0,Norte,Brasil
2017-12-24,RR,8.0,Norte,Brasil
2017-12-31,RR,8.0,Norte,Brasil
2018-01-07,RR,2.0,Norte,Brasil
2018-01-14,RR,9.0,Norte,Brasil
2018-01-21,RR,8.0,Norte,Brasil
2018-01-28,RR,7.0,Norte,Brasil
2018-02-04,RR,9.0,Norte,Brasil
2018-02-11,RR,12.0,Norte,Brasil
2018-02-18,RR,9.0,Norte,Brasil
2018-02-25,RR,11.0,Norte,Brasil
2018-03-04,RR,9.0,Norte,Brasil
2018-03-11,RR,9.0,Norte,Brasil
2018-03-18,RR,14.0,Norte,Brasil
2018-03-25,RR,18.0,Norte,Brasil
2018-04-01,RR,5.0,Norte,Brasil
2018-04-08,RR,5.0,Norte,Brasil
2018-04-15,RR,12.0,Norte,Brasil
2018-04-22,RR,10.0,Norte,Brasil
2018-04-29,RR,11.0,Norte,Brasil
2018-05-06,RR,9.0,Norte,Brasil
2018-05-13,RR,15.0,Norte,Brasil
2018-05-20,RR,12.0,Norte,Brasil
2018-05-27,RR,11.0,Norte,Brasil
2018-06-03,RR,15.0,Norte,Brasil
2018-06-10,RR,12.0,Norte,Brasil
2018-06-17,RR,3.0,Norte,Brasil
2018-06-24,RR,13.0,Norte,Brasil
2018-07-01,RR,3.0,Norte,Brasil
2018-07-08,RR,6.0,Norte,Brasil
2018-07-15,RR,9.0,Norte,Brasil
2018-07-22,RR,20.0,Norte,Brasil
2018-07-29,RR,15.0,Norte,Brasil
2018-08-05,RR,20.0,Norte,Brasil
2018-08-12,RR,18.0,Norte,Brasil
2018-08-19,RR,7.0,Norte,Brasil
2018-08-26,RR,21.0,Norte,Brasil
2018-09-02,RR,14.0,Norte,Brasil
2018-09-09,RR,5.0,Norte,Brasil
2018-09-16,RR,3.0,Norte,Brasil
2018-09-23,RR,4.0,Norte,Brasil
2018-09-30,RR,16.0,Norte,Brasil
2018-10-07,RR,7.0,Norte,Brasil
2018-10-14,RR,9.0,Norte,Brasil
2018-10-21,RR,5.0,Norte,Brasil
2018-10-28,RR,9.0,Norte,Brasil
2018-11-04,RR,2.0,Norte,Brasil
2018-11-11,RR,1.0,Norte,Brasil
2018-11-18,RR,5.0,Norte,Brasil
2018-11-25,RR,6.0,Norte,Brasil
2018-12-02,RR,6.0,Norte,Brasil
2018-12-09,RR,12.0,Norte,Brasil
2018-12-16,RR,5.0,Norte,Brasil
2018-12-23,RR,7.0,Norte,Brasil
2018-12-30,RR,4.0,Norte,Brasil
2019-01-06,RR,2.0,Norte,Brasil
2019-01-13,RR,6.0,Norte,Brasil
2019-01-20,RR,8.0,Norte,Brasil
2019-01-27,RR,12.0,Norte,Brasil
2019-02-03,RR,12.0,Norte,Brasil
2019-02-10,RR,7.0,Norte,Brasil
2019-02-17,RR,6.0,Norte,Brasil
2019-02-24,RR,15.0,Norte,Brasil
2019-03-03,RR,15.0,Norte,Brasil
2019-03-10,RR,5.0,Norte,Brasil
2019-03-17,RR,4.0,Norte,Brasil
2019-03-24,RR,9.0,Norte,Brasil
2019-03-31,RR,7.0,Norte,Brasil
2019-04-07,RR,5.0,Norte,Brasil
2019-04-14,RR,4.0,Norte,Brasil
2019-04-21,RR,3.0,Norte,Brasil
2019-04-28,RR,4.0,Norte,Brasil
2019-05-05,RR,7.0,Norte,Brasil
2019-05-12,RR,4.0,Norte,Brasil
2019-05-19,RR,11.0,Norte,Brasil
2019-05-26,RR,4.0,Norte,Brasil
2019-06-02,RR,3.0,Norte,Brasil
2019-06-09,RR,9.0,Norte,Brasil
2019-06-16,RR,11.0,Norte,Brasil
2019-06-23,RR,3.0,Norte,Brasil
2019-06-30,RR,10.0,Norte,Brasil
2019-07-07,RR,5.0,Norte,Brasil
2019-07-14,RR,9.0,Norte,Brasil
2019-07-21,RR,7.0,Norte,Brasil
2019-07-28,RR,24.0,Norte,Brasil
2019-08-04,RR,7.0,Norte,Brasil
2019-08-11,RR,9.0,Norte,Brasil
2019-08-18,RR,15.0,Norte,Brasil
2019-08-25,RR,12.0,Norte,Brasil
2019-09-01,RR,25.0,Norte,Brasil
2019-09-08,RR,7.0,Norte,Brasil
2019-09-15,RR,20.0,Norte,Brasil
2019-09-22,RR,21.0,Norte,Brasil
2019-09-29,RR,20.0,Norte,Brasil
2019-10-06,RR,14.0,Norte,Brasil
2019-10-13,RR,16.0,Norte,Brasil
2019-10-20,RR,16.0,Norte,Brasil
2019-10-27,RR,14.0,Norte,Brasil
2019-11-03,RR,7.0,Norte,Brasil
2019-11-10,RR,20.0,Norte,Brasil
2019-11-17,RR,4.0,Norte,Brasil
2019-11-24,RR,17.0,Norte,Brasil
2019-12-01,RR,7.0,Norte,Brasil
2019-12-08,RR,10.0,Norte,Brasil
2019-12-15,RR,4.0,Norte,Brasil
2019-12-22,RR,9.0,Norte,Brasil
2019-12-29,RR,5.0,Norte,Brasil
2020-01-05,RR,1.0,Norte,Brasil
2020-01-12,RR,3.0,Norte,Brasil
2020-01-19,RR,5.0,Norte,Brasil
2020-01-26,RR,7.0,Norte,Brasil
2020-02-02,RR,4.0,Norte,Brasil
2020-02-09,RR,9.0,Norte,Brasil
2020-02-16,RR,8.0,Norte,Brasil
2020-02-23,RR,9.0,Norte,Brasil
2020-03-01,RR,4.0,Norte,Brasil
2020-03-08,RR,3.0,Norte,Brasil
2020-03-15,RR,4.0,Norte,Brasil
2020-03-22,RR,7.0,Norte,Brasil
2020-03-29,RR,3.0,Norte,Brasil
2020-04-05,RR,2.0,Norte,Brasil
2020-04-12,RR,3.0,Norte,Brasil
2020-04-19,RR,2.0,Norte,Brasil
2020-04-26,RR,2.0,Norte,Brasil
2020-05-03,RR,1.0,Norte,Brasil
2020-05-10,RR,1.0,Norte,Brasil
2020-05-17,RR,1.0,Norte,Brasil
2020-05-24,RR,6.0,Norte,Brasil
2020-05-31,RR,1.0,Norte,Brasil
2020-06-07,RR,3.0,Norte,Brasil
2020-06-14,RR,2.0,Norte,Brasil
2020-06-21,RR,7.0,Norte,Brasil
2020-06-28,RR,1.0,Norte,Brasil
2020-07-05,RR,6.0,Norte,Brasil
2020-07-12,RR,1.0,Norte,Brasil
2020-07-19,RR,1.0,Norte,Brasil
2020-07-26,RR,1.0,Norte,Brasil
2020-08-02,RR,3.0,Norte,Brasil
2020-08-09,RR,1.0,Norte,Brasil
2020-08-16,RR,1.0,Norte,Brasil
2020-08-23,RR,2.0,Norte,Brasil
2020-08-30,RR,6.0,Norte,Brasil
2020-09-06,RR,1.0,Norte,Brasil
2020-09-13,RR,1.0,Norte,Brasil
2020-09-20,RR,2.0,Norte,Brasil
2020-09-27,RR,1.0,Norte,Brasil
2020-10-04,RR,3.0,Norte,Brasil
2020-10-11,RR,3.0,Norte,Brasil
2020-10-18,RR,2.0,Norte,Brasil
2020-10-25,RR,4.0,Norte,Brasil
2020-11-01,RR,2.0,Norte,Brasil
2020-11-08,RR,2.0,Norte,Brasil
2020-11-15,RR,2.0,Norte,Brasil
2020-11-22,RR,2.0,Norte,Brasil
2020-11-29,RR,2.0,Norte,Brasil
2020-12-06,RR,1.0,Norte,Brasil
2020-12-13,RR,1.0,Norte,Brasil
2020-12-20,RR,2.0,Norte,Brasil
2020-12-27,RR,2.0,Norte,Brasil
2021-01-03,RR,2.0,Norte,Brasil
2021-01-10,RR,1.0,Norte,Brasil
2021-01-17,RR,3.0,Norte,Brasil
2021-01-24,RR,2.0,Norte,Brasil
2021-01-31,RR,1.0,Norte,Brasil
2021-02-07,RR,2.0,Norte,Brasil
2021-02-14,RR,2.0,Norte,Brasil
2021-02-21,RR,3.0,Norte,Brasil
2021-02-28,RR,3.0,Norte,Brasil
2021-03-07,RR,5.0,Norte,Brasil
2021-03-14,RR,3.0,Norte,Brasil
2021-03-21,RR,1.0,Norte,Brasil
2021-03-28,RR,2.0,Norte,Brasil
2021-04-04,RR,11.0,Norte,Brasil
2021-04-11,RR,22.0,Norte,Brasil
2021-04-18,RR,17.0,Norte,Brasil
2021-04-25,RR,15.0,Norte,Brasil
2021-05-02,RR,13.0,Norte,Brasil
2021-05-09,RR,16.0,Norte,Brasil
2021-05-16,RR,6.0,Norte,Brasil
2021-05-23,RR,14.0,Norte,Brasil
2021-05-30,RR,9.0,Norte,Brasil
2021-06-06,RR,4.0,Norte,Brasil
2021-06-13,RR,9.0,Norte,Brasil
2021-06-20,RR,10.0,Norte,Brasil
2021-06-27,RR,6.0,Norte,Brasil
2021-07-04,RR,3.0,Norte,Brasil
2021-07-11,RR,6.0,Norte,Brasil
2021-07-18,RR,2.0,Norte,Brasil
2021-07-25,RR,10.0,Norte,Brasil
2021-08-01,RR,17.0,Norte,Brasil
2021-08-08,RR,8.0,Norte,Brasil
2021-08-15,RR,5.0,Norte,Brasil
2021-08-22,RR,15.0,Norte,Brasil
2021-08-29,RR,10.0,Norte,Brasil
2021-09-05,RR,9.0,Norte,Brasil
2021-09-12,RR,9.0,Norte,Brasil
2021-09-19,RR,9.0,Norte,Brasil
2021-09-26,RR,4.0,Norte,Brasil
2021-10-03,RR,3.0,Norte,Brasil
2021-10-10,RR,3.0,Norte,Brasil
2021-10-17,RR,7.0,Norte,Brasil
2021-10-24,RR,4.0,Norte,Brasil
2021-10-31,RR,3.0,Norte,Brasil
2021-11-07,RR,4.0,Norte,Brasil
2021-11-14,RR,1.0,Norte,Brasil
2021-11-21,RR,4.0,Norte,Brasil
2021-11-28,RR,8.0,Norte,Brasil
2021-12-05,RR,5.0,Norte,Brasil
2021-12-12,RR,4.0,Norte,Brasil
2021-12-19,RR,6.0,Norte,Brasil
2021-12-26,RR,7.0,Norte,Brasil
2022-01-02,RR,1.0,Norte,Brasil
2022-01-09,RR,1.0,Norte,Brasil
2022-01-16,RR,3.0,Norte,Brasil
2022-01-23,RR,1.0,Norte,Brasil
2022-01-30,RR,5.0,Norte,Brasil
2022-02-06,RR,1.0,Norte,Brasil
2022-02-13,RR,4.0,Norte,Brasil
2022-02-20,RR,1.0,Norte,Brasil
2022-02-27,RR,1.0,Norte,Brasil
2022-03-06,RR,4.0,Norte,Brasil
2022-03-13,RR,2.0,Norte,Brasil
2022-03-20,RR,4.0,Norte,Brasil
2022-03-27,RR,3.0,Norte,Brasil
2022-04-03,RR,2.0,Norte,Brasil
2022-04-10,RR,2.0,Norte,Brasil
2022-04-17,RR,1.0,Norte,Brasil
2022-04-24,RR,4.0,Norte,Brasil
2022-05-01,RR,9.0,Norte,Brasil
2022-05-08,RR,7.0,Norte,Brasil
2022-05-15,RR,14.0,Norte,Brasil
2022-05-22,RR,5.0,Norte,Brasil
2022-05-29,RR,1.0,Norte,Brasil
2022-06-05,RR,8.0,Norte,Brasil
2022-06-12,RR,3.0,Norte,Brasil
2022-06-19,RR,5.0,Norte,Brasil
2022-06-26,RR,6.0,Norte,Brasil
2022-07-03,RR,8.0,Norte,Brasil
2022-07-10,RR,7.0,Norte,Brasil
2022-07-17,RR,9.0,Norte,Brasil
2022-07-24,RR,12.0,Norte,Brasil
2022-07-31,RR,7.0,Norte,Brasil
2022-08-07,RR,6.0,Norte,Brasil
2022-08-14,RR,18.0,Norte,Brasil
2022-08-21,RR,14.0,Norte,Brasil
2022-08-28,RR,19.0,Norte,Brasil
2022-09-04,RR,94.0,Norte,Brasil
2022-09-11,RR,20.0,Norte,Brasil
2022-09-18,RR,17.0,Norte,Brasil
2022-09-25,RR,29.0,Norte,Brasil
2022-10-02,RR,7.0,Norte,Brasil
2022-10-09,RR,4.0,Norte,Brasil
2022-10-16,RR,5.0,Norte,Brasil
2022-10-23,RR,8.0,Norte,Brasil
2022-10-30,RR,3.0,Norte,Brasil
2022-11-06,RR,6.0,Norte,Brasil
2022-11-13,RR,7.0,Norte,Brasil
2022-11-20,RR,6.0,Norte,Brasil
2022-11-27,RR,8.0,Norte,Brasil
2022-12-04,RR,6.0,Norte,Brasil
2022-12-11,RR,10.0,Norte,Brasil
2022-12-18,RR,11.0,Norte,Brasil
2022-12-25,RR,1.0,Norte,Brasil
2023-01-01,RR,4.0,Norte,Brasil
2023-01-08,RR,4.0,Norte,Brasil
2023-01-15,RR,2.0,Norte,Brasil
2023-01-22,RR,6.0,Norte,Brasil
2023-01-29,RR,3.0,Norte,Brasil
2023-02-05,RR,4.0,Norte,Brasil
2023-02-12,RR,13.0,Norte,Brasil
2023-02-19,RR,16.0,Norte,Brasil
2023-02-26,RR,21.0,Norte,Brasil
2023-03-05,RR,47.0,Norte,Brasil
2023-03-12,RR,10.0,Norte,Brasil
2023-03-19,RR,16.0,Norte,Brasil
2023-03-26,RR,13.0,Norte,Brasil
2023-04-02,RR,11.0,Norte,Brasil
2023-04-09,RR,3.0,Norte,Brasil
2023-04-16,RR,7.0,Norte,Brasil
2023-04-23,RR,11.0,Norte,Brasil
2023-04-30,RR,9.0,Norte,Brasil
2023-05-07,RR,16.0,Norte,Brasil
2023-05-14,RR,3.0,Norte,Brasil
2023-05-21,RR,4.0,Norte,Brasil
2023-05-28,RR,4.0,Norte,Brasil
2023-06-04,RR,4.0,Norte,Brasil
2023-06-11,RR,5.0,Norte,Brasil
2023-06-18,RR,14.0,Norte,Brasil
2023-06-25,RR,6.0,Norte,Brasil
2023-07-02,RR,8.0,Norte,Brasil
2023-07-09,RR,6.0,Norte,Brasil
2023-07-16,RR,4.0,Norte,Brasil
2023-07-23,RR,16.0,Norte,Brasil
2023-07-30,RR,4.0,Norte,Brasil
2023-08-06,RR,15.0,Norte,Brasil
2023-08-13,RR,11.0,Norte,Brasil
2023-08-20,RR,48.0,Norte,Brasil
2023-08-27,RR,27.0,Norte,Brasil
2023-09-03,RR,5.0,Norte,Brasil
2023-09-10,RR,6.0,Norte,Brasil
2023-09-17,RR,10.0,Norte,Brasil
2023-09-24,RR,2.0,Norte,Brasil
2023-10-01,RR,10.0,Norte,Brasil
2023-10-08,RR,8.0,Norte,Brasil
2023-10-15,RR,4.0,Norte,Brasil
2023-10-22,RR,2.0,Norte,Brasil
2023-10-29,RR,7.0,Norte,Brasil
2023-11-05,RR,5.0,Norte,Brasil
2023-11-12,RR,8.0,Norte,Brasil
2023-11-19,RR,3.0,Norte,Brasil
2023-11-26,RR,6.0,Norte,Brasil
2023-12-03,RR,4.0,Norte,Brasil
2023-12-10,RR,8.0,Norte,Brasil
2023-12-17,RR,5.0,Norte,Brasil
2023-12-24,RR,12.0,Norte,Brasil
2023-12-31,RR,8.0,Norte,Brasil
2024-01-07,RR,9.0,Norte,Brasil
2024-01-14,RR,13.0,Norte,Brasil
2024-01-21,RR,5.0,Norte,Brasil
2024-01-28,RR,10.0,Norte,Brasil
2024-02-04,RR,12.0,Norte,Brasil
2024-02-11,RR,19.0,Norte,Brasil
2024-02-18,RR,8.0,Norte,Brasil
2024-02-25,RR,39.0,Norte,Brasil
2024-03-03,RR,33.0,Norte,Brasil
2024-03-10,RR,24.0,Norte,Brasil
2024-03-17,RR,20.0,Norte,Brasil
2024-03-24,RR,25.0,Norte,Brasil
2024-03-31,RR,20.0,Norte,Brasil
2024-04-07,RR,15.0,Norte,Brasil
2024-04-14,RR,9.0,Norte,Brasil
2024-04-21,RR,8.0,Norte,Brasil
2024-04-28,RR,14.0,Norte,Brasil
2024-05-05,RR,6.0,Norte,Brasil
2024-05-12,RR,3.0,Norte,Brasil
2024-05-19,RR,24.0,Norte,Brasil
2024-05-26,RR,62.0,Norte,Brasil
2024-06-02,RR,41.0,Norte,Brasil
2024-06-09,RR,28.0,Norte,Brasil
2024-06-16,RR,12.0,Norte,Brasil
2024-06-23,RR,2.0,Norte,Brasil
2024-06-30,RR,7.0,Norte,Brasil
2024-07-07,RR,3.0,Norte,Brasil
2024-07-14,RR,3.0,Norte,Brasil
2024-07-21,RR,4.0,Norte,Brasil
2024-07-28,RR,4.0,Norte,Brasil
2024-08-04,RR,7.0,Norte,Brasil
2024-08-11,RR,9.0,Norte,Brasil
2024-08-18,RR,11.0,Norte,Brasil
2024-08-25,RR,16.0,Norte,Brasil
2024-09-01,RR,6.0,Norte,Brasil
2024-09-08,RR,17.0,Norte,Brasil
2024-09-15,RR,28.0,Norte,Brasil
2024-09-22,RR,45.0,Norte,Brasil
2024-09-29,RR,17.0,Norte,Brasil
2024-10-06,RR,8.0,Norte,Brasil
2024-10-13,RR,8.0,Norte,Brasil
2024-10-20,RR,9.0,Norte,Brasil
2024-10-27,RR,9.0,Norte,Brasil
2024-11-03,RR,7.0,Norte,Brasil
2024-11-10,RR,7.0,Norte,Brasil
2024-11-17,RR,4.0,Norte,Brasil
2024-11-24,RR,13.0,Norte,Brasil
2024-12-01,RR,7.0,Norte,Brasil
2024-12-08,RR,7.0,Norte,Brasil
2024-12-15,RR,9.0,Norte,Brasil
2024-12-22,RR,11.0,Norte,Brasil
2024-12-29,RR,11.0,Norte,Brasil
2025-01-05,RR,1.0,Norte,Brasil
2025-01-12,RR,5.0,Norte,Brasil
2025-01-19,RR,2.0,Norte,Brasil
2025-01-26,RR,2.0,Norte,Brasil
2025-02-02,RR,6.0,Norte,Brasil
2025-02-09,RR,7.0,Norte,Brasil
2025-02-16,RR,9.0,Norte,Brasil
2025-02-23,RR,3.0,Norte,Brasil
2025-03-02,RR,9.0,Norte,Brasil
2025-03-09,RR,4.0,Norte,Brasil
2025-03-16,RR,2.0,Norte,Brasil
2025-03-23,RR,4.0,Norte,Brasil
2025-03-30,RR,4.0,Norte,Brasil
2025-04-06,RR,5.0,Norte,Brasil
2025-04-13,RR,3.0,Norte,Brasil
2025-04-20,RR,4.0,Norte,Brasil
2025-04-27,RR,5.0,Norte,Brasil
2025-05-04,RR,2.0,Norte,Brasil
2025-05-11,RR,7.0,Norte,Brasil
2025-05-18,RR,5.0,Norte,Brasil
2025-05-25,RR,10.0,Norte,Brasil
2025-06-01,RR,7.0,Norte,Brasil
2025-06-08,RR,13.0,Norte,Brasil
2025-06-15,RR,16.0,Norte,Brasil
2025-06-22,RR,20.0,Norte,Brasil
2025-06-29,RR,36.0,Norte,Brasil
2025-07-06,RR,10.0,Norte,Brasil
2025-07-13,RR,3.0,Norte,Brasil
2025-07-20,RR,3.0,Norte,Brasil
2025-07-27,RR,7.0,Norte,Brasil
2025-08-03,RR,5.0,Norte,Brasil
2025-08-10,RR,3.0,Norte,Brasil
2025-08-17,RR,7.0,Norte,Brasil
2025-08-24,RR,4.0,Norte,Brasil
2025-08-31,RR,2.0,Norte,Brasil
2025-09-07,RR,3.0,Norte,Brasil
2025-09-14,RR,5.0,Norte,Brasil
2025-09-21,RR,2.0,Norte,Brasil
2025-09-28,RR,5.0,Norte,Brasil
2025-10-05,RR,7.0,Norte,Brasil
2025-10-12,RR,6.0,Norte,Brasil
2025-10-19,RR,5.0,Norte,Brasil
2025-10-26,RR,4.0,Norte,Brasil
2025-11-02,RR,1.0,Norte,Brasil
2025-11-09,RR,2.0,Norte,Brasil
2025-11-16,RR,3.0,Norte,Brasil
2025-11-23,RR,6.0,Norte,Brasil
2025-11-30,RR,4.0,Norte,Brasil
2025-12-07,RR,8.0,Norte,Brasil
2025-12-14,RR,7.0,Norte,Brasil
2025-12-21,RR,2.0,Norte,Brasil
2025-12-28,RR,3.0,Norte,Brasil
2026-01-04,RR,4.0,Norte,Brasil
2026-01-11,RR,2.0,Norte,Brasil
2026-01-18,RR,6.0,Norte,Brasil
2026-01-25,RR,4.0,Norte,Brasil
2026-02-01,RR,9.0,Norte,Brasil
2026-02-08,RR,13.0,Norte,Brasil
2026-02-15,RR,6.0,Norte,Brasil
2026-02-22,RR,3.0,Norte,Brasil
2026-03-01,RR,3.0,Norte,Brasil
2026-03-08,RR,2.0,Norte,Brasil
2026-03-15,RR,1.0,Norte,Brasil
2026-03-22,RR,4.0,Norte,Brasil
2026-03-29,RR,5.0,Norte,Brasil
2026-04-05,RR,5.0,Norte,Brasil
2026-04-12,RR,6.0,Norte,Brasil
2026-04-19,RR,4.0,Norte,Brasil
2026-04-26,RR,6.0,Norte,Brasil
2026-05-03,RR,3.0,Norte,Brasil
2026-05-10,RR,3.0,Norte,Brasil
2026-05-17,RR,2.0,Norte,Brasil
2026-05-24,RR,1.0,Norte,Brasil
2026-05-31,RR,4.0,Norte,Brasil
2026-06-07,RR,5.0,Norte,Brasil
2026-06-14,RR,5.0,Norte,Brasil
2026-06-21,RR,8.0,Norte,Brasil
2026-06-28,RR,4.0,Norte,Brasil
2026-07-05,RR,3.0,Norte,Brasil
2026-07-12,RR,4.0,Norte,Brasil
2026-07-19,RR,3.0,Norte,Brasil
2026-07-26,RR,2.0,Norte,Brasil
2026-08-02,RR,1.0,Norte,Brasil
2026-08-09,RR,2.0,Norte,Brasil
2026-08-16,RR,1.0,Norte,Brasil
2026-08-23,RR,3.0,Norte,Brasil
2026-08-30,RR,2.0,Norte,Brasil
2026-09-06,RR,1.0,Norte,Brasil
2026-09-13,RR,1.0,Norte,Brasil
2014-06-29,RS,2.0,Sul,Brasil
2014-07-06,RS,2.0,Sul,Brasil
2014-07-13,RS,2.0,Sul,Brasil
2014-07-20,RS,2.0,Sul,Brasil
2014-07-27,RS,2.0,Sul,Brasil
2014-08-03,RS,2.0,Sul,Brasil
2014-08-10,RS,2.0,Sul,Brasil
2014-08-17,RS,2.0,Sul,Brasil
2014-08-24,RS,1.0,Sul,Brasil
2014-08-31,RS,1.0,Sul,Brasil
2014-09-07,RS,1.0,Sul,Brasil
2014-09-14,RS,1.0,Sul,Brasil
2014-09-21,RS,1.0,Sul,Brasil
2014-09-28,RS,1.0,Sul,Brasil
2014-10-05,RS,1.0,Sul,Brasil
2014-10-12,RS,1.0,Sul,Brasil
2014-10-19,RS,2.0,Sul,Brasil
2014-10-26,RS,1.0,Sul,Brasil
2014-11-02,RS,2.0,Sul,Brasil
2014-11-09,RS,2.0,Sul,Brasil
2014-11-16,RS,3.0,Sul,Brasil
2014-11-23,RS,2.0,Sul,Brasil
2014-11-30,RS,2.0,Sul,Brasil
2014-12-07,RS,2.0,Sul,Brasil
2014-12-14,RS,2.0,Sul,Brasil
2014-12-21,RS,1.0,Sul,Brasil
2014-12-28,RS,1.0,Sul,Brasil
2015-01-04,RS,2.0,Sul,Brasil
2015-01-11,RS,2.0,Sul,Brasil
2015-01-18,RS,2.0,Sul,Brasil
2015-01-25,RS,20.0,Sul,Brasil
2015-02-01,RS,20.0,Sul,Brasil
2015-02-08,RS,20.0,Sul,Brasil
2015-02-15,RS,20.0,Sul,Brasil
2015-02-22,RS,20.0,Sul,Brasil
2015-03-01,RS,1.0,Sul,Brasil
2015-03-08,RS,1.0,Sul,Brasil
2015-03-15,RS,1.0,Sul,Brasil
2015-03-22,RS,1.0,Sul,Brasil
2015-03-29,RS,1.0,Sul,Brasil
2015-04-05,RS,4.0,Sul,Brasil
2015-04-12,RS,1.0,Sul,Brasil
2015-04-19,RS,1.0,Sul,Brasil
2015-04-26,RS,1.0,Sul,Brasil
2015-05-03,RS,1.0,Sul,Brasil
2015-05-10,RS,1.0,Sul,Brasil
2015-05-17,RS,4.0,Sul,Brasil
2015-05-24,RS,1.0,Sul,Brasil
2015-05-31,RS,1.0,Sul,Brasil
2015-06-07,RS,1.0,Sul,Brasil
2015-06-14,RS,1.0,Sul,Brasil
2015-06-21,RS,1.0,Sul,Brasil
2015-06-28,RS,3.0,Sul,Brasil
2015-07-05,RS,1.0,Sul,Brasil
2015-07-12,RS,1.0,Sul,Brasil
2015-07-19,RS,1.0,Sul,Brasil
2015-07-26,RS,1.0,Sul,Brasil
2015-08-02,RS,1.0,Sul,Brasil
2015-08-09,RS,2.0,Sul,Brasil
2015-08-16,RS,1.0,Sul,Brasil
2015-08-23,RS,1.0,Sul,Brasil
2015-08-30,RS,1.0,Sul,Brasil
2015-09-06,RS,1.0,Sul,Brasil
2015-09-13,RS,1.0,Sul,Brasil
2015-09-20,RS,1.0,Sul,Brasil
2015-09-27,RS,2.0,Sul,Brasil
2015-10-04,RS,2.0,Sul,Brasil
2015-10-11,RS,2.0,Sul,Brasil
2015-10-18,RS,1.0,Sul,Brasil
2015-10-25,RS,1.0,Sul,Brasil
2015-11-01,RS,1.0,Sul,Brasil
2015-11-08,RS,2.0,Sul,Brasil
2015-11-15,RS,2.0,Sul,Brasil
2015-11-22,RS,2.0,Sul,Brasil
2015-11-29,RS,3.0,Sul,Brasil
2015-12-06,RS,5.0,Sul,Brasil
2015-12-13,RS,6.0,Sul,Brasil
2015-12-20,RS,7.0,Sul,Brasil
2015-12-27,RS,4.0,Sul,Brasil
2016-01-03,RS,4.0,Sul,Brasil
2016-01-10,RS,8.0,Sul,Brasil
2016-01-17,RS,13.0,Sul,Brasil
2016-01-24,RS,10.0,Sul,Brasil
2016-01-31,RS,16.0,Sul,Brasil
2016-02-07,RS,13.0,Sul,Brasil
2016-02-14,RS,14.0,Sul,Brasil
2016-02-21,RS,26.0,Sul,Brasil
2016-02-28,RS,31.0,Sul,Brasil
2016-03-06,RS,20.0,Sul,Brasil
2016-03-13,RS,28.0,Sul,Brasil
2016-03-20,RS,26.0,Sul,Brasil
2016-03-27,RS,31.0,Sul,Brasil
2016-04-03,RS,28.0,Sul,Brasil
2016-04-10,RS,39.0,Sul,Brasil
2016-04-17,RS,40.0,Sul,Brasil
2016-04-24,RS,21.0,Sul,Brasil
2016-05-01,RS,26.0,Sul,Brasil
2016-05-08,RS,11.0,Sul,Brasil
2016-05-15,RS,23.0,Sul,Brasil
2016-05-22,RS,9.0,Sul,Brasil
2016-05-29,RS,3.0,Sul,Brasil
2016-06-05,RS,1.0,Sul,Brasil
2016-06-12,RS,1.0,Sul,Brasil
2016-06-19,RS,4.0,Sul,Brasil
2016-06-26,RS,2.0,Sul,Brasil
2016-07-03,RS,5.0,Sul,Brasil
2016-07-10,RS,6.0,Sul,Brasil
2016-07-17,RS,10.0,Sul,Brasil
2016-07-24,RS,4.0,Sul,Brasil
2016-07-31,RS,8.0,Sul,Brasil
2016-08-07,RS,7.0,Sul,Brasil
2016-08-14,RS,8.0,Sul,Brasil
2016-08-21,RS,8.0,Sul,Brasil
2016-08-28,RS,8.0,Sul,Brasil
2016-09-04,RS,9.0,Sul,Brasil
2016-09-11,RS,7.0,Sul,Brasil
2016-09-18,RS,7.0,Sul,Brasil
2016-09-25,RS,3.0,Sul,Brasil
2016-10-02,RS,3.0,Sul,Brasil
2016-10-09,RS,9.0,Sul,Brasil
2016-10-16,RS,4.0,Sul,Brasil
2016-10-23,RS,9.0,Sul,Brasil
2016-10-30,RS,7.0,Sul,Brasil
2016-11-06,RS,7.0,Sul,Brasil
2016-11-13,RS,9.0,Sul,Brasil
2016-11-20,RS,7.0,Sul,Brasil
2016-11-27,RS,11.0,Sul,Brasil
2016-12-04,RS,10.0,Sul,Brasil
2016-12-11,RS,10.0,Sul,Brasil
2016-12-18,RS,12.0,Sul,Brasil
2016-12-25,RS,14.0,Sul,Brasil
2017-01-01,RS,10.0,Sul,Brasil
2017-01-08,RS,4.0,Sul,Brasil
2017-01-15,RS,19.0,Sul,Brasil
2017-01-22,RS,25.0,Sul,Brasil
2017-01-29,RS,18.0,Sul,Brasil
2017-02-05,RS,17.0,Sul,Brasil
2017-02-12,RS,13.0,Sul,Brasil
2017-02-19,RS,18.0,Sul,Brasil
2017-02-26,RS,22.0,Sul,Brasil
2017-03-05,RS,13.0,Sul,Brasil
2017-03-12,RS,12.0,Sul,Brasil
2017-03-19,RS,7.0,Sul,Brasil
2017-03-26,RS,11.0,Sul,Brasil
2017-04-02,RS,13.0,Sul,Brasil
2017-04-09,RS,8.0,Sul,Brasil
2017-04-16,RS,13.0,Sul,Brasil
2017-04-23,RS,7.0,Sul,Brasil
2017-04-30,RS,8.0,Sul,Brasil
2017-05-07,RS,8.0,Sul,Brasil
2017-05-14,RS,6.0,Sul,Brasil
2017-05-21,RS,4.0,Sul,Brasil
2017-05-28,RS,6.0,Sul,Brasil
2017-06-04,RS,8.0,Sul,Brasil
2017-06-11,RS,6.0,Sul,Brasil
2017-06-18,RS,4.0,Sul,Brasil
2017-06-25,RS,3.0,Sul,Brasil
2017-07-02,RS,2.0,Sul,Brasil
2017-07-09,RS,3.0,Sul,Brasil
2017-07-16,RS,8.0,Sul,Brasil
2017-07-23,RS,1.0,Sul,Brasil
2017-07-30,RS,2.0,Sul,Brasil
2017-08-06,RS,2.0,Sul,Brasil
2017-08-13,RS,4.0,Sul,Brasil
2017-08-20,RS,4.0,Sul,Brasil
2017-08-27,RS,1.0,Sul,Brasil
2017-09-03,RS,5.0,Sul,Brasil
2017-09-10,RS,4.0,Sul,Brasil
2017-09-17,RS,4.0,Sul,Brasil
2017-09-24,RS,4.0,Sul,Brasil
2017-10-01,RS,6.0,Sul,Brasil
2017-10-08,RS,4.0,Sul,Brasil
2017-10-15,RS,4.0,Sul,Brasil
2017-10-22,RS,6.0,Sul,Brasil
2017-10-29,RS,1.0,Sul,Brasil
2017-11-05,RS,3.0,Sul,Brasil
2017-11-12,RS,2.0,Sul,Brasil
2017-11-19,RS,4.0,Sul,Brasil
2017-11-26,RS,5.0,Sul,Brasil
2017-12-03,RS,2.0,Sul,Brasil
2017-12-10,RS,3.0,Sul,Brasil
2017-12-17,RS,6.0,Sul,Brasil
2017-12-24,RS,7.0,Sul,Brasil
2017-12-31,RS,4.0,Sul,Brasil
2018-01-07,RS,2.0,Sul,Brasil
2018-01-14,RS,4.0,Sul,Brasil
2018-01-21,RS,10.0,Sul,Brasil
2018-01-28,RS,4.0,Sul,Brasil
2018-02-04,RS,4.0,Sul,Brasil
2018-02-11,RS,8.0,Sul,Brasil
2018-02-18,RS,8.0,Sul,Brasil
2018-02-25,RS,9.0,Sul,Brasil
2018-03-04,RS,9.0,Sul,Brasil
2018-03-11,RS,4.0,Sul,Brasil
2018-03-18,RS,3.0,Sul,Brasil
2018-03-25,RS,8.0,Sul,Brasil
2018-04-01,RS,5.0,Sul,Brasil
2018-04-08,RS,9.0,Sul,Brasil
2018-04-15,RS,4.0,Sul,Brasil
2018-04-22,RS,2.0,Sul,Brasil
2018-04-29,RS,7.0,Sul,Brasil
2018-05-06,RS,3.0,Sul,Brasil
2018-05-13,RS,6.0,Sul,Brasil
2018-05-20,RS,11.0,Sul,Brasil
2018-05-27,RS,19.0,Sul,Brasil
2018-06-03,RS,27.0,Sul,Brasil
2018-06-10,RS,14.0,Sul,Brasil
2018-06-17,RS,17.0,Sul,Brasil
2018-06-24,RS,4.0,Sul,Brasil
2018-07-01,RS,3.0,Sul,Brasil
2018-07-08,RS,3.0,Sul,Brasil
2018-07-15,RS,3.0,Sul,Brasil
2018-07-22,RS,2.0,Sul,Brasil
2018-07-29,RS,3.0,Sul,Brasil
2018-08-05,RS,5.0,Sul,Brasil
2018-08-12,RS,7.0,Sul,Brasil
2018-08-19,RS,4.0,Sul,Brasil
2018-08-26,RS,4.0,Sul,Brasil
2018-09-02,RS,7.0,Sul,Brasil
2018-09-09,RS,1.0,Sul,Brasil
2018-09-16,RS,3.0,Sul,Brasil
2018-09-23,RS,2.0,Sul,Brasil
2018-09-30,RS,1.0,Sul,Brasil
2018-10-07,RS,3.0,Sul,Brasil
2018-10-14,RS,3.0,Sul,Brasil
2018-10-21,RS,4.0,Sul,Brasil
2018-10-28,RS,3.0,Sul,Brasil
2018-11-04,RS,8.0,Sul,Brasil
2018-11-11,RS,3.0,Sul,Brasil
2018-11-18,RS,4.0,Sul,Brasil
2018-11-25,RS,1.0,Sul,Brasil
2018-12-02,RS,1.0,Sul,Brasil
2018-12-09,RS,1.0,Sul,Brasil
2018-12-16,RS,1.0,Sul,Brasil
2018-12-23,RS,2.0,Sul,Brasil
2018-12-30,RS,2.0,Sul,Brasil
2019-01-06,RS,1.0,Sul,Brasil
2019-01-13,RS,9.0,Sul,Brasil
2019-01-20,RS,3.0,Sul,Brasil
2019-01-27,RS,9.0,Sul,Brasil
2019-02-03,RS,10.0,Sul,Brasil
2019-02-10,RS,5.0,Sul,Brasil
2019-02-17,RS,7.0,Sul,Brasil
2019-02-24,RS,9.0,Sul,Brasil
2019-03-03,RS,13.0,Sul,Brasil
2019-03-10,RS,4.0,Sul,Brasil
2019-03-17,RS,6.0,Sul,Brasil
2019-03-24,RS,8.0,Sul,Brasil
2019-03-31,RS,5.0,Sul,Brasil
2019-04-07,RS,14.0,Sul,Brasil
2019-04-14,RS,10.0,Sul,Brasil
2019-04-21,RS,10.0,Sul,Brasil
2019-04-28,RS,9.0,Sul,Brasil
2019-05-05,RS,14.0,Sul,Brasil
2019-05-12,RS,12.0,Sul,Brasil
2019-05-19,RS,20.0,Sul,Brasil
2019-05-26,RS,17.0,Sul,Brasil
2019-06-02,RS,12.0,Sul,Brasil
2019-06-09,RS,9.0,Sul,Brasil
2019-06-16,RS,8.0,Sul,Brasil
2019-06-23,RS,10.0,Sul,Brasil
2019-06-30,RS,5.0,Sul,Brasil
2019-07-07,RS,4.0,Sul,Brasil
2019-07-14,RS,5.0,Sul,Brasil
2019-07-21,RS,6.0,Sul,Brasil
2019-07-28,RS,4.0,Sul,Brasil
2019-08-04,RS,3.0,Sul,Brasil
2019-08-11,RS,4.0,Sul,Brasil
2019-08-18,RS,3.0,Sul,Brasil
2019-08-25,RS,7.0,Sul,Brasil
2019-09-01,RS,3.0,Sul,Brasil
2019-09-08,RS,3.0,Sul,Brasil
2019-09-15,RS,4.0,Sul,Brasil
2019-09-22,RS,2.0,Sul,Brasil
2019-09-29,RS,3.0,Sul,Brasil
2019-10-06,RS,3.0,Sul,Brasil
2019-10-13,RS,6.0,Sul,Brasil
2019-10-20,RS,2.0,Sul,Brasil
2019-10-27,RS,3.0,Sul,Brasil
2019-11-03,RS,5.0,Sul,Brasil
2019-11-10,RS,2.0,Sul,Brasil
2019-11-17,RS,5.0,Sul,Brasil
2019-11-24,RS,4.0,Sul,Brasil
2019-12-01,RS,6.0,Sul,Brasil
2019-12-08,RS,3.0,Sul,Brasil
2019-12-15,RS,7.0,Sul,Brasil
2019-12-22,RS,4.0,Sul,Brasil
2019-12-29,RS,3.0,Sul,Brasil
2020-01-05,RS,1.0,Sul,Brasil
2020-01-12,RS,5.0,Sul,Brasil
2020-01-19,RS,3.0,Sul,Brasil
2020-01-26,RS,13.0,Sul,Brasil
2020-02-02,RS,5.0,Sul,Brasil
2020-02-09,RS,5.0,Sul,Brasil
2020-02-16,RS,5.0,Sul,Brasil
2020-02-23,RS,4.0,Sul,Brasil
2020-03-01,RS,4.0,Sul,Brasil
2020-03-08,RS,3.0,Sul,Brasil
2020-03-15,RS,8.0,Sul,Brasil
2020-03-22,RS,7.0,Sul,Brasil
2020-03-29,RS,7.0,Sul,Brasil
2020-04-05,RS,4.0,Sul,Brasil
2020-04-12,RS,5.0,Sul,Brasil
2020-04-19,RS,4.0,Sul,Brasil
2020-04-26,RS,4.0,Sul,Brasil
2020-05-03,RS,11.0,Sul,Brasil
2020-05-10,RS,15.0,Sul,Brasil
2020-05-17,RS,16.0,Sul,Brasil
2020-05-24,RS,19.0,Sul,Brasil
2020-05-31,RS,14.0,Sul,Brasil
2020-06-07,RS,15.0,Sul,Brasil
2020-06-14,RS,6.0,Sul,Brasil
2020-06-21,RS,9.0,Sul,Brasil
2020-06-28,RS,6.0,Sul,Brasil
2020-07-05,RS,7.0,Sul,Brasil
2020-07-12,RS,2.0,Sul,Brasil
2020-07-19,RS,4.0,Sul,Brasil
2020-07-26,RS,6.0,Sul,Brasil
2020-08-02,RS,6.0,Sul,Brasil
2020-08-09,RS,5.0,Sul,Brasil
2020-08-16,RS,3.0,Sul,Brasil
2020-08-23,RS,1.0,Sul,Brasil
2020-08-30,RS,1.0,Sul,Brasil
2020-09-06,RS,1.0,Sul,Brasil
2020-09-13,RS,2.0,Sul,Brasil
2020-09-20,RS,1.0,Sul,Brasil
2020-09-27,RS,2.0,Sul,Brasil
2020-10-04,RS,3.0,Sul,Brasil
2020-10-11,RS,5.0,Sul,Brasil
2020-10-18,RS,1.0,Sul,Brasil
2020-10-25,RS,3.0,Sul,Brasil
2020-11-01,RS,2.0,Sul,Brasil
2020-11-08,RS,5.0,Sul,Brasil
2020-11-15,RS,2.0,Sul,Brasil
2020-11-22,RS,2.0,Sul,Brasil
2020-11-29,RS,1.0,Sul,Brasil
2020-12-06,RS,4.0,Sul,Brasil
2020-12-13,RS,4.0,Sul,Brasil
2020-12-20,RS,3.0,Sul,Brasil
2020-12-27,RS,3.0,Sul,Brasil
2021-01-03,RS,3.0,Sul,Brasil
2021-01-10,RS,3.0,Sul,Brasil
2021-01-17,RS,2.0,Sul,Brasil
2021-01-24,RS,1.0,Sul,Brasil
2021-01-31,RS,1.0,Sul,Brasil
2021-02-07,RS,1.0,Sul,Brasil
2021-02-14,RS,2.0,Sul,Brasil
2021-02-21,RS,1.0,Sul,Brasil
2021-02-28,RS,6.0,Sul,Brasil
2021-03-07,RS,6.0,Sul,Brasil
2021-03-14,RS,1.0,Sul,Brasil
2021-03-21,RS,5.0,Sul,Brasil
2021-03-28,RS,17.0,Sul,Brasil
2021-04-04,RS,88.0,Sul,Brasil
2021-04-11,RS,50.0,Sul,Brasil
2021-04-18,RS,106.0,Sul,Brasil
2021-04-25,RS,72.0,Sul,Brasil
2021-05-02,RS,73.0,Sul,Brasil
2021-05-09,RS,41.0,Sul,Brasil
2021-05-16,RS,34.0,Sul,Brasil
2021-05-23,RS,27.0,Sul,Brasil
2021-05-30,RS,25.0,Sul,Brasil
2021-06-06,RS,10.0,Sul,Brasil
2021-06-13,RS,13.0,Sul,Brasil
2021-06-20,RS,8.0,Sul,Brasil
2021-06-27,RS,9.0,Sul,Brasil
2021-07-04,RS,5.0,Sul,Brasil
2021-07-11,RS,7.0,Sul,Brasil
2021-07-18,RS,4.0,Sul,Brasil
2021-07-25,RS,4.0,Sul,Brasil
2021-08-01,RS,5.0,Sul,Brasil
2021-08-08,RS,5.0,Sul,Brasil
2021-08-15,RS,3.0,Sul,Brasil
2021-08-22,RS,1.0,Sul,Brasil
2021-08-29,RS,3.0,Sul,Brasil
2021-09-05,RS,1.0,Sul,Brasil
2021-09-12,RS,2.0,Sul,Brasil
2021-09-19,RS,1.0,Sul,Brasil
2021-09-26,RS,1.0,Sul,Brasil
2021-10-03,RS,2.0,Sul,Brasil
2021-10-10,RS,2.0,Sul,Brasil
2021-10-17,RS,2.0,Sul,Brasil
2021-10-24,RS,3.0,Sul,Brasil
2021-10-31,RS,5.0,Sul,Brasil
2021-11-07,RS,1.0,Sul,Brasil
2021-11-14,RS,3.0,Sul,Brasil
2021-11-21,RS,4.0,Sul,Brasil
2021-11-28,RS,2.0,Sul,Brasil
2021-12-05,RS,3.0,Sul,Brasil
2021-12-12,RS,3.0,Sul,Brasil
2021-12-19,RS,2.0,Sul,Brasil
2021-12-26,RS,3.0,Sul,Brasil
2022-01-02,RS,2.0,Sul,Brasil
2022-01-09,RS,3.0,Sul,Brasil
2022-01-16,RS,3.0,Sul,Brasil
2022-01-23,RS,3.0,Sul,Brasil
2022-01-30,RS,3.0,Sul,Brasil
2022-02-06,RS,6.0,Sul,Brasil
2022-02-13,RS,9.0,Sul,Brasil
2022-02-20,RS,6.0,Sul,Brasil
2022-02-27,RS,4.0,Sul,Brasil
2022-03-06,RS,15.0,Sul,Brasil
2022-03-13,RS,27.0,Sul,Brasil
2022-03-20,RS,37.0,Sul,Brasil
2022-03-27,RS,34.0,Sul,Brasil
2022-04-03,RS,30.0,Sul,Brasil
2022-04-10,RS,42.0,Sul,Brasil
2022-04-17,RS,37.0,Sul,Brasil
2022-04-24,RS,65.0,Sul,Brasil
2022-05-01,RS,114.0,Sul,Brasil
2022-05-08,RS,69.0,Sul,Brasil
2022-05-15,RS,62.0,Sul,Brasil
2022-05-22,RS,28.0,Sul,Brasil
2022-05-29,RS,17.0,Sul,Brasil
2022-06-05,RS,13.0,Sul,Brasil
2022-06-12,RS,13.0,Sul,Brasil
2022-06-19,RS,4.0,Sul,Brasil
2022-06-26,RS,9.0,Sul,Brasil
2022-07-03,RS,4.0,Sul,Brasil
2022-07-10,RS,5.0,Sul,Brasil
2022-07-17,RS,3.0,Sul,Brasil
2022-07-24,RS,8.0,Sul,Brasil
2022-07-31,RS,2.0,Sul,Brasil
2022-08-07,RS,4.0,Sul,Brasil
2022-08-14,RS,3.0,Sul,Brasil
2022-08-21,RS,4.0,Sul,Brasil
2022-08-28,RS,4.0,Sul,Brasil
2022-09-04,RS,2.0,Sul,Brasil
2022-09-11,RS,6.0,Sul,Brasil
2022-09-18,RS,2.0,Sul,Brasil
2022-09-25,RS,1.0,Sul,Brasil
2022-10-02,RS,4.0,Sul,Brasil
2022-10-09,RS,2.0,Sul,Brasil
2022-10-16,RS,2.0,Sul,Brasil
2022-10-23,RS,3.0,Sul,Brasil
2022-10-30,RS,1.0,Sul,Brasil
2022-11-06,RS,3.0,Sul,Brasil
2022-11-13,RS,3.0,Sul,Brasil
2022-11-20,RS,2.0,Sul,Brasil
2022-11-27,RS,7.0,Sul,Brasil
2022-12-04,RS,2.0,Sul,Brasil
2022-12-11,RS,6.0,Sul,Brasil
2022-12-18,RS,8.0,Sul,Brasil
2022-12-25,RS,8.0,Sul,Brasil
2023-01-01,RS,10.0,Sul,Brasil
2023-01-08,RS,2.0,Sul,Brasil
2023-01-15,RS,8.0,Sul,Brasil
2023-01-22,RS,8.0,Sul,Brasil
2023-01-29,RS,7.0,Sul,Brasil
2023-02-05,RS,5.0,Sul,Brasil
2023-02-12,RS,5.0,Sul,Brasil
2023-02-19,RS,5.0,Sul,Brasil
2023-02-26,RS,4.0,Sul,Brasil
2023-03-05,RS,9.0,Sul,Brasil
2023-03-12,RS,18.0,Sul,Brasil
2023-03-19,RS,23.0,Sul,Brasil
2023-03-26,RS,34.0,Sul,Brasil
2023-04-02,RS,20.0,Sul,Brasil
2023-04-09,RS,28.0,Sul,Brasil
2023-04-16,RS,39.0,Sul,Brasil
2023-04-23,RS,28.0,Sul,Brasil
2023-04-30,RS,43.0,Sul,Brasil
2023-05-07,RS,25.0,Sul,Brasil
2023-05-14,RS,26.0,Sul,Brasil
2023-05-21,RS,28.0,Sul,Brasil
2023-05-28,RS,26.0,Sul,Brasil
2023-06-04,RS,22.0,Sul,Brasil
2023-06-11,RS,11.0,Sul,Brasil
2023-06-18,RS,8.0,Sul,Brasil
2023-06-25,RS,12.0,Sul,Brasil
2023-07-02,RS,6.0,Sul,Brasil
2023-07-09,RS,13.0,Sul,Brasil
2023-07-16,RS,12.0,Sul,Brasil
2023-07-23,RS,5.0,Sul,Brasil
2023-07-30,RS,8.0,Sul,Brasil
2023-08-06,RS,5.0,Sul,Brasil
2023-08-13,RS,5.0,Sul,Brasil
2023-08-20,RS,3.0,Sul,Brasil
2023-08-27,RS,3.0,Sul,Brasil
2023-09-03,RS,3.0,Sul,Brasil
2023-09-10,RS,2.0,Sul,Brasil
2023-09-17,RS,4.0,Sul,Brasil
2023-09-24,RS,3.0,Sul,Brasil
2023-10-01,RS,3.0,Sul,Brasil
2023-10-08,RS,1.0,Sul,Brasil
2023-10-15,RS,4.0,Sul,Brasil
2023-10-22,RS,4.0,Sul,Brasil
2023-10-29,RS,8.0,Sul,Brasil
2023-11-05,RS,4.0,Sul,Brasil
2023-11-12,RS,4.0,Sul,Brasil
2023-11-19,RS,4.0,Sul,Brasil
2023-11-26,RS,6.0,Sul,Brasil
2023-12-03,RS,6.0,Sul,Brasil
2023-12-10,RS,6.0,Sul,Brasil
2023-12-17,RS,6.0,Sul,Brasil
2023-12-24,RS,5.0,Sul,Brasil
2023-12-31,RS,3.0,Sul,Brasil
2024-01-07,RS,6.0,Sul,Brasil
2024-01-14,RS,24.0,Sul,Brasil
2024-01-21,RS,24.0,Sul,Brasil
2024-01-28,RS,19.0,Sul,Brasil
2024-02-04,RS,26.0,Sul,Brasil
2024-02-11,RS,33.0,Sul,Brasil
2024-02-18,RS,34.0,Sul,Brasil
2024-02-25,RS,43.0,Sul,Brasil
2024-03-03,RS,54.0,Sul,Brasil
2024-03-10,RS,52.0,Sul,Brasil
2024-03-17,RS,65.0,Sul,Brasil
2024-03-24,RS,45.0,Sul,Brasil
2024-03-31,RS,36.0,Sul,Brasil
2024-04-07,RS,50.0,Sul,Brasil
2024-04-14,RS,45.0,Sul,Brasil
2024-04-21,RS,60.0,Sul,Brasil
2024-04-28,RS,49.0,Sul,Brasil
2024-05-05,RS,25.0,Sul,Brasil
2024-05-12,RS,20.0,Sul,Brasil
2024-05-19,RS,17.0,Sul,Brasil
2024-05-26,RS,18.0,Sul,Brasil
2024-06-02,RS,4.0,Sul,Brasil
2024-06-09,RS,14.0,Sul,Brasil
2024-06-16,RS,13.0,Sul,Brasil
2024-06-23,RS,13.0,Sul,Brasil
2024-06-30,RS,11.0,Sul,Brasil
2024-07-07,RS,5.0,Sul,Brasil
2024-07-14,RS,9.0,Sul,Brasil
2024-07-21,RS,2.0,Sul,Brasil
2024-07-28,RS,4.0,Sul,Brasil
2024-08-04,RS,15.0,Sul,Brasil
2024-08-11,RS,4.0,Sul,Brasil
2024-08-18,RS,3.0,Sul,Brasil
2024-08-25,RS,5.0,Sul,Brasil
2024-09-01,RS,4.0,Sul,Brasil
2024-09-08,RS,3.0,Sul,Brasil
2024-09-15,RS,5.0,Sul,Brasil
2024-09-22,RS,1.0,Sul,Brasil
2024-09-29,RS,1.0,Sul,Brasil
2024-10-06,RS,4.0,Sul,Brasil
2024-10-13,RS,4.0,Sul,Brasil
2024-10-20,RS,3.0,Sul,Brasil
2024-10-27,RS,4.0,Sul,Brasil
2024-11-03,RS,3.0,Sul,Brasil
2024-11-10,RS,5.0,Sul,Brasil
2024-11-17,RS,3.0,Sul,Brasil
2024-11-24,RS,5.0,Sul,Brasil
2024-12-01,RS,4.0,Sul,Brasil
2024-12-08,RS,4.0,Sul,Brasil
2024-12-15,RS,4.0,Sul,Brasil
2024-12-22,RS,9.0,Sul,Brasil
2024-12-29,RS,3.0,Sul,Brasil
2025-01-05,RS,4.0,Sul,Brasil
2025-01-12,RS,4.0,Sul,Brasil
2025-01-19,RS,7.0,Sul,Brasil
2025-01-26,RS,7.0,Sul,Brasil
2025-02-02,RS,17.0,Sul,Brasil
2025-02-09,RS,9.0,Sul,Brasil
2025-02-16,RS,19.0,Sul,Brasil
2025-02-23,RS,8.0,Sul,Brasil
2025-03-02,RS,17.0,Sul,Brasil
2025-03-09,RS,34.0,Sul,Brasil
2025-03-16,RS,46.0,Sul,Brasil
2025-03-23,RS,86.0,Sul,Brasil
2025-03-30,RS,88.0,Sul,Brasil
2025-04-06,RS,125.0,Sul,Brasil
2025-04-13,RS,137.0,Sul,Brasil
2025-04-20,RS,97.0,Sul,Brasil
2025-04-27,RS,86.0,Sul,Brasil
2025-05-04,RS,78.0,Sul,Brasil
2025-05-11,RS,93.0,Sul,Brasil
2025-05-18,RS,75.0,Sul,Brasil
2025-05-25,RS,63.0,Sul,Brasil
2025-06-01,RS,37.0,Sul,Brasil
2025-06-08,RS,25.0,Sul,Brasil
2025-06-15,RS,13.0,Sul,Brasil
2025-06-22,RS,8.0,Sul,Brasil
2025-06-29,RS,7.0,Sul,Brasil
2025-07-06,RS,10.0,Sul,Brasil
2025-07-13,RS,4.0,Sul,Brasil
2025-07-20,RS,12.0,Sul,Brasil
2025-07-27,RS,10.0,Sul,Brasil
2025-08-03,RS,5.0,Sul,Brasil
2025-08-10,RS,8.0,Sul,Brasil
2025-08-17,RS,4.0,Sul,Brasil
2025-08-24,RS,8.0,Sul,Brasil
2025-08-31,RS,2.0,Sul,Brasil
2025-09-07,RS,6.0,Sul,Brasil
2025-09-14,RS,5.0,Sul,Brasil
2025-09-21,RS,10.0,Sul,Brasil
2025-09-28,RS,9.0,Sul,Brasil
2025-10-05,RS,9.0,Sul,Brasil
2025-10-12,RS,7.0,Sul,Brasil
2025-10-19,RS,19.0,Sul,Brasil
2025-10-26,RS,26.0,Sul,Brasil
2025-11-02,RS,12.0,Sul,Brasil
2025-11-09,RS,13.0,Sul,Brasil
2025-11-16,RS,14.0,Sul,Brasil
2025-11-23,RS,9.0,Sul,Brasil
2025-11-30,RS,21.0,Sul,Brasil
2025-12-07,RS,17.0,Sul,Brasil
2025-12-14,RS,13.0,Sul,Brasil
2025-12-21,RS,11.0,Sul,Brasil
2025-12-28,RS,8.0,Sul,Brasil
2026-01-04,RS,10.0,Sul,Brasil
2026-01-11,RS,25.0,Sul,Brasil
2026-01-18,RS,22.0,Sul,Brasil
2026-01-25,RS,21.0,Sul,Brasil
2026-02-01,RS,35.0,Sul,Brasil
2026-02-08,RS,28.0,Sul,Brasil
2026-02-15,RS,13.0,Sul,Brasil
2026-02-22,RS,23.0,Sul,Brasil
2026-03-01,RS,26.0,Sul,Brasil
2026-03-08,RS,12.0,Sul,Brasil
2026-03-15,RS,15.0,Sul,Brasil
2026-03-22,RS,15.0,Sul,Brasil
2026-03-29,RS,16.0,Sul,Brasil
2026-04-05,RS,11.0,Sul,Brasil
2026-04-12,RS,18.0,Sul,Brasil
2026-04-19,RS,23.0,Sul,Brasil
2026-04-26,RS,15.0,Sul,Brasil
2026-05-03,RS,13.0,Sul,Brasil
2026-05-10,RS,8.0,Sul,Brasil
2026-05-17,RS,8.0,Sul,Brasil
2026-05-24,RS,10.0,Sul,Brasil
2026-05-31,RS,6.0,Sul,Brasil
2026-06-07,RS,3.0,Sul,Brasil
2026-06-14,RS,6.0,Sul,Brasil
2026-06-21,RS,8.0,Sul,Brasil
2026-06-28,RS,4.0,Sul,Brasil
2026-07-05,RS,9.0,Sul,Brasil
2026-07-12,RS,5.0,Sul,Brasil
2026-07-19,RS,7.0,Sul,Brasil
2026-07-26,RS,5.0,Sul,Brasil
2026-08-02,RS,4.0,Sul,Brasil
2026-08-09,RS,4.0,Sul,Brasil
2026-08-16,RS,4.0,Sul,Brasil
2026-08-23,RS,5.0,Sul,Brasil
2026-08-30,RS,2.0,Sul,Brasil
2026-09-06,RS,4.0,Sul,Brasil
2026-09-13,RS,4.0,Sul,Brasil
2014-08-10,SC,1.0,Sul,Brasil
2014-08-17,SC,1.0,Sul,Brasil
2014-08-24,SC,1.0,Sul,Brasil
2014-08-31,SC,1.0,Sul,Brasil
2014-09-07,SC,1.0,Sul,Brasil
2014-09-14,SC,1.0,Sul,Brasil
2014-09-21,SC,1.0,Sul,Brasil
2014-09-28,SC,1.0,Sul,Brasil
2014-10-05,SC,1.0,Sul,Brasil
2014-10-12,SC,2.0,Sul,Brasil
2014-10-19,SC,2.0,Sul,Brasil
2014-10-26,SC,2.0,Sul,Brasil
2014-11-02,SC,1.0,Sul,Brasil
2014-11-09,SC,1.0,Sul,Brasil
2014-11-16,SC,1.0,Sul,Brasil
2014-11-23,SC,1.0,Sul,Brasil
2014-11-30,SC,2.0,Sul,Brasil
2014-12-07,SC,1.0,Sul,Brasil
2014-12-14,SC,3.0,Sul,Brasil
2014-12-21,SC,1.0,Sul,Brasil
2014-12-28,SC,1.0,Sul,Brasil
2015-01-04,SC,1.0,Sul,Brasil
2015-01-11,SC,1.0,Sul,Brasil
2015-01-18,SC,1.0,Sul,Brasil
2015-01-25,SC,1.0,Sul,Brasil
2015-02-01,SC,2.0,Sul,Brasil
2015-02-08,SC,2.0,Sul,Brasil
2015-02-15,SC,1.0,Sul,Brasil
2015-02-22,SC,1.0,Sul,Brasil
2015-03-01,SC,3.0,Sul,Brasil
2015-03-08,SC,1.0,Sul,Brasil
2015-03-15,SC,2.0,Sul,Brasil
2015-03-22,SC,1.0,Sul,Brasil
2015-03-29,SC,2.0,Sul,Brasil
2015-04-05,SC,1.0,Sul,Brasil
2015-04-12,SC,1.0,Sul,Brasil
2015-04-19,SC,2.0,Sul,Brasil
2015-04-26,SC,2.0,Sul,Brasil
2015-05-03,SC,3.0,Sul,Brasil
2015-05-10,SC,3.0,Sul,Brasil
2015-05-17,SC,3.0,Sul,Brasil
2015-05-24,SC,1.0,Sul,Brasil
2015-05-31,SC,5.0,Sul,Brasil
2015-06-07,SC,1.0,Sul,Brasil
2015-06-14,SC,1.0,Sul,Brasil
2015-06-21,SC,3.0,Sul,Brasil
2015-06-28,SC,2.0,Sul,Brasil
2015-07-05,SC,2.0,Sul,Brasil
2015-07-12,SC,2.0,Sul,Brasil
2015-07-19,SC,1.0,Sul,Brasil
2015-07-26,SC,1.0,Sul,Brasil
2015-08-02,SC,1.0,Sul,Brasil
2015-08-09,SC,1.0,Sul,Brasil
2015-08-16,SC,1.0,Sul,Brasil
2015-08-23,SC,1.0,Sul,Brasil
2015-08-30,SC,1.0,Sul,Brasil
2015-09-06,SC,1.0,Sul,Brasil
2015-09-13,SC,1.0,Sul,Brasil
2015-09-20,SC,1.0,Sul,Brasil
2015-09-27,SC,1.0,Sul,Brasil
2015-10-04,SC,3.0,Sul,Brasil
2015-10-11,SC,3.0,Sul,Brasil
2015-10-18,SC,2.0,Sul,Brasil
2015-10-25,SC,3.0,Sul,Brasil
2015-11-01,SC,3.0,Sul,Brasil
2015-11-08,SC,3.0,Sul,Brasil
2015-11-15,SC,7.0,Sul,Brasil
2015-11-22,SC,4.0,Sul,Brasil
2015-11-29,SC,5.0,Sul,Brasil
2015-12-06,SC,9.0,Sul,Brasil
2015-12-13,SC,12.0,Sul,Brasil
2015-12-20,SC,11.0,Sul,Brasil
2015-12-27,SC,6.0,Sul,Brasil
2016-01-03,SC,6.0,Sul,Brasil
2016-01-10,SC,8.0,Sul,Brasil
2016-01-17,SC,14.0,Sul,Brasil
2016-01-24,SC,27.0,Sul,Brasil
2016-01-31,SC,23.0,Sul,Brasil
2016-02-07,SC,36.0,Sul,Brasil
2016-02-14,SC,36.0,Sul,Brasil
2016-02-21,SC,58.0,Sul,Brasil
2016-02-28,SC,62.0,Sul,Brasil
2016-03-06,SC,61.0,Sul,Brasil
2016-03-13,SC,77.0,Sul,Brasil
2016-03-20,SC,69.0,Sul,Brasil
2016-03-27,SC,35.0,Sul,Brasil
2016-04-03,SC,49.0,Sul,Brasil
2016-04-10,SC,47.0,Sul,Brasil
2016-04-17,SC,25.0,Sul,Brasil
2016-04-24,SC,18.0,Sul,Brasil
2016-05-01,SC,23.0,Sul,Brasil
2016-05-08,SC,20.0,Sul,Brasil
2016-05-15,SC,22.0,Sul,Brasil
2016-05-22,SC,8.0,Sul,Brasil
2016-05-29,SC,4.0,Sul,Brasil
2016-06-05,SC,11.0,Sul,Brasil
2016-06-12,SC,4.0,Sul,Brasil
2016-06-19,SC,3.0,Sul,Brasil
2016-06-26,SC,4.0,Sul,Brasil
2016-07-03,SC,8.0,Sul,Brasil
2016-07-10,SC,9.0,Sul,Brasil
2016-07-17,SC,7.0,Sul,Brasil
2016-07-24,SC,11.0,Sul,Brasil
2016-07-31,SC,6.0,Sul,Brasil
2016-08-07,SC,13.0,Sul,Brasil
2016-08-14,SC,11.0,Sul,Brasil
2016-08-21,SC,8.0,Sul,Brasil
2016-08-28,SC,3.0,Sul,Brasil
2016-09-04,SC,10.0,Sul,Brasil
2016-09-11,SC,5.0,Sul,Brasil
2016-09-18,SC,6.0,Sul,Brasil
2016-09-25,SC,8.0,Sul,Brasil
2016-10-02,SC,8.0,Sul,Brasil
2016-10-09,SC,5.0,Sul,Brasil
2016-10-16,SC,2.0,Sul,Brasil
2016-10-23,SC,4.0,Sul,Brasil
2016-10-30,SC,5.0,Sul,Brasil
2016-11-06,SC,8.0,Sul,Brasil
2016-11-13,SC,7.0,Sul,Brasil
2016-11-20,SC,9.0,Sul,Brasil
2016-11-27,SC,16.0,Sul,Brasil
2016-12-04,SC,15.0,Sul,Brasil
2016-12-11,SC,16.0,Sul,Brasil
2016-12-18,SC,12.0,Sul,Brasil
2016-12-25,SC,14.0,Sul,Brasil
2017-01-01,SC,7.0,Sul,Brasil
2017-01-08,SC,7.0,Sul,Brasil
2017-01-15,SC,28.0,Sul,Brasil
2017-01-22,SC,22.0,Sul,Brasil
2017-01-29,SC,17.0,Sul,Brasil
2017-02-05,SC,12.0,Sul,Brasil
2017-02-12,SC,17.0,Sul,Brasil
2017-02-19,SC,7.0,Sul,Brasil
2017-02-26,SC,10.0,Sul,Brasil
2017-03-05,SC,6.0,Sul,Brasil
2017-03-12,SC,11.0,Sul,Brasil
2017-03-19,SC,15.0,Sul,Brasil
2017-03-26,SC,4.0,Sul,Brasil
2017-04-02,SC,3.0,Sul,Brasil
2017-04-09,SC,11.0,Sul,Brasil
2017-04-16,SC,6.0,Sul,Brasil
2017-04-23,SC,7.0,Sul,Brasil
2017-04-30,SC,4.0,Sul,Brasil
2017-05-07,SC,8.0,Sul,Brasil
2017-05-14,SC,5.0,Sul,Brasil
2017-05-21,SC,3.0,Sul,Brasil
2017-05-28,SC,9.0,Sul,Brasil
2017-06-04,SC,10.0,Sul,Brasil
2017-06-11,SC,7.0,Sul,Brasil
2017-06-18,SC,2.0,Sul,Brasil
2017-06-25,SC,5.0,Sul,Brasil
2017-07-02,SC,3.0,Sul,Brasil
2017-07-09,SC,5.0,Sul,Brasil
2017-07-16,SC,3.0,Sul,Brasil
2017-07-23,SC,2.0,Sul,Brasil
2017-07-30,SC,10.0,Sul,Brasil
2017-08-06,SC,4.0,Sul,Brasil
2017-08-13,SC,4.0,Sul,Brasil
2017-08-20,SC,5.0,Sul,Brasil
2017-08-27,SC,2.0,Sul,Brasil
2017-09-03,SC,9.0,Sul,Brasil
2017-09-10,SC,2.0,Sul,Brasil
2017-09-17,SC,3.0,Sul,Brasil
2017-09-24,SC,2.0,Sul,Brasil
2017-10-01,SC,8.0,Sul,Brasil
2017-10-08,SC,4.0,Sul,Brasil
2017-10-15,SC,7.0,Sul,Brasil
2017-10-22,SC,5.0,Sul,Brasil
2017-10-29,SC,5.0,Sul,Brasil
2017-11-05,SC,4.0,Sul,Brasil
2017-11-12,SC,9.0,Sul,Brasil
2017-11-19,SC,4.0,Sul,Brasil
2017-11-26,SC,10.0,Sul,Brasil
2017-12-03,SC,13.0,Sul,Brasil
2017-12-10,SC,10.0,Sul,Brasil
2017-12-17,SC,5.0,Sul,Brasil
2017-12-24,SC,14.0,Sul,Brasil
2017-12-31,SC,6.0,Sul,Brasil
2018-01-07,SC,3.0,Sul,Brasil
2018-01-14,SC,7.0,Sul,Brasil
2018-01-21,SC,11.0,Sul,Brasil
2018-01-28,SC,13.0,Sul,Brasil
2018-02-04,SC,18.0,Sul,Brasil
2018-02-11,SC,11.0,Sul,Brasil
2018-02-18,SC,11.0,Sul,Brasil
2018-02-25,SC,17.0,Sul,Brasil
2018-03-04,SC,11.0,Sul,Brasil
2018-03-11,SC,12.0,Sul,Brasil
2018-03-18,SC,13.0,Sul,Brasil
2018-03-25,SC,9.0,Sul,Brasil
2018-04-01,SC,9.0,Sul,Brasil
2018-04-08,SC,12.0,Sul,Brasil
2018-04-15,SC,10.0,Sul,Brasil
2018-04-22,SC,5.0,Sul,Brasil
2018-04-29,SC,11.0,Sul,Brasil
2018-05-06,SC,4.0,Sul,Brasil
2018-05-13,SC,9.0,Sul,Brasil
2018-05-20,SC,15.0,Sul,Brasil
2018-05-27,SC,9.0,Sul,Brasil
2018-06-03,SC,3.0,Sul,Brasil
2018-06-10,SC,7.0,Sul,Brasil
2018-06-17,SC,9.0,Sul,Brasil
2018-06-24,SC,6.0,Sul,Brasil
2018-07-01,SC,8.0,Sul,Brasil
2018-07-08,SC,6.0,Sul,Brasil
2018-07-15,SC,2.0,Sul,Brasil
2018-07-22,SC,7.0,Sul,Brasil
2018-07-29,SC,2.0,Sul,Brasil
2018-08-05,SC,5.0,Sul,Brasil
2018-08-12,SC,3.0,Sul,Brasil
2018-08-19,SC,3.0,Sul,Brasil
2018-08-26,SC,8.0,Sul,Brasil
2018-09-02,SC,3.0,Sul,Brasil
2018-09-09,SC,3.0,Sul,Brasil
2018-09-16,SC,5.0,Sul,Brasil
2018-09-23,SC,7.0,Sul,Brasil
2018-09-30,SC,3.0,Sul,Brasil
2018-10-07,SC,3.0,Sul,Brasil
2018-10-14,SC,2.0,Sul,Brasil
2018-10-21,SC,5.0,Sul,Brasil
2018-10-28,SC,10.0,Sul,Brasil
2018-11-04,SC,7.0,Sul,Brasil
2018-11-11,SC,8.0,Sul,Brasil
2018-11-18,SC,1.0,Sul,Brasil
2018-11-25,SC,8.0,Sul,Brasil
2018-12-02,SC,6.0,Sul,Brasil
2018-12-09,SC,5.0,Sul,Brasil
2018-12-16,SC,6.0,Sul,Brasil
2018-12-23,SC,7.0,Sul,Brasil
2018-12-30,SC,4.0,Sul,Brasil
2019-01-06,SC,1.0,Sul,Brasil
2019-01-13,SC,10.0,Sul,Brasil
2019-01-20,SC,9.0,Sul,Brasil
2019-01-27,SC,13.0,Sul,Brasil
2019-02-03,SC,20.0,Sul,Brasil
2019-02-10,SC,19.0,Sul,Brasil
2019-02-17,SC,17.0,Sul,Brasil
2019-02-24,SC,13.0,Sul,Brasil
2019-03-03,SC,12.0,Sul,Brasil
2019-03-10,SC,12.0,Sul,Brasil
2019-03-17,SC,9.0,Sul,Brasil
2019-03-24,SC,12.0,Sul,Brasil
2019-03-31,SC,17.0,Sul,Brasil
2019-04-07,SC,17.0,Sul,Brasil
2019-04-14,SC,17.0,Sul,Brasil
2019-04-21,SC,23.0,Sul,Brasil
2019-04-28,SC,37.0,Sul,Brasil
2019-05-05,SC,25.0,Sul,Brasil
2019-05-12,SC,28.0,Sul,Brasil
2019-05-19,SC,34.0,Sul,Brasil
2019-05-26,SC,29.0,Sul,Brasil
2019-06-02,SC,42.0,Sul,Brasil
2019-06-09,SC,19.0,Sul,Brasil
2019-06-16,SC,28.0,Sul,Brasil
2019-06-23,SC,13.0,Sul,Brasil
2019-06-30,SC,13.0,Sul,Brasil
2019-07-07,SC,11.0,Sul,Brasil
2019-07-14,SC,10.0,Sul,Brasil
2019-07-21,SC,8.0,Sul,Brasil
2019-07-28,SC,11.0,Sul,Brasil
2019-08-04,SC,6.0,Sul,Brasil
2019-08-11,SC,11.0,Sul,Brasil
2019-08-18,SC,6.0,Sul,Brasil
2019-08-25,SC,8.0,Sul,Brasil
2019-09-01,SC,12.0,Sul,Brasil
2019-09-08,SC,4.0,Sul,Brasil
2019-09-15,SC,3.0,Sul,Brasil
2019-09-22,SC,9.0,Sul,Brasil
2019-09-29,SC,4.0,Sul,Brasil
2019-10-06,SC,8.0,Sul,Brasil
2019-10-13,SC,14.0,Sul,Brasil
2019-10-20,SC,4.0,Sul,Brasil
2019-10-27,SC,10.0,Sul,Brasil
2019-11-03,SC,5.0,Sul,Brasil
2019-11-10,SC,4.0,Sul,Brasil
2019-11-17,SC,11.0,Sul,Brasil
2019-11-24,SC,12.0,Sul,Brasil
2019-12-01,SC,11.0,Sul,Brasil
2019-12-08,SC,7.0,Sul,Brasil
2019-12-15,SC,7.0,Sul,Brasil
2019-12-22,SC,12.0,Sul,Brasil
2019-12-29,SC,6.0,Sul,Brasil
2020-01-05,SC,2.0,Sul,Brasil
2020-01-12,SC,13.0,Sul,Brasil
2020-01-19,SC,9.0,Sul,Brasil
2020-01-26,SC,11.0,Sul,Brasil
2020-02-02,SC,18.0,Sul,Brasil
2020-02-09,SC,13.0,Sul,Brasil
2020-02-16,SC,21.0,Sul,Brasil
2020-02-23,SC,22.0,Sul,Brasil
2020-03-01,SC,17.0,Sul,Brasil
2020-03-08,SC,28.0,Sul,Brasil
2020-03-15,SC,14.0,Sul,Brasil
2020-03-22,SC,16.0,Sul,Brasil
2020-03-29,SC,6.0,Sul,Brasil
2020-04-05,SC,20.0,Sul,Brasil
2020-04-12,SC,16.0,Sul,Brasil
2020-04-19,SC,35.0,Sul,Brasil
2020-04-26,SC,17.0,Sul,Brasil
2020-05-03,SC,17.0,Sul,Brasil
2020-05-10,SC,16.0,Sul,Brasil
2020-05-17,SC,19.0,Sul,Brasil
2020-05-24,SC,25.0,Sul,Brasil
2020-05-31,SC,14.0,Sul,Brasil
2020-06-07,SC,17.0,Sul,Brasil
2020-06-14,SC,21.0,Sul,Brasil
2020-06-21,SC,30.0,Sul,Brasil
2020-06-28,SC,38.0,Sul,Brasil
2020-07-05,SC,18.0,Sul,Brasil
2020-07-12,SC,18.0,Sul,Brasil
2020-07-19,SC,14.0,Sul,Brasil
2020-07-26,SC,5.0,Sul,Brasil
2020-08-02,SC,11.0,Sul,Brasil
2020-08-09,SC,9.0,Sul,Brasil
2020-08-16,SC,5.0,Sul,Brasil
2020-08-23,SC,5.0,Sul,Brasil
2020-08-30,SC,4.0,Sul,Brasil
2020-09-06,SC,6.0,Sul,Brasil
2020-09-13,SC,4.0,Sul,Brasil
2020-09-20,SC,5.0,Sul,Brasil
2020-09-27,SC,6.0,Sul,Brasil
2020-10-04,SC,8.0,Sul,Brasil
2020-10-11,SC,3.0,Sul,Brasil
2020-10-18,SC,4.0,Sul,Brasil
2020-10-25,SC,11.0,Sul,Brasil
2020-11-01,SC,7.0,Sul,Brasil
2020-11-08,SC,6.0,Sul,Brasil
2020-11-15,SC,3.0,Sul,Brasil
2020-11-22,SC,4.0,Sul,Brasil
2020-11-29,SC,4.0,Sul,Brasil
2020-12-06,SC,5.0,Sul,Brasil
2020-12-13,SC,7.0,Sul,Brasil
2020-12-20,SC,4.0,Sul,Brasil
2020-12-27,SC,3.0,Sul,Brasil
2021-01-03,SC,3.0,Sul,Brasil
2021-01-10,SC,2.0,Sul,Brasil
2021-01-17,SC,7.0,Sul,Brasil
2021-01-24,SC,8.0,Sul,Brasil
2021-01-31,SC,8.0,Sul,Brasil
2021-02-07,SC,18.0,Sul,Brasil
2021-02-14,SC,14.0,Sul,Brasil
2021-02-21,SC,20.0,Sul,Brasil
2021-02-28,SC,17.0,Sul,Brasil
2021-03-07,SC,9.0,Sul,Brasil
2021-03-14,SC,9.0,Sul,Brasil
2021-03-21,SC,10.0,Sul,Brasil
2021-03-28,SC,15.0,Sul,Brasil
2021-04-04,SC,13.0,Sul,Brasil
2021-04-11,SC,15.0,Sul,Brasil
2021-04-18,SC,22.0,Sul,Brasil
2021-04-25,SC,25.0,Sul,Brasil
2021-05-02,SC,25.0,Sul,Brasil
2021-05-09,SC,24.0,Sul,Brasil
2021-05-16,SC,20.0,Sul,Brasil
2021-05-23,SC,18.0,Sul,Brasil
2021-05-30,SC,22.0,Sul,Brasil
2021-06-06,SC,14.0,Sul,Brasil
2021-06-13,SC,14.0,Sul,Brasil
2021-06-20,SC,8.0,Sul,Brasil
2021-06-27,SC,11.0,Sul,Brasil
2021-07-04,SC,8.0,Sul,Brasil
2021-07-11,SC,8.0,Sul,Brasil
2021-07-18,SC,6.0,Sul,Brasil
2021-07-25,SC,7.0,Sul,Brasil
2021-08-01,SC,6.0,Sul,Brasil
2021-08-08,SC,5.0,Sul,Brasil
2021-08-15,SC,6.0,Sul,Brasil
2021-08-22,SC,8.0,Sul,Brasil
2021-08-29,SC,4.0,Sul,Brasil
2021-09-05,SC,5.0,Sul,Brasil
2021-09-12,SC,4.0,Sul,Brasil
2021-09-19,SC,6.0,Sul,Brasil
2021-09-26,SC,3.0,Sul,Brasil
2021-10-03,SC,4.0,Sul,Brasil
2021-10-10,SC,5.0,Sul,Brasil
2021-10-17,SC,5.0,Sul,Brasil
2021-10-24,SC,6.0,Sul,Brasil
2021-10-31,SC,6.0,Sul,Brasil
2021-11-07,SC,5.0,Sul,Brasil
2021-11-14,SC,6.0,Sul,Brasil
2021-11-21,SC,8.0,Sul,Brasil
2021-11-28,SC,5.0,Sul,Brasil
2021-12-05,SC,6.0,Sul,Brasil
2021-12-12,SC,4.0,Sul,Brasil
2021-12-19,SC,8.0,Sul,Brasil
2021-12-26,SC,12.0,Sul,Brasil
2022-01-02,SC,7.0,Sul,Brasil
2022-01-09,SC,4.0,Sul,Brasil
2022-01-16,SC,8.0,Sul,Brasil
2022-01-23,SC,9.0,Sul,Brasil
2022-01-30,SC,8.0,Sul,Brasil
2022-02-06,SC,11.0,Sul,Brasil
2022-02-13,SC,20.0,Sul,Brasil
2022-02-20,SC,49.0,Sul,Brasil
2022-02-27,SC,67.0,Sul,Brasil
2022-03-06,SC,35.0,Sul,Brasil
2022-03-13,SC,61.0,Sul,Brasil
2022-03-20,SC,54.0,Sul,Brasil
2022-03-27,SC,45.0,Sul,Brasil
2022-04-03,SC,39.0,Sul,Brasil
2022-04-10,SC,47.0,Sul,Brasil
2022-04-17,SC,45.0,Sul,Brasil
2022-04-24,SC,29.0,Sul,Brasil
2022-05-01,SC,36.0,Sul,Brasil
2022-05-08,SC,22.0,Sul,Brasil
2022-05-15,SC,18.0,Sul,Brasil
2022-05-22,SC,34.0,Sul,Brasil
2022-05-29,SC,19.0,Sul,Brasil
2022-06-05,SC,13.0,Sul,Brasil
2022-06-12,SC,11.0,Sul,Brasil
2022-06-19,SC,8.0,Sul,Brasil
2022-06-26,SC,10.0,Sul,Brasil
2022-07-03,SC,6.0,Sul,Brasil
2022-07-10,SC,6.0,Sul,Brasil
2022-07-17,SC,2.0,Sul,Brasil
2022-07-24,SC,13.0,Sul,Brasil
2022-07-31,SC,8.0,Sul,Brasil
2022-08-07,SC,6.0,Sul,Brasil
2022-08-14,SC,5.0,Sul,Brasil
2022-08-21,SC,5.0,Sul,Brasil
2022-08-28,SC,4.0,Sul,Brasil
2022-09-04,SC,4.0,Sul,Brasil
2022-09-11,SC,4.0,Sul,Brasil
2022-09-18,SC,5.0,Sul,Brasil
2022-09-25,SC,4.0,Sul,Brasil
2022-10-02,SC,7.0,Sul,Brasil
2022-10-09,SC,3.0,Sul,Brasil
2022-10-16,SC,1.0,Sul,Brasil
2022-10-23,SC,3.0,Sul,Brasil
2022-10-30,SC,5.0,Sul,Brasil
2022-11-06,SC,5.0,Sul,Brasil
2022-11-13,SC,6.0,Sul,Brasil
2022-11-20,SC,5.0,Sul,Brasil
2022-11-27,SC,9.0,Sul,Brasil
2022-12-04,SC,3.0,Sul,Brasil
2022-12-11,SC,10.0,Sul,Brasil
2022-12-18,SC,10.0,Sul,Brasil
2022-12-25,SC,3.0,Sul,Brasil
2023-01-01,SC,5.0,Sul,Brasil
2023-01-08,SC,5.0,Sul,Brasil
2023-01-15,SC,15.0,Sul,Brasil
2023-01-22,SC,5.0,Sul,Brasil
2023-01-29,SC,5.0,Sul,Brasil
2023-02-05,SC,12.0,Sul,Brasil
2023-02-12,SC,10.0,Sul,Brasil
2023-02-19,SC,13.0,Sul,Brasil
2023-02-26,SC,11.0,Sul,Brasil
2023-03-05,SC,14.0,Sul,Brasil
2023-03-12,SC,23.0,Sul,Brasil
2023-03-19,SC,28.0,Sul,Brasil
2023-03-26,SC,50.0,Sul,Brasil
2023-04-02,SC,72.0,Sul,Brasil
2023-04-09,SC,52.0,Sul,Brasil
2023-04-16,SC,83.0,Sul,Brasil
2023-04-23,SC,54.0,Sul,Brasil
2023-04-30,SC,52.0,Sul,Brasil
2023-05-07,SC,46.0,Sul,Brasil
2023-05-14,SC,54.0,Sul,Brasil
2023-05-21,SC,44.0,Sul,Brasil
2023-05-28,SC,32.0,Sul,Brasil
2023-06-04,SC,21.0,Sul,Brasil
2023-06-11,SC,10.0,Sul,Brasil
2023-06-18,SC,10.0,Sul,Brasil
2023-06-25,SC,9.0,Sul,Brasil
2023-07-02,SC,4.0,Sul,Brasil
2023-07-09,SC,8.0,Sul,Brasil
2023-07-16,SC,13.0,Sul,Brasil
2023-07-23,SC,4.0,Sul,Brasil
2023-07-30,SC,5.0,Sul,Brasil
2023-08-06,SC,2.0,Sul,Brasil
2023-08-13,SC,12.0,Sul,Brasil
2023-08-20,SC,5.0,Sul,Brasil
2023-08-27,SC,5.0,Sul,Brasil
2023-09-03,SC,4.0,Sul,Brasil
2023-09-10,SC,5.0,Sul,Brasil
2023-09-17,SC,1.0,Sul,Brasil
2023-09-24,SC,4.0,Sul,Brasil
2023-10-01,SC,7.0,Sul,Brasil
2023-10-08,SC,9.0,Sul,Brasil
2023-10-15,SC,8.0,Sul,Brasil
2023-10-22,SC,15.0,Sul,Brasil
2023-10-29,SC,11.0,Sul,Brasil
2023-11-05,SC,9.0,Sul,Brasil
2023-11-12,SC,9.0,Sul,Brasil
2023-11-19,SC,7.0,Sul,Brasil
2023-11-26,SC,7.0,Sul,Brasil
2023-12-03,SC,5.0,Sul,Brasil
2023-12-10,SC,14.0,Sul,Brasil
2023-12-17,SC,14.0,Sul,Brasil
2023-12-24,SC,13.0,Sul,Brasil
2023-12-31,SC,14.0,Sul,Brasil
2024-01-07,SC,7.0,Sul,Brasil
2024-01-14,SC,17.0,Sul,Brasil
2024-01-21,SC,16.0,Sul,Brasil
2024-01-28,SC,21.0,Sul,Brasil
2024-02-04,SC,21.0,Sul,Brasil
2024-02-11,SC,32.0,Sul,Brasil
2024-02-18,SC,23.0,Sul,Brasil
2024-02-25,SC,27.0,Sul,Brasil
2024-03-03,SC,37.0,Sul,Brasil
2024-03-10,SC,26.0,Sul,Brasil
2024-03-17,SC,33.0,Sul,Brasil
2024-03-24,SC,29.0,Sul,Brasil
2024-03-31,SC,26.0,Sul,Brasil
2024-04-07,SC,35.0,Sul,Brasil
2024-04-14,SC,41.0,Sul,Brasil
2024-04-21,SC,50.0,Sul,Brasil
2024-04-28,SC,103.0,Sul,Brasil
2024-05-05,SC,63.0,Sul,Brasil
2024-05-12,SC,82.0,Sul,Brasil
2024-05-19,SC,39.0,Sul,Brasil
2024-05-26,SC,43.0,Sul,Brasil
2024-06-02,SC,15.0,Sul,Brasil
2024-06-09,SC,26.0,Sul,Brasil
2024-06-16,SC,17.0,Sul,Brasil
2024-06-23,SC,16.0,Sul,Brasil
2024-06-30,SC,21.0,Sul,Brasil
2024-07-07,SC,14.0,Sul,Brasil
2024-07-14,SC,10.0,Sul,Brasil
2024-07-21,SC,12.0,Sul,Brasil
2024-07-28,SC,10.0,Sul,Brasil
2024-08-04,SC,9.0,Sul,Brasil
2024-08-11,SC,12.0,Sul,Brasil
2024-08-18,SC,8.0,Sul,Brasil
2024-08-25,SC,7.0,Sul,Brasil
2024-09-01,SC,5.0,Sul,Brasil
2024-09-08,SC,8.0,Sul,Brasil
2024-09-15,SC,6.0,Sul,Brasil
2024-09-22,SC,4.0,Sul,Brasil
2024-09-29,SC,11.0,Sul,Brasil
2024-10-06,SC,6.0,Sul,Brasil
2024-10-13,SC,7.0,Sul,Brasil
2024-10-20,SC,3.0,Sul,Brasil
2024-10-27,SC,7.0,Sul,Brasil
2024-11-03,SC,6.0,Sul,Brasil
2024-11-10,SC,9.0,Sul,Brasil
2024-11-17,SC,7.0,Sul,Brasil
2024-11-24,SC,11.0,Sul,Brasil
2024-12-01,SC,10.0,Sul,Brasil
2024-12-08,SC,6.0,Sul,Brasil
2024-12-15,SC,13.0,Sul,Brasil
2024-12-22,SC,11.0,Sul,Brasil
2024-12-29,SC,13.0,Sul,Brasil
2025-01-05,SC,6.0,Sul,Brasil
2025-01-12,SC,11.0,Sul,Brasil
2025-01-19,SC,11.0,Sul,Brasil
2025-01-26,SC,9.0,Sul,Brasil
2025-02-02,SC,13.0,Sul,Brasil
2025-02-09,SC,10.0,Sul,Brasil
2025-02-16,SC,30.0,Sul,Brasil
2025-02-23,SC,43.0,Sul,Brasil
2025-03-02,SC,94.0,Sul,Brasil
2025-03-09,SC,126.0,Sul,Brasil
2025-03-16,SC,150.0,Sul,Brasil
2025-03-23,SC,260.0,Sul,Brasil
2025-03-30,SC,264.0,Sul,Brasil
2025-04-06,SC,241.0,Sul,Brasil
2025-04-13,SC,219.0,Sul,Brasil
2025-04-20,SC,167.0,Sul,Brasil
2025-04-27,SC,175.0,Sul,Brasil
2025-05-04,SC,130.0,Sul,Brasil
2025-05-11,SC,113.0,Sul,Brasil
2025-05-18,SC,105.0,Sul,Brasil
2025-05-25,SC,95.0,Sul,Brasil
2025-06-01,SC,61.0,Sul,Brasil
2025-06-08,SC,41.0,Sul,Brasil
2025-06-15,SC,35.0,Sul,Brasil
2025-06-22,SC,30.0,Sul,Brasil
2025-06-29,SC,16.0,Sul,Brasil
2025-07-06,SC,19.0,Sul,Brasil
2025-07-13,SC,16.0,Sul,Brasil
2025-07-20,SC,16.0,Sul,Brasil
2025-07-27,SC,9.0,Sul,Brasil
2025-08-03,SC,11.0,Sul,Brasil
2025-08-10,SC,20.0,Sul,Brasil
2025-08-17,SC,13.0,Sul,Brasil
2025-08-24,SC,14.0,Sul,Brasil
2025-08-31,SC,8.0,Sul,Brasil
2025-09-07,SC,11.0,Sul,Brasil
2025-09-14,SC,13.0,Sul,Brasil
2025-09-21,SC,14.0,Sul,Brasil
2025-09-28,SC,18.0,Sul,Brasil
2025-10-05,SC,12.0,Sul,Brasil
2025-10-12,SC,17.0,Sul,Brasil
2025-10-19,SC,25.0,Sul,Brasil
2025-10-26,SC,14.0,Sul,Brasil
2025-11-02,SC,8.0,Sul,Brasil
2025-11-09,SC,29.0,Sul,Brasil
2025-11-16,SC,20.0,Sul,Brasil
2025-11-23,SC,20.0,Sul,Brasil
2025-11-30,SC,38.0,Sul,Brasil
2025-12-07,SC,43.0,Sul,Brasil
2025-12-14,SC,44.0,Sul,Brasil
2025-12-21,SC,38.0,Sul,Brasil
2025-12-28,SC,6.0,Sul,Brasil
2026-01-04,SC,14.0,Sul,Brasil
2026-01-11,SC,36.0,Sul,Brasil
2026-01-18,SC,33.0,Sul,Brasil
2026-01-25,SC,30.0,Sul,Brasil
2026-02-01,SC,36.0,Sul,Brasil
2026-02-08,SC,37.0,Sul,Brasil
2026-02-15,SC,27.0,Sul,Brasil
2026-02-22,SC,29.0,Sul,Brasil
2026-03-01,SC,45.0,Sul,Brasil
2026-03-08,SC,50.0,Sul,Brasil
2026-03-15,SC,31.0,Sul,Brasil
2026-03-22,SC,33.0,Sul,Brasil
2026-03-29,SC,32.0,Sul,Brasil
2026-04-05,SC,40.0,Sul,Brasil
2026-04-12,SC,34.0,Sul,Brasil
2026-04-19,SC,25.0,Sul,Brasil
2026-04-26,SC,15.0,Sul,Brasil
2026-05-03,SC,17.0,Sul,Brasil
2026-05-10,SC,14.0,Sul,Brasil
2026-05-17,SC,13.0,Sul,Brasil
2026-05-24,SC,5.0,Sul,Brasil
2026-05-31,SC,12.0,Sul,Brasil
2026-06-07,SC,5.0,Sul,Brasil
2026-06-14,SC,9.0,Sul,Brasil
2026-06-21,SC,8.0,Sul,Brasil
2026-06-28,SC,4.0,Sul,Brasil
2026-07-05,SC,6.0,Sul,Brasil
2026-07-12,SC,13.0,Sul,Brasil
2026-07-19,SC,8.0,Sul,Brasil
2026-07-26,SC,6.0,Sul,Brasil
2026-08-02,SC,10.0,Sul,Brasil
2026-08-09,SC,8.0,Sul,Brasil
2026-08-16,SC,1.0,Sul,Brasil
2026-08-23,SC,4.0,Sul,Brasil
2026-08-30,SC,10.0,Sul,Brasil
2026-09-06,SC,3.0,Sul,Brasil
2026-09-13,SC,3.0,Sul,Brasil
2014-10-26,SE,1.0,Nordeste,Brasil
2014-11-02,SE,1.0,Nordeste,Brasil
2014-11-09,SE,2.0,Nordeste,Brasil
2014-11-16,SE,15.0,Nordeste,Brasil
2014-11-23,SE,16.0,Nordeste,Brasil
2014-11-30,SE,19.0,Nordeste,Brasil
2014-12-07,SE,5.0,Nordeste,Brasil
2014-12-14,SE,4.0,Nordeste,Brasil
2014-12-21,SE,2.0,Nordeste,Brasil
2014-12-28,SE,1.0,Nordeste,Brasil
2015-01-04,SE,1.0,Nordeste,Brasil
2015-01-11,SE,4.0,Nordeste,Brasil
2015-01-18,SE,7.0,Nordeste,Brasil
2015-01-25,SE,6.0,Nordeste,Brasil
2015-02-01,SE,5.0,Nordeste,Brasil
2015-02-08,SE,3.0,Nordeste,Brasil
2015-02-15,SE,11.0,Nordeste,Brasil
2015-02-22,SE,4.0,Nordeste,Brasil
2015-03-01,SE,31.0,Nordeste,Brasil
2015-03-08,SE,42.0,Nordeste,Brasil
2015-03-15,SE,39.0,Nordeste,Brasil
2015-03-22,SE,38.0,Nordeste,Brasil
2015-03-29,SE,38.0,Nordeste,Brasil
2015-04-05,SE,16.0,Nordeste,Brasil
2015-04-12,SE,26.0,Nordeste,Brasil
2015-04-19,SE,50.0,Nordeste,Brasil
2015-04-26,SE,19.0,Nordeste,Brasil
2015-05-03,SE,19.0,Nordeste,Brasil
2015-05-10,SE,18.0,Nordeste,Brasil
2015-05-17,SE,10.0,Nordeste,Brasil
2015-05-24,SE,5.0,Nordeste,Brasil
2015-05-31,SE,12.0,Nordeste,Brasil
2015-06-07,SE,1.0,Nordeste,Brasil
2015-06-14,SE,2.0,Nordeste,Brasil
2015-06-21,SE,2.0,Nordeste,Brasil
2015-06-28,SE,1.0,Nordeste,Brasil
2015-07-05,SE,1.0,Nordeste,Brasil
2015-07-12,SE,1.0,Nordeste,Brasil
2015-07-19,SE,1.0,Nordeste,Brasil
2015-07-26,SE,1.0,Nordeste,Brasil
2015-08-02,SE,2.0,Nordeste,Brasil
2015-08-09,SE,2.0,Nordeste,Brasil
2015-08-16,SE,2.0,Nordeste,Brasil
2015-08-23,SE,1.0,Nordeste,Brasil
2015-08-30,SE,5.0,Nordeste,Brasil
2015-09-06,SE,8.0,Nordeste,Brasil
2015-09-13,SE,2.0,Nordeste,Brasil
2015-09-20,SE,25.0,Nordeste,Brasil
2015-09-27,SE,45.0,Nordeste,Brasil
2015-10-04,SE,62.0,Nordeste,Brasil
2015-10-11,SE,59.0,Nordeste,Brasil
2015-10-18,SE,53.0,Nordeste,Brasil
2015-10-25,SE,97.0,Nordeste,Brasil
2015-11-01,SE,170.0,Nordeste,Brasil
2015-11-08,SE,284.0,Nordeste,Brasil
2015-11-15,SE,174.0,Nordeste,Brasil
2015-11-22,SE,282.0,Nordeste,Brasil
2015-11-29,SE,241.0,Nordeste,Brasil
2015-12-06,SE,548.0,Nordeste,Brasil
2015-12-13,SE,485.0,Nordeste,Brasil
2015-12-20,SE,252.0,Nordeste,Brasil
2015-12-27,SE,117.0,Nordeste,Brasil
2016-01-03,SE,117.0,Nordeste,Brasil
2016-01-10,SE,39.0,Nordeste,Brasil
2016-01-17,SE,64.0,Nordeste,Brasil
2016-01-24,SE,127.0,Nordeste,Brasil
2016-01-31,SE,196.0,Nordeste,Brasil
2016-02-07,SE,380.0,Nordeste,Brasil
2016-02-14,SE,406.0,Nordeste,Brasil
2016-02-21,SE,561.0,Nordeste,Brasil
2016-02-28,SE,672.0,Nordeste,Brasil
2016-03-06,SE,684.0,Nordeste,Brasil
2016-03-13,SE,646.0,Nordeste,Brasil
2016-03-20,SE,442.0,Nordeste,Brasil
2016-03-27,SE,466.0,Nordeste,Brasil
2016-04-03,SE,748.0,Nordeste,Brasil
2016-04-10,SE,445.0,Nordeste,Brasil
2016-04-17,SE,512.0,Nordeste,Brasil
2016-04-24,SE,535.0,Nordeste,Brasil
2016-05-01,SE,618.0,Nordeste,Brasil
2016-05-08,SE,301.0,Nordeste,Brasil
2016-05-15,SE,237.0,Nordeste,Brasil
2016-05-22,SE,189.0,Nordeste,Brasil
2016-05-29,SE,152.0,Nordeste,Brasil
2016-06-05,SE,180.0,Nordeste,Brasil
2016-06-12,SE,230.0,Nordeste,Brasil
2016-06-19,SE,180.0,Nordeste,Brasil
2016-06-26,SE,68.0,Nordeste,Brasil
2016-07-03,SE,74.0,Nordeste,Brasil
2016-07-10,SE,159.0,Nordeste,Brasil
2016-07-17,SE,54.0,Nordeste,Brasil
2016-07-24,SE,62.0,Nordeste,Brasil
2016-07-31,SE,73.0,Nordeste,Brasil
2016-08-07,SE,139.0,Nordeste,Brasil
2016-08-14,SE,87.0,Nordeste,Brasil
2016-08-21,SE,90.0,Nordeste,Brasil
2016-08-28,SE,79.0,Nordeste,Brasil
2016-09-04,SE,63.0,Nordeste,Brasil
2016-09-11,SE,89.0,Nordeste,Brasil
2016-09-18,SE,56.0,Nordeste,Brasil
2016-09-25,SE,72.0,Nordeste,Brasil
2016-10-02,SE,66.0,Nordeste,Brasil
2016-10-09,SE,70.0,Nordeste,Brasil
2016-10-16,SE,45.0,Nordeste,Brasil
2016-10-23,SE,35.0,Nordeste,Brasil
2016-10-30,SE,42.0,Nordeste,Brasil
2016-11-06,SE,50.0,Nordeste,Brasil
2016-11-13,SE,37.0,Nordeste,Brasil
2016-11-20,SE,35.0,Nordeste,Brasil
2016-11-27,SE,33.0,Nordeste,Brasil
2016-12-04,SE,22.0,Nordeste,Brasil
2016-12-11,SE,28.0,Nordeste,Brasil
2016-12-18,SE,15.0,Nordeste,Brasil
2016-12-25,SE,25.0,Nordeste,Brasil
2017-01-01,SE,21.0,Nordeste,Brasil
2017-01-08,SE,8.0,Nordeste,Brasil
2017-01-15,SE,20.0,Nordeste,Brasil
2017-01-22,SE,18.0,Nordeste,Brasil
2017-01-29,SE,26.0,Nordeste,Brasil
2017-02-05,SE,28.0,Nordeste,Brasil
2017-02-12,SE,16.0,Nordeste,Brasil
2017-02-19,SE,4.0,Nordeste,Brasil
2017-02-26,SE,20.0,Nordeste,Brasil
2017-03-05,SE,5.0,Nordeste,Brasil
2017-03-12,SE,7.0,Nordeste,Brasil
2017-03-19,SE,8.0,Nordeste,Brasil
2017-03-26,SE,13.0,Nordeste,Brasil
2017-04-02,SE,41.0,Nordeste,Brasil
2017-04-09,SE,12.0,Nordeste,Brasil
2017-04-16,SE,12.0,Nordeste,Brasil
2017-04-23,SE,20.0,Nordeste,Brasil
2017-04-30,SE,73.0,Nordeste,Brasil
2017-05-07,SE,61.0,Nordeste,Brasil
2017-05-14,SE,107.0,Nordeste,Brasil
2017-05-21,SE,34.0,Nordeste,Brasil
2017-05-28,SE,26.0,Nordeste,Brasil
2017-06-04,SE,9.0,Nordeste,Brasil
2017-06-11,SE,7.0,Nordeste,Brasil
2017-06-18,SE,3.0,Nordeste,Brasil
2017-06-25,SE,5.0,Nordeste,Brasil
2017-07-02,SE,18.0,Nordeste,Brasil
2017-07-09,SE,6.0,Nordeste,Brasil
2017-07-16,SE,7.0,Nordeste,Brasil
2017-07-23,SE,9.0,Nordeste,Brasil
2017-07-30,SE,11.0,Nordeste,Brasil
2017-08-06,SE,11.0,Nordeste,Brasil
2017-08-13,SE,6.0,Nordeste,Brasil
2017-08-20,SE,4.0,Nordeste,Brasil
2017-08-27,SE,2.0,Nordeste,Brasil
2017-09-03,SE,4.0,Nordeste,Brasil
2017-09-10,SE,5.0,Nordeste,Brasil
2017-09-17,SE,4.0,Nordeste,Brasil
2017-09-24,SE,6.0,Nordeste,Brasil
2017-10-01,SE,14.0,Nordeste,Brasil
2017-10-08,SE,2.0,Nordeste,Brasil
2017-10-15,SE,2.0,Nordeste,Brasil
2017-10-22,SE,3.0,Nordeste,Brasil
2017-10-29,SE,5.0,Nordeste,Brasil
2017-11-05,SE,1.0,Nordeste,Brasil
2017-11-12,SE,7.0,Nordeste,Brasil
2017-11-19,SE,2.0,Nordeste,Brasil
2017-11-26,SE,2.0,Nordeste,Brasil
2017-12-03,SE,1.0,Nordeste,Brasil
2017-12-10,SE,1.0,Nordeste,Brasil
2017-12-17,SE,1.0,Nordeste,Brasil
2017-12-24,SE,5.0,Nordeste,Brasil
2017-12-31,SE,1.0,Nordeste,Brasil
2018-01-07,SE,1.0,Nordeste,Brasil
2018-01-14,SE,2.0,Nordeste,Brasil
2018-01-21,SE,2.0,Nordeste,Brasil
2018-01-28,SE,1.0,Nordeste,Brasil
2018-02-04,SE,1.0,Nordeste,Brasil
2018-02-11,SE,3.0,Nordeste,Brasil
2018-02-18,SE,3.0,Nordeste,Brasil
2018-02-25,SE,5.0,Nordeste,Brasil
2018-03-04,SE,5.0,Nordeste,Brasil
2018-03-11,SE,1.0,Nordeste,Brasil
2018-03-18,SE,1.0,Nordeste,Brasil
2018-03-25,SE,2.0,Nordeste,Brasil
2018-04-01,SE,1.0,Nordeste,Brasil
2018-04-08,SE,1.0,Nordeste,Brasil
2018-04-15,SE,1.0,Nordeste,Brasil
2018-04-22,SE,3.0,Nordeste,Brasil
2018-04-29,SE,1.0,Nordeste,Brasil
2018-05-06,SE,3.0,Nordeste,Brasil
2018-05-13,SE,4.0,Nordeste,Brasil
2018-05-20,SE,1.0,Nordeste,Brasil
2018-05-27,SE,6.0,Nordeste,Brasil
2018-06-03,SE,5.0,Nordeste,Brasil
2018-06-10,SE,4.0,Nordeste,Brasil
2018-06-17,SE,4.0,Nordeste,Brasil
2018-06-24,SE,2.0,Nordeste,Brasil
2018-07-01,SE,2.0,Nordeste,Brasil
2018-07-08,SE,2.0,Nordeste,Brasil
2018-07-15,SE,1.0,Nordeste,Brasil
2018-07-22,SE,1.0,Nordeste,Brasil
2018-07-29,SE,2.0,Nordeste,Brasil
2018-08-05,SE,1.0,Nordeste,Brasil
2018-08-12,SE,4.0,Nordeste,Brasil
2018-08-19,SE,1.0,Nordeste,Brasil
2018-08-26,SE,1.0,Nordeste,Brasil
2018-09-02,SE,1.0,Nordeste,Brasil
2018-09-09,SE,1.0,Nordeste,Brasil
2018-09-16,SE,1.0,Nordeste,Brasil
2018-09-23,SE,2.0,Nordeste,Brasil
2018-09-30,SE,2.0,Nordeste,Brasil
2018-10-07,SE,2.0,Nordeste,Brasil
2018-10-14,SE,1.0,Nordeste,Brasil
2018-10-21,SE,3.0,Nordeste,Brasil
2018-10-28,SE,3.0,Nordeste,Brasil
2018-11-04,SE,2.0,Nordeste,Brasil
2018-11-11,SE,2.0,Nordeste,Brasil
2018-11-18,SE,1.0,Nordeste,Brasil
2018-11-25,SE,1.0,Nordeste,Brasil
2018-12-02,SE,2.0,Nordeste,Brasil
2018-12-09,SE,5.0,Nordeste,Brasil
2018-12-16,SE,5.0,Nordeste,Brasil
2018-12-23,SE,4.0,Nordeste,Brasil
2018-12-30,SE,1.0,Nordeste,Brasil
2019-01-06,SE,1.0,Nordeste,Brasil
2019-01-13,SE,1.0,Nordeste,Brasil
2019-01-20,SE,2.0,Nordeste,Brasil
2019-01-27,SE,4.0,Nordeste,Brasil
2019-02-03,SE,2.0,Nordeste,Brasil
2019-02-10,SE,3.0,Nordeste,Brasil
2019-02-17,SE,2.0,Nordeste,Brasil
2019-02-24,SE,7.0,Nordeste,Brasil
2019-03-03,SE,4.0,Nordeste,Brasil
2019-03-10,SE,3.0,Nordeste,Brasil
2019-03-17,SE,6.0,Nordeste,Brasil
2019-03-24,SE,3.0,Nordeste,Brasil
2019-03-31,SE,8.0,Nordeste,Brasil
2019-04-07,SE,2.0,Nordeste,Brasil
2019-04-14,SE,8.0,Nordeste,Brasil
2019-04-21,SE,8.0,Nordeste,Brasil
2019-04-28,SE,2.0,Nordeste,Brasil
2019-05-05,SE,4.0,Nordeste,Brasil
2019-05-12,SE,17.0,Nordeste,Brasil
2019-05-19,SE,15.0,Nordeste,Brasil
2019-05-26,SE,15.0,Nordeste,Brasil
2019-06-02,SE,10.0,Nordeste,Brasil
2019-06-09,SE,20.0,Nordeste,Brasil
2019-06-16,SE,9.0,Nordeste,Brasil
2019-06-23,SE,10.0,Nordeste,Brasil
2019-06-30,SE,26.0,Nordeste,Brasil
2019-07-07,SE,21.0,Nordeste,Brasil
2019-07-14,SE,30.0,Nordeste,Brasil
2019-07-21,SE,38.0,Nordeste,Brasil
2019-07-28,SE,19.0,Nordeste,Brasil
2019-08-04,SE,25.0,Nordeste,Brasil
2019-08-11,SE,34.0,Nordeste,Brasil
2019-08-18,SE,34.0,Nordeste,Brasil
2019-08-25,SE,47.0,Nordeste,Brasil
2019-09-01,SE,44.0,Nordeste,Brasil
2019-09-08,SE,30.0,Nordeste,Brasil
2019-09-15,SE,20.0,Nordeste,Brasil
2019-09-22,SE,29.0,Nordeste,Brasil
2019-09-29,SE,22.0,Nordeste,Brasil
2019-10-06,SE,12.0,Nordeste,Brasil
2019-10-13,SE,9.0,Nordeste,Brasil
2019-10-20,SE,9.0,Nordeste,Brasil
2019-10-27,SE,14.0,Nordeste,Brasil
2019-11-03,SE,16.0,Nordeste,Brasil
2019-11-10,SE,21.0,Nordeste,Brasil
2019-11-17,SE,15.0,Nordeste,Brasil
2019-11-24,SE,11.0,Nordeste,Brasil
2019-12-01,SE,14.0,Nordeste,Brasil
2019-12-08,SE,5.0,Nordeste,Brasil
2019-12-15,SE,3.0,Nordeste,Brasil
2019-12-22,SE,7.0,Nordeste,Brasil
2019-12-29,SE,1.0,Nordeste,Brasil
2020-01-05,SE,1.0,Nordeste,Brasil
2020-01-12,SE,3.0,Nordeste,Brasil
2020-01-19,SE,5.0,Nordeste,Brasil
2020-01-26,SE,4.0,Nordeste,Brasil
2020-02-02,SE,2.0,Nordeste,Brasil
2020-02-09,SE,2.0,Nordeste,Brasil
2020-02-16,SE,2.0,Nordeste,Brasil
2020-02-23,SE,2.0,Nordeste,Brasil
2020-03-01,SE,1.0,Nordeste,Brasil
2020-03-08,SE,3.0,Nordeste,Brasil
2020-03-15,SE,17.0,Nordeste,Brasil
2020-03-22,SE,10.0,Nordeste,Brasil
2020-03-29,SE,7.0,Nordeste,Brasil
2020-04-05,SE,6.0,Nordeste,Brasil
2020-04-12,SE,4.0,Nordeste,Brasil
2020-04-19,SE,12.0,Nordeste,Brasil
2020-04-26,SE,9.0,Nordeste,Brasil
2020-05-03,SE,13.0,Nordeste,Brasil
2020-05-10,SE,15.0,Nordeste,Brasil
2020-05-17,SE,24.0,Nordeste,Brasil
2020-05-24,SE,38.0,Nordeste,Brasil
2020-05-31,SE,51.0,Nordeste,Brasil
2020-06-07,SE,73.0,Nordeste,Brasil
2020-06-14,SE,84.0,Nordeste,Brasil
2020-06-21,SE,149.0,Nordeste,Brasil
2020-06-28,SE,144.0,Nordeste,Brasil
2020-07-05,SE,174.0,Nordeste,Brasil
2020-07-12,SE,246.0,Nordeste,Brasil
2020-07-19,SE,276.0,Nordeste,Brasil
2020-07-26,SE,244.0,Nordeste,Brasil
2020-08-02,SE,229.0,Nordeste,Brasil
2020-08-09,SE,472.0,Nordeste,Brasil
2020-08-16,SE,241.0,Nordeste,Brasil
2020-08-23,SE,246.0,Nordeste,Brasil
2020-08-30,SE,306.0,Nordeste,Brasil
2020-09-06,SE,202.0,Nordeste,Brasil
2020-09-13,SE,183.0,Nordeste,Brasil
2020-09-20,SE,228.0,Nordeste,Brasil
2020-09-27,SE,216.0,Nordeste,Brasil
2020-10-04,SE,176.0,Nordeste,Brasil
2020-10-11,SE,156.0,Nordeste,Brasil
2020-10-18,SE,143.0,Nordeste,Brasil
2020-10-25,SE,110.0,Nordeste,Brasil
2020-11-01,SE,83.0,Nordeste,Brasil
2020-11-08,SE,69.0,Nordeste,Brasil
2020-11-15,SE,64.0,Nordeste,Brasil
2020-11-22,SE,36.0,Nordeste,Brasil
2020-11-29,SE,45.0,Nordeste,Brasil
2020-12-06,SE,34.0,Nordeste,Brasil
2020-12-13,SE,36.0,Nordeste,Brasil
2020-12-20,SE,43.0,Nordeste,Brasil
2020-12-27,SE,21.0,Nordeste,Brasil
2021-01-03,SE,21.0,Nordeste,Brasil
2021-01-10,SE,9.0,Nordeste,Brasil
2021-01-17,SE,18.0,Nordeste,Brasil
2021-01-24,SE,23.0,Nordeste,Brasil
2021-01-31,SE,38.0,Nordeste,Brasil
2021-02-07,SE,40.0,Nordeste,Brasil
2021-02-14,SE,58.0,Nordeste,Brasil
2021-02-21,SE,32.0,Nordeste,Brasil
2021-02-28,SE,48.0,Nordeste,Brasil
2021-03-07,SE,56.0,Nordeste,Brasil
2021-03-14,SE,61.0,Nordeste,Brasil
2021-03-21,SE,45.0,Nordeste,Brasil
2021-03-28,SE,27.0,Nordeste,Brasil
2021-04-04,SE,18.0,Nordeste,Brasil
2021-04-11,SE,32.0,Nordeste,Brasil
2021-04-18,SE,28.0,Nordeste,Brasil
2021-04-25,SE,38.0,Nordeste,Brasil
2021-05-02,SE,52.0,Nordeste,Brasil
2021-05-09,SE,64.0,Nordeste,Brasil
2021-05-16,SE,64.0,Nordeste,Brasil
2021-05-23,SE,62.0,Nordeste,Brasil
2021-05-30,SE,88.0,Nordeste,Brasil
2021-06-06,SE,74.0,Nordeste,Brasil
2021-06-13,SE,136.0,Nordeste,Brasil
2021-06-20,SE,161.0,Nordeste,Brasil
2021-06-27,SE,151.0,Nordeste,Brasil
2021-07-04,SE,204.0,Nordeste,Brasil
2021-07-11,SE,185.0,Nordeste,Brasil
2021-07-18,SE,213.0,Nordeste,Brasil
2021-07-25,SE,212.0,Nordeste,Brasil
2021-08-01,SE,223.0,Nordeste,Brasil
2021-08-08,SE,271.0,Nordeste,Brasil
2021-08-15,SE,314.0,Nordeste,Brasil
2021-08-22,SE,195.0,Nordeste,Brasil
2021-08-29,SE,192.0,Nordeste,Brasil
2021-09-05,SE,208.0,Nordeste,Brasil
2021-09-12,SE,161.0,Nordeste,Brasil
2021-09-19,SE,243.0,Nordeste,Brasil
2021-09-26,SE,184.0,Nordeste,Brasil
2021-10-03,SE,182.0,Nordeste,Brasil
2021-10-10,SE,198.0,Nordeste,Brasil
2021-10-17,SE,128.0,Nordeste,Brasil
2021-10-24,SE,133.0,Nordeste,Brasil
2021-10-31,SE,119.0,Nordeste,Brasil
2021-11-07,SE,95.0,Nordeste,Brasil
2021-11-14,SE,95.0,Nordeste,Brasil
2021-11-21,SE,86.0,Nordeste,Brasil
2021-11-28,SE,100.0,Nordeste,Brasil
2021-12-05,SE,83.0,Nordeste,Brasil
2021-12-12,SE,120.0,Nordeste,Brasil
2021-12-19,SE,109.0,Nordeste,Brasil
2021-12-26,SE,69.0,Nordeste,Brasil
2022-01-02,SE,40.0,Nordeste,Brasil
2022-01-09,SE,33.0,Nordeste,Brasil
2022-01-16,SE,75.0,Nordeste,Brasil
2022-01-23,SE,46.0,Nordeste,Brasil
2022-01-30,SE,53.0,Nordeste,Brasil
2022-02-06,SE,81.0,Nordeste,Brasil
2022-02-13,SE,92.0,Nordeste,Brasil
2022-02-20,SE,113.0,Nordeste,Brasil
2022-02-27,SE,111.0,Nordeste,Brasil
2022-03-06,SE,93.0,Nordeste,Brasil
2022-03-13,SE,95.0,Nordeste,Brasil
2022-03-20,SE,141.0,Nordeste,Brasil
2022-03-27,SE,134.0,Nordeste,Brasil
2022-04-03,SE,158.0,Nordeste,Brasil
2022-04-10,SE,179.0,Nordeste,Brasil
2022-04-17,SE,130.0,Nordeste,Brasil
2022-04-24,SE,199.0,Nordeste,Brasil
2022-05-01,SE,251.0,Nordeste,Brasil
2022-05-08,SE,188.0,Nordeste,Brasil
2022-05-15,SE,206.0,Nordeste,Brasil
2022-05-22,SE,277.0,Nordeste,Brasil
2022-05-29,SE,337.0,Nordeste,Brasil
2022-06-05,SE,286.0,Nordeste,Brasil
2022-06-12,SE,312.0,Nordeste,Brasil
2022-06-19,SE,260.0,Nordeste,Brasil
2022-06-26,SE,206.0,Nordeste,Brasil
2022-07-03,SE,281.0,Nordeste,Brasil
2022-07-10,SE,278.0,Nordeste,Brasil
2022-07-17,SE,279.0,Nordeste,Brasil
2022-07-24,SE,264.0,Nordeste,Brasil
2022-07-31,SE,287.0,Nordeste,Brasil
2022-08-07,SE,308.0,Nordeste,Brasil
2022-08-14,SE,255.0,Nordeste,Brasil
2022-08-21,SE,287.0,Nordeste,Brasil
2022-08-28,SE,239.0,Nordeste,Brasil
2022-09-04,SE,179.0,Nordeste,Brasil
2022-09-11,SE,147.0,Nordeste,Brasil
2022-09-18,SE,158.0,Nordeste,Brasil
2022-09-25,SE,151.0,Nordeste,Brasil
2022-10-02,SE,139.0,Nordeste,Brasil
2022-10-09,SE,120.0,Nordeste,Brasil
2022-10-16,SE,106.0,Nordeste,Brasil
2022-10-23,SE,100.0,Nordeste,Brasil
2022-10-30,SE,66.0,Nordeste,Brasil
2022-11-06,SE,75.0,Nordeste,Brasil
2022-11-13,SE,115.0,Nordeste,Brasil
2022-11-20,SE,89.0,Nordeste,Brasil
2022-11-27,SE,94.0,Nordeste,Brasil
2022-12-04,SE,62.0,Nordeste,Brasil
2022-12-11,SE,68.0,Nordeste,Brasil
2022-12-18,SE,66.0,Nordeste,Brasil
2022-12-25,SE,73.0,Nordeste,Brasil
2023-01-01,SE,43.0,Nordeste,Brasil
2023-01-08,SE,57.0,Nordeste,Brasil
2023-01-15,SE,93.0,Nordeste,Brasil
2023-01-22,SE,79.0,Nordeste,Brasil
2023-01-29,SE,80.0,Nordeste,Brasil
2023-02-05,SE,71.0,Nordeste,Brasil
2023-02-12,SE,84.0,Nordeste,Brasil
2023-02-19,SE,82.0,Nordeste,Brasil
2023-02-26,SE,48.0,Nordeste,Brasil
2023-03-05,SE,117.0,Nordeste,Brasil
2023-03-12,SE,103.0,Nordeste,Brasil
2023-03-19,SE,92.0,Nordeste,Brasil
2023-03-26,SE,112.0,Nordeste,Brasil
2023-04-02,SE,122.0,Nordeste,Brasil
2023-04-09,SE,96.0,Nordeste,Brasil
2023-04-16,SE,153.0,Nordeste,Brasil
2023-04-23,SE,132.0,Nordeste,Brasil
2023-04-30,SE,142.0,Nordeste,Brasil
2023-05-07,SE,125.0,Nordeste,Brasil
2023-05-14,SE,187.0,Nordeste,Brasil
2023-05-21,SE,181.0,Nordeste,Brasil
2023-05-28,SE,153.0,Nordeste,Brasil
2023-06-04,SE,104.0,Nordeste,Brasil
2023-06-11,SE,110.0,Nordeste,Brasil
2023-06-18,SE,109.0,Nordeste,Brasil
2023-06-25,SE,124.0,Nordeste,Brasil
2023-07-02,SE,93.0,Nordeste,Brasil
2023-07-09,SE,144.0,Nordeste,Brasil
2023-07-16,SE,113.0,Nordeste,Brasil
2023-07-23,SE,108.0,Nordeste,Brasil
2023-07-30,SE,117.0,Nordeste,Brasil
2023-08-06,SE,98.0,Nordeste,Brasil
2023-08-13,SE,129.0,Nordeste,Brasil
2023-08-20,SE,140.0,Nordeste,Brasil
2023-08-27,SE,133.0,Nordeste,Brasil
2023-09-03,SE,134.0,Nordeste,Brasil
2023-09-10,SE,62.0,Nordeste,Brasil
2023-09-17,SE,59.0,Nordeste,Brasil
2023-09-24,SE,81.0,Nordeste,Brasil
2023-10-01,SE,61.0,Nordeste,Brasil
2023-10-08,SE,60.0,Nordeste,Brasil
2023-10-15,SE,40.0,Nordeste,Brasil
2023-10-22,SE,41.0,Nordeste,Brasil
2023-10-29,SE,50.0,Nordeste,Brasil
2023-11-05,SE,32.0,Nordeste,Brasil
2023-11-12,SE,38.0,Nordeste,Brasil
2023-11-19,SE,29.0,Nordeste,Brasil
2023-11-26,SE,39.0,Nordeste,Brasil
2023-12-03,SE,32.0,Nordeste,Brasil
2023-12-10,SE,36.0,Nordeste,Brasil
2023-12-17,SE,33.0,Nordeste,Brasil
2023-12-24,SE,32.0,Nordeste,Brasil
2023-12-31,SE,18.0,Nordeste,Brasil
2024-01-07,SE,12.0,Nordeste,Brasil
2024-01-14,SE,38.0,Nordeste,Brasil
2024-01-21,SE,32.0,Nordeste,Brasil
2024-01-28,SE,38.0,Nordeste,Brasil
2024-02-04,SE,37.0,Nordeste,Brasil
2024-02-11,SE,52.0,Nordeste,Brasil
2024-02-18,SE,56.0,Nordeste,Brasil
2024-02-25,SE,143.0,Nordeste,Brasil
2024-03-03,SE,173.0,Nordeste,Brasil
2024-03-10,SE,182.0,Nordeste,Brasil
2024-03-17,SE,170.0,Nordeste,Brasil
2024-03-24,SE,161.0,Nordeste,Brasil
2024-03-31,SE,80.0,Nordeste,Brasil
2024-04-07,SE,139.0,Nordeste,Brasil
2024-04-14,SE,124.0,Nordeste,Brasil
2024-04-21,SE,111.0,Nordeste,Brasil
2024-04-28,SE,71.0,Nordeste,Brasil
2024-05-05,SE,81.0,Nordeste,Brasil
2024-05-12,SE,68.0,Nordeste,Brasil
2024-05-19,SE,59.0,Nordeste,Brasil
2024-05-26,SE,48.0,Nordeste,Brasil
2024-06-02,SE,35.0,Nordeste,Brasil
2024-06-09,SE,47.0,Nordeste,Brasil
2024-06-16,SE,42.0,Nordeste,Brasil
2024-06-23,SE,41.0,Nordeste,Brasil
2024-06-30,SE,34.0,Nordeste,Brasil
2024-07-07,SE,43.0,Nordeste,Brasil
2024-07-14,SE,36.0,Nordeste,Brasil
2024-07-21,SE,31.0,Nordeste,Brasil
2024-07-28,SE,26.0,Nordeste,Brasil
2024-08-04,SE,25.0,Nordeste,Brasil
2024-08-11,SE,23.0,Nordeste,Brasil
2024-08-18,SE,22.0,Nordeste,Brasil
2024-08-25,SE,20.0,Nordeste,Brasil
2024-09-01,SE,23.0,Nordeste,Brasil
2024-09-08,SE,32.0,Nordeste,Brasil
2024-09-15,SE,19.0,Nordeste,Brasil
2024-09-22,SE,19.0,Nordeste,Brasil
2024-09-29,SE,10.0,Nordeste,Brasil
2024-10-06,SE,17.0,Nordeste,Brasil
2024-10-13,SE,10.0,Nordeste,Brasil
2024-10-20,SE,15.0,Nordeste,Brasil
2024-10-27,SE,11.0,Nordeste,Brasil
2024-11-03,SE,7.0,Nordeste,Brasil
2024-11-10,SE,13.0,Nordeste,Brasil
2024-11-17,SE,4.0,Nordeste,Brasil
2024-11-24,SE,9.0,Nordeste,Brasil
2024-12-01,SE,13.0,Nordeste,Brasil
2024-12-08,SE,7.0,Nordeste,Brasil
2024-12-15,SE,10.0,Nordeste,Brasil
2024-12-22,SE,7.0,Nordeste,Brasil
2024-12-29,SE,9.0,Nordeste,Brasil
2025-01-05,SE,2.0,Nordeste,Brasil
2025-01-12,SE,9.0,Nordeste,Brasil
2025-01-19,SE,17.0,Nordeste,Brasil
2025-01-26,SE,14.0,Nordeste,Brasil
2025-02-02,SE,24.0,Nordeste,Brasil
2025-02-09,SE,10.0,Nordeste,Brasil
2025-02-16,SE,13.0,Nordeste,Brasil
2025-02-23,SE,13.0,Nordeste,Brasil
2025-03-02,SE,13.0,Nordeste,Brasil
2025-03-09,SE,6.0,Nordeste,Brasil
2025-03-16,SE,28.0,Nordeste,Brasil
2025-03-23,SE,24.0,Nordeste,Brasil
2025-03-30,SE,20.0,Nordeste,Brasil
2025-04-06,SE,22.0,Nordeste,Brasil
2025-04-13,SE,12.0,Nordeste,Brasil
2025-04-20,SE,10.0,Nordeste,Brasil
2025-04-27,SE,12.0,Nordeste,Brasil
2025-05-04,SE,18.0,Nordeste,Brasil
2025-05-11,SE,32.0,Nordeste,Brasil
2025-05-18,SE,22.0,Nordeste,Brasil
2025-05-25,SE,29.0,Nordeste,Brasil
2025-06-01,SE,29.0,Nordeste,Brasil
2025-06-08,SE,25.0,Nordeste,Brasil
2025-06-15,SE,57.0,Nordeste,Brasil
2025-06-22,SE,31.0,Nordeste,Brasil
2025-06-29,SE,16.0,Nordeste,Brasil
2025-07-06,SE,18.0,Nordeste,Brasil
2025-07-13,SE,20.0,Nordeste,Brasil
2025-07-20,SE,20.0,Nordeste,Brasil
2025-07-27,SE,15.0,Nordeste,Brasil
2025-08-03,SE,22.0,Nordeste,Brasil
2025-08-10,SE,23.0,Nordeste,Brasil
2025-08-17,SE,13.0,Nordeste,Brasil
2025-08-24,SE,29.0,Nordeste,Brasil
2025-08-31,SE,23.0,Nordeste,Brasil
2025-09-07,SE,18.0,Nordeste,Brasil
2025-09-14,SE,34.0,Nordeste,Brasil
2025-09-21,SE,42.0,Nordeste,Brasil
2025-09-28,SE,36.0,Nordeste,Brasil
2025-10-05,SE,41.0,Nordeste,Brasil
2025-10-12,SE,41.0,Nordeste,Brasil
2025-10-19,SE,49.0,Nordeste,Brasil
2025-10-26,SE,49.0,Nordeste,Brasil
2025-11-02,SE,37.0,Nordeste,Brasil
2025-11-09,SE,28.0,Nordeste,Brasil
2025-11-16,SE,29.0,Nordeste,Brasil
2025-11-23,SE,23.0,Nordeste,Brasil
2025-11-30,SE,29.0,Nordeste,Brasil
2025-12-07,SE,26.0,Nordeste,Brasil
2025-12-14,SE,16.0,Nordeste,Brasil
2025-12-21,SE,19.0,Nordeste,Brasil
2025-12-28,SE,7.0,Nordeste,Brasil
2026-01-04,SE,9.0,Nordeste,Brasil
2026-01-11,SE,10.0,Nordeste,Brasil
2026-01-18,SE,19.0,Nordeste,Brasil
2026-01-25,SE,17.0,Nordeste,Brasil
2026-02-01,SE,24.0,Nordeste,Brasil
2026-02-08,SE,12.0,Nordeste,Brasil
2026-02-15,SE,8.0,Nordeste,Brasil
2026-02-22,SE,7.0,Nordeste,Brasil
2026-03-01,SE,20.0,Nordeste,Brasil
2026-03-08,SE,14.0,Nordeste,Brasil
2026-03-15,SE,19.0,Nordeste,Brasil
2026-03-22,SE,48.0,Nordeste,Brasil
2026-03-29,SE,31.0,Nordeste,Brasil
2026-04-05,SE,37.0,Nordeste,Brasil
2026-04-12,SE,41.0,Nordeste,Brasil
2026-04-19,SE,61.0,Nordeste,Brasil
2026-04-26,SE,11.0,Nordeste,Brasil
2026-05-03,SE,17.0,Nordeste,Brasil
2026-05-10,SE,13.0,Nordeste,Brasil
2026-05-17,SE,18.0,Nordeste,Brasil
2026-05-24,SE,18.0,Nordeste,Brasil
2026-05-31,SE,18.0,Nordeste,Brasil
2026-06-07,SE,13.0,Nordeste,Brasil
2026-06-14,SE,19.0,Nordeste,Brasil
2026-06-21,SE,11.0,Nordeste,Brasil
2026-06-28,SE,32.0,Nordeste,Brasil
2026-07-05,SE,40.0,Nordeste,Brasil
2026-07-12,SE,37.0,Nordeste,Brasil
2026-07-19,SE,38.0,Nordeste,Brasil
2026-07-26,SE,28.0,Nordeste,Brasil
2026-08-02,SE,18.0,Nordeste,Brasil
2026-08-09,SE,23.0,Nordeste,Brasil
2026-08-16,SE,20.0,Nordeste,Brasil
2026-08-23,SE,34.0,Nordeste,Brasil
2026-08-30,SE,50.0,Nordeste,Brasil
2026-09-06,SE,21.0,Nordeste,Brasil
2026-09-13,SE,21.0,Nordeste,Brasil
2014-06-01,SP,1.0,Sudeste,Brasil
2014-06-08,SP,12.0,Sudeste,Brasil
2014-06-15,SP,5.0,Sudeste,Brasil
2014-06-22,SP,6.0,Sudeste,Brasil
2014-06-29,SP,3.0,Sudeste,Brasil
2014-07-06,SP,1.0,Sudeste,Brasil
2014-07-13,SP,1.0,Sudeste,Brasil
2014-07-20,SP,5.0,Sudeste,Brasil
2014-07-27,SP,4.0,Sudeste,Brasil
2014-08-03,SP,2.0,Sudeste,Brasil
2014-08-10,SP,2.0,Sudeste,Brasil
2014-08-17,SP,1.0,Sudeste,Brasil
2014-08-24,SP,1.0,Sudeste,Brasil
2014-08-31,SP,1.0,Sudeste,Brasil
2014-09-07,SP,1.0,Sudeste,Brasil
2014-09-14,SP,1.0,Sudeste,Brasil
2014-09-21,SP,2.0,Sudeste,Brasil
2014-09-28,SP,4.0,Sudeste,Brasil
2014-10-05,SP,3.0,Sudeste,Brasil
2014-10-12,SP,5.0,Sudeste,Brasil
2014-10-19,SP,9.0,Sudeste,Brasil
2014-10-26,SP,14.0,Sudeste,Brasil
2014-11-02,SP,8.0,Sudeste,Brasil
2014-11-09,SP,18.0,Sudeste,Brasil
2014-11-16,SP,16.0,Sudeste,Brasil
2014-11-23,SP,15.0,Sudeste,Brasil
2014-11-30,SP,21.0,Sudeste,Brasil
2014-12-07,SP,11.0,Sudeste,Brasil
2014-12-14,SP,10.0,Sudeste,Brasil
2014-12-21,SP,19.0,Sudeste,Brasil
2014-12-28,SP,8.0,Sudeste,Brasil
2015-01-04,SP,5.0,Sudeste,Brasil
2015-01-11,SP,5.0,Sudeste,Brasil
2015-01-18,SP,18.0,Sudeste,Brasil
2015-01-25,SP,22.0,Sudeste,Brasil
2015-02-01,SP,25.0,Sudeste,Brasil
2015-02-08,SP,31.0,Sudeste,Brasil
2015-02-15,SP,34.0,Sudeste,Brasil
2015-02-22,SP,29.0,Sudeste,Brasil
2015-03-01,SP,59.0,Sudeste,Brasil
2015-03-08,SP,40.0,Sudeste,Brasil
2015-03-15,SP,47.0,Sudeste,Brasil
2015-03-22,SP,32.0,Sudeste,Brasil
2015-03-29,SP,33.0,Sudeste,Brasil
2015-04-05,SP,20.0,Sudeste,Brasil
2015-04-12,SP,37.0,Sudeste,Brasil
2015-04-19,SP,21.0,Sudeste,Brasil
2015-04-26,SP,15.0,Sudeste,Brasil
2015-05-03,SP,16.0,Sudeste,Brasil
2015-05-10,SP,17.0,Sudeste,Brasil
2015-05-17,SP,15.0,Sudeste,Brasil
2015-05-24,SP,21.0,Sudeste,Brasil
2015-05-31,SP,19.0,Sudeste,Brasil
2015-06-07,SP,19.0,Sudeste,Brasil
2015-06-14,SP,16.0,Sudeste,Brasil
2015-06-21,SP,18.0,Sudeste,Brasil
2015-06-28,SP,21.0,Sudeste,Brasil
2015-07-05,SP,15.0,Sudeste,Brasil
2015-07-12,SP,19.0,Sudeste,Brasil
2015-07-19,SP,24.0,Sudeste,Brasil
2015-07-26,SP,33.0,Sudeste,Brasil
2015-08-02,SP,30.0,Sudeste,Brasil
2015-08-09,SP,20.0,Sudeste,Brasil
2015-08-16,SP,17.0,Sudeste,Brasil
2015-08-23,SP,20.0,Sudeste,Brasil
2015-08-30,SP,9.0,Sudeste,Brasil
2015-09-06,SP,13.0,Sudeste,Brasil
2015-09-13,SP,12.0,Sudeste,Brasil
2015-09-20,SP,13.0,Sudeste,Brasil
2015-09-27,SP,13.0,Sudeste,Brasil
2015-10-04,SP,13.0,Sudeste,Brasil
2015-10-11,SP,9.0,Sudeste,Brasil
2015-10-18,SP,14.0,Sudeste,Brasil
2015-10-25,SP,23.0,Sudeste,Brasil
2015-11-01,SP,17.0,Sudeste,Brasil
2015-11-08,SP,20.0,Sudeste,Brasil
2015-11-15,SP,25.0,Sudeste,Brasil
2015-11-22,SP,21.0,Sudeste,Brasil
2015-11-29,SP,43.0,Sudeste,Brasil
2015-12-06,SP,50.0,Sudeste,Brasil
2015-12-13,SP,54.0,Sudeste,Brasil
2015-12-20,SP,84.0,Sudeste,Brasil
2015-12-27,SP,52.0,Sudeste,Brasil
2016-01-03,SP,52.0,Sudeste,Brasil
2016-01-10,SP,41.0,Sudeste,Brasil
2016-01-17,SP,120.0,Sudeste,Brasil
2016-01-24,SP,179.0,Sudeste,Brasil
2016-01-31,SP,160.0,Sudeste,Brasil
2016-02-07,SP,290.0,Sudeste,Brasil
2016-02-14,SP,230.0,Sudeste,Brasil
2016-02-21,SP,368.0,Sudeste,Brasil
2016-02-28,SP,374.0,Sudeste,Brasil
2016-03-06,SP,350.0,Sudeste,Brasil
2016-03-13,SP,414.0,Sudeste,Brasil
2016-03-20,SP,355.0,Sudeste,Brasil
2016-03-27,SP,270.0,Sudeste,Brasil
2016-04-03,SP,283.0,Sudeste,Brasil
2016-04-10,SP,254.0,Sudeste,Brasil
2016-04-17,SP,222.0,Sudeste,Brasil
2016-04-24,SP,141.0,Sudeste,Brasil
2016-05-01,SP,160.0,Sudeste,Brasil
2016-05-08,SP,174.0,Sudeste,Brasil
2016-05-15,SP,144.0,Sudeste,Brasil
2016-05-22,SP,124.0,Sudeste,Brasil
2016-05-29,SP,60.0,Sudeste,Brasil
2016-06-05,SP,82.0,Sudeste,Brasil
2016-06-12,SP,67.0,Sudeste,Brasil
2016-06-19,SP,58.0,Sudeste,Brasil
2016-06-26,SP,43.0,Sudeste,Brasil
2016-07-03,SP,61.0,Sudeste,Brasil
2016-07-10,SP,82.0,Sudeste,Brasil
2016-07-17,SP,55.0,Sudeste,Brasil
2016-07-24,SP,52.0,Sudeste,Brasil
2016-07-31,SP,58.0,Sudeste,Brasil
2016-08-07,SP,69.0,Sudeste,Brasil
2016-08-14,SP,53.0,Sudeste,Brasil
2016-08-21,SP,44.0,Sudeste,Brasil
2016-08-28,SP,43.0,Sudeste,Brasil
2016-09-04,SP,56.0,Sudeste,Brasil
2016-09-11,SP,39.0,Sudeste,Brasil
2016-09-18,SP,43.0,Sudeste,Brasil
2016-09-25,SP,47.0,Sudeste,Brasil
2016-10-02,SP,45.0,Sudeste,Brasil
2016-10-09,SP,43.0,Sudeste,Brasil
2016-10-16,SP,44.0,Sudeste,Brasil
2016-10-23,SP,69.0,Sudeste,Brasil
2016-10-30,SP,47.0,Sudeste,Brasil
2016-11-06,SP,40.0,Sudeste,Brasil
2016-11-13,SP,69.0,Sudeste,Brasil
2016-11-20,SP,60.0,Sudeste,Brasil
2016-11-27,SP,76.0,Sudeste,Brasil
2016-12-04,SP,97.0,Sudeste,Brasil
2016-12-11,SP,110.0,Sudeste,Brasil
2016-12-18,SP,103.0,Sudeste,Brasil
2016-12-25,SP,89.0,Sudeste,Brasil
2017-01-01,SP,92.0,Sudeste,Brasil
2017-01-08,SP,59.0,Sudeste,Brasil
2017-01-15,SP,131.0,Sudeste,Brasil
2017-01-22,SP,114.0,Sudeste,Brasil
2017-01-29,SP,146.0,Sudeste,Brasil
2017-02-05,SP,117.0,Sudeste,Brasil
2017-02-12,SP,124.0,Sudeste,Brasil
2017-02-19,SP,105.0,Sudeste,Brasil
2017-02-26,SP,125.0,Sudeste,Brasil
2017-03-05,SP,84.0,Sudeste,Brasil
2017-03-12,SP,99.0,Sudeste,Brasil
2017-03-19,SP,112.0,Sudeste,Brasil
2017-03-26,SP,103.0,Sudeste,Brasil
2017-04-02,SP,95.0,Sudeste,Brasil
2017-04-09,SP,80.0,Sudeste,Brasil
2017-04-16,SP,84.0,Sudeste,Brasil
2017-04-23,SP,62.0,Sudeste,Brasil
2017-04-30,SP,79.0,Sudeste,Brasil
2017-05-07,SP,68.0,Sudeste,Brasil
2017-05-14,SP,80.0,Sudeste,Brasil
2017-05-21,SP,87.0,Sudeste,Brasil
2017-05-28,SP,67.0,Sudeste,Brasil
2017-06-04,SP,57.0,Sudeste,Brasil
2017-06-11,SP,75.0,Sudeste,Brasil
2017-06-18,SP,28.0,Sudeste,Brasil
2017-06-25,SP,51.0,Sudeste,Brasil
2017-07-02,SP,53.0,Sudeste,Brasil
2017-07-09,SP,40.0,Sudeste,Brasil
2017-07-16,SP,51.0,Sudeste,Brasil
2017-07-23,SP,51.0,Sudeste,Brasil
2017-07-30,SP,44.0,Sudeste,Brasil
2017-08-06,SP,50.0,Sudeste,Brasil
2017-08-13,SP,54.0,Sudeste,Brasil
2017-08-20,SP,60.0,Sudeste,Brasil
2017-08-27,SP,71.0,Sudeste,Brasil
2017-09-03,SP,61.0,Sudeste,Brasil
2017-09-10,SP,57.0,Sudeste,Brasil
2017-09-17,SP,77.0,Sudeste,Brasil
2017-09-24,SP,106.0,Sudeste,Brasil
2017-10-01,SP,119.0,Sudeste,Brasil
2017-10-08,SP,93.0,Sudeste,Brasil
2017-10-15,SP,77.0,Sudeste,Brasil
2017-10-22,SP,86.0,Sudeste,Brasil
2017-10-29,SP,108.0,Sudeste,Brasil
2017-11-05,SP,69.0,Sudeste,Brasil
2017-11-12,SP,111.0,Sudeste,Brasil
2017-11-19,SP,86.0,Sudeste,Brasil
2017-11-26,SP,90.0,Sudeste,Brasil
2017-12-03,SP,95.0,Sudeste,Brasil
2017-12-10,SP,85.0,Sudeste,Brasil
2017-12-17,SP,82.0,Sudeste,Brasil
2017-12-24,SP,97.0,Sudeste,Brasil
2017-12-31,SP,61.0,Sudeste,Brasil
2018-01-07,SP,33.0,Sudeste,Brasil
2018-01-14,SP,68.0,Sudeste,Brasil
2018-01-21,SP,104.0,Sudeste,Brasil
2018-01-28,SP,103.0,Sudeste,Brasil
2018-02-04,SP,101.0,Sudeste,Brasil
2018-02-11,SP,97.0,Sudeste,Brasil
2018-02-18,SP,67.0,Sudeste,Brasil
2018-02-25,SP,108.0,Sudeste,Brasil
2018-03-04,SP,102.0,Sudeste,Brasil
2018-03-11,SP,82.0,Sudeste,Brasil
2018-03-18,SP,76.0,Sudeste,Brasil
2018-03-25,SP,84.0,Sudeste,Brasil
2018-04-01,SP,72.0,Sudeste,Brasil
2018-04-08,SP,63.0,Sudeste,Brasil
2018-04-15,SP,84.0,Sudeste,Brasil
2018-04-22,SP,71.0,Sudeste,Brasil
2018-04-29,SP,65.0,Sudeste,Brasil
2018-05-06,SP,60.0,Sudeste,Brasil
2018-05-13,SP,70.0,Sudeste,Brasil
2018-05-20,SP,66.0,Sudeste,Brasil
2018-05-27,SP,43.0,Sudeste,Brasil
2018-06-03,SP,36.0,Sudeste,Brasil
2018-06-10,SP,41.0,Sudeste,Brasil
2018-06-17,SP,54.0,Sudeste,Brasil
2018-06-24,SP,43.0,Sudeste,Brasil
2018-07-01,SP,46.0,Sudeste,Brasil
2018-07-08,SP,43.0,Sudeste,Brasil
2018-07-15,SP,21.0,Sudeste,Brasil
2018-07-22,SP,44.0,Sudeste,Brasil
2018-07-29,SP,49.0,Sudeste,Brasil
2018-08-05,SP,46.0,Sudeste,Brasil
2018-08-12,SP,32.0,Sudeste,Brasil
2018-08-19,SP,41.0,Sudeste,Brasil
2018-08-26,SP,52.0,Sudeste,Brasil
2018-09-02,SP,46.0,Sudeste,Brasil
2018-09-09,SP,55.0,Sudeste,Brasil
2018-09-16,SP,55.0,Sudeste,Brasil
2018-09-23,SP,50.0,Sudeste,Brasil
2018-09-30,SP,62.0,Sudeste,Brasil
2018-10-07,SP,59.0,Sudeste,Brasil
2018-10-14,SP,51.0,Sudeste,Brasil
2018-10-21,SP,72.0,Sudeste,Brasil
2018-10-28,SP,51.0,Sudeste,Brasil
2018-11-04,SP,59.0,Sudeste,Brasil
2018-11-11,SP,72.0,Sudeste,Brasil
2018-11-18,SP,56.0,Sudeste,Brasil
2018-11-25,SP,86.0,Sudeste,Brasil
2018-12-02,SP,90.0,Sudeste,Brasil
2018-12-09,SP,92.0,Sudeste,Brasil
2018-12-16,SP,109.0,Sudeste,Brasil
2018-12-23,SP,104.0,Sudeste,Brasil
2018-12-30,SP,62.0,Sudeste,Brasil
2019-01-06,SP,27.0,Sudeste,Brasil
2019-01-13,SP,103.0,Sudeste,Brasil
2019-01-20,SP,101.0,Sudeste,Brasil
2019-01-27,SP,155.0,Sudeste,Brasil
2019-02-03,SP,201.0,Sudeste,Brasil
2019-02-10,SP,194.0,Sudeste,Brasil
2019-02-17,SP,211.0,Sudeste,Brasil
2019-02-24,SP,226.0,Sudeste,Brasil
2019-03-03,SP,196.0,Sudeste,Brasil
2019-03-10,SP,149.0,Sudeste,Brasil
2019-03-17,SP,233.0,Sudeste,Brasil
2019-03-24,SP,219.0,Sudeste,Brasil
2019-03-31,SP,203.0,Sudeste,Brasil
2019-04-07,SP,229.0,Sudeste,Brasil
2019-04-14,SP,225.0,Sudeste,Brasil
2019-04-21,SP,175.0,Sudeste,Brasil
2019-04-28,SP,195.0,Sudeste,Brasil
2019-05-05,SP,172.0,Sudeste,Brasil
2019-05-12,SP,207.0,Sudeste,Brasil
2019-05-19,SP,220.0,Sudeste,Brasil
2019-05-26,SP,178.0,Sudeste,Brasil
2019-06-02,SP,179.0,Sudeste,Brasil
2019-06-09,SP,112.0,Sudeste,Brasil
2019-06-16,SP,126.0,Sudeste,Brasil
2019-06-23,SP,61.0,Sudeste,Brasil
2019-06-30,SP,96.0,Sudeste,Brasil
2019-07-07,SP,68.0,Sudeste,Brasil
2019-07-14,SP,40.0,Sudeste,Brasil
2019-07-21,SP,49.0,Sudeste,Brasil
2019-07-28,SP,56.0,Sudeste,Brasil
2019-08-04,SP,46.0,Sudeste,Brasil
2019-08-11,SP,34.0,Sudeste,Brasil
2019-08-18,SP,41.0,Sudeste,Brasil
2019-08-25,SP,48.0,Sudeste,Brasil
2019-09-01,SP,43.0,Sudeste,Brasil
2019-09-08,SP,29.0,Sudeste,Brasil
2019-09-15,SP,50.0,Sudeste,Brasil
2019-09-22,SP,43.0,Sudeste,Brasil
2019-09-29,SP,55.0,Sudeste,Brasil
2019-10-06,SP,49.0,Sudeste,Brasil
2019-10-13,SP,49.0,Sudeste,Brasil
2019-10-20,SP,61.0,Sudeste,Brasil
2019-10-27,SP,37.0,Sudeste,Brasil
2019-11-03,SP,50.0,Sudeste,Brasil
2019-11-10,SP,55.0,Sudeste,Brasil
2019-11-17,SP,34.0,Sudeste,Brasil
2019-11-24,SP,36.0,Sudeste,Brasil
2019-12-01,SP,39.0,Sudeste,Brasil
2019-12-08,SP,37.0,Sudeste,Brasil
2019-12-15,SP,47.0,Sudeste,Brasil
2019-12-22,SP,38.0,Sudeste,Brasil
2019-12-29,SP,30.0,Sudeste,Brasil
2020-01-05,SP,9.0,Sudeste,Brasil
2020-01-12,SP,63.0,Sudeste,Brasil
2020-01-19,SP,67.0,Sudeste,Brasil
2020-01-26,SP,67.0,Sudeste,Brasil
2020-02-02,SP,80.0,Sudeste,Brasil
2020-02-09,SP,65.0,Sudeste,Brasil
2020-02-16,SP,86.0,Sudeste,Brasil
2020-02-23,SP,114.0,Sudeste,Brasil
2020-03-01,SP,63.0,Sudeste,Brasil
2020-03-08,SP,111.0,Sudeste,Brasil
2020-03-15,SP,104.0,Sudeste,Brasil
2020-03-22,SP,81.0,Sudeste,Brasil
2020-03-29,SP,57.0,Sudeste,Brasil
2020-04-05,SP,47.0,Sudeste,Brasil
2020-04-12,SP,22.0,Sudeste,Brasil
2020-04-19,SP,41.0,Sudeste,Brasil
2020-04-26,SP,35.0,Sudeste,Brasil
2020-05-03,SP,30.0,Sudeste,Brasil
2020-05-10,SP,32.0,Sudeste,Brasil
2020-05-17,SP,44.0,Sudeste,Brasil
2020-05-24,SP,33.0,Sudeste,Brasil
2020-05-31,SP,19.0,Sudeste,Brasil
2020-06-07,SP,25.0,Sudeste,Brasil
2020-06-14,SP,18.0,Sudeste,Brasil
2020-06-21,SP,31.0,Sudeste,Brasil
2020-06-28,SP,41.0,Sudeste,Brasil
2020-07-05,SP,28.0,Sudeste,Brasil
2020-07-12,SP,37.0,Sudeste,Brasil
2020-07-19,SP,31.0,Sudeste,Brasil
2020-07-26,SP,21.0,Sudeste,Brasil
2020-08-02,SP,21.0,Sudeste,Brasil
2020-08-09,SP,21.0,Sudeste,Brasil
2020-08-16,SP,20.0,Sudeste,Brasil
2020-08-23,SP,19.0,Sudeste,Brasil
2020-08-30,SP,29.0,Sudeste,Brasil
2020-09-06,SP,25.0,Sudeste,Brasil
2020-09-13,SP,23.0,Sudeste,Brasil
2020-09-20,SP,27.0,Sudeste,Brasil
2020-09-27,SP,23.0,Sudeste,Brasil
2020-10-04,SP,24.0,Sudeste,Brasil
2020-10-11,SP,43.0,Sudeste,Brasil
2020-10-18,SP,21.0,Sudeste,Brasil
2020-10-25,SP,18.0,Sudeste,Brasil
2020-11-01,SP,25.0,Sudeste,Brasil
2020-11-08,SP,19.0,Sudeste,Brasil
2020-11-15,SP,22.0,Sudeste,Brasil
2020-11-22,SP,27.0,Sudeste,Brasil
2020-11-29,SP,27.0,Sudeste,Brasil
2020-12-06,SP,30.0,Sudeste,Brasil
2020-12-13,SP,48.0,Sudeste,Brasil
2020-12-20,SP,41.0,Sudeste,Brasil
2020-12-27,SP,47.0,Sudeste,Brasil
2021-01-03,SP,47.0,Sudeste,Brasil
2021-01-10,SP,25.0,Sudeste,Brasil
2021-01-17,SP,73.0,Sudeste,Brasil
2021-01-24,SP,157.0,Sudeste,Brasil
2021-01-31,SP,241.0,Sudeste,Brasil
2021-02-07,SP,427.0,Sudeste,Brasil
2021-02-14,SP,553.0,Sudeste,Brasil
2021-02-21,SP,779.0,Sudeste,Brasil
2021-02-28,SP,909.0,Sudeste,Brasil
2021-03-07,SP,1380.0,Sudeste,Brasil
2021-03-14,SP,1724.0,Sudeste,Brasil
2021-03-21,SP,2001.0,Sudeste,Brasil
2021-03-28,SP,2277.0,Sudeste,Brasil
2021-04-04,SP,1928.0,Sudeste,Brasil
2021-04-11,SP,2347.0,Sudeste,Brasil
2021-04-18,SP,1998.0,Sudeste,Brasil
2021-04-25,SP,1747.0,Sudeste,Brasil
2021-05-02,SP,1639.0,Sudeste,Brasil
2021-05-09,SP,1298.0,Sudeste,Brasil
2021-05-16,SP,1077.0,Sudeste,Brasil
2021-05-23,SP,1116.0,Sudeste,Brasil
2021-05-30,SP,893.0,Sudeste,Brasil
2021-06-06,SP,564.0,Sudeste,Brasil
2021-06-13,SP,628.0,Sudeste,Brasil
2021-06-20,SP,456.0,Sudeste,Brasil
2021-06-27,SP,358.0,Sudeste,Brasil
2021-07-04,SP,253.0,Sudeste,Brasil
2021-07-11,SP,179.0,Sudeste,Brasil
2021-07-18,SP,236.0,Sudeste,Brasil
2021-07-25,SP,137.0,Sudeste,Brasil
2021-08-01,SP,138.0,Sudeste,Brasil
2021-08-08,SP,111.0,Sudeste,Brasil
2021-08-15,SP,105.0,Sudeste,Brasil
2021-08-22,SP,120.0,Sudeste,Brasil
2021-08-29,SP,114.0,Sudeste,Brasil
2021-09-05,SP,82.0,Sudeste,Brasil
2021-09-12,SP,81.0,Sudeste,Brasil
2021-09-19,SP,85.0,Sudeste,Brasil
2021-09-26,SP,90.0,Sudeste,Brasil
2021-10-03,SP,83.0,Sudeste,Brasil
2021-10-10,SP,76.0,Sudeste,Brasil
2021-10-17,SP,37.0,Sudeste,Brasil
2021-10-24,SP,74.0,Sudeste,Brasil
2021-10-31,SP,54.0,Sudeste,Brasil
2021-11-07,SP,44.0,Sudeste,Brasil
2021-11-14,SP,72.0,Sudeste,Brasil
2021-11-21,SP,67.0,Sudeste,Brasil
2021-11-28,SP,62.0,Sudeste,Brasil
2021-12-05,SP,69.0,Sudeste,Brasil
2021-12-12,SP,70.0,Sudeste,Brasil
2021-12-19,SP,58.0,Sudeste,Brasil
2021-12-26,SP,19.0,Sudeste,Brasil
2022-01-02,SP,10.0,Sudeste,Brasil
2022-01-09,SP,33.0,Sudeste,Brasil
2022-01-16,SP,50.0,Sudeste,Brasil
2022-01-23,SP,60.0,Sudeste,Brasil
2022-01-30,SP,74.0,Sudeste,Brasil
2022-02-06,SP,72.0,Sudeste,Brasil
2022-02-13,SP,73.0,Sudeste,Brasil
2022-02-20,SP,89.0,Sudeste,Brasil
2022-02-27,SP,98.0,Sudeste,Brasil
2022-03-06,SP,84.0,Sudeste,Brasil
2022-03-13,SP,121.0,Sudeste,Brasil
2022-03-20,SP,108.0,Sudeste,Brasil
2022-03-27,SP,118.0,Sudeste,Brasil
2022-04-03,SP,105.0,Sudeste,Brasil
2022-04-10,SP,108.0,Sudeste,Brasil
2022-04-17,SP,110.0,Sudeste,Brasil
2022-04-24,SP,105.0,Sudeste,Brasil
2022-05-01,SP,163.0,Sudeste,Brasil
2022-05-08,SP,277.0,Sudeste,Brasil
2022-05-15,SP,264.0,Sudeste,Brasil
2022-05-22,SP,249.0,Sudeste,Brasil
2022-05-29,SP,238.0,Sudeste,Brasil
2022-06-05,SP,175.0,Sudeste,Brasil
2022-06-12,SP,137.0,Sudeste,Brasil
2022-06-19,SP,74.0,Sudeste,Brasil
2022-06-26,SP,118.0,Sudeste,Brasil
2022-07-03,SP,94.0,Sudeste,Brasil
2022-07-10,SP,146.0,Sudeste,Brasil
2022-07-17,SP,89.0,Sudeste,Brasil
2022-07-24,SP,83.0,Sudeste,Brasil
2022-07-31,SP,69.0,Sudeste,Brasil
2022-08-07,SP,70.0,Sudeste,Brasil
2022-08-14,SP,70.0,Sudeste,Brasil
2022-08-21,SP,76.0,Sudeste,Brasil
2022-08-28,SP,72.0,Sudeste,Brasil
2022-09-04,SP,57.0,Sudeste,Brasil
2022-09-11,SP,47.0,Sudeste,Brasil
2022-09-18,SP,60.0,Sudeste,Brasil
2022-09-25,SP,49.0,Sudeste,Brasil
2022-10-02,SP,66.0,Sudeste,Brasil
2022-10-09,SP,67.0,Sudeste,Brasil
2022-10-16,SP,44.0,Sudeste,Brasil
2022-10-23,SP,71.0,Sudeste,Brasil
2022-10-30,SP,75.0,Sudeste,Brasil
2022-11-06,SP,47.0,Sudeste,Brasil
2022-11-13,SP,67.0,Sudeste,Brasil
2022-11-20,SP,65.0,Sudeste,Brasil
2022-11-27,SP,57.0,Sudeste,Brasil
2022-12-04,SP,62.0,Sudeste,Brasil
2022-12-11,SP,56.0,Sudeste,Brasil
2022-12-18,SP,63.0,Sudeste,Brasil
2022-12-25,SP,65.0,Sudeste,Brasil
2023-01-01,SP,59.0,Sudeste,Brasil
2023-01-08,SP,35.0,Sudeste,Brasil
2023-01-15,SP,83.0,Sudeste,Brasil
2023-01-22,SP,112.0,Sudeste,Brasil
2023-01-29,SP,111.0,Sudeste,Brasil
2023-02-05,SP,135.0,Sudeste,Brasil
2023-02-12,SP,155.0,Sudeste,Brasil
2023-02-19,SP,165.0,Sudeste,Brasil
2023-02-26,SP,101.0,Sudeste,Brasil
2023-03-05,SP,195.0,Sudeste,Brasil
2023-03-12,SP,217.0,Sudeste,Brasil
2023-03-19,SP,268.0,Sudeste,Brasil
2023-03-26,SP,322.0,Sudeste,Brasil
2023-04-02,SP,313.0,Sudeste,Brasil
2023-04-09,SP,272.0,Sudeste,Brasil
2023-04-16,SP,425.0,Sudeste,Brasil
2023-04-23,SP,404.0,Sudeste,Brasil
2023-04-30,SP,456.0,Sudeste,Brasil
2023-05-07,SP,398.0,Sudeste,Brasil
2023-05-14,SP,529.0,Sudeste,Brasil
2023-05-21,SP,464.0,Sudeste,Brasil
2023-05-28,SP,460.0,Sudeste,Brasil
2023-06-04,SP,321.0,Sudeste,Brasil
2023-06-11,SP,220.0,Sudeste,Brasil
2023-06-18,SP,254.0,Sudeste,Brasil
2023-06-25,SP,206.0,Sudeste,Brasil
2023-07-02,SP,157.0,Sudeste,Brasil
2023-07-09,SP,164.0,Sudeste,Brasil
2023-07-16,SP,101.0,Sudeste,Brasil
2023-07-23,SP,104.0,Sudeste,Brasil
2023-07-30,SP,124.0,Sudeste,Brasil
2023-08-06,SP,90.0,Sudeste,Brasil
2023-08-13,SP,110.0,Sudeste,Brasil
2023-08-20,SP,86.0,Sudeste,Brasil
2023-08-27,SP,71.0,Sudeste,Brasil
2023-09-03,SP,83.0,Sudeste,Brasil
2023-09-10,SP,80.0,Sudeste,Brasil
2023-09-17,SP,86.0,Sudeste,Brasil
2023-09-24,SP,90.0,Sudeste,Brasil
2023-10-01,SP,93.0,Sudeste,Brasil
2023-10-08,SP,74.0,Sudeste,Brasil
2023-10-15,SP,68.0,Sudeste,Brasil
2023-10-22,SP,99.0,Sudeste,Brasil
2023-10-29,SP,92.0,Sudeste,Brasil
2023-11-05,SP,59.0,Sudeste,Brasil
2023-11-12,SP,124.0,Sudeste,Brasil
2023-11-19,SP,87.0,Sudeste,Brasil
2023-11-26,SP,94.0,Sudeste,Brasil
2023-12-03,SP,142.0,Sudeste,Brasil
2023-12-10,SP,166.0,Sudeste,Brasil
2023-12-17,SP,193.0,Sudeste,Brasil
2023-12-24,SP,366.0,Sudeste,Brasil
2023-12-31,SP,340.0,Sudeste,Brasil
2024-01-07,SP,179.0,Sudeste,Brasil
2024-01-14,SP,375.0,Sudeste,Brasil
2024-01-21,SP,445.0,Sudeste,Brasil
2024-01-28,SP,418.0,Sudeste,Brasil
2024-02-04,SP,623.0,Sudeste,Brasil
2024-02-11,SP,622.0,Sudeste,Brasil
2024-02-18,SP,526.0,Sudeste,Brasil
2024-02-25,SP,909.0,Sudeste,Brasil
2024-03-03,SP,1061.0,Sudeste,Brasil
2024-03-10,SP,1081.0,Sudeste,Brasil
2024-03-17,SP,1214.0,Sudeste,Brasil
2024-03-24,SP,1132.0,Sudeste,Brasil
2024-03-31,SP,754.0,Sudeste,Brasil
2024-04-07,SP,1045.0,Sudeste,Brasil
2024-04-14,SP,1058.0,Sudeste,Brasil
2024-04-21,SP,1075.0,Sudeste,Brasil
2024-04-28,SP,1107.0,Sudeste,Brasil
2024-05-05,SP,1072.0,Sudeste,Brasil
2024-05-12,SP,1209.0,Sudeste,Brasil
2024-05-19,SP,1362.0,Sudeste,Brasil
2024-05-26,SP,1315.0,Sudeste,Brasil
2024-06-02,SP,759.0,Sudeste,Brasil
2024-06-09,SP,893.0,Sudeste,Brasil
2024-06-16,SP,764.0,Sudeste,Brasil
2024-06-23,SP,751.0,Sudeste,Brasil
2024-06-30,SP,669.0,Sudeste,Brasil
2024-07-07,SP,483.0,Sudeste,Brasil
2024-07-14,SP,358.0,Sudeste,Brasil
2024-07-21,SP,410.0,Sudeste,Brasil
2024-07-28,SP,349.0,Sudeste,Brasil
2024-08-04,SP,401.0,Sudeste,Brasil
2024-08-11,SP,309.0,Sudeste,Brasil
2024-08-18,SP,244.0,Sudeste,Brasil
2024-08-25,SP,237.0,Sudeste,Brasil
2024-09-01,SP,200.0,Sudeste,Brasil
2024-09-08,SP,274.0,Sudeste,Brasil
2024-09-15,SP,287.0,Sudeste,Brasil
2024-09-22,SP,223.0,Sudeste,Brasil
2024-09-29,SP,254.0,Sudeste,Brasil
2024-10-06,SP,197.0,Sudeste,Brasil
2024-10-13,SP,202.0,Sudeste,Brasil
2024-10-20,SP,272.0,Sudeste,Brasil
2024-10-27,SP,294.0,Sudeste,Brasil
2024-11-03,SP,303.0,Sudeste,Brasil
2024-11-10,SP,288.0,Sudeste,Brasil
2024-11-17,SP,345.0,Sudeste,Brasil
2024-11-24,SP,412.0,Sudeste,Brasil
2024-12-01,SP,525.0,Sudeste,Brasil
2024-12-08,SP,529.0,Sudeste,Brasil
2024-12-15,SP,603.0,Sudeste,Brasil
2024-12-22,SP,551.0,Sudeste,Brasil
2024-12-29,SP,366.0,Sudeste,Brasil
2025-01-05,SP,407.0,Sudeste,Brasil
2025-01-12,SP,1041.0,Sudeste,Brasil
2025-01-19,SP,1327.0,Sudeste,Brasil
2025-01-26,SP,1524.0,Sudeste,Brasil
2025-02-02,SP,1555.0,Sudeste,Brasil
2025-02-09,SP,1374.0,Sudeste,Brasil
2025-02-16,SP,1444.0,Sudeste,Brasil
2025-02-23,SP,1098.0,Sudeste,Brasil
2025-03-02,SP,920.0,Sudeste,Brasil
2025-03-09,SP,798.0,Sudeste,Brasil
2025-03-16,SP,922.0,Sudeste,Brasil
2025-03-23,SP,829.0,Sudeste,Brasil
2025-03-30,SP,744.0,Sudeste,Brasil
2025-04-06,SP,654.0,Sudeste,Brasil
2025-04-13,SP,592.0,Sudeste,Brasil
2025-04-20,SP,462.0,Sudeste,Brasil
2025-04-27,SP,467.0,Sudeste,Brasil
2025-05-04,SP,404.0,Sudeste,Brasil
2025-05-11,SP,451.0,Sudeste,Brasil
2025-05-18,SP,483.0,Sudeste,Brasil
2025-05-25,SP,499.0,Sudeste,Brasil
2025-06-01,SP,476.0,Sudeste,Brasil
2025-06-08,SP,459.0,Sudeste,Brasil
2025-06-15,SP,420.0,Sudeste,Brasil
2025-06-22,SP,214.0,Sudeste,Brasil
2025-06-29,SP,318.0,Sudeste,Brasil
2025-07-06,SP,243.0,Sudeste,Brasil
2025-07-13,SP,254.0,Sudeste,Brasil
2025-07-20,SP,193.0,Sudeste,Brasil
2025-07-27,SP,178.0,Sudeste,Brasil
2025-08-03,SP,229.0,Sudeste,Brasil
2025-08-10,SP,243.0,Sudeste,Brasil
2025-08-17,SP,153.0,Sudeste,Brasil
2025-08-24,SP,138.0,Sudeste,Brasil
2025-08-31,SP,115.0,Sudeste,Brasil
2025-09-07,SP,168.0,Sudeste,Brasil
2025-09-14,SP,147.0,Sudeste,Brasil
2025-09-21,SP,158.0,Sudeste,Brasil
2025-09-28,SP,202.0,Sudeste,Brasil
2025-10-05,SP,219.0,Sudeste,Brasil
2025-10-12,SP,191.0,Sudeste,Brasil
2025-10-19,SP,188.0,Sudeste,Brasil
2025-10-26,SP,228.0,Sudeste,Brasil
2025-11-02,SP,203.0,Sudeste,Brasil
2025-11-09,SP,249.0,Sudeste,Brasil
2025-11-16,SP,263.0,Sudeste,Brasil
2025-11-23,SP,177.0,Sudeste,Brasil
2025-11-30,SP,239.0,Sudeste,Brasil
2025-12-07,SP,213.0,Sudeste,Brasil
2025-12-14,SP,228.0,Sudeste,Brasil
2025-12-21,SP,236.0,Sudeste,Brasil
2025-12-28,SP,113.0,Sudeste,Brasil
2026-01-04,SP,118.0,Sudeste,Brasil
2026-01-11,SP,243.0,Sudeste,Brasil
2026-01-18,SP,299.0,Sudeste,Brasil
2026-01-25,SP,247.0,Sudeste,Brasil
2026-02-01,SP,225.0,Sudeste,Brasil
2026-02-08,SP,238.0,Sudeste,Brasil
2026-02-15,SP,235.0,Sudeste,Brasil
2026-02-22,SP,215.0,Sudeste,Brasil
2026-03-01,SP,312.0,Sudeste,Brasil
2026-03-08,SP,332.0,Sudeste,Brasil
2026-03-15,SP,259.0,Sudeste,Brasil
2026-03-22,SP,309.0,Sudeste,Brasil
2026-03-29,SP,310.0,Sudeste,Brasil
2026-04-05,SP,269.0,Sudeste,Brasil
2026-04-12,SP,286.0,Sudeste,Brasil
2026-04-19,SP,282.0,Sudeste,Brasil
2026-04-26,SP,241.0,Sudeste,Brasil
2026-05-03,SP,249.0,Sudeste,Brasil
2026-05-10,SP,349.0,Sudeste,Brasil
2026-05-17,SP,341.0,Sudeste,Brasil
2026-05-24,SP,350.0,Sudeste,Brasil
2026-05-31,SP,287.0,Sudeste,Brasil
2026-06-07,SP,241.0,Sudeste,Brasil
2026-06-14,SP,227.0,Sudeste,Brasil
2026-06-21,SP,137.0,Sudeste,Brasil
2026-06-28,SP,121.0,Sudeste,Brasil
2026-07-05,SP,116.0,Sudeste,Brasil
2026-07-12,SP,73.0,Sudeste,Brasil
2026-07-19,SP,99.0,Sudeste,Brasil
2026-07-26,SP,104.0,Sudeste,Brasil
2026-08-02,SP,115.0,Sudeste,Brasil
2026-08-09,SP,106.0,Sudeste,Brasil
2026-08-16,SP,99.0,Sudeste,Brasil
2026-08-23,SP,106.0,Sudeste,Brasil
2026-08-30,SP,97.0,Sudeste,Brasil
2026-09-06,SP,54.0,Sudeste,Brasil
2026-09-13,SP,54.0,Sudeste,Brasil
2014-10-26,TO,2.0,Norte,Brasil
2014-11-02,TO,1.0,Norte,Brasil
2014-11-09,TO,1.0,Norte,Brasil
2014-11-16,TO,1.0,Norte,Brasil
2014-11-23,TO,1.0,Norte,Brasil
2014-11-30,TO,1.0,Norte,Brasil
2014-12-07,TO,1.0,Norte,Brasil
2014-12-14,TO,1.0,Norte,Brasil
2014-12-21,TO,2.0,Norte,Brasil
2014-12-28,TO,1.0,Norte,Brasil
2015-01-04,TO,1.0,Norte,Brasil
2015-01-11,TO,1.0,Norte,Brasil
2015-01-18,TO,1.0,Norte,Brasil
2015-01-25,TO,3.0,Norte,Brasil
2015-02-01,TO,2.0,Norte,Brasil
2015-02-08,TO,1.0,Norte,Brasil
2015-02-15,TO,1.0,Norte,Brasil
2015-02-22,TO,1.0,Norte,Brasil
2015-03-01,TO,3.0,Norte,Brasil
2015-03-08,TO,3.0,Norte,Brasil
2015-03-15,TO,3.0,Norte,Brasil
2015-03-22,TO,3.0,Norte,Brasil
2015-03-29,TO,2.0,Norte,Brasil
2015-04-05,TO,1.0,Norte,Brasil
2015-04-12,TO,3.0,Norte,Brasil
2015-04-19,TO,3.0,Norte,Brasil
2015-04-26,TO,4.0,Norte,Brasil
2015-05-03,TO,2.0,Norte,Brasil
2015-05-10,TO,5.0,Norte,Brasil
2015-05-17,TO,2.0,Norte,Brasil
2015-05-24,TO,8.0,Norte,Brasil
2015-05-31,TO,11.0,Norte,Brasil
2015-06-07,TO,6.0,Norte,Brasil
2015-06-14,TO,8.0,Norte,Brasil
2015-06-21,TO,11.0,Norte,Brasil
2015-06-28,TO,18.0,Norte,Brasil
2015-07-05,TO,9.0,Norte,Brasil
2015-07-12,TO,14.0,Norte,Brasil
2015-07-19,TO,3.0,Norte,Brasil
2015-07-26,TO,1.0,Norte,Brasil
2015-08-02,TO,2.0,Norte,Brasil
2015-08-09,TO,4.0,Norte,Brasil
2015-08-16,TO,6.0,Norte,Brasil
2015-08-23,TO,1.0,Norte,Brasil
2015-08-30,TO,4.0,Norte,Brasil
2015-09-06,TO,2.0,Norte,Brasil
2015-09-13,TO,1.0,Norte,Brasil
2015-09-20,TO,5.0,Norte,Brasil
2015-09-27,TO,1.0,Norte,Brasil
2015-10-04,TO,3.0,Norte,Brasil
2015-10-11,TO,3.0,Norte,Brasil
2015-10-18,TO,4.0,Norte,Brasil
2015-10-25,TO,2.0,Norte,Brasil
2015-11-01,TO,2.0,Norte,Brasil
2015-11-08,TO,2.0,Norte,Brasil
2015-11-15,TO,2.0,Norte,Brasil
2015-11-22,TO,5.0,Norte,Brasil
2015-11-29,TO,3.0,Norte,Brasil
2015-12-06,TO,17.0,Norte,Brasil
2015-12-13,TO,44.0,Norte,Brasil
2015-12-20,TO,31.0,Norte,Brasil
2015-12-27,TO,11.0,Norte,Brasil
2016-01-03,TO,11.0,Norte,Brasil
2016-01-10,TO,25.0,Norte,Brasil
2016-01-17,TO,75.0,Norte,Brasil
2016-01-24,TO,61.0,Norte,Brasil
2016-01-31,TO,66.0,Norte,Brasil
2016-02-07,TO,72.0,Norte,Brasil
2016-02-14,TO,66.0,Norte,Brasil
2016-02-21,TO,108.0,Norte,Brasil
2016-02-28,TO,97.0,Norte,Brasil
2016-03-06,TO,87.0,Norte,Brasil
2016-03-13,TO,84.0,Norte,Brasil
2016-03-20,TO,40.0,Norte,Brasil
2016-03-27,TO,32.0,Norte,Brasil
2016-04-03,TO,51.0,Norte,Brasil
2016-04-10,TO,50.0,Norte,Brasil
2016-04-17,TO,50.0,Norte,Brasil
2016-04-24,TO,33.0,Norte,Brasil
2016-05-01,TO,39.0,Norte,Brasil
2016-05-08,TO,69.0,Norte,Brasil
2016-05-15,TO,119.0,Norte,Brasil
2016-05-22,TO,96.0,Norte,Brasil
2016-05-29,TO,58.0,Norte,Brasil
2016-06-05,TO,82.0,Norte,Brasil
2016-06-12,TO,101.0,Norte,Brasil
2016-06-19,TO,70.0,Norte,Brasil
2016-06-26,TO,82.0,Norte,Brasil
2016-07-03,TO,53.0,Norte,Brasil
2016-07-10,TO,41.0,Norte,Brasil
2016-07-17,TO,19.0,Norte,Brasil
2016-07-24,TO,17.0,Norte,Brasil
2016-07-31,TO,16.0,Norte,Brasil
2016-08-07,TO,21.0,Norte,Brasil
2016-08-14,TO,15.0,Norte,Brasil
2016-08-21,TO,9.0,Norte,Brasil
2016-08-28,TO,8.0,Norte,Brasil
2016-09-04,TO,13.0,Norte,Brasil
2016-09-11,TO,6.0,Norte,Brasil
2016-09-18,TO,21.0,Norte,Brasil
2016-09-25,TO,19.0,Norte,Brasil
2016-10-02,TO,11.0,Norte,Brasil
2016-10-09,TO,5.0,Norte,Brasil
2016-10-16,TO,15.0,Norte,Brasil
2016-10-23,TO,7.0,Norte,Brasil
2016-10-30,TO,12.0,Norte,Brasil
2016-11-06,TO,15.0,Norte,Brasil
2016-11-13,TO,18.0,Norte,Brasil
2016-11-20,TO,13.0,Norte,Brasil
2016-11-27,TO,9.0,Norte,Brasil
2016-12-04,TO,9.0,Norte,Brasil
2016-12-11,TO,10.0,Norte,Brasil
2016-12-18,TO,19.0,Norte,Brasil
2016-12-25,TO,8.0,Norte,Brasil
2017-01-01,TO,15.0,Norte,Brasil
2017-01-08,TO,16.0,Norte,Brasil
2017-01-15,TO,52.0,Norte,Brasil
2017-01-22,TO,101.0,Norte,Brasil
2017-01-29,TO,130.0,Norte,Brasil
2017-02-05,TO,174.0,Norte,Brasil
2017-02-12,TO,322.0,Norte,Brasil
2017-02-19,TO,260.0,Norte,Brasil
2017-02-26,TO,231.0,Norte,Brasil
2017-03-05,TO,157.0,Norte,Brasil
2017-03-12,TO,199.0,Norte,Brasil
2017-03-19,TO,257.0,Norte,Brasil
2017-03-26,TO,264.0,Norte,Brasil
2017-04-02,TO,254.0,Norte,Brasil
2017-04-09,TO,217.0,Norte,Brasil
2017-04-16,TO,162.0,Norte,Brasil
2017-04-23,TO,254.0,Norte,Brasil
2017-04-30,TO,253.0,Norte,Brasil
2017-05-07,TO,228.0,Norte,Brasil
2017-05-14,TO,308.0,Norte,Brasil
2017-05-21,TO,326.0,Norte,Brasil
2017-05-28,TO,328.0,Norte,Brasil
2017-06-04,TO,292.0,Norte,Brasil
2017-06-11,TO,280.0,Norte,Brasil
2017-06-18,TO,207.0,Norte,Brasil
2017-06-25,TO,177.0,Norte,Brasil
2017-07-02,TO,130.0,Norte,Brasil
2017-07-09,TO,129.0,Norte,Brasil
2017-07-16,TO,95.0,Norte,Brasil
2017-07-23,TO,75.0,Norte,Brasil
2017-07-30,TO,74.0,Norte,Brasil
2017-08-06,TO,73.0,Norte,Brasil
2017-08-13,TO,70.0,Norte,Brasil
2017-08-20,TO,41.0,Norte,Brasil
2017-08-27,TO,64.0,Norte,Brasil
2017-09-03,TO,43.0,Norte,Brasil
2017-09-10,TO,22.0,Norte,Brasil
2017-09-17,TO,27.0,Norte,Brasil
2017-09-24,TO,23.0,Norte,Brasil
2017-10-01,TO,30.0,Norte,Brasil
2017-10-08,TO,20.0,Norte,Brasil
2017-10-15,TO,16.0,Norte,Brasil
2017-10-22,TO,23.0,Norte,Brasil
2017-10-29,TO,21.0,Norte,Brasil
2017-11-05,TO,16.0,Norte,Brasil
2017-11-12,TO,26.0,Norte,Brasil
2017-11-19,TO,22.0,Norte,Brasil
2017-11-26,TO,31.0,Norte,Brasil
2017-12-03,TO,20.0,Norte,Brasil
2017-12-10,TO,18.0,Norte,Brasil
2017-12-17,TO,19.0,Norte,Brasil
2017-12-24,TO,18.0,Norte,Brasil
2017-12-31,TO,11.0,Norte,Brasil
2018-01-07,TO,11.0,Norte,Brasil
2018-01-14,TO,17.0,Norte,Brasil
2018-01-21,TO,20.0,Norte,Brasil
2018-01-28,TO,40.0,Norte,Brasil
2018-02-04,TO,24.0,Norte,Brasil
2018-02-11,TO,27.0,Norte,Brasil
2018-02-18,TO,26.0,Norte,Brasil
2018-02-25,TO,35.0,Norte,Brasil
2018-03-04,TO,39.0,Norte,Brasil
2018-03-11,TO,35.0,Norte,Brasil
2018-03-18,TO,25.0,Norte,Brasil
2018-03-25,TO,28.0,Norte,Brasil
2018-04-01,TO,23.0,Norte,Brasil
2018-04-08,TO,31.0,Norte,Brasil
2018-04-15,TO,47.0,Norte,Brasil
2018-04-22,TO,49.0,Norte,Brasil
2018-04-29,TO,66.0,Norte,Brasil
2018-05-06,TO,28.0,Norte,Brasil
2018-05-13,TO,35.0,Norte,Brasil
2018-05-20,TO,39.0,Norte,Brasil
2018-05-27,TO,30.0,Norte,Brasil
2018-06-03,TO,29.0,Norte,Brasil
2018-06-10,TO,18.0,Norte,Brasil
2018-06-17,TO,18.0,Norte,Brasil
2018-06-24,TO,13.0,Norte,Brasil
2018-07-01,TO,8.0,Norte,Brasil
2018-07-08,TO,11.0,Norte,Brasil
2018-07-15,TO,16.0,Norte,Brasil
2018-07-22,TO,15.0,Norte,Brasil
2018-07-29,TO,11.0,Norte,Brasil
2018-08-05,TO,13.0,Norte,Brasil
2018-08-12,TO,15.0,Norte,Brasil
2018-08-19,TO,17.0,Norte,Brasil
2018-08-26,TO,11.0,Norte,Brasil
2018-09-02,TO,15.0,Norte,Brasil
2018-09-09,TO,1.0,Norte,Brasil
2018-09-16,TO,14.0,Norte,Brasil
2018-09-23,TO,10.0,Norte,Brasil
2018-09-30,TO,14.0,Norte,Brasil
2018-10-07,TO,11.0,Norte,Brasil
2018-10-14,TO,19.0,Norte,Brasil
2018-10-21,TO,14.0,Norte,Brasil
2018-10-28,TO,17.0,Norte,Brasil
2018-11-04,TO,20.0,Norte,Brasil
2018-11-11,TO,23.0,Norte,Brasil
2018-11-18,TO,21.0,Norte,Brasil
2018-11-25,TO,23.0,Norte,Brasil
2018-12-02,TO,47.0,Norte,Brasil
2018-12-09,TO,49.0,Norte,Brasil
2018-12-16,TO,45.0,Norte,Brasil
2018-12-23,TO,83.0,Norte,Brasil
2018-12-30,TO,59.0,Norte,Brasil
2019-01-06,TO,50.0,Norte,Brasil
2019-01-13,TO,102.0,Norte,Brasil
2019-01-20,TO,63.0,Norte,Brasil
2019-01-27,TO,78.0,Norte,Brasil
2019-02-03,TO,76.0,Norte,Brasil
2019-02-10,TO,102.0,Norte,Brasil
2019-02-17,TO,104.0,Norte,Brasil
2019-02-24,TO,77.0,Norte,Brasil
2019-03-03,TO,78.0,Norte,Brasil
2019-03-10,TO,49.0,Norte,Brasil
2019-03-17,TO,92.0,Norte,Brasil
2019-03-24,TO,76.0,Norte,Brasil
2019-03-31,TO,77.0,Norte,Brasil
2019-04-07,TO,62.0,Norte,Brasil
2019-04-14,TO,55.0,Norte,Brasil
2019-04-21,TO,27.0,Norte,Brasil
2019-04-28,TO,37.0,Norte,Brasil
2019-05-05,TO,34.0,Norte,Brasil
2019-05-12,TO,42.0,Norte,Brasil
2019-05-19,TO,40.0,Norte,Brasil
2019-05-26,TO,21.0,Norte,Brasil
2019-06-02,TO,27.0,Norte,Brasil
2019-06-09,TO,23.0,Norte,Brasil
2019-06-16,TO,24.0,Norte,Brasil
2019-06-23,TO,18.0,Norte,Brasil
2019-06-30,TO,21.0,Norte,Brasil
2019-07-07,TO,11.0,Norte,Brasil
2019-07-14,TO,7.0,Norte,Brasil
2019-07-21,TO,10.0,Norte,Brasil
2019-07-28,TO,8.0,Norte,Brasil
2019-08-04,TO,8.0,Norte,Brasil
2019-08-11,TO,4.0,Norte,Brasil
2019-08-18,TO,3.0,Norte,Brasil
2019-08-25,TO,9.0,Norte,Brasil
2019-09-01,TO,7.0,Norte,Brasil
2019-09-08,TO,11.0,Norte,Brasil
2019-09-15,TO,6.0,Norte,Brasil
2019-09-22,TO,7.0,Norte,Brasil
2019-09-29,TO,5.0,Norte,Brasil
2019-10-06,TO,11.0,Norte,Brasil
2019-10-13,TO,7.0,Norte,Brasil
2019-10-20,TO,7.0,Norte,Brasil
2019-10-27,TO,12.0,Norte,Brasil
2019-11-03,TO,4.0,Norte,Brasil
2019-11-10,TO,14.0,Norte,Brasil
2019-11-17,TO,15.0,Norte,Brasil
2019-11-24,TO,9.0,Norte,Brasil
2019-12-01,TO,16.0,Norte,Brasil
2019-12-08,TO,11.0,Norte,Brasil
2019-12-15,TO,19.0,Norte,Brasil
2019-12-22,TO,17.0,Norte,Brasil
2019-12-29,TO,6.0,Norte,Brasil
2020-01-05,TO,3.0,Norte,Brasil
2020-01-12,TO,13.0,Norte,Brasil
2020-01-19,TO,14.0,Norte,Brasil
2020-01-26,TO,14.0,Norte,Brasil
2020-02-02,TO,8.0,Norte,Brasil
2020-02-09,TO,13.0,Norte,Brasil
2020-02-16,TO,17.0,Norte,Brasil
2020-02-23,TO,20.0,Norte,Brasil
2020-03-01,TO,8.0,Norte,Brasil
2020-03-08,TO,18.0,Norte,Brasil
2020-03-15,TO,13.0,Norte,Brasil
2020-03-22,TO,21.0,Norte,Brasil
2020-03-29,TO,4.0,Norte,Brasil
2020-04-05,TO,10.0,Norte,Brasil
2020-04-12,TO,9.0,Norte,Brasil
2020-04-19,TO,17.0,Norte,Brasil
2020-04-26,TO,8.0,Norte,Brasil
2020-05-03,TO,15.0,Norte,Brasil
2020-05-10,TO,17.0,Norte,Brasil
2020-05-17,TO,7.0,Norte,Brasil
2020-05-24,TO,7.0,Norte,Brasil
2020-05-31,TO,5.0,Norte,Brasil
2020-06-07,TO,7.0,Norte,Brasil
2020-06-14,TO,2.0,Norte,Brasil
2020-06-21,TO,5.0,Norte,Brasil
2020-06-28,TO,5.0,Norte,Brasil
2020-07-05,TO,8.0,Norte,Brasil
2020-07-12,TO,7.0,Norte,Brasil
2020-07-19,TO,3.0,Norte,Brasil
2020-07-26,TO,4.0,Norte,Brasil
2020-08-02,TO,2.0,Norte,Brasil
2020-08-09,TO,5.0,Norte,Brasil
2020-08-16,TO,5.0,Norte,Brasil
2020-08-23,TO,10.0,Norte,Brasil
2020-08-30,TO,3.0,Norte,Brasil
2020-09-06,TO,4.0,Norte,Brasil
2020-09-13,TO,3.0,Norte,Brasil
2020-09-20,TO,6.0,Norte,Brasil
2020-09-27,TO,8.0,Norte,Brasil
2020-10-04,TO,3.0,Norte,Brasil
2020-10-11,TO,7.0,Norte,Brasil
2020-10-18,TO,2.0,Norte,Brasil
2020-10-25,TO,2.0,Norte,Brasil
2020-11-01,TO,3.0,Norte,Brasil
2020-11-08,TO,4.0,Norte,Brasil
2020-11-15,TO,5.0,Norte,Brasil
2020-11-22,TO,4.0,Norte,Brasil
2020-11-29,TO,5.0,Norte,Brasil
2020-12-06,TO,4.0,Norte,Brasil
2020-12-13,TO,11.0,Norte,Brasil
2020-12-20,TO,7.0,Norte,Brasil
2020-12-27,TO,5.0,Norte,Brasil
2021-01-03,TO,5.0,Norte,Brasil
2021-01-10,TO,2.0,Norte,Brasil
2021-01-17,TO,6.0,Norte,Brasil
2021-01-24,TO,5.0,Norte,Brasil
2021-01-31,TO,5.0,Norte,Brasil
2021-02-07,TO,8.0,Norte,Brasil
2021-02-14,TO,5.0,Norte,Brasil
2021-02-21,TO,16.0,Norte,Brasil
2021-02-28,TO,7.0,Norte,Brasil
2021-03-07,TO,16.0,Norte,Brasil
2021-03-14,TO,12.0,Norte,Brasil
2021-03-21,TO,19.0,Norte,Brasil
2021-03-28,TO,12.0,Norte,Brasil
2021-04-04,TO,9.0,Norte,Brasil
2021-04-11,TO,19.0,Norte,Brasil
2021-04-18,TO,13.0,Norte,Brasil
2021-04-25,TO,14.0,Norte,Brasil
2021-05-02,TO,20.0,Norte,Brasil
2021-05-09,TO,11.0,Norte,Brasil
2021-05-16,TO,44.0,Norte,Brasil
2021-05-23,TO,35.0,Norte,Brasil
2021-05-30,TO,21.0,Norte,Brasil
2021-06-06,TO,36.0,Norte,Brasil
2021-06-13,TO,25.0,Norte,Brasil
2021-06-20,TO,38.0,Norte,Brasil
2021-06-27,TO,31.0,Norte,Brasil
2021-07-04,TO,24.0,Norte,Brasil
2021-07-11,TO,20.0,Norte,Brasil
2021-07-18,TO,29.0,Norte,Brasil
2021-07-25,TO,19.0,Norte,Brasil
2021-08-01,TO,22.0,Norte,Brasil
2021-08-08,TO,15.0,Norte,Brasil
2021-08-15,TO,27.0,Norte,Brasil
2021-08-22,TO,23.0,Norte,Brasil
2021-08-29,TO,21.0,Norte,Brasil
2021-09-05,TO,10.0,Norte,Brasil
2021-09-12,TO,5.0,Norte,Brasil
2021-09-19,TO,15.0,Norte,Brasil
2021-09-26,TO,11.0,Norte,Brasil
2021-10-03,TO,8.0,Norte,Brasil
2021-10-10,TO,11.0,Norte,Brasil
2021-10-17,TO,11.0,Norte,Brasil
2021-10-24,TO,14.0,Norte,Brasil
2021-10-31,TO,12.0,Norte,Brasil
2021-11-07,TO,14.0,Norte,Brasil
2021-11-14,TO,16.0,Norte,Brasil
2021-11-21,TO,32.0,Norte,Brasil
2021-11-28,TO,24.0,Norte,Brasil
2021-12-05,TO,57.0,Norte,Brasil
2021-12-12,TO,61.0,Norte,Brasil
2021-12-19,TO,100.0,Norte,Brasil
2021-12-26,TO,54.0,Norte,Brasil
2022-01-02,TO,60.0,Norte,Brasil
2022-01-09,TO,44.0,Norte,Brasil
2022-01-16,TO,71.0,Norte,Brasil
2022-01-23,TO,100.0,Norte,Brasil
2022-01-30,TO,91.0,Norte,Brasil
2022-02-06,TO,105.0,Norte,Brasil
2022-02-13,TO,99.0,Norte,Brasil
2022-02-20,TO,125.0,Norte,Brasil
2022-02-27,TO,127.0,Norte,Brasil
2022-03-06,TO,133.0,Norte,Brasil
2022-03-13,TO,131.0,Norte,Brasil
2022-03-20,TO,131.0,Norte,Brasil
2022-03-27,TO,217.0,Norte,Brasil
2022-04-03,TO,253.0,Norte,Brasil
2022-04-10,TO,253.0,Norte,Brasil
2022-04-17,TO,313.0,Norte,Brasil
2022-04-24,TO,384.0,Norte,Brasil
2022-05-01,TO,522.0,Norte,Brasil
2022-05-08,TO,449.0,Norte,Brasil
2022-05-15,TO,509.0,Norte,Brasil
2022-05-22,TO,557.0,Norte,Brasil
2022-05-29,TO,491.0,Norte,Brasil
2022-06-05,TO,548.0,Norte,Brasil
2022-06-12,TO,437.0,Norte,Brasil
2022-06-19,TO,373.0,Norte,Brasil
2022-06-26,TO,377.0,Norte,Brasil
2022-07-03,TO,290.0,Norte,Brasil
2022-07-10,TO,234.0,Norte,Brasil
2022-07-17,TO,207.0,Norte,Brasil
2022-07-24,TO,172.0,Norte,Brasil
2022-07-31,TO,149.0,Norte,Brasil
2022-08-07,TO,114.0,Norte,Brasil
2022-08-14,TO,111.0,Norte,Brasil
2022-08-21,TO,98.0,Norte,Brasil
2022-08-28,TO,62.0,Norte,Brasil
2022-09-04,TO,67.0,Norte,Brasil
2022-09-11,TO,33.0,Norte,Brasil
2022-09-18,TO,60.0,Norte,Brasil
2022-09-25,TO,44.0,Norte,Brasil
2022-10-02,TO,42.0,Norte,Brasil
2022-10-09,TO,36.0,Norte,Brasil
2022-10-16,TO,27.0,Norte,Brasil
2022-10-23,TO,37.0,Norte,Brasil
2022-10-30,TO,42.0,Norte,Brasil
2022-11-06,TO,18.0,Norte,Brasil
2022-11-13,TO,34.0,Norte,Brasil
2022-11-20,TO,33.0,Norte,Brasil
2022-11-27,TO,45.0,Norte,Brasil
2022-12-04,TO,59.0,Norte,Brasil
2022-12-11,TO,49.0,Norte,Brasil
2022-12-18,TO,82.0,Norte,Brasil
2022-12-25,TO,76.0,Norte,Brasil
2023-01-01,TO,78.0,Norte,Brasil
2023-01-08,TO,95.0,Norte,Brasil
2023-01-15,TO,211.0,Norte,Brasil
2023-01-22,TO,263.0,Norte,Brasil
2023-01-29,TO,478.0,Norte,Brasil
2023-02-05,TO,736.0,Norte,Brasil
2023-02-12,TO,796.0,Norte,Brasil
2023-02-19,TO,838.0,Norte,Brasil
2023-02-26,TO,654.0,Norte,Brasil
2023-03-05,TO,625.0,Norte,Brasil
2023-03-12,TO,554.0,Norte,Brasil
2023-03-19,TO,512.0,Norte,Brasil
2023-03-26,TO,563.0,Norte,Brasil
2023-04-02,TO,626.0,Norte,Brasil
2023-04-09,TO,437.0,Norte,Brasil
2023-04-16,TO,591.0,Norte,Brasil
2023-04-23,TO,404.0,Norte,Brasil
2023-04-30,TO,434.0,Norte,Brasil
2023-05-07,TO,367.0,Norte,Brasil
2023-05-14,TO,329.0,Norte,Brasil
2023-05-21,TO,237.0,Norte,Brasil
2023-05-28,TO,229.0,Norte,Brasil
2023-06-04,TO,178.0,Norte,Brasil
2023-06-11,TO,124.0,Norte,Brasil
2023-06-18,TO,137.0,Norte,Brasil
2023-06-25,TO,104.0,Norte,Brasil
2023-07-02,TO,87.0,Norte,Brasil
2023-07-09,TO,63.0,Norte,Brasil
2023-07-16,TO,62.0,Norte,Brasil
2023-07-23,TO,48.0,Norte,Brasil
2023-07-30,TO,27.0,Norte,Brasil
2023-08-06,TO,33.0,Norte,Brasil
2023-08-13,TO,42.0,Norte,Brasil
2023-08-20,TO,33.0,Norte,Brasil
2023-08-27,TO,21.0,Norte,Brasil
2023-09-03,TO,25.0,Norte,Brasil
2023-09-10,TO,19.0,Norte,Brasil
2023-09-17,TO,31.0,Norte,Brasil
2023-09-24,TO,21.0,Norte,Brasil
2023-10-01,TO,24.0,Norte,Brasil
2023-10-08,TO,19.0,Norte,Brasil
2023-10-15,TO,19.0,Norte,Brasil
2023-10-22,TO,27.0,Norte,Brasil
2023-10-29,TO,29.0,Norte,Brasil
2023-11-05,TO,24.0,Norte,Brasil
2023-11-12,TO,38.0,Norte,Brasil
2023-11-19,TO,33.0,Norte,Brasil
2023-11-26,TO,43.0,Norte,Brasil
2023-12-03,TO,22.0,Norte,Brasil
2023-12-10,TO,44.0,Norte,Brasil
2023-12-17,TO,44.0,Norte,Brasil
2023-12-24,TO,33.0,Norte,Brasil
2023-12-31,TO,18.0,Norte,Brasil
2024-01-07,TO,18.0,Norte,Brasil
2024-01-14,TO,38.0,Norte,Brasil
2024-01-21,TO,59.0,Norte,Brasil
2024-01-28,TO,67.0,Norte,Brasil
2024-02-04,TO,80.0,Norte,Brasil
2024-02-11,TO,99.0,Norte,Brasil
2024-02-18,TO,125.0,Norte,Brasil
2024-02-25,TO,192.0,Norte,Brasil
2024-03-03,TO,163.0,Norte,Brasil
2024-03-10,TO,156.0,Norte,Brasil
2024-03-17,TO,152.0,Norte,Brasil
2024-03-24,TO,151.0,Norte,Brasil
2024-03-31,TO,127.0,Norte,Brasil
2024-04-07,TO,193.0,Norte,Brasil
2024-04-14,TO,255.0,Norte,Brasil
2024-04-21,TO,315.0,Norte,Brasil
2024-04-28,TO,246.0,Norte,Brasil
2024-05-05,TO,170.0,Norte,Brasil
2024-05-12,TO,204.0,Norte,Brasil
2024-05-19,TO,160.0,Norte,Brasil
2024-05-26,TO,136.0,Norte,Brasil
2024-06-02,TO,72.0,Norte,Brasil
2024-06-09,TO,106.0,Norte,Brasil
2024-06-16,TO,69.0,Norte,Brasil
2024-06-23,TO,42.0,Norte,Brasil
2024-06-30,TO,32.0,Norte,Brasil
2024-07-07,TO,22.0,Norte,Brasil
2024-07-14,TO,21.0,Norte,Brasil
2024-07-21,TO,14.0,Norte,Brasil
2024-07-28,TO,16.0,Norte,Brasil
2024-08-04,TO,20.0,Norte,Brasil
2024-08-11,TO,22.0,Norte,Brasil
2024-08-18,TO,15.0,Norte,Brasil
2024-08-25,TO,15.0,Norte,Brasil
2024-09-01,TO,17.0,Norte,Brasil
2024-09-08,TO,9.0,Norte,Brasil
2024-09-15,TO,14.0,Norte,Brasil
2024-09-22,TO,13.0,Norte,Brasil
2024-09-29,TO,24.0,Norte,Brasil
2024-10-06,TO,11.0,Norte,Brasil
2024-10-13,TO,17.0,Norte,Brasil
2024-10-20,TO,14.0,Norte,Brasil
2024-10-27,TO,16.0,Norte,Brasil
2024-11-03,TO,6.0,Norte,Brasil
2024-11-10,TO,13.0,Norte,Brasil
2024-11-17,TO,15.0,Norte,Brasil
2024-11-24,TO,29.0,Norte,Brasil
2024-12-01,TO,19.0,Norte,Brasil
2024-12-08,TO,31.0,Norte,Brasil
2024-12-15,TO,17.0,Norte,Brasil
2024-12-22,TO,15.0,Norte,Brasil
2024-12-29,TO,4.0,Norte,Brasil
2025-01-05,TO,4.0,Norte,Brasil
2025-01-12,TO,22.0,Norte,Brasil
2025-01-19,TO,22.0,Norte,Brasil
2025-01-26,TO,36.0,Norte,Brasil
2025-02-02,TO,46.0,Norte,Brasil
2025-02-09,TO,34.0,Norte,Brasil
2025-02-16,TO,52.0,Norte,Brasil
2025-02-23,TO,63.0,Norte,Brasil
2025-03-02,TO,58.0,Norte,Brasil
2025-03-09,TO,47.0,Norte,Brasil
2025-03-16,TO,47.0,Norte,Brasil
2025-03-23,TO,45.0,Norte,Brasil
2025-03-30,TO,31.0,Norte,Brasil
2025-04-06,TO,41.0,Norte,Brasil
2025-04-13,TO,51.0,Norte,Brasil
2025-04-20,TO,63.0,Norte,Brasil
2025-04-27,TO,59.0,Norte,Brasil
2025-05-04,TO,61.0,Norte,Brasil
2025-05-11,TO,87.0,Norte,Brasil
2025-05-18,TO,59.0,Norte,Brasil
2025-05-25,TO,41.0,Norte,Brasil
2025-06-01,TO,55.0,Norte,Brasil
2025-06-08,TO,46.0,Norte,Brasil
2025-06-15,TO,52.0,Norte,Brasil
2025-06-22,TO,23.0,Norte,Brasil
2025-06-29,TO,34.0,Norte,Brasil
2025-07-06,TO,31.0,Norte,Brasil
2025-07-13,TO,24.0,Norte,Brasil
2025-07-20,TO,13.0,Norte,Brasil
2025-07-27,TO,17.0,Norte,Brasil
2025-08-03,TO,54.0,Norte,Brasil
2025-08-10,TO,26.0,Norte,Brasil
2025-08-17,TO,15.0,Norte,Brasil
2025-08-24,TO,22.0,Norte,Brasil
2025-08-31,TO,21.0,Norte,Brasil
2025-09-07,TO,8.0,Norte,Brasil
2025-09-14,TO,10.0,Norte,Brasil
2025-09-21,TO,14.0,Norte,Brasil
2025-09-28,TO,13.0,Norte,Brasil
2025-10-05,TO,7.0,Norte,Brasil
2025-10-12,TO,20.0,Norte,Brasil
2025-10-19,TO,14.0,Norte,Brasil
2025-10-26,TO,12.0,Norte,Brasil
2025-11-02,TO,15.0,Norte,Brasil
2025-11-09,TO,8.0,Norte,Brasil
2025-11-16,TO,18.0,Norte,Brasil
2025-11-23,TO,14.0,Norte,Brasil
2025-11-30,TO,12.0,Norte,Brasil
2025-12-07,TO,14.0,Norte,Brasil
2025-12-14,TO,33.0,Norte,Brasil
2025-12-21,TO,18.0,Norte,Brasil
2025-12-28,TO,11.0,Norte,Brasil
2026-01-04,TO,19.0,Norte,Brasil
2026-01-11,TO,29.0,Norte,Brasil
2026-01-18,TO,26.0,Norte,Brasil
2026-01-25,TO,41.0,Norte,Brasil
2026-02-01,TO,52.0,Norte,Brasil
2026-02-08,TO,61.0,Norte,Brasil
2026-02-15,TO,50.0,Norte,Brasil
2026-02-22,TO,36.0,Norte,Brasil
2026-03-01,TO,57.0,Norte,Brasil
2026-03-08,TO,25.0,Norte,Brasil
2026-03-15,TO,59.0,Norte,Brasil
2026-03-22,TO,45.0,Norte,Brasil
2026-03-29,TO,36.0,Norte,Brasil
2026-04-05,TO,21.0,Norte,Brasil
2026-04-12,TO,43.0,Norte,Brasil
2026-04-19,TO,38.0,Norte,Brasil
2026-04-26,TO,28.0,Norte,Brasil
2026-05-03,TO,23.0,Norte,Brasil
2026-05-10,TO,28.0,Norte,Brasil
2026-05-17,TO,39.0,Norte,Brasil
2026-05-24,TO,51.0,Norte,Brasil
2026-05-31,TO,19.0,Norte,Brasil
2026-06-07,TO,24.0,Norte,Brasil
2026-06-14,TO,26.0,Norte,Brasil
2026-06-21,TO,18.0,Norte,Brasil
2026-06-28,TO,19.0,Norte,Brasil
2026-07-05,TO,8.0,Norte,Brasil
2026-07-12,TO,9.0,Norte,Brasil
2026-07-19,TO,7.0,Norte,Brasil
2026-07-26,TO,9.0,Norte,Brasil
2026-08-02,TO,12.0,Norte,Brasil
2026-08-09,TO,10.0,Norte,Brasil
2026-08-16,TO,4.0,Norte,Brasil
2026-08-23,TO,9.0,Norte,Brasil
2026-08-30,TO,8.0,Norte,Brasil
2026-09-06,TO,5.0,Norte,Brasil
2026-09-13,TO,5.0,Norte,Brasil
