data_epi,uf,casos,regiao,pais
2015-01-04,AC,58.0,Norte,Brasil
2015-01-11,AC,847.0,Norte,Brasil
2015-01-18,AC,900.0,Norte,Brasil
2015-01-25,AC,957.0,Norte,Brasil
2015-02-01,AC,753.0,Norte,Brasil
2015-02-08,AC,664.0,Norte,Brasil
2015-02-15,AC,637.0,Norte,Brasil
2015-02-22,AC,452.0,Norte,Brasil
2015-03-01,AC,523.0,Norte,Brasil
2015-03-08,AC,461.0,Norte,Brasil
2015-03-15,AC,454.0,Norte,Brasil
2015-03-22,AC,542.0,Norte,Brasil
2015-03-29,AC,550.0,Norte,Brasil
2015-04-05,AC,474.0,Norte,Brasil
2015-04-12,AC,435.0,Norte,Brasil
2015-04-19,AC,431.0,Norte,Brasil
2015-04-26,AC,375.0,Norte,Brasil
2015-05-03,AC,321.0,Norte,Brasil
2015-05-10,AC,350.0,Norte,Brasil
2015-05-17,AC,252.0,Norte,Brasil
2015-05-24,AC,287.0,Norte,Brasil
2015-05-31,AC,244.0,Norte,Brasil
2015-06-07,AC,163.0,Norte,Brasil
2015-06-14,AC,143.0,Norte,Brasil
2015-06-21,AC,133.0,Norte,Brasil
2015-06-28,AC,118.0,Norte,Brasil
2015-07-05,AC,103.0,Norte,Brasil
2015-07-12,AC,89.0,Norte,Brasil
2015-07-19,AC,79.0,Norte,Brasil
2015-07-26,AC,91.0,Norte,Brasil
2015-08-02,AC,70.0,Norte,Brasil
2015-08-09,AC,54.0,Norte,Brasil
2015-08-16,AC,56.0,Norte,Brasil
2015-08-23,AC,61.0,Norte,Brasil
2015-08-30,AC,60.0,Norte,Brasil
2015-09-06,AC,61.0,Norte,Brasil
2015-09-13,AC,51.0,Norte,Brasil
2015-09-20,AC,63.0,Norte,Brasil
2015-09-27,AC,80.0,Norte,Brasil
2015-10-04,AC,83.0,Norte,Brasil
2015-10-11,AC,59.0,Norte,Brasil
2015-10-18,AC,73.0,Norte,Brasil
2015-10-25,AC,92.0,Norte,Brasil
2015-11-01,AC,93.0,Norte,Brasil
2015-11-08,AC,71.0,Norte,Brasil
2015-11-15,AC,87.0,Norte,Brasil
2015-11-22,AC,102.0,Norte,Brasil
2015-11-29,AC,133.0,Norte,Brasil
2015-12-06,AC,137.0,Norte,Brasil
2015-12-13,AC,227.0,Norte,Brasil
2015-12-20,AC,218.0,Norte,Brasil
2015-12-27,AC,170.0,Norte,Brasil
2016-01-03,AC,170.0,Norte,Brasil
2016-01-10,AC,272.0,Norte,Brasil
2016-01-17,AC,324.0,Norte,Brasil
2016-01-24,AC,416.0,Norte,Brasil
2016-01-31,AC,456.0,Norte,Brasil
2016-02-07,AC,677.0,Norte,Brasil
2016-02-14,AC,690.0,Norte,Brasil
2016-02-21,AC,626.0,Norte,Brasil
2016-02-28,AC,521.0,Norte,Brasil
2016-03-06,AC,534.0,Norte,Brasil
2016-03-13,AC,452.0,Norte,Brasil
2016-03-20,AC,333.0,Norte,Brasil
2016-03-27,AC,312.0,Norte,Brasil
2016-04-03,AC,330.0,Norte,Brasil
2016-04-10,AC,299.0,Norte,Brasil
2016-04-17,AC,363.0,Norte,Brasil
2016-04-24,AC,257.0,Norte,Brasil
2016-05-01,AC,212.0,Norte,Brasil
2016-05-08,AC,150.0,Norte,Brasil
2016-05-15,AC,149.0,Norte,Brasil
2016-05-22,AC,120.0,Norte,Brasil
2016-05-29,AC,84.0,Norte,Brasil
2016-06-05,AC,117.0,Norte,Brasil
2016-06-12,AC,103.0,Norte,Brasil
2016-06-19,AC,69.0,Norte,Brasil
2016-06-26,AC,74.0,Norte,Brasil
2016-07-03,AC,66.0,Norte,Brasil
2016-07-10,AC,58.0,Norte,Brasil
2016-07-17,AC,42.0,Norte,Brasil
2016-07-24,AC,51.0,Norte,Brasil
2016-07-31,AC,31.0,Norte,Brasil
2016-08-07,AC,42.0,Norte,Brasil
2016-08-14,AC,33.0,Norte,Brasil
2016-08-21,AC,21.0,Norte,Brasil
2016-08-28,AC,47.0,Norte,Brasil
2016-09-04,AC,32.0,Norte,Brasil
2016-09-11,AC,22.0,Norte,Brasil
2016-09-18,AC,27.0,Norte,Brasil
2016-09-25,AC,38.0,Norte,Brasil
2016-10-02,AC,26.0,Norte,Brasil
2016-10-09,AC,27.0,Norte,Brasil
2016-10-16,AC,25.0,Norte,Brasil
2016-10-23,AC,34.0,Norte,Brasil
2016-10-30,AC,27.0,Norte,Brasil
2016-11-06,AC,35.0,Norte,Brasil
2016-11-13,AC,42.0,Norte,Brasil
2016-11-20,AC,49.0,Norte,Brasil
2016-11-27,AC,73.0,Norte,Brasil
2016-12-04,AC,71.0,Norte,Brasil
2016-12-11,AC,89.0,Norte,Brasil
2016-12-18,AC,72.0,Norte,Brasil
2016-12-25,AC,93.0,Norte,Brasil
2017-01-01,AC,94.0,Norte,Brasil
2017-01-08,AC,126.0,Norte,Brasil
2017-01-15,AC,151.0,Norte,Brasil
2017-01-22,AC,224.0,Norte,Brasil
2017-01-29,AC,223.0,Norte,Brasil
2017-02-05,AC,253.0,Norte,Brasil
2017-02-12,AC,208.0,Norte,Brasil
2017-02-19,AC,228.0,Norte,Brasil
2017-02-26,AC,196.0,Norte,Brasil
2017-03-05,AC,127.0,Norte,Brasil
2017-03-12,AC,171.0,Norte,Brasil
2017-03-19,AC,155.0,Norte,Brasil
2017-03-26,AC,126.0,Norte,Brasil
2017-04-02,AC,121.0,Norte,Brasil
2017-04-09,AC,129.0,Norte,Brasil
2017-04-16,AC,104.0,Norte,Brasil
2017-04-23,AC,81.0,Norte,Brasil
2017-04-30,AC,92.0,Norte,Brasil
2017-05-07,AC,58.0,Norte,Brasil
2017-05-14,AC,76.0,Norte,Brasil
2017-05-21,AC,91.0,Norte,Brasil
2017-05-28,AC,69.0,Norte,Brasil
2017-06-04,AC,71.0,Norte,Brasil
2017-06-11,AC,70.0,Norte,Brasil
2017-06-18,AC,44.0,Norte,Brasil
2017-06-25,AC,52.0,Norte,Brasil
2017-07-02,AC,51.0,Norte,Brasil
2017-07-09,AC,43.0,Norte,Brasil
2017-07-16,AC,38.0,Norte,Brasil
2017-07-23,AC,38.0,Norte,Brasil
2017-07-30,AC,37.0,Norte,Brasil
2017-08-06,AC,66.0,Norte,Brasil
2017-08-13,AC,34.0,Norte,Brasil
2017-08-20,AC,27.0,Norte,Brasil
2017-08-27,AC,27.0,Norte,Brasil
2017-09-03,AC,37.0,Norte,Brasil
2017-09-10,AC,21.0,Norte,Brasil
2017-09-17,AC,37.0,Norte,Brasil
2017-09-24,AC,29.0,Norte,Brasil
2017-10-01,AC,27.0,Norte,Brasil
2017-10-08,AC,45.0,Norte,Brasil
2017-10-15,AC,44.0,Norte,Brasil
2017-10-22,AC,57.0,Norte,Brasil
2017-10-29,AC,64.0,Norte,Brasil
2017-11-05,AC,56.0,Norte,Brasil
2017-11-12,AC,67.0,Norte,Brasil
2017-11-19,AC,105.0,Norte,Brasil
2017-11-26,AC,138.0,Norte,Brasil
2017-12-03,AC,153.0,Norte,Brasil
2017-12-10,AC,187.0,Norte,Brasil
2017-12-17,AC,221.0,Norte,Brasil
2017-12-24,AC,181.0,Norte,Brasil
2017-12-31,AC,198.0,Norte,Brasil
2018-01-07,AC,253.0,Norte,Brasil
2018-01-14,AC,289.0,Norte,Brasil
2018-01-21,AC,286.0,Norte,Brasil
2018-01-28,AC,298.0,Norte,Brasil
2018-02-04,AC,225.0,Norte,Brasil
2018-02-11,AC,239.0,Norte,Brasil
2018-02-18,AC,200.0,Norte,Brasil
2018-02-25,AC,281.0,Norte,Brasil
2018-03-04,AC,224.0,Norte,Brasil
2018-03-11,AC,222.0,Norte,Brasil
2018-03-18,AC,208.0,Norte,Brasil
2018-03-25,AC,251.0,Norte,Brasil
2018-04-01,AC,194.0,Norte,Brasil
2018-04-08,AC,209.0,Norte,Brasil
2018-04-15,AC,257.0,Norte,Brasil
2018-04-22,AC,277.0,Norte,Brasil
2018-04-29,AC,229.0,Norte,Brasil
2018-05-06,AC,178.0,Norte,Brasil
2018-05-13,AC,232.0,Norte,Brasil
2018-05-20,AC,203.0,Norte,Brasil
2018-05-27,AC,179.0,Norte,Brasil
2018-06-03,AC,211.0,Norte,Brasil
2018-06-10,AC,124.0,Norte,Brasil
2018-06-17,AC,119.0,Norte,Brasil
2018-06-24,AC,126.0,Norte,Brasil
2018-07-01,AC,141.0,Norte,Brasil
2018-07-08,AC,104.0,Norte,Brasil
2018-07-15,AC,116.0,Norte,Brasil
2018-07-22,AC,116.0,Norte,Brasil
2018-07-29,AC,100.0,Norte,Brasil
2018-08-05,AC,120.0,Norte,Brasil
2018-08-12,AC,85.0,Norte,Brasil
2018-08-19,AC,97.0,Norte,Brasil
2018-08-26,AC,115.0,Norte,Brasil
2018-09-02,AC,118.0,Norte,Brasil
2018-09-09,AC,72.0,Norte,Brasil
2018-09-16,AC,147.0,Norte,Brasil
2018-09-23,AC,206.0,Norte,Brasil
2018-09-30,AC,231.0,Norte,Brasil
2018-10-07,AC,248.0,Norte,Brasil
2018-10-14,AC,241.0,Norte,Brasil
2018-10-21,AC,393.0,Norte,Brasil
2018-10-28,AC,463.0,Norte,Brasil
2018-11-04,AC,492.0,Norte,Brasil
2018-11-11,AC,588.0,Norte,Brasil
2018-11-18,AC,497.0,Norte,Brasil
2018-11-25,AC,512.0,Norte,Brasil
2018-12-02,AC,494.0,Norte,Brasil
2018-12-09,AC,496.0,Norte,Brasil
2018-12-16,AC,443.0,Norte,Brasil
2018-12-23,AC,471.0,Norte,Brasil
2018-12-30,AC,337.0,Norte,Brasil
2019-01-06,AC,559.0,Norte,Brasil
2019-01-13,AC,584.0,Norte,Brasil
2019-01-20,AC,563.0,Norte,Brasil
2019-01-27,AC,527.0,Norte,Brasil
2019-02-03,AC,421.0,Norte,Brasil
2019-02-10,AC,499.0,Norte,Brasil
2019-02-17,AC,546.0,Norte,Brasil
2019-02-24,AC,516.0,Norte,Brasil
2019-03-03,AC,417.0,Norte,Brasil
2019-03-10,AC,304.0,Norte,Brasil
2019-03-17,AC,379.0,Norte,Brasil
2019-03-24,AC,356.0,Norte,Brasil
2019-03-31,AC,353.0,Norte,Brasil
2019-04-07,AC,259.0,Norte,Brasil
2019-04-14,AC,262.0,Norte,Brasil
2019-04-21,AC,174.0,Norte,Brasil
2019-04-28,AC,174.0,Norte,Brasil
2019-05-05,AC,176.0,Norte,Brasil
2019-05-12,AC,171.0,Norte,Brasil
2019-05-19,AC,165.0,Norte,Brasil
2019-05-26,AC,136.0,Norte,Brasil
2019-06-02,AC,116.0,Norte,Brasil
2019-06-09,AC,97.0,Norte,Brasil
2019-06-16,AC,120.0,Norte,Brasil
2019-06-23,AC,64.0,Norte,Brasil
2019-06-30,AC,118.0,Norte,Brasil
2019-07-07,AC,74.0,Norte,Brasil
2019-07-14,AC,86.0,Norte,Brasil
2019-07-21,AC,78.0,Norte,Brasil
2019-07-28,AC,82.0,Norte,Brasil
2019-08-04,AC,76.0,Norte,Brasil
2019-08-11,AC,91.0,Norte,Brasil
2019-08-18,AC,57.0,Norte,Brasil
2019-08-25,AC,66.0,Norte,Brasil
2019-09-01,AC,90.0,Norte,Brasil
2019-09-08,AC,72.0,Norte,Brasil
2019-09-15,AC,82.0,Norte,Brasil
2019-09-22,AC,127.0,Norte,Brasil
2019-09-29,AC,70.0,Norte,Brasil
2019-10-06,AC,121.0,Norte,Brasil
2019-10-13,AC,263.0,Norte,Brasil
2019-10-20,AC,256.0,Norte,Brasil
2019-10-27,AC,338.0,Norte,Brasil
2019-11-03,AC,330.0,Norte,Brasil
2019-11-10,AC,524.0,Norte,Brasil
2019-11-17,AC,712.0,Norte,Brasil
2019-11-24,AC,878.0,Norte,Brasil
2019-12-01,AC,969.0,Norte,Brasil
2019-12-08,AC,921.0,Norte,Brasil
2019-12-15,AC,1006.0,Norte,Brasil
2019-12-22,AC,869.0,Norte,Brasil
2019-12-29,AC,682.0,Norte,Brasil
2020-01-05,AC,230.0,Norte,Brasil
2020-01-12,AC,557.0,Norte,Brasil
2020-01-19,AC,700.0,Norte,Brasil
2020-01-26,AC,513.0,Norte,Brasil
2020-02-02,AC,400.0,Norte,Brasil
2020-02-09,AC,293.0,Norte,Brasil
2020-02-16,AC,250.0,Norte,Brasil
2020-02-23,AC,223.0,Norte,Brasil
2020-03-01,AC,167.0,Norte,Brasil
2020-03-08,AC,153.0,Norte,Brasil
2020-03-15,AC,156.0,Norte,Brasil
2020-03-22,AC,85.0,Norte,Brasil
2020-03-29,AC,41.0,Norte,Brasil
2020-04-05,AC,55.0,Norte,Brasil
2020-04-12,AC,35.0,Norte,Brasil
2020-04-19,AC,43.0,Norte,Brasil
2020-04-26,AC,53.0,Norte,Brasil
2020-05-03,AC,65.0,Norte,Brasil
2020-05-10,AC,87.0,Norte,Brasil
2020-05-17,AC,166.0,Norte,Brasil
2020-05-24,AC,152.0,Norte,Brasil
2020-05-31,AC,159.0,Norte,Brasil
2020-06-07,AC,121.0,Norte,Brasil
2020-06-14,AC,108.0,Norte,Brasil
2020-06-21,AC,82.0,Norte,Brasil
2020-06-28,AC,47.0,Norte,Brasil
2020-07-05,AC,42.0,Norte,Brasil
2020-07-12,AC,43.0,Norte,Brasil
2020-07-19,AC,29.0,Norte,Brasil
2020-07-26,AC,41.0,Norte,Brasil
2020-08-02,AC,36.0,Norte,Brasil
2020-08-09,AC,30.0,Norte,Brasil
2020-08-16,AC,36.0,Norte,Brasil
2020-08-23,AC,23.0,Norte,Brasil
2020-08-30,AC,23.0,Norte,Brasil
2020-09-06,AC,20.0,Norte,Brasil
2020-09-13,AC,21.0,Norte,Brasil
2020-09-20,AC,23.0,Norte,Brasil
2020-09-27,AC,30.0,Norte,Brasil
2020-10-04,AC,26.0,Norte,Brasil
2020-10-11,AC,24.0,Norte,Brasil
2020-10-18,AC,29.0,Norte,Brasil
2020-10-25,AC,43.0,Norte,Brasil
2020-11-01,AC,58.0,Norte,Brasil
2020-11-08,AC,69.0,Norte,Brasil
2020-11-15,AC,74.0,Norte,Brasil
2020-11-22,AC,119.0,Norte,Brasil
2020-11-29,AC,242.0,Norte,Brasil
2020-12-06,AC,289.0,Norte,Brasil
2020-12-13,AC,307.0,Norte,Brasil
2020-12-20,AC,390.0,Norte,Brasil
2020-12-27,AC,327.0,Norte,Brasil
2021-01-03,AC,327.0,Norte,Brasil
2021-01-10,AC,744.0,Norte,Brasil
2021-01-17,AC,1707.0,Norte,Brasil
2021-01-24,AC,1902.0,Norte,Brasil
2021-01-31,AC,2160.0,Norte,Brasil
2021-02-07,AC,2033.0,Norte,Brasil
2021-02-14,AC,1923.0,Norte,Brasil
2021-02-21,AC,1716.0,Norte,Brasil
2021-02-28,AC,2197.0,Norte,Brasil
2021-03-07,AC,2228.0,Norte,Brasil
2021-03-14,AC,1823.0,Norte,Brasil
2021-03-21,AC,1536.0,Norte,Brasil
2021-03-28,AC,1083.0,Norte,Brasil
2021-04-04,AC,729.0,Norte,Brasil
2021-04-11,AC,634.0,Norte,Brasil
2021-04-18,AC,621.0,Norte,Brasil
2021-04-25,AC,527.0,Norte,Brasil
2021-05-02,AC,435.0,Norte,Brasil
2021-05-09,AC,328.0,Norte,Brasil
2021-05-16,AC,275.0,Norte,Brasil
2021-05-23,AC,274.0,Norte,Brasil
2021-05-30,AC,194.0,Norte,Brasil
2021-06-06,AC,169.0,Norte,Brasil
2021-06-13,AC,182.0,Norte,Brasil
2021-06-20,AC,130.0,Norte,Brasil
2021-06-27,AC,142.0,Norte,Brasil
2021-07-04,AC,81.0,Norte,Brasil
2021-07-11,AC,130.0,Norte,Brasil
2021-07-18,AC,131.0,Norte,Brasil
2021-07-25,AC,79.0,Norte,Brasil
2021-08-01,AC,94.0,Norte,Brasil
2021-08-08,AC,119.0,Norte,Brasil
2021-08-15,AC,94.0,Norte,Brasil
2021-08-22,AC,107.0,Norte,Brasil
2021-08-29,AC,90.0,Norte,Brasil
2021-09-05,AC,84.0,Norte,Brasil
2021-09-12,AC,63.0,Norte,Brasil
2021-09-19,AC,97.0,Norte,Brasil
2021-09-26,AC,103.0,Norte,Brasil
2021-10-03,AC,123.0,Norte,Brasil
2021-10-10,AC,104.0,Norte,Brasil
2021-10-17,AC,143.0,Norte,Brasil
2021-10-24,AC,155.0,Norte,Brasil
2021-10-31,AC,197.0,Norte,Brasil
2021-11-07,AC,187.0,Norte,Brasil
2021-11-14,AC,177.0,Norte,Brasil
2021-11-21,AC,237.0,Norte,Brasil
2021-11-28,AC,235.0,Norte,Brasil
2021-12-05,AC,307.0,Norte,Brasil
2021-12-12,AC,444.0,Norte,Brasil
2021-12-19,AC,665.0,Norte,Brasil
2021-12-26,AC,507.0,Norte,Brasil
2022-01-02,AC,173.0,Norte,Brasil
2022-01-09,AC,169.0,Norte,Brasil
2022-01-16,AC,169.0,Norte,Brasil
2022-01-23,AC,193.0,Norte,Brasil
2022-01-30,AC,149.0,Norte,Brasil
2022-02-06,AC,89.0,Norte,Brasil
2022-02-13,AC,129.0,Norte,Brasil
2022-02-20,AC,161.0,Norte,Brasil
2022-02-27,AC,119.0,Norte,Brasil
2022-03-06,AC,117.0,Norte,Brasil
2022-03-13,AC,148.0,Norte,Brasil
2022-03-20,AC,124.0,Norte,Brasil
2022-03-27,AC,106.0,Norte,Brasil
2022-04-03,AC,70.0,Norte,Brasil
2022-04-10,AC,93.0,Norte,Brasil
2022-04-17,AC,84.0,Norte,Brasil
2022-04-24,AC,85.0,Norte,Brasil
2022-05-01,AC,88.0,Norte,Brasil
2022-05-08,AC,91.0,Norte,Brasil
2022-05-15,AC,90.0,Norte,Brasil
2022-05-22,AC,82.0,Norte,Brasil
2022-05-29,AC,61.0,Norte,Brasil
2022-06-05,AC,66.0,Norte,Brasil
2022-06-12,AC,50.0,Norte,Brasil
2022-06-19,AC,33.0,Norte,Brasil
2022-06-26,AC,29.0,Norte,Brasil
2022-07-03,AC,22.0,Norte,Brasil
2022-07-10,AC,25.0,Norte,Brasil
2022-07-17,AC,37.0,Norte,Brasil
2022-07-24,AC,50.0,Norte,Brasil
2022-07-31,AC,28.0,Norte,Brasil
2022-08-07,AC,31.0,Norte,Brasil
2022-08-14,AC,19.0,Norte,Brasil
2022-08-21,AC,16.0,Norte,Brasil
2022-08-28,AC,18.0,Norte,Brasil
2022-09-04,AC,12.0,Norte,Brasil
2022-09-11,AC,5.0,Norte,Brasil
2022-09-18,AC,14.0,Norte,Brasil
2022-09-25,AC,21.0,Norte,Brasil
2022-10-02,AC,16.0,Norte,Brasil
2022-10-09,AC,13.0,Norte,Brasil
2022-10-16,AC,25.0,Norte,Brasil
2022-10-23,AC,29.0,Norte,Brasil
2022-10-30,AC,48.0,Norte,Brasil
2022-11-06,AC,39.0,Norte,Brasil
2022-11-13,AC,49.0,Norte,Brasil
2022-11-20,AC,47.0,Norte,Brasil
2022-11-27,AC,61.0,Norte,Brasil
2022-12-04,AC,68.0,Norte,Brasil
2022-12-11,AC,78.0,Norte,Brasil
2022-12-18,AC,79.0,Norte,Brasil
2022-12-25,AC,74.0,Norte,Brasil
2023-01-01,AC,74.0,Norte,Brasil
2023-01-08,AC,70.0,Norte,Brasil
2023-01-15,AC,122.0,Norte,Brasil
2023-01-22,AC,137.0,Norte,Brasil
2023-01-29,AC,176.0,Norte,Brasil
2023-02-05,AC,160.0,Norte,Brasil
2023-02-12,AC,203.0,Norte,Brasil
2023-02-19,AC,224.0,Norte,Brasil
2023-02-26,AC,192.0,Norte,Brasil
2023-03-05,AC,225.0,Norte,Brasil
2023-03-12,AC,228.0,Norte,Brasil
2023-03-19,AC,310.0,Norte,Brasil
2023-03-26,AC,224.0,Norte,Brasil
2023-04-02,AC,213.0,Norte,Brasil
2023-04-09,AC,163.0,Norte,Brasil
2023-04-16,AC,197.0,Norte,Brasil
2023-04-23,AC,205.0,Norte,Brasil
2023-04-30,AC,151.0,Norte,Brasil
2023-05-07,AC,138.0,Norte,Brasil
2023-05-14,AC,116.0,Norte,Brasil
2023-05-21,AC,91.0,Norte,Brasil
2023-05-28,AC,89.0,Norte,Brasil
2023-06-04,AC,69.0,Norte,Brasil
2023-06-11,AC,53.0,Norte,Brasil
2023-06-18,AC,34.0,Norte,Brasil
2023-06-25,AC,39.0,Norte,Brasil
2023-07-02,AC,32.0,Norte,Brasil
2023-07-09,AC,43.0,Norte,Brasil
2023-07-16,AC,39.0,Norte,Brasil
2023-07-23,AC,31.0,Norte,Brasil
2023-07-30,AC,31.0,Norte,Brasil
2023-08-06,AC,26.0,Norte,Brasil
2023-08-13,AC,28.0,Norte,Brasil
2023-08-20,AC,35.0,Norte,Brasil
2023-08-27,AC,33.0,Norte,Brasil
2023-09-03,AC,38.0,Norte,Brasil
2023-09-10,AC,24.0,Norte,Brasil
2023-09-17,AC,22.0,Norte,Brasil
2023-09-24,AC,50.0,Norte,Brasil
2023-10-01,AC,36.0,Norte,Brasil
2023-10-08,AC,40.0,Norte,Brasil
2023-10-15,AC,42.0,Norte,Brasil
2023-10-22,AC,64.0,Norte,Brasil
2023-10-29,AC,65.0,Norte,Brasil
2023-11-05,AC,74.0,Norte,Brasil
2023-11-12,AC,132.0,Norte,Brasil
2023-11-19,AC,123.0,Norte,Brasil
2023-11-26,AC,317.0,Norte,Brasil
2023-12-03,AC,306.0,Norte,Brasil
2023-12-10,AC,240.0,Norte,Brasil
2023-12-17,AC,380.0,Norte,Brasil
2023-12-24,AC,537.0,Norte,Brasil
2023-12-31,AC,572.0,Norte,Brasil
2024-01-07,AC,389.0,Norte,Brasil
2024-01-14,AC,478.0,Norte,Brasil
2024-01-21,AC,533.0,Norte,Brasil
2024-01-28,AC,418.0,Norte,Brasil
2024-02-04,AC,281.0,Norte,Brasil
2024-02-11,AC,221.0,Norte,Brasil
2024-02-18,AC,129.0,Norte,Brasil
2024-02-25,AC,147.0,Norte,Brasil
2024-03-03,AC,144.0,Norte,Brasil
2024-03-10,AC,116.0,Norte,Brasil
2024-03-17,AC,107.0,Norte,Brasil
2024-03-24,AC,114.0,Norte,Brasil
2024-03-31,AC,68.0,Norte,Brasil
2024-04-07,AC,84.0,Norte,Brasil
2024-04-14,AC,65.0,Norte,Brasil
2024-04-21,AC,102.0,Norte,Brasil
2024-04-28,AC,77.0,Norte,Brasil
2024-05-05,AC,63.0,Norte,Brasil
2024-05-12,AC,58.0,Norte,Brasil
2024-05-19,AC,32.0,Norte,Brasil
2024-05-26,AC,34.0,Norte,Brasil
2024-06-02,AC,48.0,Norte,Brasil
2024-06-09,AC,26.0,Norte,Brasil
2024-06-16,AC,26.0,Norte,Brasil
2024-06-23,AC,17.0,Norte,Brasil
2024-06-30,AC,23.0,Norte,Brasil
2024-07-07,AC,22.0,Norte,Brasil
2024-07-14,AC,21.0,Norte,Brasil
2024-07-21,AC,20.0,Norte,Brasil
2024-07-28,AC,17.0,Norte,Brasil
2024-08-04,AC,25.0,Norte,Brasil
2024-08-11,AC,18.0,Norte,Brasil
2024-08-18,AC,28.0,Norte,Brasil
2024-08-25,AC,22.0,Norte,Brasil
2024-09-01,AC,21.0,Norte,Brasil
2024-09-08,AC,17.0,Norte,Brasil
2024-09-15,AC,21.0,Norte,Brasil
2024-09-22,AC,34.0,Norte,Brasil
2024-09-29,AC,27.0,Norte,Brasil
2024-10-06,AC,49.0,Norte,Brasil
2024-10-13,AC,59.0,Norte,Brasil
2024-10-20,AC,67.0,Norte,Brasil
2024-10-27,AC,84.0,Norte,Brasil
2024-11-03,AC,90.0,Norte,Brasil
2024-11-10,AC,95.0,Norte,Brasil
2024-11-17,AC,104.0,Norte,Brasil
2024-11-24,AC,165.0,Norte,Brasil
2024-12-01,AC,190.0,Norte,Brasil
2024-12-08,AC,212.0,Norte,Brasil
2024-12-15,AC,294.0,Norte,Brasil
2024-12-22,AC,422.0,Norte,Brasil
2024-12-29,AC,337.0,Norte,Brasil
2025-01-05,AC,213.0,Norte,Brasil
2025-01-12,AC,464.0,Norte,Brasil
2025-01-19,AC,497.0,Norte,Brasil
2025-01-26,AC,481.0,Norte,Brasil
2025-02-02,AC,560.0,Norte,Brasil
2025-02-09,AC,667.0,Norte,Brasil
2025-02-16,AC,566.0,Norte,Brasil
2025-02-23,AC,540.0,Norte,Brasil
2025-03-02,AC,552.0,Norte,Brasil
2025-03-09,AC,324.0,Norte,Brasil
2025-03-16,AC,360.0,Norte,Brasil
2025-03-23,AC,362.0,Norte,Brasil
2025-03-30,AC,315.0,Norte,Brasil
2025-04-06,AC,217.0,Norte,Brasil
2025-04-13,AC,165.0,Norte,Brasil
2025-04-20,AC,162.0,Norte,Brasil
2025-04-27,AC,179.0,Norte,Brasil
2025-05-04,AC,142.0,Norte,Brasil
2025-05-11,AC,127.0,Norte,Brasil
2025-05-18,AC,118.0,Norte,Brasil
2025-05-25,AC,113.0,Norte,Brasil
2025-06-01,AC,85.0,Norte,Brasil
2025-06-08,AC,87.0,Norte,Brasil
2025-06-15,AC,54.0,Norte,Brasil
2025-06-22,AC,55.0,Norte,Brasil
2025-06-29,AC,75.0,Norte,Brasil
2025-07-06,AC,38.0,Norte,Brasil
2025-07-13,AC,35.0,Norte,Brasil
2025-07-20,AC,40.0,Norte,Brasil
2025-07-27,AC,44.0,Norte,Brasil
2025-08-03,AC,47.0,Norte,Brasil
2025-08-10,AC,31.0,Norte,Brasil
2025-08-17,AC,34.0,Norte,Brasil
2025-08-24,AC,27.0,Norte,Brasil
2025-08-31,AC,25.0,Norte,Brasil
2025-09-07,AC,38.0,Norte,Brasil
2025-09-14,AC,36.0,Norte,Brasil
2025-09-21,AC,32.0,Norte,Brasil
2025-09-28,AC,36.0,Norte,Brasil
2025-10-05,AC,54.0,Norte,Brasil
2025-10-12,AC,44.0,Norte,Brasil
2025-10-19,AC,35.0,Norte,Brasil
2025-10-26,AC,32.0,Norte,Brasil
2025-11-02,AC,42.0,Norte,Brasil
2025-11-09,AC,49.0,Norte,Brasil
2025-11-16,AC,56.0,Norte,Brasil
2025-11-23,AC,47.0,Norte,Brasil
2025-11-30,AC,52.0,Norte,Brasil
2025-12-07,AC,68.0,Norte,Brasil
2025-12-14,AC,60.0,Norte,Brasil
2025-12-21,AC,78.0,Norte,Brasil
2025-12-28,AC,62.0,Norte,Brasil
2026-01-04,AC,46.0,Norte,Brasil
2026-01-11,AC,74.0,Norte,Brasil
2026-01-18,AC,101.0,Norte,Brasil
2026-01-25,AC,64.0,Norte,Brasil
2026-02-01,AC,83.0,Norte,Brasil
2026-02-08,AC,95.0,Norte,Brasil
2026-02-15,AC,78.0,Norte,Brasil
2026-02-22,AC,88.0,Norte,Brasil
2026-03-01,AC,79.0,Norte,Brasil
2026-03-08,AC,84.0,Norte,Brasil
2026-03-15,AC,78.0,Norte,Brasil
2026-03-22,AC,71.0,Norte,Brasil
2026-03-29,AC,107.0,Norte,Brasil
2026-04-05,AC,148.0,Norte,Brasil
2026-04-12,AC,86.0,Norte,Brasil
2026-04-19,AC,86.0,Norte,Brasil
2015-01-04,AL,5.0,Nordeste,Brasil
2015-01-11,AL,123.0,Nordeste,Brasil
2015-01-18,AL,209.0,Nordeste,Brasil
2015-01-25,AL,228.0,Nordeste,Brasil
2015-02-01,AL,362.0,Nordeste,Brasil
2015-02-08,AL,388.0,Nordeste,Brasil
2015-02-15,AL,372.0,Nordeste,Brasil
2015-02-22,AL,286.0,Nordeste,Brasil
2015-03-01,AL,478.0,Nordeste,Brasil
2015-03-08,AL,339.0,Nordeste,Brasil
2015-03-15,AL,448.0,Nordeste,Brasil
2015-03-22,AL,515.0,Nordeste,Brasil
2015-03-29,AL,534.0,Nordeste,Brasil
2015-04-05,AL,457.0,Nordeste,Brasil
2015-04-12,AL,550.0,Nordeste,Brasil
2015-04-19,AL,905.0,Nordeste,Brasil
2015-04-26,AL,921.0,Nordeste,Brasil
2015-05-03,AL,827.0,Nordeste,Brasil
2015-05-10,AL,1106.0,Nordeste,Brasil
2015-05-17,AL,1137.0,Nordeste,Brasil
2015-05-24,AL,996.0,Nordeste,Brasil
2015-05-31,AL,914.0,Nordeste,Brasil
2015-06-07,AL,817.0,Nordeste,Brasil
2015-06-14,AL,856.0,Nordeste,Brasil
2015-06-21,AL,1031.0,Nordeste,Brasil
2015-06-28,AL,877.0,Nordeste,Brasil
2015-07-05,AL,847.0,Nordeste,Brasil
2015-07-12,AL,891.0,Nordeste,Brasil
2015-07-19,AL,714.0,Nordeste,Brasil
2015-07-26,AL,814.0,Nordeste,Brasil
2015-08-02,AL,659.0,Nordeste,Brasil
2015-08-09,AL,545.0,Nordeste,Brasil
2015-08-16,AL,486.0,Nordeste,Brasil
2015-08-23,AL,465.0,Nordeste,Brasil
2015-08-30,AL,431.0,Nordeste,Brasil
2015-09-06,AL,461.0,Nordeste,Brasil
2015-09-13,AL,458.0,Nordeste,Brasil
2015-09-20,AL,427.0,Nordeste,Brasil
2015-09-27,AL,432.0,Nordeste,Brasil
2015-10-04,AL,457.0,Nordeste,Brasil
2015-10-11,AL,525.0,Nordeste,Brasil
2015-10-18,AL,524.0,Nordeste,Brasil
2015-10-25,AL,698.0,Nordeste,Brasil
2015-11-01,AL,865.0,Nordeste,Brasil
2015-11-08,AL,711.0,Nordeste,Brasil
2015-11-15,AL,1125.0,Nordeste,Brasil
2015-11-22,AL,1309.0,Nordeste,Brasil
2015-11-29,AL,982.0,Nordeste,Brasil
2015-12-06,AL,988.0,Nordeste,Brasil
2015-12-13,AL,711.0,Nordeste,Brasil
2015-12-20,AL,739.0,Nordeste,Brasil
2015-12-27,AL,625.0,Nordeste,Brasil
2016-01-03,AL,625.0,Nordeste,Brasil
2016-01-10,AL,920.0,Nordeste,Brasil
2016-01-17,AL,943.0,Nordeste,Brasil
2016-01-24,AL,941.0,Nordeste,Brasil
2016-01-31,AL,958.0,Nordeste,Brasil
2016-02-07,AL,921.0,Nordeste,Brasil
2016-02-14,AL,885.0,Nordeste,Brasil
2016-02-21,AL,1118.0,Nordeste,Brasil
2016-02-28,AL,1478.0,Nordeste,Brasil
2016-03-06,AL,1487.0,Nordeste,Brasil
2016-03-13,AL,1309.0,Nordeste,Brasil
2016-03-20,AL,922.0,Nordeste,Brasil
2016-03-27,AL,917.0,Nordeste,Brasil
2016-04-03,AL,1188.0,Nordeste,Brasil
2016-04-10,AL,943.0,Nordeste,Brasil
2016-04-17,AL,857.0,Nordeste,Brasil
2016-04-24,AL,763.0,Nordeste,Brasil
2016-05-01,AL,691.0,Nordeste,Brasil
2016-05-08,AL,740.0,Nordeste,Brasil
2016-05-15,AL,768.0,Nordeste,Brasil
2016-05-22,AL,603.0,Nordeste,Brasil
2016-05-29,AL,439.0,Nordeste,Brasil
2016-06-05,AL,459.0,Nordeste,Brasil
2016-06-12,AL,435.0,Nordeste,Brasil
2016-06-19,AL,324.0,Nordeste,Brasil
2016-06-26,AL,380.0,Nordeste,Brasil
2016-07-03,AL,331.0,Nordeste,Brasil
2016-07-10,AL,230.0,Nordeste,Brasil
2016-07-17,AL,315.0,Nordeste,Brasil
2016-07-24,AL,208.0,Nordeste,Brasil
2016-07-31,AL,243.0,Nordeste,Brasil
2016-08-07,AL,219.0,Nordeste,Brasil
2016-08-14,AL,173.0,Nordeste,Brasil
2016-08-21,AL,145.0,Nordeste,Brasil
2016-08-28,AL,110.0,Nordeste,Brasil
2016-09-04,AL,145.0,Nordeste,Brasil
2016-09-11,AL,118.0,Nordeste,Brasil
2016-09-18,AL,82.0,Nordeste,Brasil
2016-09-25,AL,109.0,Nordeste,Brasil
2016-10-02,AL,99.0,Nordeste,Brasil
2016-10-09,AL,60.0,Nordeste,Brasil
2016-10-16,AL,46.0,Nordeste,Brasil
2016-10-23,AL,66.0,Nordeste,Brasil
2016-10-30,AL,54.0,Nordeste,Brasil
2016-11-06,AL,57.0,Nordeste,Brasil
2016-11-13,AL,29.0,Nordeste,Brasil
2016-11-20,AL,43.0,Nordeste,Brasil
2016-11-27,AL,28.0,Nordeste,Brasil
2016-12-04,AL,29.0,Nordeste,Brasil
2016-12-11,AL,52.0,Nordeste,Brasil
2016-12-18,AL,32.0,Nordeste,Brasil
2016-12-25,AL,25.0,Nordeste,Brasil
2017-01-01,AL,41.0,Nordeste,Brasil
2017-01-08,AL,29.0,Nordeste,Brasil
2017-01-15,AL,55.0,Nordeste,Brasil
2017-01-22,AL,52.0,Nordeste,Brasil
2017-01-29,AL,42.0,Nordeste,Brasil
2017-02-05,AL,52.0,Nordeste,Brasil
2017-02-12,AL,40.0,Nordeste,Brasil
2017-02-19,AL,58.0,Nordeste,Brasil
2017-02-26,AL,40.0,Nordeste,Brasil
2017-03-05,AL,42.0,Nordeste,Brasil
2017-03-12,AL,77.0,Nordeste,Brasil
2017-03-19,AL,55.0,Nordeste,Brasil
2017-03-26,AL,72.0,Nordeste,Brasil
2017-04-02,AL,80.0,Nordeste,Brasil
2017-04-09,AL,58.0,Nordeste,Brasil
2017-04-16,AL,65.0,Nordeste,Brasil
2017-04-23,AL,117.0,Nordeste,Brasil
2017-04-30,AL,150.0,Nordeste,Brasil
2017-05-07,AL,91.0,Nordeste,Brasil
2017-05-14,AL,153.0,Nordeste,Brasil
2017-05-21,AL,169.0,Nordeste,Brasil
2017-05-28,AL,85.0,Nordeste,Brasil
2017-06-04,AL,162.0,Nordeste,Brasil
2017-06-11,AL,152.0,Nordeste,Brasil
2017-06-18,AL,173.0,Nordeste,Brasil
2017-06-25,AL,141.0,Nordeste,Brasil
2017-07-02,AL,99.0,Nordeste,Brasil
2017-07-09,AL,103.0,Nordeste,Brasil
2017-07-16,AL,77.0,Nordeste,Brasil
2017-07-23,AL,72.0,Nordeste,Brasil
2017-07-30,AL,87.0,Nordeste,Brasil
2017-08-06,AL,58.0,Nordeste,Brasil
2017-08-13,AL,61.0,Nordeste,Brasil
2017-08-20,AL,53.0,Nordeste,Brasil
2017-08-27,AL,33.0,Nordeste,Brasil
2017-09-03,AL,79.0,Nordeste,Brasil
2017-09-10,AL,42.0,Nordeste,Brasil
2017-09-17,AL,58.0,Nordeste,Brasil
2017-09-24,AL,18.0,Nordeste,Brasil
2017-10-01,AL,47.0,Nordeste,Brasil
2017-10-08,AL,45.0,Nordeste,Brasil
2017-10-15,AL,48.0,Nordeste,Brasil
2017-10-22,AL,41.0,Nordeste,Brasil
2017-10-29,AL,43.0,Nordeste,Brasil
2017-11-05,AL,39.0,Nordeste,Brasil
2017-11-12,AL,39.0,Nordeste,Brasil
2017-11-19,AL,43.0,Nordeste,Brasil
2017-11-26,AL,30.0,Nordeste,Brasil
2017-12-03,AL,53.0,Nordeste,Brasil
2017-12-10,AL,34.0,Nordeste,Brasil
2017-12-17,AL,58.0,Nordeste,Brasil
2017-12-24,AL,22.0,Nordeste,Brasil
2017-12-31,AL,22.0,Nordeste,Brasil
2018-01-07,AL,39.0,Nordeste,Brasil
2018-01-14,AL,76.0,Nordeste,Brasil
2018-01-21,AL,55.0,Nordeste,Brasil
2018-01-28,AL,38.0,Nordeste,Brasil
2018-02-04,AL,37.0,Nordeste,Brasil
2018-02-11,AL,49.0,Nordeste,Brasil
2018-02-18,AL,56.0,Nordeste,Brasil
2018-02-25,AL,40.0,Nordeste,Brasil
2018-03-04,AL,42.0,Nordeste,Brasil
2018-03-11,AL,54.0,Nordeste,Brasil
2018-03-18,AL,42.0,Nordeste,Brasil
2018-03-25,AL,56.0,Nordeste,Brasil
2018-04-01,AL,31.0,Nordeste,Brasil
2018-04-08,AL,39.0,Nordeste,Brasil
2018-04-15,AL,70.0,Nordeste,Brasil
2018-04-22,AL,66.0,Nordeste,Brasil
2018-04-29,AL,74.0,Nordeste,Brasil
2018-05-06,AL,42.0,Nordeste,Brasil
2018-05-13,AL,93.0,Nordeste,Brasil
2018-05-20,AL,103.0,Nordeste,Brasil
2018-05-27,AL,110.0,Nordeste,Brasil
2018-06-03,AL,53.0,Nordeste,Brasil
2018-06-10,AL,99.0,Nordeste,Brasil
2018-06-17,AL,115.0,Nordeste,Brasil
2018-06-24,AL,77.0,Nordeste,Brasil
2018-07-01,AL,80.0,Nordeste,Brasil
2018-07-08,AL,36.0,Nordeste,Brasil
2018-07-15,AL,95.0,Nordeste,Brasil
2018-07-22,AL,42.0,Nordeste,Brasil
2018-07-29,AL,78.0,Nordeste,Brasil
2018-08-05,AL,64.0,Nordeste,Brasil
2018-08-12,AL,60.0,Nordeste,Brasil
2018-08-19,AL,73.0,Nordeste,Brasil
2018-08-26,AL,62.0,Nordeste,Brasil
2018-09-02,AL,65.0,Nordeste,Brasil
2018-09-09,AL,52.0,Nordeste,Brasil
2018-09-16,AL,43.0,Nordeste,Brasil
2018-09-23,AL,47.0,Nordeste,Brasil
2018-09-30,AL,37.0,Nordeste,Brasil
2018-10-07,AL,45.0,Nordeste,Brasil
2018-10-14,AL,32.0,Nordeste,Brasil
2018-10-21,AL,47.0,Nordeste,Brasil
2018-10-28,AL,46.0,Nordeste,Brasil
2018-11-04,AL,38.0,Nordeste,Brasil
2018-11-11,AL,44.0,Nordeste,Brasil
2018-11-18,AL,35.0,Nordeste,Brasil
2018-11-25,AL,67.0,Nordeste,Brasil
2018-12-02,AL,25.0,Nordeste,Brasil
2018-12-09,AL,55.0,Nordeste,Brasil
2018-12-16,AL,43.0,Nordeste,Brasil
2018-12-23,AL,65.0,Nordeste,Brasil
2018-12-30,AL,37.0,Nordeste,Brasil
2019-01-06,AL,37.0,Nordeste,Brasil
2019-01-13,AL,65.0,Nordeste,Brasil
2019-01-20,AL,91.0,Nordeste,Brasil
2019-01-27,AL,133.0,Nordeste,Brasil
2019-02-03,AL,118.0,Nordeste,Brasil
2019-02-10,AL,128.0,Nordeste,Brasil
2019-02-17,AL,111.0,Nordeste,Brasil
2019-02-24,AL,176.0,Nordeste,Brasil
2019-03-03,AL,192.0,Nordeste,Brasil
2019-03-10,AL,137.0,Nordeste,Brasil
2019-03-17,AL,331.0,Nordeste,Brasil
2019-03-24,AL,244.0,Nordeste,Brasil
2019-03-31,AL,257.0,Nordeste,Brasil
2019-04-07,AL,352.0,Nordeste,Brasil
2019-04-14,AL,484.0,Nordeste,Brasil
2019-04-21,AL,379.0,Nordeste,Brasil
2019-04-28,AL,547.0,Nordeste,Brasil
2019-05-05,AL,652.0,Nordeste,Brasil
2019-05-12,AL,820.0,Nordeste,Brasil
2019-05-19,AL,967.0,Nordeste,Brasil
2019-05-26,AL,1356.0,Nordeste,Brasil
2019-06-02,AL,1200.0,Nordeste,Brasil
2019-06-09,AL,1381.0,Nordeste,Brasil
2019-06-16,AL,1334.0,Nordeste,Brasil
2019-06-23,AL,1172.0,Nordeste,Brasil
2019-06-30,AL,1077.0,Nordeste,Brasil
2019-07-07,AL,1084.0,Nordeste,Brasil
2019-07-14,AL,1246.0,Nordeste,Brasil
2019-07-21,AL,1248.0,Nordeste,Brasil
2019-07-28,AL,1300.0,Nordeste,Brasil
2019-08-04,AL,954.0,Nordeste,Brasil
2019-08-11,AL,917.0,Nordeste,Brasil
2019-08-18,AL,881.0,Nordeste,Brasil
2019-08-25,AL,821.0,Nordeste,Brasil
2019-09-01,AL,678.0,Nordeste,Brasil
2019-09-08,AL,503.0,Nordeste,Brasil
2019-09-15,AL,504.0,Nordeste,Brasil
2019-09-22,AL,449.0,Nordeste,Brasil
2019-09-29,AL,422.0,Nordeste,Brasil
2019-10-06,AL,482.0,Nordeste,Brasil
2019-10-13,AL,353.0,Nordeste,Brasil
2019-10-20,AL,299.0,Nordeste,Brasil
2019-10-27,AL,215.0,Nordeste,Brasil
2019-11-03,AL,219.0,Nordeste,Brasil
2019-11-10,AL,167.0,Nordeste,Brasil
2019-11-17,AL,133.0,Nordeste,Brasil
2019-11-24,AL,201.0,Nordeste,Brasil
2019-12-01,AL,246.0,Nordeste,Brasil
2019-12-08,AL,201.0,Nordeste,Brasil
2019-12-15,AL,67.0,Nordeste,Brasil
2019-12-22,AL,60.0,Nordeste,Brasil
2019-12-29,AL,31.0,Nordeste,Brasil
2020-01-05,AL,24.0,Nordeste,Brasil
2020-01-12,AL,43.0,Nordeste,Brasil
2020-01-19,AL,34.0,Nordeste,Brasil
2020-01-26,AL,45.0,Nordeste,Brasil
2020-02-02,AL,34.0,Nordeste,Brasil
2020-02-09,AL,31.0,Nordeste,Brasil
2020-02-16,AL,47.0,Nordeste,Brasil
2020-02-23,AL,41.0,Nordeste,Brasil
2020-03-01,AL,40.0,Nordeste,Brasil
2020-03-08,AL,45.0,Nordeste,Brasil
2020-03-15,AL,44.0,Nordeste,Brasil
2020-03-22,AL,38.0,Nordeste,Brasil
2020-03-29,AL,18.0,Nordeste,Brasil
2020-04-05,AL,26.0,Nordeste,Brasil
2020-04-12,AL,32.0,Nordeste,Brasil
2020-04-19,AL,69.0,Nordeste,Brasil
2020-04-26,AL,94.0,Nordeste,Brasil
2020-05-03,AL,90.0,Nordeste,Brasil
2020-05-10,AL,92.0,Nordeste,Brasil
2020-05-17,AL,65.0,Nordeste,Brasil
2020-05-24,AL,70.0,Nordeste,Brasil
2020-05-31,AL,68.0,Nordeste,Brasil
2020-06-07,AL,82.0,Nordeste,Brasil
2020-06-14,AL,67.0,Nordeste,Brasil
2020-06-21,AL,84.0,Nordeste,Brasil
2020-06-28,AL,81.0,Nordeste,Brasil
2020-07-05,AL,85.0,Nordeste,Brasil
2020-07-12,AL,114.0,Nordeste,Brasil
2020-07-19,AL,82.0,Nordeste,Brasil
2020-07-26,AL,65.0,Nordeste,Brasil
2020-08-02,AL,40.0,Nordeste,Brasil
2020-08-09,AL,52.0,Nordeste,Brasil
2020-08-16,AL,52.0,Nordeste,Brasil
2020-08-23,AL,42.0,Nordeste,Brasil
2020-08-30,AL,30.0,Nordeste,Brasil
2020-09-06,AL,31.0,Nordeste,Brasil
2020-09-13,AL,21.0,Nordeste,Brasil
2020-09-20,AL,28.0,Nordeste,Brasil
2020-09-27,AL,21.0,Nordeste,Brasil
2020-10-04,AL,28.0,Nordeste,Brasil
2020-10-11,AL,26.0,Nordeste,Brasil
2020-10-18,AL,20.0,Nordeste,Brasil
2020-10-25,AL,24.0,Nordeste,Brasil
2020-11-01,AL,18.0,Nordeste,Brasil
2020-11-08,AL,14.0,Nordeste,Brasil
2020-11-15,AL,23.0,Nordeste,Brasil
2020-11-22,AL,15.0,Nordeste,Brasil
2020-11-29,AL,9.0,Nordeste,Brasil
2020-12-06,AL,17.0,Nordeste,Brasil
2020-12-13,AL,13.0,Nordeste,Brasil
2020-12-20,AL,18.0,Nordeste,Brasil
2020-12-27,AL,18.0,Nordeste,Brasil
2021-01-03,AL,18.0,Nordeste,Brasil
2021-01-10,AL,11.0,Nordeste,Brasil
2021-01-17,AL,22.0,Nordeste,Brasil
2021-01-24,AL,17.0,Nordeste,Brasil
2021-01-31,AL,11.0,Nordeste,Brasil
2021-02-07,AL,17.0,Nordeste,Brasil
2021-02-14,AL,17.0,Nordeste,Brasil
2021-02-21,AL,19.0,Nordeste,Brasil
2021-02-28,AL,20.0,Nordeste,Brasil
2021-03-07,AL,37.0,Nordeste,Brasil
2021-03-14,AL,31.0,Nordeste,Brasil
2021-03-21,AL,28.0,Nordeste,Brasil
2021-03-28,AL,32.0,Nordeste,Brasil
2021-04-04,AL,4.0,Nordeste,Brasil
2021-04-11,AL,34.0,Nordeste,Brasil
2021-04-18,AL,37.0,Nordeste,Brasil
2021-04-25,AL,42.0,Nordeste,Brasil
2021-05-02,AL,43.0,Nordeste,Brasil
2021-05-09,AL,36.0,Nordeste,Brasil
2021-05-16,AL,68.0,Nordeste,Brasil
2021-05-23,AL,74.0,Nordeste,Brasil
2021-05-30,AL,112.0,Nordeste,Brasil
2021-06-06,AL,123.0,Nordeste,Brasil
2021-06-13,AL,152.0,Nordeste,Brasil
2021-06-20,AL,194.0,Nordeste,Brasil
2021-06-27,AL,302.0,Nordeste,Brasil
2021-07-04,AL,317.0,Nordeste,Brasil
2021-07-11,AL,352.0,Nordeste,Brasil
2021-07-18,AL,415.0,Nordeste,Brasil
2021-07-25,AL,470.0,Nordeste,Brasil
2021-08-01,AL,500.0,Nordeste,Brasil
2021-08-08,AL,442.0,Nordeste,Brasil
2021-08-15,AL,509.0,Nordeste,Brasil
2021-08-22,AL,460.0,Nordeste,Brasil
2021-08-29,AL,395.0,Nordeste,Brasil
2021-09-05,AL,433.0,Nordeste,Brasil
2021-09-12,AL,376.0,Nordeste,Brasil
2021-09-19,AL,341.0,Nordeste,Brasil
2021-09-26,AL,388.0,Nordeste,Brasil
2021-10-03,AL,413.0,Nordeste,Brasil
2021-10-10,AL,252.0,Nordeste,Brasil
2021-10-17,AL,230.0,Nordeste,Brasil
2021-10-24,AL,300.0,Nordeste,Brasil
2021-10-31,AL,238.0,Nordeste,Brasil
2021-11-07,AL,264.0,Nordeste,Brasil
2021-11-14,AL,238.0,Nordeste,Brasil
2021-11-21,AL,178.0,Nordeste,Brasil
2021-11-28,AL,139.0,Nordeste,Brasil
2021-12-05,AL,190.0,Nordeste,Brasil
2021-12-12,AL,202.0,Nordeste,Brasil
2021-12-19,AL,210.0,Nordeste,Brasil
2021-12-26,AL,151.0,Nordeste,Brasil
2022-01-02,AL,90.0,Nordeste,Brasil
2022-01-09,AL,23.0,Nordeste,Brasil
2022-01-16,AL,57.0,Nordeste,Brasil
2022-01-23,AL,48.0,Nordeste,Brasil
2022-01-30,AL,31.0,Nordeste,Brasil
2022-02-06,AL,92.0,Nordeste,Brasil
2022-02-13,AL,80.0,Nordeste,Brasil
2022-02-20,AL,106.0,Nordeste,Brasil
2022-02-27,AL,100.0,Nordeste,Brasil
2022-03-06,AL,109.0,Nordeste,Brasil
2022-03-13,AL,124.0,Nordeste,Brasil
2022-03-20,AL,100.0,Nordeste,Brasil
2022-03-27,AL,180.0,Nordeste,Brasil
2022-04-03,AL,208.0,Nordeste,Brasil
2022-04-10,AL,376.0,Nordeste,Brasil
2022-04-17,AL,379.0,Nordeste,Brasil
2022-04-24,AL,594.0,Nordeste,Brasil
2022-05-01,AL,931.0,Nordeste,Brasil
2022-05-08,AL,1313.0,Nordeste,Brasil
2022-05-15,AL,1511.0,Nordeste,Brasil
2022-05-22,AL,2027.0,Nordeste,Brasil
2022-05-29,AL,2140.0,Nordeste,Brasil
2022-06-05,AL,2285.0,Nordeste,Brasil
2022-06-12,AL,2131.0,Nordeste,Brasil
2022-06-19,AL,1935.0,Nordeste,Brasil
2022-06-26,AL,2137.0,Nordeste,Brasil
2022-07-03,AL,1558.0,Nordeste,Brasil
2022-07-10,AL,1767.0,Nordeste,Brasil
2022-07-17,AL,1608.0,Nordeste,Brasil
2022-07-24,AL,1488.0,Nordeste,Brasil
2022-07-31,AL,1106.0,Nordeste,Brasil
2022-08-07,AL,1102.0,Nordeste,Brasil
2022-08-14,AL,924.0,Nordeste,Brasil
2022-08-21,AL,879.0,Nordeste,Brasil
2022-08-28,AL,592.0,Nordeste,Brasil
2022-09-04,AL,571.0,Nordeste,Brasil
2022-09-11,AL,465.0,Nordeste,Brasil
2022-09-18,AL,443.0,Nordeste,Brasil
2022-09-25,AL,420.0,Nordeste,Brasil
2022-10-02,AL,276.0,Nordeste,Brasil
2022-10-09,AL,256.0,Nordeste,Brasil
2022-10-16,AL,198.0,Nordeste,Brasil
2022-10-23,AL,180.0,Nordeste,Brasil
2022-10-30,AL,127.0,Nordeste,Brasil
2022-11-06,AL,131.0,Nordeste,Brasil
2022-11-13,AL,123.0,Nordeste,Brasil
2022-11-20,AL,111.0,Nordeste,Brasil
2022-11-27,AL,91.0,Nordeste,Brasil
2022-12-04,AL,61.0,Nordeste,Brasil
2022-12-11,AL,61.0,Nordeste,Brasil
2022-12-18,AL,64.0,Nordeste,Brasil
2022-12-25,AL,61.0,Nordeste,Brasil
2023-01-01,AL,40.0,Nordeste,Brasil
2023-01-08,AL,38.0,Nordeste,Brasil
2023-01-15,AL,52.0,Nordeste,Brasil
2023-01-22,AL,64.0,Nordeste,Brasil
2023-01-29,AL,40.0,Nordeste,Brasil
2023-02-05,AL,66.0,Nordeste,Brasil
2023-02-12,AL,72.0,Nordeste,Brasil
2023-02-19,AL,52.0,Nordeste,Brasil
2023-02-26,AL,41.0,Nordeste,Brasil
2023-03-05,AL,61.0,Nordeste,Brasil
2023-03-12,AL,70.0,Nordeste,Brasil
2023-03-19,AL,83.0,Nordeste,Brasil
2023-03-26,AL,112.0,Nordeste,Brasil
2023-04-02,AL,115.0,Nordeste,Brasil
2023-04-09,AL,112.0,Nordeste,Brasil
2023-04-16,AL,177.0,Nordeste,Brasil
2023-04-23,AL,136.0,Nordeste,Brasil
2023-04-30,AL,177.0,Nordeste,Brasil
2023-05-07,AL,150.0,Nordeste,Brasil
2023-05-14,AL,147.0,Nordeste,Brasil
2023-05-21,AL,97.0,Nordeste,Brasil
2023-05-28,AL,118.0,Nordeste,Brasil
2023-06-04,AL,136.0,Nordeste,Brasil
2023-06-11,AL,120.0,Nordeste,Brasil
2023-06-18,AL,147.0,Nordeste,Brasil
2023-06-25,AL,145.0,Nordeste,Brasil
2023-07-02,AL,96.0,Nordeste,Brasil
2023-07-09,AL,110.0,Nordeste,Brasil
2023-07-16,AL,142.0,Nordeste,Brasil
2023-07-23,AL,116.0,Nordeste,Brasil
2023-07-30,AL,138.0,Nordeste,Brasil
2023-08-06,AL,108.0,Nordeste,Brasil
2023-08-13,AL,99.0,Nordeste,Brasil
2023-08-20,AL,103.0,Nordeste,Brasil
2023-08-27,AL,107.0,Nordeste,Brasil
2023-09-03,AL,72.0,Nordeste,Brasil
2023-09-10,AL,78.0,Nordeste,Brasil
2023-09-17,AL,78.0,Nordeste,Brasil
2023-09-24,AL,63.0,Nordeste,Brasil
2023-10-01,AL,99.0,Nordeste,Brasil
2023-10-08,AL,77.0,Nordeste,Brasil
2023-10-15,AL,69.0,Nordeste,Brasil
2023-10-22,AL,60.0,Nordeste,Brasil
2023-10-29,AL,71.0,Nordeste,Brasil
2023-11-05,AL,62.0,Nordeste,Brasil
2023-11-12,AL,59.0,Nordeste,Brasil
2023-11-19,AL,77.0,Nordeste,Brasil
2023-11-26,AL,88.0,Nordeste,Brasil
2023-12-03,AL,72.0,Nordeste,Brasil
2023-12-10,AL,53.0,Nordeste,Brasil
2023-12-17,AL,63.0,Nordeste,Brasil
2023-12-24,AL,43.0,Nordeste,Brasil
2023-12-31,AL,41.0,Nordeste,Brasil
2024-01-07,AL,37.0,Nordeste,Brasil
2024-01-14,AL,59.0,Nordeste,Brasil
2024-01-21,AL,60.0,Nordeste,Brasil
2024-01-28,AL,67.0,Nordeste,Brasil
2024-02-04,AL,95.0,Nordeste,Brasil
2024-02-11,AL,120.0,Nordeste,Brasil
2024-02-18,AL,183.0,Nordeste,Brasil
2024-02-25,AL,458.0,Nordeste,Brasil
2024-03-03,AL,562.0,Nordeste,Brasil
2024-03-10,AL,523.0,Nordeste,Brasil
2024-03-17,AL,469.0,Nordeste,Brasil
2024-03-24,AL,548.0,Nordeste,Brasil
2024-03-31,AL,425.0,Nordeste,Brasil
2024-04-07,AL,440.0,Nordeste,Brasil
2024-04-14,AL,576.0,Nordeste,Brasil
2024-04-21,AL,541.0,Nordeste,Brasil
2024-04-28,AL,524.0,Nordeste,Brasil
2024-05-05,AL,507.0,Nordeste,Brasil
2024-05-12,AL,513.0,Nordeste,Brasil
2024-05-19,AL,552.0,Nordeste,Brasil
2024-05-26,AL,589.0,Nordeste,Brasil
2024-06-02,AL,492.0,Nordeste,Brasil
2024-06-09,AL,605.0,Nordeste,Brasil
2024-06-16,AL,581.0,Nordeste,Brasil
2024-06-23,AL,733.0,Nordeste,Brasil
2024-06-30,AL,639.0,Nordeste,Brasil
2024-07-07,AL,608.0,Nordeste,Brasil
2024-07-14,AL,770.0,Nordeste,Brasil
2024-07-21,AL,681.0,Nordeste,Brasil
2024-07-28,AL,756.0,Nordeste,Brasil
2024-08-04,AL,537.0,Nordeste,Brasil
2024-08-11,AL,424.0,Nordeste,Brasil
2024-08-18,AL,489.0,Nordeste,Brasil
2024-08-25,AL,366.0,Nordeste,Brasil
2024-09-01,AL,320.0,Nordeste,Brasil
2024-09-08,AL,266.0,Nordeste,Brasil
2024-09-15,AL,254.0,Nordeste,Brasil
2024-09-22,AL,223.0,Nordeste,Brasil
2024-09-29,AL,192.0,Nordeste,Brasil
2024-10-06,AL,163.0,Nordeste,Brasil
2024-10-13,AL,157.0,Nordeste,Brasil
2024-10-20,AL,129.0,Nordeste,Brasil
2024-10-27,AL,108.0,Nordeste,Brasil
2024-11-03,AL,109.0,Nordeste,Brasil
2024-11-10,AL,103.0,Nordeste,Brasil
2024-11-17,AL,69.0,Nordeste,Brasil
2024-11-24,AL,72.0,Nordeste,Brasil
2024-12-01,AL,51.0,Nordeste,Brasil
2024-12-08,AL,58.0,Nordeste,Brasil
2024-12-15,AL,70.0,Nordeste,Brasil
2024-12-22,AL,60.0,Nordeste,Brasil
2024-12-29,AL,61.0,Nordeste,Brasil
2025-01-05,AL,41.0,Nordeste,Brasil
2025-01-12,AL,81.0,Nordeste,Brasil
2025-01-19,AL,50.0,Nordeste,Brasil
2025-01-26,AL,41.0,Nordeste,Brasil
2025-02-02,AL,56.0,Nordeste,Brasil
2025-02-09,AL,67.0,Nordeste,Brasil
2025-02-16,AL,80.0,Nordeste,Brasil
2025-02-23,AL,59.0,Nordeste,Brasil
2025-03-02,AL,59.0,Nordeste,Brasil
2025-03-09,AL,53.0,Nordeste,Brasil
2025-03-16,AL,72.0,Nordeste,Brasil
2025-03-23,AL,90.0,Nordeste,Brasil
2025-03-30,AL,158.0,Nordeste,Brasil
2025-04-06,AL,136.0,Nordeste,Brasil
2025-04-13,AL,98.0,Nordeste,Brasil
2025-04-20,AL,84.0,Nordeste,Brasil
2025-04-27,AL,174.0,Nordeste,Brasil
2025-05-04,AL,133.0,Nordeste,Brasil
2025-05-11,AL,142.0,Nordeste,Brasil
2025-05-18,AL,118.0,Nordeste,Brasil
2025-05-25,AL,126.0,Nordeste,Brasil
2025-06-01,AL,140.0,Nordeste,Brasil
2025-06-08,AL,158.0,Nordeste,Brasil
2025-06-15,AL,166.0,Nordeste,Brasil
2025-06-22,AL,152.0,Nordeste,Brasil
2025-06-29,AL,198.0,Nordeste,Brasil
2025-07-06,AL,259.0,Nordeste,Brasil
2025-07-13,AL,230.0,Nordeste,Brasil
2025-07-20,AL,256.0,Nordeste,Brasil
2025-07-27,AL,244.0,Nordeste,Brasil
2025-08-03,AL,274.0,Nordeste,Brasil
2025-08-10,AL,354.0,Nordeste,Brasil
2025-08-17,AL,334.0,Nordeste,Brasil
2025-08-24,AL,440.0,Nordeste,Brasil
2025-08-31,AL,343.0,Nordeste,Brasil
2025-09-07,AL,285.0,Nordeste,Brasil
2025-09-14,AL,233.0,Nordeste,Brasil
2025-09-21,AL,223.0,Nordeste,Brasil
2025-09-28,AL,257.0,Nordeste,Brasil
2025-10-05,AL,229.0,Nordeste,Brasil
2025-10-12,AL,211.0,Nordeste,Brasil
2025-10-19,AL,187.0,Nordeste,Brasil
2025-10-26,AL,201.0,Nordeste,Brasil
2025-11-02,AL,151.0,Nordeste,Brasil
2025-11-09,AL,113.0,Nordeste,Brasil
2025-11-16,AL,98.0,Nordeste,Brasil
2025-11-23,AL,85.0,Nordeste,Brasil
2025-11-30,AL,78.0,Nordeste,Brasil
2025-12-07,AL,96.0,Nordeste,Brasil
2025-12-14,AL,75.0,Nordeste,Brasil
2025-12-21,AL,81.0,Nordeste,Brasil
2025-12-28,AL,28.0,Nordeste,Brasil
2026-01-04,AL,55.0,Nordeste,Brasil
2026-01-11,AL,71.0,Nordeste,Brasil
2026-01-18,AL,83.0,Nordeste,Brasil
2026-01-25,AL,56.0,Nordeste,Brasil
2026-02-01,AL,46.0,Nordeste,Brasil
2026-02-08,AL,36.0,Nordeste,Brasil
2026-02-15,AL,43.0,Nordeste,Brasil
2026-02-22,AL,33.0,Nordeste,Brasil
2026-03-01,AL,50.0,Nordeste,Brasil
2026-03-08,AL,76.0,Nordeste,Brasil
2026-03-15,AL,64.0,Nordeste,Brasil
2026-03-22,AL,60.0,Nordeste,Brasil
2026-03-29,AL,69.0,Nordeste,Brasil
2026-04-05,AL,70.0,Nordeste,Brasil
2026-04-12,AL,86.0,Nordeste,Brasil
2026-04-19,AL,1.0,Nordeste,Brasil
2015-01-04,AM,1.0,Norte,Brasil
2015-01-11,AM,239.0,Norte,Brasil
2015-01-18,AM,157.0,Norte,Brasil
2015-01-25,AM,172.0,Norte,Brasil
2015-02-01,AM,168.0,Norte,Brasil
2015-02-08,AM,194.0,Norte,Brasil
2015-02-15,AM,239.0,Norte,Brasil
2015-02-22,AM,172.0,Norte,Brasil
2015-03-01,AM,227.0,Norte,Brasil
2015-03-08,AM,213.0,Norte,Brasil
2015-03-15,AM,292.0,Norte,Brasil
2015-03-22,AM,278.0,Norte,Brasil
2015-03-29,AM,317.0,Norte,Brasil
2015-04-05,AM,168.0,Norte,Brasil
2015-04-12,AM,166.0,Norte,Brasil
2015-04-19,AM,259.0,Norte,Brasil
2015-04-26,AM,164.0,Norte,Brasil
2015-05-03,AM,184.0,Norte,Brasil
2015-05-10,AM,210.0,Norte,Brasil
2015-05-17,AM,215.0,Norte,Brasil
2015-05-24,AM,195.0,Norte,Brasil
2015-05-31,AM,195.0,Norte,Brasil
2015-06-07,AM,153.0,Norte,Brasil
2015-06-14,AM,209.0,Norte,Brasil
2015-06-21,AM,185.0,Norte,Brasil
2015-06-28,AM,148.0,Norte,Brasil
2015-07-05,AM,141.0,Norte,Brasil
2015-07-12,AM,118.0,Norte,Brasil
2015-07-19,AM,110.0,Norte,Brasil
2015-07-26,AM,128.0,Norte,Brasil
2015-08-02,AM,131.0,Norte,Brasil
2015-08-09,AM,107.0,Norte,Brasil
2015-08-16,AM,101.0,Norte,Brasil
2015-08-23,AM,86.0,Norte,Brasil
2015-08-30,AM,97.0,Norte,Brasil
2015-09-06,AM,57.0,Norte,Brasil
2015-09-13,AM,91.0,Norte,Brasil
2015-09-20,AM,115.0,Norte,Brasil
2015-09-27,AM,95.0,Norte,Brasil
2015-10-04,AM,89.0,Norte,Brasil
2015-10-11,AM,137.0,Norte,Brasil
2015-10-18,AM,60.0,Norte,Brasil
2015-10-25,AM,70.0,Norte,Brasil
2015-11-01,AM,87.0,Norte,Brasil
2015-11-08,AM,56.0,Norte,Brasil
2015-11-15,AM,91.0,Norte,Brasil
2015-11-22,AM,50.0,Norte,Brasil
2015-11-29,AM,58.0,Norte,Brasil
2015-12-06,AM,86.0,Norte,Brasil
2015-12-13,AM,104.0,Norte,Brasil
2015-12-20,AM,155.0,Norte,Brasil
2015-12-27,AM,161.0,Norte,Brasil
2016-01-03,AM,161.0,Norte,Brasil
2016-01-10,AM,293.0,Norte,Brasil
2016-01-17,AM,314.0,Norte,Brasil
2016-01-24,AM,333.0,Norte,Brasil
2016-01-31,AM,446.0,Norte,Brasil
2016-02-07,AM,510.0,Norte,Brasil
2016-02-14,AM,500.0,Norte,Brasil
2016-02-21,AM,772.0,Norte,Brasil
2016-02-28,AM,608.0,Norte,Brasil
2016-03-06,AM,621.0,Norte,Brasil
2016-03-13,AM,505.0,Norte,Brasil
2016-03-20,AM,468.0,Norte,Brasil
2016-03-27,AM,377.0,Norte,Brasil
2016-04-03,AM,716.0,Norte,Brasil
2016-04-10,AM,677.0,Norte,Brasil
2016-04-17,AM,704.0,Norte,Brasil
2016-04-24,AM,575.0,Norte,Brasil
2016-05-01,AM,720.0,Norte,Brasil
2016-05-08,AM,479.0,Norte,Brasil
2016-05-15,AM,370.0,Norte,Brasil
2016-05-22,AM,408.0,Norte,Brasil
2016-05-29,AM,299.0,Norte,Brasil
2016-06-05,AM,322.0,Norte,Brasil
2016-06-12,AM,350.0,Norte,Brasil
2016-06-19,AM,289.0,Norte,Brasil
2016-06-26,AM,296.0,Norte,Brasil
2016-07-03,AM,237.0,Norte,Brasil
2016-07-10,AM,207.0,Norte,Brasil
2016-07-17,AM,196.0,Norte,Brasil
2016-07-24,AM,178.0,Norte,Brasil
2016-07-31,AM,166.0,Norte,Brasil
2016-08-07,AM,142.0,Norte,Brasil
2016-08-14,AM,120.0,Norte,Brasil
2016-08-21,AM,136.0,Norte,Brasil
2016-08-28,AM,113.0,Norte,Brasil
2016-09-04,AM,107.0,Norte,Brasil
2016-09-11,AM,68.0,Norte,Brasil
2016-09-18,AM,100.0,Norte,Brasil
2016-09-25,AM,89.0,Norte,Brasil
2016-10-02,AM,86.0,Norte,Brasil
2016-10-09,AM,98.0,Norte,Brasil
2016-10-16,AM,69.0,Norte,Brasil
2016-10-23,AM,86.0,Norte,Brasil
2016-10-30,AM,65.0,Norte,Brasil
2016-11-06,AM,76.0,Norte,Brasil
2016-11-13,AM,107.0,Norte,Brasil
2016-11-20,AM,127.0,Norte,Brasil
2016-11-27,AM,99.0,Norte,Brasil
2016-12-04,AM,158.0,Norte,Brasil
2016-12-11,AM,137.0,Norte,Brasil
2016-12-18,AM,145.0,Norte,Brasil
2016-12-25,AM,92.0,Norte,Brasil
2017-01-01,AM,117.0,Norte,Brasil
2017-01-08,AM,205.0,Norte,Brasil
2017-01-15,AM,212.0,Norte,Brasil
2017-01-22,AM,268.0,Norte,Brasil
2017-01-29,AM,380.0,Norte,Brasil
2017-02-05,AM,385.0,Norte,Brasil
2017-02-12,AM,457.0,Norte,Brasil
2017-02-19,AM,380.0,Norte,Brasil
2017-02-26,AM,259.0,Norte,Brasil
2017-03-05,AM,188.0,Norte,Brasil
2017-03-12,AM,257.0,Norte,Brasil
2017-03-19,AM,258.0,Norte,Brasil
2017-03-26,AM,311.0,Norte,Brasil
2017-04-02,AM,314.0,Norte,Brasil
2017-04-09,AM,255.0,Norte,Brasil
2017-04-16,AM,260.0,Norte,Brasil
2017-04-23,AM,218.0,Norte,Brasil
2017-04-30,AM,191.0,Norte,Brasil
2017-05-07,AM,172.0,Norte,Brasil
2017-05-14,AM,148.0,Norte,Brasil
2017-05-21,AM,169.0,Norte,Brasil
2017-05-28,AM,136.0,Norte,Brasil
2017-06-04,AM,99.0,Norte,Brasil
2017-06-11,AM,114.0,Norte,Brasil
2017-06-18,AM,93.0,Norte,Brasil
2017-06-25,AM,103.0,Norte,Brasil
2017-07-02,AM,97.0,Norte,Brasil
2017-07-09,AM,72.0,Norte,Brasil
2017-07-16,AM,62.0,Norte,Brasil
2017-07-23,AM,95.0,Norte,Brasil
2017-07-30,AM,112.0,Norte,Brasil
2017-08-06,AM,102.0,Norte,Brasil
2017-08-13,AM,112.0,Norte,Brasil
2017-08-20,AM,92.0,Norte,Brasil
2017-08-27,AM,110.0,Norte,Brasil
2017-09-03,AM,116.0,Norte,Brasil
2017-09-10,AM,86.0,Norte,Brasil
2017-09-17,AM,124.0,Norte,Brasil
2017-09-24,AM,106.0,Norte,Brasil
2017-10-01,AM,87.0,Norte,Brasil
2017-10-08,AM,123.0,Norte,Brasil
2017-10-15,AM,105.0,Norte,Brasil
2017-10-22,AM,115.0,Norte,Brasil
2017-10-29,AM,65.0,Norte,Brasil
2017-11-05,AM,54.0,Norte,Brasil
2017-11-12,AM,78.0,Norte,Brasil
2017-11-19,AM,73.0,Norte,Brasil
2017-11-26,AM,94.0,Norte,Brasil
2017-12-03,AM,69.0,Norte,Brasil
2017-12-10,AM,89.0,Norte,Brasil
2017-12-17,AM,71.0,Norte,Brasil
2017-12-24,AM,75.0,Norte,Brasil
2017-12-31,AM,84.0,Norte,Brasil
2018-01-07,AM,101.0,Norte,Brasil
2018-01-14,AM,142.0,Norte,Brasil
2018-01-21,AM,123.0,Norte,Brasil
2018-01-28,AM,143.0,Norte,Brasil
2018-02-04,AM,127.0,Norte,Brasil
2018-02-11,AM,159.0,Norte,Brasil
2018-02-18,AM,94.0,Norte,Brasil
2018-02-25,AM,146.0,Norte,Brasil
2018-03-04,AM,141.0,Norte,Brasil
2018-03-11,AM,123.0,Norte,Brasil
2018-03-18,AM,127.0,Norte,Brasil
2018-03-25,AM,150.0,Norte,Brasil
2018-04-01,AM,126.0,Norte,Brasil
2018-04-08,AM,135.0,Norte,Brasil
2018-04-15,AM,160.0,Norte,Brasil
2018-04-22,AM,152.0,Norte,Brasil
2018-04-29,AM,122.0,Norte,Brasil
2018-05-06,AM,88.0,Norte,Brasil
2018-05-13,AM,87.0,Norte,Brasil
2018-05-20,AM,116.0,Norte,Brasil
2018-05-27,AM,107.0,Norte,Brasil
2018-06-03,AM,61.0,Norte,Brasil
2018-06-10,AM,83.0,Norte,Brasil
2018-06-17,AM,104.0,Norte,Brasil
2018-06-24,AM,93.0,Norte,Brasil
2018-07-01,AM,88.0,Norte,Brasil
2018-07-08,AM,77.0,Norte,Brasil
2018-07-15,AM,106.0,Norte,Brasil
2018-07-22,AM,99.0,Norte,Brasil
2018-07-29,AM,81.0,Norte,Brasil
2018-08-05,AM,82.0,Norte,Brasil
2018-08-12,AM,80.0,Norte,Brasil
2018-08-19,AM,81.0,Norte,Brasil
2018-08-26,AM,94.0,Norte,Brasil
2018-09-02,AM,84.0,Norte,Brasil
2018-09-09,AM,52.0,Norte,Brasil
2018-09-16,AM,63.0,Norte,Brasil
2018-09-23,AM,72.0,Norte,Brasil
2018-09-30,AM,48.0,Norte,Brasil
2018-10-07,AM,50.0,Norte,Brasil
2018-10-14,AM,47.0,Norte,Brasil
2018-10-21,AM,57.0,Norte,Brasil
2018-10-28,AM,47.0,Norte,Brasil
2018-11-04,AM,39.0,Norte,Brasil
2018-11-11,AM,54.0,Norte,Brasil
2018-11-18,AM,37.0,Norte,Brasil
2018-11-25,AM,48.0,Norte,Brasil
2018-12-02,AM,30.0,Norte,Brasil
2018-12-09,AM,34.0,Norte,Brasil
2018-12-16,AM,43.0,Norte,Brasil
2018-12-23,AM,44.0,Norte,Brasil
2018-12-30,AM,40.0,Norte,Brasil
2019-01-06,AM,39.0,Norte,Brasil
2019-01-13,AM,101.0,Norte,Brasil
2019-01-20,AM,116.0,Norte,Brasil
2019-01-27,AM,111.0,Norte,Brasil
2019-02-03,AM,94.0,Norte,Brasil
2019-02-10,AM,124.0,Norte,Brasil
2019-02-17,AM,135.0,Norte,Brasil
2019-02-24,AM,147.0,Norte,Brasil
2019-03-03,AM,99.0,Norte,Brasil
2019-03-10,AM,77.0,Norte,Brasil
2019-03-17,AM,108.0,Norte,Brasil
2019-03-24,AM,85.0,Norte,Brasil
2019-03-31,AM,98.0,Norte,Brasil
2019-04-07,AM,91.0,Norte,Brasil
2019-04-14,AM,92.0,Norte,Brasil
2019-04-21,AM,64.0,Norte,Brasil
2019-04-28,AM,150.0,Norte,Brasil
2019-05-05,AM,88.0,Norte,Brasil
2019-05-12,AM,98.0,Norte,Brasil
2019-05-19,AM,84.0,Norte,Brasil
2019-05-26,AM,70.0,Norte,Brasil
2019-06-02,AM,86.0,Norte,Brasil
2019-06-09,AM,78.0,Norte,Brasil
2019-06-16,AM,102.0,Norte,Brasil
2019-06-23,AM,82.0,Norte,Brasil
2019-06-30,AM,84.0,Norte,Brasil
2019-07-07,AM,86.0,Norte,Brasil
2019-07-14,AM,75.0,Norte,Brasil
2019-07-21,AM,77.0,Norte,Brasil
2019-07-28,AM,67.0,Norte,Brasil
2019-08-04,AM,62.0,Norte,Brasil
2019-08-11,AM,55.0,Norte,Brasil
2019-08-18,AM,58.0,Norte,Brasil
2019-08-25,AM,62.0,Norte,Brasil
2019-09-01,AM,48.0,Norte,Brasil
2019-09-08,AM,49.0,Norte,Brasil
2019-09-15,AM,44.0,Norte,Brasil
2019-09-22,AM,68.0,Norte,Brasil
2019-09-29,AM,91.0,Norte,Brasil
2019-10-06,AM,112.0,Norte,Brasil
2019-10-13,AM,130.0,Norte,Brasil
2019-10-20,AM,191.0,Norte,Brasil
2019-10-27,AM,293.0,Norte,Brasil
2019-11-03,AM,247.0,Norte,Brasil
2019-11-10,AM,333.0,Norte,Brasil
2019-11-17,AM,288.0,Norte,Brasil
2019-11-24,AM,408.0,Norte,Brasil
2019-12-01,AM,452.0,Norte,Brasil
2019-12-08,AM,510.0,Norte,Brasil
2019-12-15,AM,436.0,Norte,Brasil
2019-12-22,AM,429.0,Norte,Brasil
2019-12-29,AM,422.0,Norte,Brasil
2020-01-05,AM,117.0,Norte,Brasil
2020-01-12,AM,348.0,Norte,Brasil
2020-01-19,AM,341.0,Norte,Brasil
2020-01-26,AM,280.0,Norte,Brasil
2020-02-02,AM,267.0,Norte,Brasil
2020-02-09,AM,176.0,Norte,Brasil
2020-02-16,AM,201.0,Norte,Brasil
2020-02-23,AM,207.0,Norte,Brasil
2020-03-01,AM,130.0,Norte,Brasil
2020-03-08,AM,221.0,Norte,Brasil
2020-03-15,AM,255.0,Norte,Brasil
2020-03-22,AM,269.0,Norte,Brasil
2020-03-29,AM,112.0,Norte,Brasil
2020-04-05,AM,104.0,Norte,Brasil
2020-04-12,AM,85.0,Norte,Brasil
2020-04-19,AM,117.0,Norte,Brasil
2020-04-26,AM,86.0,Norte,Brasil
2020-05-03,AM,76.0,Norte,Brasil
2020-05-10,AM,71.0,Norte,Brasil
2020-05-17,AM,88.0,Norte,Brasil
2020-05-24,AM,89.0,Norte,Brasil
2020-05-31,AM,88.0,Norte,Brasil
2020-06-07,AM,68.0,Norte,Brasil
2020-06-14,AM,51.0,Norte,Brasil
2020-06-21,AM,91.0,Norte,Brasil
2020-06-28,AM,77.0,Norte,Brasil
2020-07-05,AM,55.0,Norte,Brasil
2020-07-12,AM,60.0,Norte,Brasil
2020-07-19,AM,67.0,Norte,Brasil
2020-07-26,AM,38.0,Norte,Brasil
2020-08-02,AM,40.0,Norte,Brasil
2020-08-09,AM,27.0,Norte,Brasil
2020-08-16,AM,23.0,Norte,Brasil
2020-08-23,AM,36.0,Norte,Brasil
2020-08-30,AM,36.0,Norte,Brasil
2020-09-06,AM,58.0,Norte,Brasil
2020-09-13,AM,51.0,Norte,Brasil
2020-09-20,AM,28.0,Norte,Brasil
2020-09-27,AM,46.0,Norte,Brasil
2020-10-04,AM,62.0,Norte,Brasil
2020-10-11,AM,59.0,Norte,Brasil
2020-10-18,AM,53.0,Norte,Brasil
2020-10-25,AM,63.0,Norte,Brasil
2020-11-01,AM,81.0,Norte,Brasil
2020-11-08,AM,104.0,Norte,Brasil
2020-11-15,AM,115.0,Norte,Brasil
2020-11-22,AM,69.0,Norte,Brasil
2020-11-29,AM,84.0,Norte,Brasil
2020-12-06,AM,112.0,Norte,Brasil
2020-12-13,AM,127.0,Norte,Brasil
2020-12-20,AM,212.0,Norte,Brasil
2020-12-27,AM,115.0,Norte,Brasil
2021-01-03,AM,115.0,Norte,Brasil
2021-01-10,AM,94.0,Norte,Brasil
2021-01-17,AM,271.0,Norte,Brasil
2021-01-24,AM,327.0,Norte,Brasil
2021-01-31,AM,331.0,Norte,Brasil
2021-02-07,AM,337.0,Norte,Brasil
2021-02-14,AM,431.0,Norte,Brasil
2021-02-21,AM,419.0,Norte,Brasil
2021-02-28,AM,576.0,Norte,Brasil
2021-03-07,AM,704.0,Norte,Brasil
2021-03-14,AM,484.0,Norte,Brasil
2021-03-21,AM,700.0,Norte,Brasil
2021-03-28,AM,649.0,Norte,Brasil
2021-04-04,AM,572.0,Norte,Brasil
2021-04-11,AM,620.0,Norte,Brasil
2021-04-18,AM,515.0,Norte,Brasil
2021-04-25,AM,463.0,Norte,Brasil
2021-05-02,AM,410.0,Norte,Brasil
2021-05-09,AM,451.0,Norte,Brasil
2021-05-16,AM,442.0,Norte,Brasil
2021-05-23,AM,421.0,Norte,Brasil
2021-05-30,AM,371.0,Norte,Brasil
2021-06-06,AM,330.0,Norte,Brasil
2021-06-13,AM,362.0,Norte,Brasil
2021-06-20,AM,359.0,Norte,Brasil
2021-06-27,AM,282.0,Norte,Brasil
2021-07-04,AM,279.0,Norte,Brasil
2021-07-11,AM,247.0,Norte,Brasil
2021-07-18,AM,255.0,Norte,Brasil
2021-07-25,AM,234.0,Norte,Brasil
2021-08-01,AM,209.0,Norte,Brasil
2021-08-08,AM,218.0,Norte,Brasil
2021-08-15,AM,175.0,Norte,Brasil
2021-08-22,AM,155.0,Norte,Brasil
2021-08-29,AM,122.0,Norte,Brasil
2021-09-05,AM,150.0,Norte,Brasil
2021-09-12,AM,106.0,Norte,Brasil
2021-09-19,AM,107.0,Norte,Brasil
2021-09-26,AM,102.0,Norte,Brasil
2021-10-03,AM,89.0,Norte,Brasil
2021-10-10,AM,96.0,Norte,Brasil
2021-10-17,AM,60.0,Norte,Brasil
2021-10-24,AM,89.0,Norte,Brasil
2021-10-31,AM,94.0,Norte,Brasil
2021-11-07,AM,69.0,Norte,Brasil
2021-11-14,AM,79.0,Norte,Brasil
2021-11-21,AM,117.0,Norte,Brasil
2021-11-28,AM,169.0,Norte,Brasil
2021-12-05,AM,148.0,Norte,Brasil
2021-12-12,AM,221.0,Norte,Brasil
2021-12-19,AM,163.0,Norte,Brasil
2021-12-26,AM,107.0,Norte,Brasil
2022-01-02,AM,81.0,Norte,Brasil
2022-01-09,AM,27.0,Norte,Brasil
2022-01-16,AM,67.0,Norte,Brasil
2022-01-23,AM,60.0,Norte,Brasil
2022-01-30,AM,48.0,Norte,Brasil
2022-02-06,AM,103.0,Norte,Brasil
2022-02-13,AM,85.0,Norte,Brasil
2022-02-20,AM,114.0,Norte,Brasil
2022-02-27,AM,113.0,Norte,Brasil
2022-03-06,AM,84.0,Norte,Brasil
2022-03-13,AM,120.0,Norte,Brasil
2022-03-20,AM,151.0,Norte,Brasil
2022-03-27,AM,148.0,Norte,Brasil
2022-04-03,AM,133.0,Norte,Brasil
2022-04-10,AM,129.0,Norte,Brasil
2022-04-17,AM,82.0,Norte,Brasil
2022-04-24,AM,110.0,Norte,Brasil
2022-05-01,AM,106.0,Norte,Brasil
2022-05-08,AM,69.0,Norte,Brasil
2022-05-15,AM,113.0,Norte,Brasil
2022-05-22,AM,74.0,Norte,Brasil
2022-05-29,AM,86.0,Norte,Brasil
2022-06-05,AM,79.0,Norte,Brasil
2022-06-12,AM,73.0,Norte,Brasil
2022-06-19,AM,52.0,Norte,Brasil
2022-06-26,AM,57.0,Norte,Brasil
2022-07-03,AM,45.0,Norte,Brasil
2022-07-10,AM,52.0,Norte,Brasil
2022-07-17,AM,53.0,Norte,Brasil
2022-07-24,AM,40.0,Norte,Brasil
2022-07-31,AM,47.0,Norte,Brasil
2022-08-07,AM,38.0,Norte,Brasil
2022-08-14,AM,48.0,Norte,Brasil
2022-08-21,AM,34.0,Norte,Brasil
2022-08-28,AM,36.0,Norte,Brasil
2022-09-04,AM,25.0,Norte,Brasil
2022-09-11,AM,19.0,Norte,Brasil
2022-09-18,AM,131.0,Norte,Brasil
2022-09-25,AM,107.0,Norte,Brasil
2022-10-02,AM,203.0,Norte,Brasil
2022-10-09,AM,216.0,Norte,Brasil
2022-10-16,AM,205.0,Norte,Brasil
2022-10-23,AM,285.0,Norte,Brasil
2022-10-30,AM,185.0,Norte,Brasil
2022-11-06,AM,148.0,Norte,Brasil
2022-11-13,AM,151.0,Norte,Brasil
2022-11-20,AM,154.0,Norte,Brasil
2022-11-27,AM,144.0,Norte,Brasil
2022-12-04,AM,128.0,Norte,Brasil
2022-12-11,AM,146.0,Norte,Brasil
2022-12-18,AM,123.0,Norte,Brasil
2022-12-25,AM,158.0,Norte,Brasil
2023-01-01,AM,152.0,Norte,Brasil
2023-01-08,AM,110.0,Norte,Brasil
2023-01-15,AM,171.0,Norte,Brasil
2023-01-22,AM,199.0,Norte,Brasil
2023-01-29,AM,215.0,Norte,Brasil
2023-02-05,AM,210.0,Norte,Brasil
2023-02-12,AM,294.0,Norte,Brasil
2023-02-19,AM,219.0,Norte,Brasil
2023-02-26,AM,128.0,Norte,Brasil
2023-03-05,AM,165.0,Norte,Brasil
2023-03-12,AM,149.0,Norte,Brasil
2023-03-19,AM,159.0,Norte,Brasil
2023-03-26,AM,96.0,Norte,Brasil
2023-04-02,AM,130.0,Norte,Brasil
2023-04-09,AM,94.0,Norte,Brasil
2023-04-16,AM,125.0,Norte,Brasil
2023-04-23,AM,112.0,Norte,Brasil
2023-04-30,AM,183.0,Norte,Brasil
2023-05-07,AM,122.0,Norte,Brasil
2023-05-14,AM,132.0,Norte,Brasil
2023-05-21,AM,128.0,Norte,Brasil
2023-05-28,AM,98.0,Norte,Brasil
2023-06-04,AM,77.0,Norte,Brasil
2023-06-11,AM,72.0,Norte,Brasil
2023-06-18,AM,64.0,Norte,Brasil
2023-06-25,AM,76.0,Norte,Brasil
2023-07-02,AM,70.0,Norte,Brasil
2023-07-09,AM,108.0,Norte,Brasil
2023-07-16,AM,102.0,Norte,Brasil
2023-07-23,AM,96.0,Norte,Brasil
2023-07-30,AM,94.0,Norte,Brasil
2023-08-06,AM,84.0,Norte,Brasil
2023-08-13,AM,34.0,Norte,Brasil
2023-08-20,AM,57.0,Norte,Brasil
2023-08-27,AM,69.0,Norte,Brasil
2023-09-03,AM,64.0,Norte,Brasil
2023-09-10,AM,54.0,Norte,Brasil
2023-09-17,AM,84.0,Norte,Brasil
2023-09-24,AM,72.0,Norte,Brasil
2023-10-01,AM,68.0,Norte,Brasil
2023-10-08,AM,50.0,Norte,Brasil
2023-10-15,AM,53.0,Norte,Brasil
2023-10-22,AM,70.0,Norte,Brasil
2023-10-29,AM,70.0,Norte,Brasil
2023-11-05,AM,71.0,Norte,Brasil
2023-11-12,AM,80.0,Norte,Brasil
2023-11-19,AM,119.0,Norte,Brasil
2023-11-26,AM,95.0,Norte,Brasil
2023-12-03,AM,127.0,Norte,Brasil
2023-12-10,AM,130.0,Norte,Brasil
2023-12-17,AM,201.0,Norte,Brasil
2023-12-24,AM,303.0,Norte,Brasil
2023-12-31,AM,315.0,Norte,Brasil
2024-01-07,AM,297.0,Norte,Brasil
2024-01-14,AM,427.0,Norte,Brasil
2024-01-21,AM,541.0,Norte,Brasil
2024-01-28,AM,427.0,Norte,Brasil
2024-02-04,AM,357.0,Norte,Brasil
2024-02-11,AM,520.0,Norte,Brasil
2024-02-18,AM,413.0,Norte,Brasil
2024-02-25,AM,504.0,Norte,Brasil
2024-03-03,AM,416.0,Norte,Brasil
2024-03-10,AM,387.0,Norte,Brasil
2024-03-17,AM,361.0,Norte,Brasil
2024-03-24,AM,286.0,Norte,Brasil
2024-03-31,AM,160.0,Norte,Brasil
2024-04-07,AM,186.0,Norte,Brasil
2024-04-14,AM,194.0,Norte,Brasil
2024-04-21,AM,139.0,Norte,Brasil
2024-04-28,AM,121.0,Norte,Brasil
2024-05-05,AM,106.0,Norte,Brasil
2024-05-12,AM,73.0,Norte,Brasil
2024-05-19,AM,91.0,Norte,Brasil
2024-05-26,AM,77.0,Norte,Brasil
2024-06-02,AM,45.0,Norte,Brasil
2024-06-09,AM,61.0,Norte,Brasil
2024-06-16,AM,53.0,Norte,Brasil
2024-06-23,AM,44.0,Norte,Brasil
2024-06-30,AM,42.0,Norte,Brasil
2024-07-07,AM,59.0,Norte,Brasil
2024-07-14,AM,65.0,Norte,Brasil
2024-07-21,AM,78.0,Norte,Brasil
2024-07-28,AM,59.0,Norte,Brasil
2024-08-04,AM,58.0,Norte,Brasil
2024-08-11,AM,46.0,Norte,Brasil
2024-08-18,AM,85.0,Norte,Brasil
2024-08-25,AM,63.0,Norte,Brasil
2024-09-01,AM,86.0,Norte,Brasil
2024-09-08,AM,66.0,Norte,Brasil
2024-09-15,AM,102.0,Norte,Brasil
2024-09-22,AM,99.0,Norte,Brasil
2024-09-29,AM,75.0,Norte,Brasil
2024-10-06,AM,54.0,Norte,Brasil
2024-10-13,AM,55.0,Norte,Brasil
2024-10-20,AM,88.0,Norte,Brasil
2024-10-27,AM,90.0,Norte,Brasil
2024-11-03,AM,95.0,Norte,Brasil
2024-11-10,AM,105.0,Norte,Brasil
2024-11-17,AM,90.0,Norte,Brasil
2024-11-24,AM,95.0,Norte,Brasil
2024-12-01,AM,117.0,Norte,Brasil
2024-12-08,AM,114.0,Norte,Brasil
2024-12-15,AM,136.0,Norte,Brasil
2024-12-22,AM,131.0,Norte,Brasil
2024-12-29,AM,100.0,Norte,Brasil
2025-01-05,AM,48.0,Norte,Brasil
2025-01-12,AM,140.0,Norte,Brasil
2025-01-19,AM,165.0,Norte,Brasil
2025-01-26,AM,165.0,Norte,Brasil
2025-02-02,AM,153.0,Norte,Brasil
2025-02-09,AM,170.0,Norte,Brasil
2025-02-16,AM,178.0,Norte,Brasil
2025-02-23,AM,148.0,Norte,Brasil
2025-03-02,AM,186.0,Norte,Brasil
2025-03-09,AM,155.0,Norte,Brasil
2025-03-16,AM,242.0,Norte,Brasil
2025-03-23,AM,185.0,Norte,Brasil
2025-03-30,AM,213.0,Norte,Brasil
2025-04-06,AM,168.0,Norte,Brasil
2025-04-13,AM,162.0,Norte,Brasil
2025-04-20,AM,130.0,Norte,Brasil
2025-04-27,AM,117.0,Norte,Brasil
2025-05-04,AM,101.0,Norte,Brasil
2025-05-11,AM,104.0,Norte,Brasil
2025-05-18,AM,101.0,Norte,Brasil
2025-05-25,AM,87.0,Norte,Brasil
2025-06-01,AM,75.0,Norte,Brasil
2025-06-08,AM,68.0,Norte,Brasil
2025-06-15,AM,46.0,Norte,Brasil
2025-06-22,AM,52.0,Norte,Brasil
2025-06-29,AM,66.0,Norte,Brasil
2025-07-06,AM,35.0,Norte,Brasil
2025-07-13,AM,57.0,Norte,Brasil
2025-07-20,AM,49.0,Norte,Brasil
2025-07-27,AM,53.0,Norte,Brasil
2025-08-03,AM,56.0,Norte,Brasil
2025-08-10,AM,44.0,Norte,Brasil
2025-08-17,AM,38.0,Norte,Brasil
2025-08-24,AM,44.0,Norte,Brasil
2025-08-31,AM,53.0,Norte,Brasil
2025-09-07,AM,47.0,Norte,Brasil
2025-09-14,AM,64.0,Norte,Brasil
2025-09-21,AM,74.0,Norte,Brasil
2025-09-28,AM,59.0,Norte,Brasil
2025-10-05,AM,47.0,Norte,Brasil
2025-10-12,AM,108.0,Norte,Brasil
2025-10-19,AM,83.0,Norte,Brasil
2025-10-26,AM,65.0,Norte,Brasil
2025-11-02,AM,58.0,Norte,Brasil
2025-11-09,AM,38.0,Norte,Brasil
2025-11-16,AM,55.0,Norte,Brasil
2025-11-23,AM,56.0,Norte,Brasil
2025-11-30,AM,44.0,Norte,Brasil
2025-12-07,AM,62.0,Norte,Brasil
2025-12-14,AM,39.0,Norte,Brasil
2025-12-21,AM,43.0,Norte,Brasil
2025-12-28,AM,32.0,Norte,Brasil
2026-01-04,AM,49.0,Norte,Brasil
2026-01-11,AM,56.0,Norte,Brasil
2026-01-18,AM,52.0,Norte,Brasil
2026-01-25,AM,61.0,Norte,Brasil
2026-02-01,AM,53.0,Norte,Brasil
2026-02-08,AM,76.0,Norte,Brasil
2026-02-15,AM,61.0,Norte,Brasil
2026-02-22,AM,57.0,Norte,Brasil
2026-03-01,AM,48.0,Norte,Brasil
2026-03-08,AM,35.0,Norte,Brasil
2026-03-15,AM,59.0,Norte,Brasil
2026-03-22,AM,96.0,Norte,Brasil
2026-03-29,AM,71.0,Norte,Brasil
2026-04-05,AM,97.0,Norte,Brasil
2026-04-12,AM,61.0,Norte,Brasil
2026-04-19,AM,61.0,Norte,Brasil
2015-01-04,AP,3.0,Norte,Brasil
2015-01-11,AP,69.0,Norte,Brasil
2015-01-18,AP,105.0,Norte,Brasil
2015-01-25,AP,97.0,Norte,Brasil
2015-02-01,AP,136.0,Norte,Brasil
2015-02-08,AP,121.0,Norte,Brasil
2015-02-15,AP,217.0,Norte,Brasil
2015-02-22,AP,103.0,Norte,Brasil
2015-03-01,AP,192.0,Norte,Brasil
2015-03-08,AP,256.0,Norte,Brasil
2015-03-15,AP,203.0,Norte,Brasil
2015-03-22,AP,291.0,Norte,Brasil
2015-03-29,AP,217.0,Norte,Brasil
2015-04-05,AP,157.0,Norte,Brasil
2015-04-12,AP,194.0,Norte,Brasil
2015-04-19,AP,150.0,Norte,Brasil
2015-04-26,AP,94.0,Norte,Brasil
2015-05-03,AP,83.0,Norte,Brasil
2015-05-10,AP,93.0,Norte,Brasil
2015-05-17,AP,101.0,Norte,Brasil
2015-05-24,AP,178.0,Norte,Brasil
2015-05-31,AP,90.0,Norte,Brasil
2015-06-07,AP,55.0,Norte,Brasil
2015-06-14,AP,66.0,Norte,Brasil
2015-06-21,AP,66.0,Norte,Brasil
2015-06-28,AP,62.0,Norte,Brasil
2015-07-05,AP,46.0,Norte,Brasil
2015-07-12,AP,61.0,Norte,Brasil
2015-07-19,AP,45.0,Norte,Brasil
2015-07-26,AP,45.0,Norte,Brasil
2015-08-02,AP,56.0,Norte,Brasil
2015-08-09,AP,55.0,Norte,Brasil
2015-08-16,AP,59.0,Norte,Brasil
2015-08-23,AP,34.0,Norte,Brasil
2015-08-30,AP,38.0,Norte,Brasil
2015-09-06,AP,63.0,Norte,Brasil
2015-09-13,AP,40.0,Norte,Brasil
2015-09-20,AP,45.0,Norte,Brasil
2015-09-27,AP,40.0,Norte,Brasil
2015-10-04,AP,31.0,Norte,Brasil
2015-10-11,AP,30.0,Norte,Brasil
2015-10-18,AP,26.0,Norte,Brasil
2015-10-25,AP,24.0,Norte,Brasil
2015-11-01,AP,21.0,Norte,Brasil
2015-11-08,AP,60.0,Norte,Brasil
2015-11-15,AP,22.0,Norte,Brasil
2015-11-22,AP,67.0,Norte,Brasil
2015-11-29,AP,19.0,Norte,Brasil
2015-12-06,AP,13.0,Norte,Brasil
2015-12-13,AP,32.0,Norte,Brasil
2015-12-20,AP,27.0,Norte,Brasil
2015-12-27,AP,10.0,Norte,Brasil
2016-01-03,AP,10.0,Norte,Brasil
2016-01-10,AP,28.0,Norte,Brasil
2016-01-17,AP,23.0,Norte,Brasil
2016-01-24,AP,21.0,Norte,Brasil
2016-01-31,AP,71.0,Norte,Brasil
2016-02-07,AP,48.0,Norte,Brasil
2016-02-14,AP,60.0,Norte,Brasil
2016-02-21,AP,134.0,Norte,Brasil
2016-02-28,AP,136.0,Norte,Brasil
2016-03-06,AP,160.0,Norte,Brasil
2016-03-13,AP,163.0,Norte,Brasil
2016-03-20,AP,205.0,Norte,Brasil
2016-03-27,AP,86.0,Norte,Brasil
2016-04-03,AP,156.0,Norte,Brasil
2016-04-10,AP,158.0,Norte,Brasil
2016-04-17,AP,163.0,Norte,Brasil
2016-04-24,AP,80.0,Norte,Brasil
2016-05-01,AP,100.0,Norte,Brasil
2016-05-08,AP,81.0,Norte,Brasil
2016-05-15,AP,100.0,Norte,Brasil
2016-05-22,AP,88.0,Norte,Brasil
2016-05-29,AP,49.0,Norte,Brasil
2016-06-05,AP,56.0,Norte,Brasil
2016-06-12,AP,79.0,Norte,Brasil
2016-06-19,AP,45.0,Norte,Brasil
2016-06-26,AP,54.0,Norte,Brasil
2016-07-03,AP,52.0,Norte,Brasil
2016-07-10,AP,60.0,Norte,Brasil
2016-07-17,AP,52.0,Norte,Brasil
2016-07-24,AP,47.0,Norte,Brasil
2016-07-31,AP,58.0,Norte,Brasil
2016-08-07,AP,59.0,Norte,Brasil
2016-08-14,AP,65.0,Norte,Brasil
2016-08-21,AP,99.0,Norte,Brasil
2016-08-28,AP,83.0,Norte,Brasil
2016-09-04,AP,70.0,Norte,Brasil
2016-09-11,AP,46.0,Norte,Brasil
2016-09-18,AP,31.0,Norte,Brasil
2016-09-25,AP,67.0,Norte,Brasil
2016-10-02,AP,45.0,Norte,Brasil
2016-10-09,AP,53.0,Norte,Brasil
2016-10-16,AP,34.0,Norte,Brasil
2016-10-23,AP,43.0,Norte,Brasil
2016-10-30,AP,27.0,Norte,Brasil
2016-11-06,AP,11.0,Norte,Brasil
2016-11-13,AP,35.0,Norte,Brasil
2016-11-20,AP,39.0,Norte,Brasil
2016-11-27,AP,23.0,Norte,Brasil
2016-12-04,AP,36.0,Norte,Brasil
2016-12-11,AP,29.0,Norte,Brasil
2016-12-18,AP,17.0,Norte,Brasil
2016-12-25,AP,13.0,Norte,Brasil
2017-01-01,AP,10.0,Norte,Brasil
2017-01-08,AP,17.0,Norte,Brasil
2017-01-15,AP,20.0,Norte,Brasil
2017-01-22,AP,52.0,Norte,Brasil
2017-01-29,AP,73.0,Norte,Brasil
2017-02-05,AP,72.0,Norte,Brasil
2017-02-12,AP,61.0,Norte,Brasil
2017-02-19,AP,65.0,Norte,Brasil
2017-02-26,AP,60.0,Norte,Brasil
2017-03-05,AP,40.0,Norte,Brasil
2017-03-12,AP,75.0,Norte,Brasil
2017-03-19,AP,68.0,Norte,Brasil
2017-03-26,AP,42.0,Norte,Brasil
2017-04-02,AP,38.0,Norte,Brasil
2017-04-09,AP,28.0,Norte,Brasil
2017-04-16,AP,18.0,Norte,Brasil
2017-04-23,AP,34.0,Norte,Brasil
2017-04-30,AP,26.0,Norte,Brasil
2017-05-07,AP,26.0,Norte,Brasil
2017-05-14,AP,41.0,Norte,Brasil
2017-05-21,AP,34.0,Norte,Brasil
2017-05-28,AP,34.0,Norte,Brasil
2017-06-04,AP,34.0,Norte,Brasil
2017-06-11,AP,27.0,Norte,Brasil
2017-06-18,AP,8.0,Norte,Brasil
2017-06-25,AP,36.0,Norte,Brasil
2017-07-02,AP,26.0,Norte,Brasil
2017-07-09,AP,25.0,Norte,Brasil
2017-07-16,AP,21.0,Norte,Brasil
2017-07-23,AP,21.0,Norte,Brasil
2017-07-30,AP,11.0,Norte,Brasil
2017-08-06,AP,20.0,Norte,Brasil
2017-08-13,AP,15.0,Norte,Brasil
2017-08-20,AP,10.0,Norte,Brasil
2017-08-27,AP,14.0,Norte,Brasil
2017-09-03,AP,17.0,Norte,Brasil
2017-09-10,AP,15.0,Norte,Brasil
2017-09-17,AP,18.0,Norte,Brasil
2017-09-24,AP,15.0,Norte,Brasil
2017-10-01,AP,17.0,Norte,Brasil
2017-10-08,AP,15.0,Norte,Brasil
2017-10-15,AP,14.0,Norte,Brasil
2017-10-22,AP,25.0,Norte,Brasil
2017-10-29,AP,33.0,Norte,Brasil
2017-11-05,AP,10.0,Norte,Brasil
2017-11-12,AP,12.0,Norte,Brasil
2017-11-19,AP,27.0,Norte,Brasil
2017-11-26,AP,7.0,Norte,Brasil
2017-12-03,AP,7.0,Norte,Brasil
2017-12-10,AP,12.0,Norte,Brasil
2017-12-17,AP,14.0,Norte,Brasil
2017-12-24,AP,14.0,Norte,Brasil
2017-12-31,AP,5.0,Norte,Brasil
2018-01-07,AP,6.0,Norte,Brasil
2018-01-14,AP,18.0,Norte,Brasil
2018-01-21,AP,21.0,Norte,Brasil
2018-01-28,AP,30.0,Norte,Brasil
2018-02-04,AP,42.0,Norte,Brasil
2018-02-11,AP,36.0,Norte,Brasil
2018-02-18,AP,19.0,Norte,Brasil
2018-02-25,AP,52.0,Norte,Brasil
2018-03-04,AP,38.0,Norte,Brasil
2018-03-11,AP,51.0,Norte,Brasil
2018-03-18,AP,47.0,Norte,Brasil
2018-03-25,AP,64.0,Norte,Brasil
2018-04-01,AP,45.0,Norte,Brasil
2018-04-08,AP,41.0,Norte,Brasil
2018-04-15,AP,61.0,Norte,Brasil
2018-04-22,AP,70.0,Norte,Brasil
2018-04-29,AP,76.0,Norte,Brasil
2018-05-06,AP,24.0,Norte,Brasil
2018-05-13,AP,43.0,Norte,Brasil
2018-05-20,AP,28.0,Norte,Brasil
2018-05-27,AP,39.0,Norte,Brasil
2018-06-03,AP,14.0,Norte,Brasil
2018-06-10,AP,28.0,Norte,Brasil
2018-06-17,AP,26.0,Norte,Brasil
2018-06-24,AP,17.0,Norte,Brasil
2018-07-01,AP,15.0,Norte,Brasil
2018-07-08,AP,8.0,Norte,Brasil
2018-07-15,AP,19.0,Norte,Brasil
2018-07-22,AP,14.0,Norte,Brasil
2018-07-29,AP,20.0,Norte,Brasil
2018-08-05,AP,14.0,Norte,Brasil
2018-08-12,AP,22.0,Norte,Brasil
2018-08-19,AP,20.0,Norte,Brasil
2018-08-26,AP,28.0,Norte,Brasil
2018-09-02,AP,17.0,Norte,Brasil
2018-09-09,AP,18.0,Norte,Brasil
2018-09-16,AP,16.0,Norte,Brasil
2018-09-23,AP,21.0,Norte,Brasil
2018-09-30,AP,22.0,Norte,Brasil
2018-10-07,AP,15.0,Norte,Brasil
2018-10-14,AP,15.0,Norte,Brasil
2018-10-21,AP,36.0,Norte,Brasil
2018-10-28,AP,28.0,Norte,Brasil
2018-11-04,AP,32.0,Norte,Brasil
2018-11-11,AP,20.0,Norte,Brasil
2018-11-18,AP,12.0,Norte,Brasil
2018-11-25,AP,18.0,Norte,Brasil
2018-12-02,AP,7.0,Norte,Brasil
2018-12-09,AP,9.0,Norte,Brasil
2018-12-16,AP,23.0,Norte,Brasil
2018-12-23,AP,8.0,Norte,Brasil
2018-12-30,AP,9.0,Norte,Brasil
2019-01-06,AP,10.0,Norte,Brasil
2019-01-13,AP,13.0,Norte,Brasil
2019-01-20,AP,24.0,Norte,Brasil
2019-01-27,AP,13.0,Norte,Brasil
2019-02-03,AP,22.0,Norte,Brasil
2019-02-10,AP,23.0,Norte,Brasil
2019-02-17,AP,20.0,Norte,Brasil
2019-02-24,AP,18.0,Norte,Brasil
2019-03-03,AP,29.0,Norte,Brasil
2019-03-10,AP,22.0,Norte,Brasil
2019-03-17,AP,35.0,Norte,Brasil
2019-03-24,AP,32.0,Norte,Brasil
2019-03-31,AP,51.0,Norte,Brasil
2019-04-07,AP,48.0,Norte,Brasil
2019-04-14,AP,45.0,Norte,Brasil
2019-04-21,AP,19.0,Norte,Brasil
2019-04-28,AP,35.0,Norte,Brasil
2019-05-05,AP,16.0,Norte,Brasil
2019-05-12,AP,22.0,Norte,Brasil
2019-05-19,AP,18.0,Norte,Brasil
2019-05-26,AP,14.0,Norte,Brasil
2019-06-02,AP,19.0,Norte,Brasil
2019-06-09,AP,23.0,Norte,Brasil
2019-06-16,AP,20.0,Norte,Brasil
2019-06-23,AP,7.0,Norte,Brasil
2019-06-30,AP,17.0,Norte,Brasil
2019-07-07,AP,15.0,Norte,Brasil
2019-07-14,AP,12.0,Norte,Brasil
2019-07-21,AP,3.0,Norte,Brasil
2019-07-28,AP,3.0,Norte,Brasil
2019-08-04,AP,11.0,Norte,Brasil
2019-08-11,AP,12.0,Norte,Brasil
2019-08-18,AP,15.0,Norte,Brasil
2019-08-25,AP,12.0,Norte,Brasil
2019-09-01,AP,8.0,Norte,Brasil
2019-09-08,AP,10.0,Norte,Brasil
2019-09-15,AP,17.0,Norte,Brasil
2019-09-22,AP,7.0,Norte,Brasil
2019-09-29,AP,12.0,Norte,Brasil
2019-10-06,AP,8.0,Norte,Brasil
2019-10-13,AP,7.0,Norte,Brasil
2019-10-20,AP,15.0,Norte,Brasil
2019-10-27,AP,16.0,Norte,Brasil
2019-11-03,AP,10.0,Norte,Brasil
2019-11-10,AP,15.0,Norte,Brasil
2019-11-17,AP,11.0,Norte,Brasil
2019-11-24,AP,17.0,Norte,Brasil
2019-12-01,AP,19.0,Norte,Brasil
2019-12-08,AP,13.0,Norte,Brasil
2019-12-15,AP,14.0,Norte,Brasil
2019-12-22,AP,8.0,Norte,Brasil
2019-12-29,AP,5.0,Norte,Brasil
2020-01-05,AP,5.0,Norte,Brasil
2020-01-12,AP,1.0,Norte,Brasil
2020-01-19,AP,2.0,Norte,Brasil
2020-01-26,AP,1.0,Norte,Brasil
2020-02-02,AP,1.0,Norte,Brasil
2020-02-09,AP,2.0,Norte,Brasil
2020-02-16,AP,2.0,Norte,Brasil
2020-02-23,AP,2.0,Norte,Brasil
2020-03-01,AP,2.0,Norte,Brasil
2020-03-08,AP,3.0,Norte,Brasil
2020-03-15,AP,1.0,Norte,Brasil
2020-03-22,AP,1.0,Norte,Brasil
2020-03-29,AP,1.0,Norte,Brasil
2020-04-05,AP,1.0,Norte,Brasil
2020-04-12,AP,1.0,Norte,Brasil
2020-04-19,AP,5.0,Norte,Brasil
2020-04-26,AP,3.0,Norte,Brasil
2020-05-03,AP,4.0,Norte,Brasil
2020-05-10,AP,2.0,Norte,Brasil
2020-05-17,AP,1.0,Norte,Brasil
2020-05-24,AP,1.0,Norte,Brasil
2020-05-31,AP,1.0,Norte,Brasil
2020-06-07,AP,6.0,Norte,Brasil
2020-06-14,AP,1.0,Norte,Brasil
2020-06-21,AP,2.0,Norte,Brasil
2020-06-28,AP,2.0,Norte,Brasil
2020-07-05,AP,1.0,Norte,Brasil
2020-07-12,AP,1.0,Norte,Brasil
2020-07-19,AP,1.0,Norte,Brasil
2020-07-26,AP,2.0,Norte,Brasil
2020-08-02,AP,1.0,Norte,Brasil
2020-08-09,AP,1.0,Norte,Brasil
2020-08-16,AP,1.0,Norte,Brasil
2020-08-23,AP,1.0,Norte,Brasil
2020-08-30,AP,1.0,Norte,Brasil
2020-09-06,AP,1.0,Norte,Brasil
2020-09-13,AP,1.0,Norte,Brasil
2020-09-20,AP,1.0,Norte,Brasil
2020-09-27,AP,1.0,Norte,Brasil
2020-10-04,AP,1.0,Norte,Brasil
2020-10-11,AP,1.0,Norte,Brasil
2020-10-18,AP,1.0,Norte,Brasil
2020-10-25,AP,2.0,Norte,Brasil
2020-11-01,AP,2.0,Norte,Brasil
2020-11-08,AP,2.0,Norte,Brasil
2020-11-15,AP,2.0,Norte,Brasil
2020-11-22,AP,1.0,Norte,Brasil
2020-11-29,AP,2.0,Norte,Brasil
2020-12-06,AP,2.0,Norte,Brasil
2020-12-13,AP,2.0,Norte,Brasil
2020-12-20,AP,1.0,Norte,Brasil
2020-12-27,AP,1.0,Norte,Brasil
2021-01-03,AP,1.0,Norte,Brasil
2021-01-10,AP,5.0,Norte,Brasil
2021-01-17,AP,17.0,Norte,Brasil
2021-01-24,AP,10.0,Norte,Brasil
2021-01-31,AP,17.0,Norte,Brasil
2021-02-07,AP,9.0,Norte,Brasil
2021-02-14,AP,12.0,Norte,Brasil
2021-02-21,AP,13.0,Norte,Brasil
2021-02-28,AP,15.0,Norte,Brasil
2021-03-07,AP,21.0,Norte,Brasil
2021-03-14,AP,30.0,Norte,Brasil
2021-03-21,AP,16.0,Norte,Brasil
2021-03-28,AP,18.0,Norte,Brasil
2021-04-04,AP,14.0,Norte,Brasil
2021-04-11,AP,11.0,Norte,Brasil
2021-04-18,AP,17.0,Norte,Brasil
2021-04-25,AP,13.0,Norte,Brasil
2021-05-02,AP,20.0,Norte,Brasil
2021-05-09,AP,16.0,Norte,Brasil
2021-05-16,AP,17.0,Norte,Brasil
2021-05-23,AP,12.0,Norte,Brasil
2021-05-30,AP,20.0,Norte,Brasil
2021-06-06,AP,10.0,Norte,Brasil
2021-06-13,AP,7.0,Norte,Brasil
2021-06-20,AP,15.0,Norte,Brasil
2021-06-27,AP,14.0,Norte,Brasil
2021-07-04,AP,12.0,Norte,Brasil
2021-07-11,AP,23.0,Norte,Brasil
2021-07-18,AP,15.0,Norte,Brasil
2021-07-25,AP,8.0,Norte,Brasil
2021-08-01,AP,13.0,Norte,Brasil
2021-08-08,AP,17.0,Norte,Brasil
2021-08-15,AP,33.0,Norte,Brasil
2021-08-22,AP,113.0,Norte,Brasil
2021-08-29,AP,24.0,Norte,Brasil
2021-09-05,AP,26.0,Norte,Brasil
2021-09-12,AP,39.0,Norte,Brasil
2021-09-19,AP,34.0,Norte,Brasil
2021-09-26,AP,40.0,Norte,Brasil
2021-10-03,AP,20.0,Norte,Brasil
2021-10-10,AP,44.0,Norte,Brasil
2021-10-17,AP,16.0,Norte,Brasil
2021-10-24,AP,25.0,Norte,Brasil
2021-10-31,AP,11.0,Norte,Brasil
2021-11-07,AP,12.0,Norte,Brasil
2021-11-14,AP,28.0,Norte,Brasil
2021-11-21,AP,9.0,Norte,Brasil
2021-11-28,AP,27.0,Norte,Brasil
2021-12-05,AP,29.0,Norte,Brasil
2021-12-12,AP,27.0,Norte,Brasil
2021-12-19,AP,21.0,Norte,Brasil
2021-12-26,AP,16.0,Norte,Brasil
2022-01-02,AP,7.0,Norte,Brasil
2022-01-09,AP,2.0,Norte,Brasil
2022-01-16,AP,5.0,Norte,Brasil
2022-01-23,AP,5.0,Norte,Brasil
2022-01-30,AP,2.0,Norte,Brasil
2022-02-06,AP,5.0,Norte,Brasil
2022-02-13,AP,9.0,Norte,Brasil
2022-02-20,AP,9.0,Norte,Brasil
2022-02-27,AP,12.0,Norte,Brasil
2022-03-06,AP,4.0,Norte,Brasil
2022-03-13,AP,6.0,Norte,Brasil
2022-03-20,AP,10.0,Norte,Brasil
2022-03-27,AP,7.0,Norte,Brasil
2022-04-03,AP,4.0,Norte,Brasil
2022-04-10,AP,10.0,Norte,Brasil
2022-04-17,AP,8.0,Norte,Brasil
2022-04-24,AP,7.0,Norte,Brasil
2022-05-01,AP,6.0,Norte,Brasil
2022-05-08,AP,5.0,Norte,Brasil
2022-05-15,AP,9.0,Norte,Brasil
2022-05-22,AP,3.0,Norte,Brasil
2022-05-29,AP,8.0,Norte,Brasil
2022-06-05,AP,6.0,Norte,Brasil
2022-06-12,AP,2.0,Norte,Brasil
2022-06-19,AP,5.0,Norte,Brasil
2022-06-26,AP,8.0,Norte,Brasil
2022-07-03,AP,3.0,Norte,Brasil
2022-07-10,AP,7.0,Norte,Brasil
2022-07-17,AP,6.0,Norte,Brasil
2022-07-24,AP,6.0,Norte,Brasil
2022-07-31,AP,4.0,Norte,Brasil
2022-08-07,AP,4.0,Norte,Brasil
2022-08-14,AP,4.0,Norte,Brasil
2022-08-21,AP,7.0,Norte,Brasil
2022-08-28,AP,6.0,Norte,Brasil
2022-09-04,AP,4.0,Norte,Brasil
2022-09-11,AP,2.0,Norte,Brasil
2022-09-18,AP,12.0,Norte,Brasil
2022-09-25,AP,4.0,Norte,Brasil
2022-10-02,AP,11.0,Norte,Brasil
2022-10-09,AP,1.0,Norte,Brasil
2022-10-16,AP,5.0,Norte,Brasil
2022-10-23,AP,4.0,Norte,Brasil
2022-10-30,AP,6.0,Norte,Brasil
2022-11-06,AP,6.0,Norte,Brasil
2022-11-13,AP,3.0,Norte,Brasil
2022-11-20,AP,5.0,Norte,Brasil
2022-11-27,AP,5.0,Norte,Brasil
2022-12-04,AP,5.0,Norte,Brasil
2022-12-11,AP,3.0,Norte,Brasil
2022-12-18,AP,6.0,Norte,Brasil
2022-12-25,AP,2.0,Norte,Brasil
2023-01-01,AP,8.0,Norte,Brasil
2023-01-08,AP,2.0,Norte,Brasil
2023-01-15,AP,10.0,Norte,Brasil
2023-01-22,AP,18.0,Norte,Brasil
2023-01-29,AP,19.0,Norte,Brasil
2023-02-05,AP,29.0,Norte,Brasil
2023-02-12,AP,15.0,Norte,Brasil
2023-02-19,AP,19.0,Norte,Brasil
2023-02-26,AP,9.0,Norte,Brasil
2023-03-05,AP,20.0,Norte,Brasil
2023-03-12,AP,17.0,Norte,Brasil
2023-03-19,AP,13.0,Norte,Brasil
2023-03-26,AP,27.0,Norte,Brasil
2023-04-02,AP,18.0,Norte,Brasil
2023-04-09,AP,7.0,Norte,Brasil
2023-04-16,AP,17.0,Norte,Brasil
2023-04-23,AP,6.0,Norte,Brasil
2023-04-30,AP,27.0,Norte,Brasil
2023-05-07,AP,13.0,Norte,Brasil
2023-05-14,AP,12.0,Norte,Brasil
2023-05-21,AP,7.0,Norte,Brasil
2023-05-28,AP,7.0,Norte,Brasil
2023-06-04,AP,10.0,Norte,Brasil
2023-06-11,AP,17.0,Norte,Brasil
2023-06-18,AP,14.0,Norte,Brasil
2023-06-25,AP,16.0,Norte,Brasil
2023-07-02,AP,19.0,Norte,Brasil
2023-07-09,AP,17.0,Norte,Brasil
2023-07-16,AP,17.0,Norte,Brasil
2023-07-23,AP,22.0,Norte,Brasil
2023-07-30,AP,22.0,Norte,Brasil
2023-08-06,AP,37.0,Norte,Brasil
2023-08-13,AP,35.0,Norte,Brasil
2023-08-20,AP,63.0,Norte,Brasil
2023-08-27,AP,56.0,Norte,Brasil
2023-09-03,AP,79.0,Norte,Brasil
2023-09-10,AP,71.0,Norte,Brasil
2023-09-17,AP,66.0,Norte,Brasil
2023-09-24,AP,52.0,Norte,Brasil
2023-10-01,AP,39.0,Norte,Brasil
2023-10-08,AP,49.0,Norte,Brasil
2023-10-15,AP,14.0,Norte,Brasil
2023-10-22,AP,17.0,Norte,Brasil
2023-10-29,AP,17.0,Norte,Brasil
2023-11-05,AP,13.0,Norte,Brasil
2023-11-12,AP,28.0,Norte,Brasil
2023-11-19,AP,18.0,Norte,Brasil
2023-11-26,AP,13.0,Norte,Brasil
2023-12-03,AP,16.0,Norte,Brasil
2023-12-10,AP,11.0,Norte,Brasil
2023-12-17,AP,28.0,Norte,Brasil
2023-12-24,AP,6.0,Norte,Brasil
2023-12-31,AP,26.0,Norte,Brasil
2024-01-07,AP,62.0,Norte,Brasil
2024-01-14,AP,174.0,Norte,Brasil
2024-01-21,AP,166.0,Norte,Brasil
2024-01-28,AP,176.0,Norte,Brasil
2024-02-04,AP,217.0,Norte,Brasil
2024-02-11,AP,442.0,Norte,Brasil
2024-02-18,AP,460.0,Norte,Brasil
2024-02-25,AP,489.0,Norte,Brasil
2024-03-03,AP,576.0,Norte,Brasil
2024-03-10,AP,704.0,Norte,Brasil
2024-03-17,AP,435.0,Norte,Brasil
2024-03-24,AP,353.0,Norte,Brasil
2024-03-31,AP,325.0,Norte,Brasil
2024-04-07,AP,411.0,Norte,Brasil
2024-04-14,AP,325.0,Norte,Brasil
2024-04-21,AP,329.0,Norte,Brasil
2024-04-28,AP,250.0,Norte,Brasil
2024-05-05,AP,185.0,Norte,Brasil
2024-05-12,AP,186.0,Norte,Brasil
2024-05-19,AP,144.0,Norte,Brasil
2024-05-26,AP,167.0,Norte,Brasil
2024-06-02,AP,168.0,Norte,Brasil
2024-06-09,AP,193.0,Norte,Brasil
2024-06-16,AP,218.0,Norte,Brasil
2024-06-23,AP,216.0,Norte,Brasil
2024-06-30,AP,186.0,Norte,Brasil
2024-07-07,AP,214.0,Norte,Brasil
2024-07-14,AP,270.0,Norte,Brasil
2024-07-21,AP,260.0,Norte,Brasil
2024-07-28,AP,206.0,Norte,Brasil
2024-08-04,AP,240.0,Norte,Brasil
2024-08-11,AP,307.0,Norte,Brasil
2024-08-18,AP,238.0,Norte,Brasil
2024-08-25,AP,189.0,Norte,Brasil
2024-09-01,AP,173.0,Norte,Brasil
2024-09-08,AP,139.0,Norte,Brasil
2024-09-15,AP,86.0,Norte,Brasil
2024-09-22,AP,120.0,Norte,Brasil
2024-09-29,AP,96.0,Norte,Brasil
2024-10-06,AP,92.0,Norte,Brasil
2024-10-13,AP,98.0,Norte,Brasil
2024-10-20,AP,65.0,Norte,Brasil
2024-10-27,AP,50.0,Norte,Brasil
2024-11-03,AP,46.0,Norte,Brasil
2024-11-10,AP,58.0,Norte,Brasil
2024-11-17,AP,33.0,Norte,Brasil
2024-11-24,AP,46.0,Norte,Brasil
2024-12-01,AP,23.0,Norte,Brasil
2024-12-08,AP,29.0,Norte,Brasil
2024-12-15,AP,15.0,Norte,Brasil
2024-12-22,AP,27.0,Norte,Brasil
2024-12-29,AP,21.0,Norte,Brasil
2025-01-05,AP,13.0,Norte,Brasil
2025-01-12,AP,59.0,Norte,Brasil
2025-01-19,AP,81.0,Norte,Brasil
2025-01-26,AP,107.0,Norte,Brasil
2025-02-02,AP,103.0,Norte,Brasil
2025-02-09,AP,119.0,Norte,Brasil
2025-02-16,AP,122.0,Norte,Brasil
2025-02-23,AP,124.0,Norte,Brasil
2025-03-02,AP,113.0,Norte,Brasil
2025-03-09,AP,81.0,Norte,Brasil
2025-03-16,AP,68.0,Norte,Brasil
2025-03-23,AP,81.0,Norte,Brasil
2025-03-30,AP,59.0,Norte,Brasil
2025-04-06,AP,70.0,Norte,Brasil
2025-04-13,AP,43.0,Norte,Brasil
2025-04-20,AP,39.0,Norte,Brasil
2025-04-27,AP,58.0,Norte,Brasil
2025-05-04,AP,46.0,Norte,Brasil
2025-05-11,AP,40.0,Norte,Brasil
2025-05-18,AP,61.0,Norte,Brasil
2025-05-25,AP,62.0,Norte,Brasil
2025-06-01,AP,40.0,Norte,Brasil
2025-06-08,AP,70.0,Norte,Brasil
2025-06-15,AP,61.0,Norte,Brasil
2025-06-22,AP,29.0,Norte,Brasil
2025-06-29,AP,40.0,Norte,Brasil
2025-07-06,AP,44.0,Norte,Brasil
2025-07-13,AP,41.0,Norte,Brasil
2025-07-20,AP,28.0,Norte,Brasil
2025-07-27,AP,43.0,Norte,Brasil
2025-08-03,AP,42.0,Norte,Brasil
2025-08-10,AP,40.0,Norte,Brasil
2025-08-17,AP,53.0,Norte,Brasil
2025-08-24,AP,49.0,Norte,Brasil
2025-08-31,AP,32.0,Norte,Brasil
2025-09-07,AP,30.0,Norte,Brasil
2025-09-14,AP,27.0,Norte,Brasil
2025-09-21,AP,46.0,Norte,Brasil
2025-09-28,AP,25.0,Norte,Brasil
2025-10-05,AP,26.0,Norte,Brasil
2025-10-12,AP,24.0,Norte,Brasil
2025-10-19,AP,7.0,Norte,Brasil
2025-10-26,AP,16.0,Norte,Brasil
2025-11-02,AP,13.0,Norte,Brasil
2025-11-09,AP,6.0,Norte,Brasil
2025-11-16,AP,8.0,Norte,Brasil
2025-11-23,AP,4.0,Norte,Brasil
2025-11-30,AP,2.0,Norte,Brasil
2025-12-07,AP,4.0,Norte,Brasil
2025-12-14,AP,3.0,Norte,Brasil
2025-12-21,AP,8.0,Norte,Brasil
2025-12-28,AP,5.0,Norte,Brasil
2026-01-04,AP,16.0,Norte,Brasil
2026-01-11,AP,11.0,Norte,Brasil
2026-01-18,AP,19.0,Norte,Brasil
2026-01-25,AP,16.0,Norte,Brasil
2026-02-01,AP,9.0,Norte,Brasil
2026-02-08,AP,22.0,Norte,Brasil
2026-02-15,AP,19.0,Norte,Brasil
2026-02-22,AP,28.0,Norte,Brasil
2026-03-01,AP,29.0,Norte,Brasil
2026-03-08,AP,27.0,Norte,Brasil
2026-03-15,AP,40.0,Norte,Brasil
2026-03-22,AP,14.0,Norte,Brasil
2026-03-29,AP,20.0,Norte,Brasil
2026-04-05,AP,6.0,Norte,Brasil
2026-04-12,AP,6.0,Norte,Brasil
2026-04-19,AP,6.0,Norte,Brasil
2015-01-04,BA,9.0,Nordeste,Brasil
2015-01-11,BA,287.0,Nordeste,Brasil
2015-01-18,BA,277.0,Nordeste,Brasil
2015-01-25,BA,339.0,Nordeste,Brasil
2015-02-01,BA,470.0,Nordeste,Brasil
2015-02-08,BA,588.0,Nordeste,Brasil
2015-02-15,BA,712.0,Nordeste,Brasil
2015-02-22,BA,615.0,Nordeste,Brasil
2015-03-01,BA,1298.0,Nordeste,Brasil
2015-03-08,BA,1620.0,Nordeste,Brasil
2015-03-15,BA,2133.0,Nordeste,Brasil
2015-03-22,BA,3165.0,Nordeste,Brasil
2015-03-29,BA,4409.0,Nordeste,Brasil
2015-04-05,BA,3592.0,Nordeste,Brasil
2015-04-12,BA,4138.0,Nordeste,Brasil
2015-04-19,BA,4277.0,Nordeste,Brasil
2015-04-26,BA,2994.0,Nordeste,Brasil
2015-05-03,BA,2752.0,Nordeste,Brasil
2015-05-10,BA,3349.0,Nordeste,Brasil
2015-05-17,BA,3139.0,Nordeste,Brasil
2015-05-24,BA,2662.0,Nordeste,Brasil
2015-05-31,BA,3172.0,Nordeste,Brasil
2015-06-07,BA,1916.0,Nordeste,Brasil
2015-06-14,BA,2058.0,Nordeste,Brasil
2015-06-21,BA,2093.0,Nordeste,Brasil
2015-06-28,BA,1090.0,Nordeste,Brasil
2015-07-05,BA,1253.0,Nordeste,Brasil
2015-07-12,BA,1621.0,Nordeste,Brasil
2015-07-19,BA,1970.0,Nordeste,Brasil
2015-07-26,BA,1619.0,Nordeste,Brasil
2015-08-02,BA,1628.0,Nordeste,Brasil
2015-08-09,BA,1232.0,Nordeste,Brasil
2015-08-16,BA,1088.0,Nordeste,Brasil
2015-08-23,BA,845.0,Nordeste,Brasil
2015-08-30,BA,778.0,Nordeste,Brasil
2015-09-06,BA,780.0,Nordeste,Brasil
2015-09-13,BA,719.0,Nordeste,Brasil
2015-09-20,BA,842.0,Nordeste,Brasil
2015-09-27,BA,750.0,Nordeste,Brasil
2015-10-04,BA,698.0,Nordeste,Brasil
2015-10-11,BA,667.0,Nordeste,Brasil
2015-10-18,BA,523.0,Nordeste,Brasil
2015-10-25,BA,489.0,Nordeste,Brasil
2015-11-01,BA,375.0,Nordeste,Brasil
2015-11-08,BA,641.0,Nordeste,Brasil
2015-11-15,BA,772.0,Nordeste,Brasil
2015-11-22,BA,739.0,Nordeste,Brasil
2015-11-29,BA,731.0,Nordeste,Brasil
2015-12-06,BA,1043.0,Nordeste,Brasil
2015-12-13,BA,1424.0,Nordeste,Brasil
2015-12-20,BA,1357.0,Nordeste,Brasil
2015-12-27,BA,747.0,Nordeste,Brasil
2016-01-03,BA,747.0,Nordeste,Brasil
2016-01-10,BA,1742.0,Nordeste,Brasil
2016-01-17,BA,1868.0,Nordeste,Brasil
2016-01-24,BA,1993.0,Nordeste,Brasil
2016-01-31,BA,2631.0,Nordeste,Brasil
2016-02-07,BA,3394.0,Nordeste,Brasil
2016-02-14,BA,3349.0,Nordeste,Brasil
2016-02-21,BA,7702.0,Nordeste,Brasil
2016-02-28,BA,8502.0,Nordeste,Brasil
2016-03-06,BA,7701.0,Nordeste,Brasil
2016-03-13,BA,6828.0,Nordeste,Brasil
2016-03-20,BA,5269.0,Nordeste,Brasil
2016-03-27,BA,4159.0,Nordeste,Brasil
2016-04-03,BA,4302.0,Nordeste,Brasil
2016-04-10,BA,3490.0,Nordeste,Brasil
2016-04-17,BA,3047.0,Nordeste,Brasil
2016-04-24,BA,1940.0,Nordeste,Brasil
2016-05-01,BA,1827.0,Nordeste,Brasil
2016-05-08,BA,1427.0,Nordeste,Brasil
2016-05-15,BA,1432.0,Nordeste,Brasil
2016-05-22,BA,1066.0,Nordeste,Brasil
2016-05-29,BA,650.0,Nordeste,Brasil
2016-06-05,BA,622.0,Nordeste,Brasil
2016-06-12,BA,673.0,Nordeste,Brasil
2016-06-19,BA,499.0,Nordeste,Brasil
2016-06-26,BA,300.0,Nordeste,Brasil
2016-07-03,BA,365.0,Nordeste,Brasil
2016-07-10,BA,305.0,Nordeste,Brasil
2016-07-17,BA,311.0,Nordeste,Brasil
2016-07-24,BA,280.0,Nordeste,Brasil
2016-07-31,BA,262.0,Nordeste,Brasil
2016-08-07,BA,199.0,Nordeste,Brasil
2016-08-14,BA,248.0,Nordeste,Brasil
2016-08-21,BA,219.0,Nordeste,Brasil
2016-08-28,BA,184.0,Nordeste,Brasil
2016-09-04,BA,184.0,Nordeste,Brasil
2016-09-11,BA,170.0,Nordeste,Brasil
2016-09-18,BA,221.0,Nordeste,Brasil
2016-09-25,BA,178.0,Nordeste,Brasil
2016-10-02,BA,154.0,Nordeste,Brasil
2016-10-09,BA,191.0,Nordeste,Brasil
2016-10-16,BA,186.0,Nordeste,Brasil
2016-10-23,BA,276.0,Nordeste,Brasil
2016-10-30,BA,319.0,Nordeste,Brasil
2016-11-06,BA,247.0,Nordeste,Brasil
2016-11-13,BA,263.0,Nordeste,Brasil
2016-11-20,BA,243.0,Nordeste,Brasil
2016-11-27,BA,283.0,Nordeste,Brasil
2016-12-04,BA,331.0,Nordeste,Brasil
2016-12-11,BA,272.0,Nordeste,Brasil
2016-12-18,BA,314.0,Nordeste,Brasil
2016-12-25,BA,281.0,Nordeste,Brasil
2017-01-01,BA,450.0,Nordeste,Brasil
2017-01-08,BA,638.0,Nordeste,Brasil
2017-01-15,BA,634.0,Nordeste,Brasil
2017-01-22,BA,699.0,Nordeste,Brasil
2017-01-29,BA,754.0,Nordeste,Brasil
2017-02-05,BA,730.0,Nordeste,Brasil
2017-02-12,BA,519.0,Nordeste,Brasil
2017-02-19,BA,624.0,Nordeste,Brasil
2017-02-26,BA,564.0,Nordeste,Brasil
2017-03-05,BA,373.0,Nordeste,Brasil
2017-03-12,BA,449.0,Nordeste,Brasil
2017-03-19,BA,424.0,Nordeste,Brasil
2017-03-26,BA,567.0,Nordeste,Brasil
2017-04-02,BA,455.0,Nordeste,Brasil
2017-04-09,BA,445.0,Nordeste,Brasil
2017-04-16,BA,343.0,Nordeste,Brasil
2017-04-23,BA,399.0,Nordeste,Brasil
2017-04-30,BA,328.0,Nordeste,Brasil
2017-05-07,BA,377.0,Nordeste,Brasil
2017-05-14,BA,375.0,Nordeste,Brasil
2017-05-21,BA,372.0,Nordeste,Brasil
2017-05-28,BA,331.0,Nordeste,Brasil
2017-06-04,BA,339.0,Nordeste,Brasil
2017-06-11,BA,311.0,Nordeste,Brasil
2017-06-18,BA,229.0,Nordeste,Brasil
2017-06-25,BA,255.0,Nordeste,Brasil
2017-07-02,BA,214.0,Nordeste,Brasil
2017-07-09,BA,254.0,Nordeste,Brasil
2017-07-16,BA,231.0,Nordeste,Brasil
2017-07-23,BA,184.0,Nordeste,Brasil
2017-07-30,BA,185.0,Nordeste,Brasil
2017-08-06,BA,146.0,Nordeste,Brasil
2017-08-13,BA,155.0,Nordeste,Brasil
2017-08-20,BA,171.0,Nordeste,Brasil
2017-08-27,BA,169.0,Nordeste,Brasil
2017-09-03,BA,166.0,Nordeste,Brasil
2017-09-10,BA,116.0,Nordeste,Brasil
2017-09-17,BA,119.0,Nordeste,Brasil
2017-09-24,BA,106.0,Nordeste,Brasil
2017-10-01,BA,145.0,Nordeste,Brasil
2017-10-08,BA,115.0,Nordeste,Brasil
2017-10-15,BA,107.0,Nordeste,Brasil
2017-10-22,BA,178.0,Nordeste,Brasil
2017-10-29,BA,152.0,Nordeste,Brasil
2017-11-05,BA,102.0,Nordeste,Brasil
2017-11-12,BA,113.0,Nordeste,Brasil
2017-11-19,BA,110.0,Nordeste,Brasil
2017-11-26,BA,126.0,Nordeste,Brasil
2017-12-03,BA,107.0,Nordeste,Brasil
2017-12-10,BA,108.0,Nordeste,Brasil
2017-12-17,BA,102.0,Nordeste,Brasil
2017-12-24,BA,108.0,Nordeste,Brasil
2017-12-31,BA,118.0,Nordeste,Brasil
2018-01-07,BA,154.0,Nordeste,Brasil
2018-01-14,BA,148.0,Nordeste,Brasil
2018-01-21,BA,268.0,Nordeste,Brasil
2018-01-28,BA,269.0,Nordeste,Brasil
2018-02-04,BA,234.0,Nordeste,Brasil
2018-02-11,BA,215.0,Nordeste,Brasil
2018-02-18,BA,174.0,Nordeste,Brasil
2018-02-25,BA,307.0,Nordeste,Brasil
2018-03-04,BA,334.0,Nordeste,Brasil
2018-03-11,BA,404.0,Nordeste,Brasil
2018-03-18,BA,375.0,Nordeste,Brasil
2018-03-25,BA,354.0,Nordeste,Brasil
2018-04-01,BA,303.0,Nordeste,Brasil
2018-04-08,BA,396.0,Nordeste,Brasil
2018-04-15,BA,523.0,Nordeste,Brasil
2018-04-22,BA,630.0,Nordeste,Brasil
2018-04-29,BA,606.0,Nordeste,Brasil
2018-05-06,BA,527.0,Nordeste,Brasil
2018-05-13,BA,580.0,Nordeste,Brasil
2018-05-20,BA,538.0,Nordeste,Brasil
2018-05-27,BA,429.0,Nordeste,Brasil
2018-06-03,BA,377.0,Nordeste,Brasil
2018-06-10,BA,389.0,Nordeste,Brasil
2018-06-17,BA,401.0,Nordeste,Brasil
2018-06-24,BA,269.0,Nordeste,Brasil
2018-07-01,BA,176.0,Nordeste,Brasil
2018-07-08,BA,177.0,Nordeste,Brasil
2018-07-15,BA,226.0,Nordeste,Brasil
2018-07-22,BA,157.0,Nordeste,Brasil
2018-07-29,BA,188.0,Nordeste,Brasil
2018-08-05,BA,194.0,Nordeste,Brasil
2018-08-12,BA,204.0,Nordeste,Brasil
2018-08-19,BA,151.0,Nordeste,Brasil
2018-08-26,BA,226.0,Nordeste,Brasil
2018-09-02,BA,190.0,Nordeste,Brasil
2018-09-09,BA,136.0,Nordeste,Brasil
2018-09-16,BA,160.0,Nordeste,Brasil
2018-09-23,BA,148.0,Nordeste,Brasil
2018-09-30,BA,150.0,Nordeste,Brasil
2018-10-07,BA,197.0,Nordeste,Brasil
2018-10-14,BA,133.0,Nordeste,Brasil
2018-10-21,BA,196.0,Nordeste,Brasil
2018-10-28,BA,195.0,Nordeste,Brasil
2018-11-04,BA,170.0,Nordeste,Brasil
2018-11-11,BA,214.0,Nordeste,Brasil
2018-11-18,BA,191.0,Nordeste,Brasil
2018-11-25,BA,214.0,Nordeste,Brasil
2018-12-02,BA,175.0,Nordeste,Brasil
2018-12-09,BA,157.0,Nordeste,Brasil
2018-12-16,BA,199.0,Nordeste,Brasil
2018-12-23,BA,253.0,Nordeste,Brasil
2018-12-30,BA,178.0,Nordeste,Brasil
2019-01-06,BA,237.0,Nordeste,Brasil
2019-01-13,BA,529.0,Nordeste,Brasil
2019-01-20,BA,663.0,Nordeste,Brasil
2019-01-27,BA,850.0,Nordeste,Brasil
2019-02-03,BA,1026.0,Nordeste,Brasil
2019-02-10,BA,1170.0,Nordeste,Brasil
2019-02-17,BA,1609.0,Nordeste,Brasil
2019-02-24,BA,1633.0,Nordeste,Brasil
2019-03-03,BA,1554.0,Nordeste,Brasil
2019-03-10,BA,1184.0,Nordeste,Brasil
2019-03-17,BA,1471.0,Nordeste,Brasil
2019-03-24,BA,1819.0,Nordeste,Brasil
2019-03-31,BA,2099.0,Nordeste,Brasil
2019-04-07,BA,2394.0,Nordeste,Brasil
2019-04-14,BA,2200.0,Nordeste,Brasil
2019-04-21,BA,1871.0,Nordeste,Brasil
2019-04-28,BA,2762.0,Nordeste,Brasil
2019-05-05,BA,3272.0,Nordeste,Brasil
2019-05-12,BA,3722.0,Nordeste,Brasil
2019-05-19,BA,4107.0,Nordeste,Brasil
2019-05-26,BA,4416.0,Nordeste,Brasil
2019-06-02,BA,4135.0,Nordeste,Brasil
2019-06-09,BA,4074.0,Nordeste,Brasil
2019-06-16,BA,3321.0,Nordeste,Brasil
2019-06-23,BA,2413.0,Nordeste,Brasil
2019-06-30,BA,2150.0,Nordeste,Brasil
2019-07-07,BA,2221.0,Nordeste,Brasil
2019-07-14,BA,2426.0,Nordeste,Brasil
2019-07-21,BA,2198.0,Nordeste,Brasil
2019-07-28,BA,1826.0,Nordeste,Brasil
2019-08-04,BA,1570.0,Nordeste,Brasil
2019-08-11,BA,1525.0,Nordeste,Brasil
2019-08-18,BA,1484.0,Nordeste,Brasil
2019-08-25,BA,1270.0,Nordeste,Brasil
2019-09-01,BA,1182.0,Nordeste,Brasil
2019-09-08,BA,1091.0,Nordeste,Brasil
2019-09-15,BA,1012.0,Nordeste,Brasil
2019-09-22,BA,1048.0,Nordeste,Brasil
2019-09-29,BA,885.0,Nordeste,Brasil
2019-10-06,BA,756.0,Nordeste,Brasil
2019-10-13,BA,739.0,Nordeste,Brasil
2019-10-20,BA,740.0,Nordeste,Brasil
2019-10-27,BA,758.0,Nordeste,Brasil
2019-11-03,BA,645.0,Nordeste,Brasil
2019-11-10,BA,709.0,Nordeste,Brasil
2019-11-17,BA,625.0,Nordeste,Brasil
2019-11-24,BA,630.0,Nordeste,Brasil
2019-12-01,BA,611.0,Nordeste,Brasil
2019-12-08,BA,559.0,Nordeste,Brasil
2019-12-15,BA,544.0,Nordeste,Brasil
2019-12-22,BA,475.0,Nordeste,Brasil
2019-12-29,BA,494.0,Nordeste,Brasil
2020-01-05,BA,194.0,Nordeste,Brasil
2020-01-12,BA,445.0,Nordeste,Brasil
2020-01-19,BA,565.0,Nordeste,Brasil
2020-01-26,BA,707.0,Nordeste,Brasil
2020-02-02,BA,894.0,Nordeste,Brasil
2020-02-09,BA,1007.0,Nordeste,Brasil
2020-02-16,BA,1413.0,Nordeste,Brasil
2020-02-23,BA,1616.0,Nordeste,Brasil
2020-03-01,BA,1552.0,Nordeste,Brasil
2020-03-08,BA,2420.0,Nordeste,Brasil
2020-03-15,BA,2909.0,Nordeste,Brasil
2020-03-22,BA,2351.0,Nordeste,Brasil
2020-03-29,BA,1722.0,Nordeste,Brasil
2020-04-05,BA,2479.0,Nordeste,Brasil
2020-04-12,BA,2890.0,Nordeste,Brasil
2020-04-19,BA,4759.0,Nordeste,Brasil
2020-04-26,BA,4412.0,Nordeste,Brasil
2020-05-03,BA,4458.0,Nordeste,Brasil
2020-05-10,BA,5146.0,Nordeste,Brasil
2020-05-17,BA,5077.0,Nordeste,Brasil
2020-05-24,BA,4838.0,Nordeste,Brasil
2020-05-31,BA,3972.0,Nordeste,Brasil
2020-06-07,BA,4357.0,Nordeste,Brasil
2020-06-14,BA,3315.0,Nordeste,Brasil
2020-06-21,BA,3482.0,Nordeste,Brasil
2020-06-28,BA,2246.0,Nordeste,Brasil
2020-07-05,BA,2098.0,Nordeste,Brasil
2020-07-12,BA,1976.0,Nordeste,Brasil
2020-07-19,BA,1564.0,Nordeste,Brasil
2020-07-26,BA,1253.0,Nordeste,Brasil
2020-08-02,BA,950.0,Nordeste,Brasil
2020-08-09,BA,658.0,Nordeste,Brasil
2020-08-16,BA,528.0,Nordeste,Brasil
2020-08-23,BA,456.0,Nordeste,Brasil
2020-08-30,BA,400.0,Nordeste,Brasil
2020-09-06,BA,370.0,Nordeste,Brasil
2020-09-13,BA,262.0,Nordeste,Brasil
2020-09-20,BA,329.0,Nordeste,Brasil
2020-09-27,BA,225.0,Nordeste,Brasil
2020-10-04,BA,227.0,Nordeste,Brasil
2020-10-11,BA,246.0,Nordeste,Brasil
2020-10-18,BA,182.0,Nordeste,Brasil
2020-10-25,BA,225.0,Nordeste,Brasil
2020-11-01,BA,186.0,Nordeste,Brasil
2020-11-08,BA,158.0,Nordeste,Brasil
2020-11-15,BA,156.0,Nordeste,Brasil
2020-11-22,BA,185.0,Nordeste,Brasil
2020-11-29,BA,192.0,Nordeste,Brasil
2020-12-06,BA,181.0,Nordeste,Brasil
2020-12-13,BA,177.0,Nordeste,Brasil
2020-12-20,BA,193.0,Nordeste,Brasil
2020-12-27,BA,112.0,Nordeste,Brasil
2021-01-03,BA,112.0,Nordeste,Brasil
2021-01-10,BA,205.0,Nordeste,Brasil
2021-01-17,BA,343.0,Nordeste,Brasil
2021-01-24,BA,496.0,Nordeste,Brasil
2021-01-31,BA,675.0,Nordeste,Brasil
2021-02-07,BA,841.0,Nordeste,Brasil
2021-02-14,BA,1272.0,Nordeste,Brasil
2021-02-21,BA,1700.0,Nordeste,Brasil
2021-02-28,BA,1818.0,Nordeste,Brasil
2021-03-07,BA,1585.0,Nordeste,Brasil
2021-03-14,BA,1743.0,Nordeste,Brasil
2021-03-21,BA,1837.0,Nordeste,Brasil
2021-03-28,BA,1579.0,Nordeste,Brasil
2021-04-04,BA,1548.0,Nordeste,Brasil
2021-04-11,BA,1784.0,Nordeste,Brasil
2021-04-18,BA,1773.0,Nordeste,Brasil
2021-04-25,BA,1355.0,Nordeste,Brasil
2021-05-02,BA,1465.0,Nordeste,Brasil
2021-05-09,BA,1445.0,Nordeste,Brasil
2021-05-16,BA,1513.0,Nordeste,Brasil
2021-05-23,BA,1327.0,Nordeste,Brasil
2021-05-30,BA,1099.0,Nordeste,Brasil
2021-06-06,BA,816.0,Nordeste,Brasil
2021-06-13,BA,879.0,Nordeste,Brasil
2021-06-20,BA,698.0,Nordeste,Brasil
2021-06-27,BA,457.0,Nordeste,Brasil
2021-07-04,BA,485.0,Nordeste,Brasil
2021-07-11,BA,435.0,Nordeste,Brasil
2021-07-18,BA,359.0,Nordeste,Brasil
2021-07-25,BA,267.0,Nordeste,Brasil
2021-08-01,BA,225.0,Nordeste,Brasil
2021-08-08,BA,210.0,Nordeste,Brasil
2021-08-15,BA,186.0,Nordeste,Brasil
2021-08-22,BA,153.0,Nordeste,Brasil
2021-08-29,BA,155.0,Nordeste,Brasil
2021-09-05,BA,115.0,Nordeste,Brasil
2021-09-12,BA,118.0,Nordeste,Brasil
2021-09-19,BA,132.0,Nordeste,Brasil
2021-09-26,BA,166.0,Nordeste,Brasil
2021-10-03,BA,142.0,Nordeste,Brasil
2021-10-10,BA,123.0,Nordeste,Brasil
2021-10-17,BA,102.0,Nordeste,Brasil
2021-10-24,BA,122.0,Nordeste,Brasil
2021-10-31,BA,137.0,Nordeste,Brasil
2021-11-07,BA,145.0,Nordeste,Brasil
2021-11-14,BA,172.0,Nordeste,Brasil
2021-11-21,BA,210.0,Nordeste,Brasil
2021-11-28,BA,262.0,Nordeste,Brasil
2021-12-05,BA,363.0,Nordeste,Brasil
2021-12-12,BA,474.0,Nordeste,Brasil
2021-12-19,BA,500.0,Nordeste,Brasil
2021-12-26,BA,410.0,Nordeste,Brasil
2022-01-02,BA,412.0,Nordeste,Brasil
2022-01-09,BA,201.0,Nordeste,Brasil
2022-01-16,BA,330.0,Nordeste,Brasil
2022-01-23,BA,311.0,Nordeste,Brasil
2022-01-30,BA,385.0,Nordeste,Brasil
2022-02-06,BA,441.0,Nordeste,Brasil
2022-02-13,BA,577.0,Nordeste,Brasil
2022-02-20,BA,619.0,Nordeste,Brasil
2022-02-27,BA,801.0,Nordeste,Brasil
2022-03-06,BA,808.0,Nordeste,Brasil
2022-03-13,BA,1110.0,Nordeste,Brasil
2022-03-20,BA,1264.0,Nordeste,Brasil
2022-03-27,BA,1593.0,Nordeste,Brasil
2022-04-03,BA,1825.0,Nordeste,Brasil
2022-04-10,BA,1998.0,Nordeste,Brasil
2022-04-17,BA,1560.0,Nordeste,Brasil
2022-04-24,BA,1819.0,Nordeste,Brasil
2022-05-01,BA,2177.0,Nordeste,Brasil
2022-05-08,BA,1986.0,Nordeste,Brasil
2022-05-15,BA,1790.0,Nordeste,Brasil
2022-05-22,BA,1731.0,Nordeste,Brasil
2022-05-29,BA,1415.0,Nordeste,Brasil
2022-06-05,BA,1207.0,Nordeste,Brasil
2022-06-12,BA,981.0,Nordeste,Brasil
2022-06-19,BA,712.0,Nordeste,Brasil
2022-06-26,BA,535.0,Nordeste,Brasil
2022-07-03,BA,563.0,Nordeste,Brasil
2022-07-10,BA,442.0,Nordeste,Brasil
2022-07-17,BA,390.0,Nordeste,Brasil
2022-07-24,BA,389.0,Nordeste,Brasil
2022-07-31,BA,367.0,Nordeste,Brasil
2022-08-07,BA,314.0,Nordeste,Brasil
2022-08-14,BA,302.0,Nordeste,Brasil
2022-08-21,BA,267.0,Nordeste,Brasil
2022-08-28,BA,342.0,Nordeste,Brasil
2022-09-04,BA,250.0,Nordeste,Brasil
2022-09-11,BA,183.0,Nordeste,Brasil
2022-09-18,BA,198.0,Nordeste,Brasil
2022-09-25,BA,181.0,Nordeste,Brasil
2022-10-02,BA,225.0,Nordeste,Brasil
2022-10-09,BA,242.0,Nordeste,Brasil
2022-10-16,BA,223.0,Nordeste,Brasil
2022-10-23,BA,250.0,Nordeste,Brasil
2022-10-30,BA,183.0,Nordeste,Brasil
2022-11-06,BA,190.0,Nordeste,Brasil
2022-11-13,BA,228.0,Nordeste,Brasil
2022-11-20,BA,214.0,Nordeste,Brasil
2022-11-27,BA,259.0,Nordeste,Brasil
2022-12-04,BA,240.0,Nordeste,Brasil
2022-12-11,BA,237.0,Nordeste,Brasil
2022-12-18,BA,272.0,Nordeste,Brasil
2022-12-25,BA,296.0,Nordeste,Brasil
2023-01-01,BA,300.0,Nordeste,Brasil
2023-01-08,BA,392.0,Nordeste,Brasil
2023-01-15,BA,694.0,Nordeste,Brasil
2023-01-22,BA,769.0,Nordeste,Brasil
2023-01-29,BA,1029.0,Nordeste,Brasil
2023-02-05,BA,1125.0,Nordeste,Brasil
2023-02-12,BA,1310.0,Nordeste,Brasil
2023-02-19,BA,1297.0,Nordeste,Brasil
2023-02-26,BA,1062.0,Nordeste,Brasil
2023-03-05,BA,1239.0,Nordeste,Brasil
2023-03-12,BA,1349.0,Nordeste,Brasil
2023-03-19,BA,1369.0,Nordeste,Brasil
2023-03-26,BA,1303.0,Nordeste,Brasil
2023-04-02,BA,1308.0,Nordeste,Brasil
2023-04-09,BA,993.0,Nordeste,Brasil
2023-04-16,BA,1362.0,Nordeste,Brasil
2023-04-23,BA,1398.0,Nordeste,Brasil
2023-04-30,BA,1526.0,Nordeste,Brasil
2023-05-07,BA,1298.0,Nordeste,Brasil
2023-05-14,BA,1528.0,Nordeste,Brasil
2023-05-21,BA,1579.0,Nordeste,Brasil
2023-05-28,BA,1258.0,Nordeste,Brasil
2023-06-04,BA,1354.0,Nordeste,Brasil
2023-06-11,BA,1339.0,Nordeste,Brasil
2023-06-18,BA,1550.0,Nordeste,Brasil
2023-06-25,BA,1265.0,Nordeste,Brasil
2023-07-02,BA,1232.0,Nordeste,Brasil
2023-07-09,BA,1205.0,Nordeste,Brasil
2023-07-16,BA,1343.0,Nordeste,Brasil
2023-07-23,BA,1309.0,Nordeste,Brasil
2023-07-30,BA,1048.0,Nordeste,Brasil
2023-08-06,BA,982.0,Nordeste,Brasil
2023-08-13,BA,899.0,Nordeste,Brasil
2023-08-20,BA,815.0,Nordeste,Brasil
2023-08-27,BA,756.0,Nordeste,Brasil
2023-09-03,BA,690.0,Nordeste,Brasil
2023-09-10,BA,552.0,Nordeste,Brasil
2023-09-17,BA,597.0,Nordeste,Brasil
2023-09-24,BA,440.0,Nordeste,Brasil
2023-10-01,BA,376.0,Nordeste,Brasil
2023-10-08,BA,372.0,Nordeste,Brasil
2023-10-15,BA,312.0,Nordeste,Brasil
2023-10-22,BA,408.0,Nordeste,Brasil
2023-10-29,BA,326.0,Nordeste,Brasil
2023-11-05,BA,309.0,Nordeste,Brasil
2023-11-12,BA,322.0,Nordeste,Brasil
2023-11-19,BA,283.0,Nordeste,Brasil
2023-11-26,BA,362.0,Nordeste,Brasil
2023-12-03,BA,371.0,Nordeste,Brasil
2023-12-10,BA,334.0,Nordeste,Brasil
2023-12-17,BA,446.0,Nordeste,Brasil
2023-12-24,BA,369.0,Nordeste,Brasil
2023-12-31,BA,265.0,Nordeste,Brasil
2024-01-07,BA,384.0,Nordeste,Brasil
2024-01-14,BA,601.0,Nordeste,Brasil
2024-01-21,BA,813.0,Nordeste,Brasil
2024-01-28,BA,1202.0,Nordeste,Brasil
2024-02-04,BA,2156.0,Nordeste,Brasil
2024-02-11,BA,3484.0,Nordeste,Brasil
2024-02-18,BA,4344.0,Nordeste,Brasil
2024-02-25,BA,8639.0,Nordeste,Brasil
2024-03-03,BA,12833.0,Nordeste,Brasil
2024-03-10,BA,15043.0,Nordeste,Brasil
2024-03-17,BA,16359.0,Nordeste,Brasil
2024-03-24,BA,18283.0,Nordeste,Brasil
2024-03-31,BA,16226.0,Nordeste,Brasil
2024-04-07,BA,19386.0,Nordeste,Brasil
2024-04-14,BA,18552.0,Nordeste,Brasil
2024-04-21,BA,16123.0,Nordeste,Brasil
2024-04-28,BA,14075.0,Nordeste,Brasil
2024-05-05,BA,10887.0,Nordeste,Brasil
2024-05-12,BA,10027.0,Nordeste,Brasil
2024-05-19,BA,8374.0,Nordeste,Brasil
2024-05-26,BA,6689.0,Nordeste,Brasil
2024-06-02,BA,4372.0,Nordeste,Brasil
2024-06-09,BA,3670.0,Nordeste,Brasil
2024-06-16,BA,2784.0,Nordeste,Brasil
2024-06-23,BA,1900.0,Nordeste,Brasil
2024-06-30,BA,1516.0,Nordeste,Brasil
2024-07-07,BA,1261.0,Nordeste,Brasil
2024-07-14,BA,1250.0,Nordeste,Brasil
2024-07-21,BA,1019.0,Nordeste,Brasil
2024-07-28,BA,882.0,Nordeste,Brasil
2024-08-04,BA,701.0,Nordeste,Brasil
2024-08-11,BA,666.0,Nordeste,Brasil
2024-08-18,BA,540.0,Nordeste,Brasil
2024-08-25,BA,550.0,Nordeste,Brasil
2024-09-01,BA,394.0,Nordeste,Brasil
2024-09-08,BA,390.0,Nordeste,Brasil
2024-09-15,BA,413.0,Nordeste,Brasil
2024-09-22,BA,375.0,Nordeste,Brasil
2024-09-29,BA,340.0,Nordeste,Brasil
2024-10-06,BA,256.0,Nordeste,Brasil
2024-10-13,BA,244.0,Nordeste,Brasil
2024-10-20,BA,329.0,Nordeste,Brasil
2024-10-27,BA,308.0,Nordeste,Brasil
2024-11-03,BA,280.0,Nordeste,Brasil
2024-11-10,BA,290.0,Nordeste,Brasil
2024-11-17,BA,296.0,Nordeste,Brasil
2024-11-24,BA,357.0,Nordeste,Brasil
2024-12-01,BA,409.0,Nordeste,Brasil
2024-12-08,BA,381.0,Nordeste,Brasil
2024-12-15,BA,485.0,Nordeste,Brasil
2024-12-22,BA,476.0,Nordeste,Brasil
2024-12-29,BA,330.0,Nordeste,Brasil
2025-01-05,BA,262.0,Nordeste,Brasil
2025-01-12,BA,449.0,Nordeste,Brasil
2025-01-19,BA,577.0,Nordeste,Brasil
2025-01-26,BA,827.0,Nordeste,Brasil
2025-02-02,BA,762.0,Nordeste,Brasil
2025-02-09,BA,889.0,Nordeste,Brasil
2025-02-16,BA,946.0,Nordeste,Brasil
2025-02-23,BA,1062.0,Nordeste,Brasil
2025-03-02,BA,984.0,Nordeste,Brasil
2025-03-09,BA,740.0,Nordeste,Brasil
2025-03-16,BA,1138.0,Nordeste,Brasil
2025-03-23,BA,1131.0,Nordeste,Brasil
2025-03-30,BA,1112.0,Nordeste,Brasil
2025-04-06,BA,1238.0,Nordeste,Brasil
2025-04-13,BA,1093.0,Nordeste,Brasil
2025-04-20,BA,879.0,Nordeste,Brasil
2025-04-27,BA,1099.0,Nordeste,Brasil
2025-05-04,BA,1138.0,Nordeste,Brasil
2025-05-11,BA,1112.0,Nordeste,Brasil
2025-05-18,BA,1106.0,Nordeste,Brasil
2025-05-25,BA,1046.0,Nordeste,Brasil
2025-06-01,BA,990.0,Nordeste,Brasil
2025-06-08,BA,926.0,Nordeste,Brasil
2025-06-15,BA,852.0,Nordeste,Brasil
2025-06-22,BA,510.0,Nordeste,Brasil
2025-06-29,BA,379.0,Nordeste,Brasil
2025-07-06,BA,486.0,Nordeste,Brasil
2025-07-13,BA,459.0,Nordeste,Brasil
2025-07-20,BA,419.0,Nordeste,Brasil
2025-07-27,BA,526.0,Nordeste,Brasil
2025-08-03,BA,461.0,Nordeste,Brasil
2025-08-10,BA,366.0,Nordeste,Brasil
2025-08-17,BA,369.0,Nordeste,Brasil
2025-08-24,BA,329.0,Nordeste,Brasil
2025-08-31,BA,356.0,Nordeste,Brasil
2025-09-07,BA,332.0,Nordeste,Brasil
2025-09-14,BA,316.0,Nordeste,Brasil
2025-09-21,BA,347.0,Nordeste,Brasil
2025-09-28,BA,332.0,Nordeste,Brasil
2025-10-05,BA,349.0,Nordeste,Brasil
2025-10-12,BA,282.0,Nordeste,Brasil
2025-10-19,BA,315.0,Nordeste,Brasil
2025-10-26,BA,252.0,Nordeste,Brasil
2025-11-02,BA,310.0,Nordeste,Brasil
2025-11-09,BA,301.0,Nordeste,Brasil
2025-11-16,BA,358.0,Nordeste,Brasil
2025-11-23,BA,269.0,Nordeste,Brasil
2025-11-30,BA,293.0,Nordeste,Brasil
2025-12-07,BA,312.0,Nordeste,Brasil
2025-12-14,BA,308.0,Nordeste,Brasil
2025-12-21,BA,282.0,Nordeste,Brasil
2025-12-28,BA,175.0,Nordeste,Brasil
2026-01-04,BA,147.0,Nordeste,Brasil
2026-01-11,BA,294.0,Nordeste,Brasil
2026-01-18,BA,213.0,Nordeste,Brasil
2026-01-25,BA,275.0,Nordeste,Brasil
2026-02-01,BA,262.0,Nordeste,Brasil
2026-02-08,BA,291.0,Nordeste,Brasil
2026-02-15,BA,344.0,Nordeste,Brasil
2026-02-22,BA,283.0,Nordeste,Brasil
2026-03-01,BA,434.0,Nordeste,Brasil
2026-03-08,BA,537.0,Nordeste,Brasil
2026-03-15,BA,642.0,Nordeste,Brasil
2026-03-22,BA,852.0,Nordeste,Brasil
2026-03-29,BA,726.0,Nordeste,Brasil
2026-04-05,BA,606.0,Nordeste,Brasil
2026-04-12,BA,286.0,Nordeste,Brasil
2026-04-19,BA,3.0,Nordeste,Brasil
2015-01-04,CE,39.0,Nordeste,Brasil
2015-01-11,CE,549.0,Nordeste,Brasil
2015-01-18,CE,618.0,Nordeste,Brasil
2015-01-25,CE,681.0,Nordeste,Brasil
2015-02-01,CE,830.0,Nordeste,Brasil
2015-02-08,CE,937.0,Nordeste,Brasil
2015-02-15,CE,978.0,Nordeste,Brasil
2015-02-22,CE,840.0,Nordeste,Brasil
2015-03-01,CE,1336.0,Nordeste,Brasil
2015-03-08,CE,1785.0,Nordeste,Brasil
2015-03-15,CE,2600.0,Nordeste,Brasil
2015-03-22,CE,2298.0,Nordeste,Brasil
2015-03-29,CE,2748.0,Nordeste,Brasil
2015-04-05,CE,2405.0,Nordeste,Brasil
2015-04-12,CE,3637.0,Nordeste,Brasil
2015-04-19,CE,4445.0,Nordeste,Brasil
2015-04-26,CE,4622.0,Nordeste,Brasil
2015-05-03,CE,5117.0,Nordeste,Brasil
2015-05-10,CE,5472.0,Nordeste,Brasil
2015-05-17,CE,6649.0,Nordeste,Brasil
2015-05-24,CE,6920.0,Nordeste,Brasil
2015-05-31,CE,6336.0,Nordeste,Brasil
2015-06-07,CE,4987.0,Nordeste,Brasil
2015-06-14,CE,4919.0,Nordeste,Brasil
2015-06-21,CE,4543.0,Nordeste,Brasil
2015-06-28,CE,4145.0,Nordeste,Brasil
2015-07-05,CE,3263.0,Nordeste,Brasil
2015-07-12,CE,2819.0,Nordeste,Brasil
2015-07-19,CE,2293.0,Nordeste,Brasil
2015-07-26,CE,2231.0,Nordeste,Brasil
2015-08-02,CE,1725.0,Nordeste,Brasil
2015-08-09,CE,1779.0,Nordeste,Brasil
2015-08-16,CE,1577.0,Nordeste,Brasil
2015-08-23,CE,1335.0,Nordeste,Brasil
2015-08-30,CE,1110.0,Nordeste,Brasil
2015-09-06,CE,800.0,Nordeste,Brasil
2015-09-13,CE,696.0,Nordeste,Brasil
2015-09-20,CE,641.0,Nordeste,Brasil
2015-09-27,CE,538.0,Nordeste,Brasil
2015-10-04,CE,456.0,Nordeste,Brasil
2015-10-11,CE,448.0,Nordeste,Brasil
2015-10-18,CE,351.0,Nordeste,Brasil
2015-10-25,CE,358.0,Nordeste,Brasil
2015-11-01,CE,245.0,Nordeste,Brasil
2015-11-08,CE,238.0,Nordeste,Brasil
2015-11-15,CE,293.0,Nordeste,Brasil
2015-11-22,CE,307.0,Nordeste,Brasil
2015-11-29,CE,257.0,Nordeste,Brasil
2015-12-06,CE,337.0,Nordeste,Brasil
2015-12-13,CE,440.0,Nordeste,Brasil
2015-12-20,CE,411.0,Nordeste,Brasil
2015-12-27,CE,273.0,Nordeste,Brasil
2016-01-03,CE,273.0,Nordeste,Brasil
2016-01-10,CE,619.0,Nordeste,Brasil
2016-01-17,CE,565.0,Nordeste,Brasil
2016-01-24,CE,743.0,Nordeste,Brasil
2016-01-31,CE,960.0,Nordeste,Brasil
2016-02-07,CE,1183.0,Nordeste,Brasil
2016-02-14,CE,965.0,Nordeste,Brasil
2016-02-21,CE,1823.0,Nordeste,Brasil
2016-02-28,CE,1921.0,Nordeste,Brasil
2016-03-06,CE,1976.0,Nordeste,Brasil
2016-03-13,CE,2101.0,Nordeste,Brasil
2016-03-20,CE,2423.0,Nordeste,Brasil
2016-03-27,CE,2328.0,Nordeste,Brasil
2016-04-03,CE,3361.0,Nordeste,Brasil
2016-04-10,CE,3556.0,Nordeste,Brasil
2016-04-17,CE,4149.0,Nordeste,Brasil
2016-04-24,CE,4613.0,Nordeste,Brasil
2016-05-01,CE,5635.0,Nordeste,Brasil
2016-05-08,CE,5321.0,Nordeste,Brasil
2016-05-15,CE,5348.0,Nordeste,Brasil
2016-05-22,CE,5619.0,Nordeste,Brasil
2016-05-29,CE,4781.0,Nordeste,Brasil
2016-06-05,CE,4243.0,Nordeste,Brasil
2016-06-12,CE,3784.0,Nordeste,Brasil
2016-06-19,CE,3693.0,Nordeste,Brasil
2016-06-26,CE,3157.0,Nordeste,Brasil
2016-07-03,CE,2989.0,Nordeste,Brasil
2016-07-10,CE,2583.0,Nordeste,Brasil
2016-07-17,CE,2011.0,Nordeste,Brasil
2016-07-24,CE,1872.0,Nordeste,Brasil
2016-07-31,CE,1544.0,Nordeste,Brasil
2016-08-07,CE,1370.0,Nordeste,Brasil
2016-08-14,CE,1143.0,Nordeste,Brasil
2016-08-21,CE,1050.0,Nordeste,Brasil
2016-08-28,CE,1029.0,Nordeste,Brasil
2016-09-04,CE,903.0,Nordeste,Brasil
2016-09-11,CE,579.0,Nordeste,Brasil
2016-09-18,CE,681.0,Nordeste,Brasil
2016-09-25,CE,605.0,Nordeste,Brasil
2016-10-02,CE,578.0,Nordeste,Brasil
2016-10-09,CE,501.0,Nordeste,Brasil
2016-10-16,CE,467.0,Nordeste,Brasil
2016-10-23,CE,591.0,Nordeste,Brasil
2016-10-30,CE,485.0,Nordeste,Brasil
2016-11-06,CE,433.0,Nordeste,Brasil
2016-11-13,CE,598.0,Nordeste,Brasil
2016-11-20,CE,686.0,Nordeste,Brasil
2016-11-27,CE,644.0,Nordeste,Brasil
2016-12-04,CE,675.0,Nordeste,Brasil
2016-12-11,CE,517.0,Nordeste,Brasil
2016-12-18,CE,483.0,Nordeste,Brasil
2016-12-25,CE,376.0,Nordeste,Brasil
2017-01-01,CE,323.0,Nordeste,Brasil
2017-01-08,CE,601.0,Nordeste,Brasil
2017-01-15,CE,653.0,Nordeste,Brasil
2017-01-22,CE,918.0,Nordeste,Brasil
2017-01-29,CE,1151.0,Nordeste,Brasil
2017-02-05,CE,1536.0,Nordeste,Brasil
2017-02-12,CE,1857.0,Nordeste,Brasil
2017-02-19,CE,2259.0,Nordeste,Brasil
2017-02-26,CE,2047.0,Nordeste,Brasil
2017-03-05,CE,1968.0,Nordeste,Brasil
2017-03-12,CE,2887.0,Nordeste,Brasil
2017-03-19,CE,3079.0,Nordeste,Brasil
2017-03-26,CE,3460.0,Nordeste,Brasil
2017-04-02,CE,4620.0,Nordeste,Brasil
2017-04-09,CE,5386.0,Nordeste,Brasil
2017-04-16,CE,5533.0,Nordeste,Brasil
2017-04-23,CE,5493.0,Nordeste,Brasil
2017-04-30,CE,5779.0,Nordeste,Brasil
2017-05-07,CE,3944.0,Nordeste,Brasil
2017-05-14,CE,4078.0,Nordeste,Brasil
2017-05-21,CE,3655.0,Nordeste,Brasil
2017-05-28,CE,2856.0,Nordeste,Brasil
2017-06-04,CE,2566.0,Nordeste,Brasil
2017-06-11,CE,2253.0,Nordeste,Brasil
2017-06-18,CE,1603.0,Nordeste,Brasil
2017-06-25,CE,1338.0,Nordeste,Brasil
2017-07-02,CE,1091.0,Nordeste,Brasil
2017-07-09,CE,964.0,Nordeste,Brasil
2017-07-16,CE,807.0,Nordeste,Brasil
2017-07-23,CE,546.0,Nordeste,Brasil
2017-07-30,CE,569.0,Nordeste,Brasil
2017-08-06,CE,460.0,Nordeste,Brasil
2017-08-13,CE,386.0,Nordeste,Brasil
2017-08-20,CE,344.0,Nordeste,Brasil
2017-08-27,CE,305.0,Nordeste,Brasil
2017-09-03,CE,231.0,Nordeste,Brasil
2017-09-10,CE,221.0,Nordeste,Brasil
2017-09-17,CE,274.0,Nordeste,Brasil
2017-09-24,CE,463.0,Nordeste,Brasil
2017-10-01,CE,566.0,Nordeste,Brasil
2017-10-08,CE,342.0,Nordeste,Brasil
2017-10-15,CE,365.0,Nordeste,Brasil
2017-10-22,CE,206.0,Nordeste,Brasil
2017-10-29,CE,157.0,Nordeste,Brasil
2017-11-05,CE,173.0,Nordeste,Brasil
2017-11-12,CE,220.0,Nordeste,Brasil
2017-11-19,CE,251.0,Nordeste,Brasil
2017-11-26,CE,193.0,Nordeste,Brasil
2017-12-03,CE,159.0,Nordeste,Brasil
2017-12-10,CE,138.0,Nordeste,Brasil
2017-12-17,CE,140.0,Nordeste,Brasil
2017-12-24,CE,146.0,Nordeste,Brasil
2017-12-31,CE,93.0,Nordeste,Brasil
2018-01-07,CE,159.0,Nordeste,Brasil
2018-01-14,CE,254.0,Nordeste,Brasil
2018-01-21,CE,240.0,Nordeste,Brasil
2018-01-28,CE,235.0,Nordeste,Brasil
2018-02-04,CE,325.0,Nordeste,Brasil
2018-02-11,CE,361.0,Nordeste,Brasil
2018-02-18,CE,283.0,Nordeste,Brasil
2018-02-25,CE,447.0,Nordeste,Brasil
2018-03-04,CE,450.0,Nordeste,Brasil
2018-03-11,CE,528.0,Nordeste,Brasil
2018-03-18,CE,559.0,Nordeste,Brasil
2018-03-25,CE,485.0,Nordeste,Brasil
2018-04-01,CE,603.0,Nordeste,Brasil
2018-04-08,CE,829.0,Nordeste,Brasil
2018-04-15,CE,939.0,Nordeste,Brasil
2018-04-22,CE,914.0,Nordeste,Brasil
2018-04-29,CE,604.0,Nordeste,Brasil
2018-05-06,CE,444.0,Nordeste,Brasil
2018-05-13,CE,421.0,Nordeste,Brasil
2018-05-20,CE,401.0,Nordeste,Brasil
2018-05-27,CE,358.0,Nordeste,Brasil
2018-06-03,CE,310.0,Nordeste,Brasil
2018-06-10,CE,302.0,Nordeste,Brasil
2018-06-17,CE,309.0,Nordeste,Brasil
2018-06-24,CE,289.0,Nordeste,Brasil
2018-07-01,CE,263.0,Nordeste,Brasil
2018-07-08,CE,252.0,Nordeste,Brasil
2018-07-15,CE,293.0,Nordeste,Brasil
2018-07-22,CE,254.0,Nordeste,Brasil
2018-07-29,CE,200.0,Nordeste,Brasil
2018-08-05,CE,211.0,Nordeste,Brasil
2018-08-12,CE,229.0,Nordeste,Brasil
2018-08-19,CE,210.0,Nordeste,Brasil
2018-08-26,CE,193.0,Nordeste,Brasil
2018-09-02,CE,165.0,Nordeste,Brasil
2018-09-09,CE,136.0,Nordeste,Brasil
2018-09-16,CE,141.0,Nordeste,Brasil
2018-09-23,CE,133.0,Nordeste,Brasil
2018-09-30,CE,148.0,Nordeste,Brasil
2018-10-07,CE,123.0,Nordeste,Brasil
2018-10-14,CE,124.0,Nordeste,Brasil
2018-10-21,CE,105.0,Nordeste,Brasil
2018-10-28,CE,114.0,Nordeste,Brasil
2018-11-04,CE,87.0,Nordeste,Brasil
2018-11-11,CE,95.0,Nordeste,Brasil
2018-11-18,CE,85.0,Nordeste,Brasil
2018-11-25,CE,91.0,Nordeste,Brasil
2018-12-02,CE,96.0,Nordeste,Brasil
2018-12-09,CE,119.0,Nordeste,Brasil
2018-12-16,CE,98.0,Nordeste,Brasil
2018-12-23,CE,100.0,Nordeste,Brasil
2018-12-30,CE,82.0,Nordeste,Brasil
2019-01-06,CE,117.0,Nordeste,Brasil
2019-01-13,CE,153.0,Nordeste,Brasil
2019-01-20,CE,192.0,Nordeste,Brasil
2019-01-27,CE,284.0,Nordeste,Brasil
2019-02-03,CE,265.0,Nordeste,Brasil
2019-02-10,CE,348.0,Nordeste,Brasil
2019-02-17,CE,376.0,Nordeste,Brasil
2019-02-24,CE,497.0,Nordeste,Brasil
2019-03-03,CE,496.0,Nordeste,Brasil
2019-03-10,CE,408.0,Nordeste,Brasil
2019-03-17,CE,728.0,Nordeste,Brasil
2019-03-24,CE,713.0,Nordeste,Brasil
2019-03-31,CE,947.0,Nordeste,Brasil
2019-04-07,CE,1424.0,Nordeste,Brasil
2019-04-14,CE,1657.0,Nordeste,Brasil
2019-04-21,CE,1321.0,Nordeste,Brasil
2019-04-28,CE,1493.0,Nordeste,Brasil
2019-05-05,CE,1382.0,Nordeste,Brasil
2019-05-12,CE,1506.0,Nordeste,Brasil
2019-05-19,CE,1408.0,Nordeste,Brasil
2019-05-26,CE,1343.0,Nordeste,Brasil
2019-06-02,CE,1415.0,Nordeste,Brasil
2019-06-09,CE,1265.0,Nordeste,Brasil
2019-06-16,CE,1151.0,Nordeste,Brasil
2019-06-23,CE,1043.0,Nordeste,Brasil
2019-06-30,CE,1034.0,Nordeste,Brasil
2019-07-07,CE,903.0,Nordeste,Brasil
2019-07-14,CE,843.0,Nordeste,Brasil
2019-07-21,CE,689.0,Nordeste,Brasil
2019-07-28,CE,667.0,Nordeste,Brasil
2019-08-04,CE,728.0,Nordeste,Brasil
2019-08-11,CE,692.0,Nordeste,Brasil
2019-08-18,CE,577.0,Nordeste,Brasil
2019-08-25,CE,553.0,Nordeste,Brasil
2019-09-01,CE,487.0,Nordeste,Brasil
2019-09-08,CE,435.0,Nordeste,Brasil
2019-09-15,CE,405.0,Nordeste,Brasil
2019-09-22,CE,372.0,Nordeste,Brasil
2019-09-29,CE,320.0,Nordeste,Brasil
2019-10-06,CE,288.0,Nordeste,Brasil
2019-10-13,CE,216.0,Nordeste,Brasil
2019-10-20,CE,189.0,Nordeste,Brasil
2019-10-27,CE,231.0,Nordeste,Brasil
2019-11-03,CE,214.0,Nordeste,Brasil
2019-11-10,CE,246.0,Nordeste,Brasil
2019-11-17,CE,192.0,Nordeste,Brasil
2019-11-24,CE,210.0,Nordeste,Brasil
2019-12-01,CE,192.0,Nordeste,Brasil
2019-12-08,CE,215.0,Nordeste,Brasil
2019-12-15,CE,172.0,Nordeste,Brasil
2019-12-22,CE,180.0,Nordeste,Brasil
2019-12-29,CE,145.0,Nordeste,Brasil
2020-01-05,CE,55.0,Nordeste,Brasil
2020-01-12,CE,105.0,Nordeste,Brasil
2020-01-19,CE,153.0,Nordeste,Brasil
2020-01-26,CE,206.0,Nordeste,Brasil
2020-02-02,CE,226.0,Nordeste,Brasil
2020-02-09,CE,390.0,Nordeste,Brasil
2020-02-16,CE,528.0,Nordeste,Brasil
2020-02-23,CE,586.0,Nordeste,Brasil
2020-03-01,CE,755.0,Nordeste,Brasil
2020-03-08,CE,808.0,Nordeste,Brasil
2020-03-15,CE,1086.0,Nordeste,Brasil
2020-03-22,CE,744.0,Nordeste,Brasil
2020-03-29,CE,465.0,Nordeste,Brasil
2020-04-05,CE,622.0,Nordeste,Brasil
2020-04-12,CE,705.0,Nordeste,Brasil
2020-04-19,CE,1124.0,Nordeste,Brasil
2020-04-26,CE,1151.0,Nordeste,Brasil
2020-05-03,CE,1140.0,Nordeste,Brasil
2020-05-10,CE,1143.0,Nordeste,Brasil
2020-05-17,CE,899.0,Nordeste,Brasil
2020-05-24,CE,861.0,Nordeste,Brasil
2020-05-31,CE,738.0,Nordeste,Brasil
2020-06-07,CE,756.0,Nordeste,Brasil
2020-06-14,CE,661.0,Nordeste,Brasil
2020-06-21,CE,745.0,Nordeste,Brasil
2020-06-28,CE,737.0,Nordeste,Brasil
2020-07-05,CE,734.0,Nordeste,Brasil
2020-07-12,CE,649.0,Nordeste,Brasil
2020-07-19,CE,606.0,Nordeste,Brasil
2020-07-26,CE,590.0,Nordeste,Brasil
2020-08-02,CE,488.0,Nordeste,Brasil
2020-08-09,CE,456.0,Nordeste,Brasil
2020-08-16,CE,411.0,Nordeste,Brasil
2020-08-23,CE,369.0,Nordeste,Brasil
2020-08-30,CE,298.0,Nordeste,Brasil
2020-09-06,CE,219.0,Nordeste,Brasil
2020-09-13,CE,196.0,Nordeste,Brasil
2020-09-20,CE,181.0,Nordeste,Brasil
2020-09-27,CE,168.0,Nordeste,Brasil
2020-10-04,CE,130.0,Nordeste,Brasil
2020-10-11,CE,100.0,Nordeste,Brasil
2020-10-18,CE,108.0,Nordeste,Brasil
2020-10-25,CE,101.0,Nordeste,Brasil
2020-11-01,CE,88.0,Nordeste,Brasil
2020-11-08,CE,95.0,Nordeste,Brasil
2020-11-15,CE,94.0,Nordeste,Brasil
2020-11-22,CE,112.0,Nordeste,Brasil
2020-11-29,CE,88.0,Nordeste,Brasil
2020-12-06,CE,84.0,Nordeste,Brasil
2020-12-13,CE,100.0,Nordeste,Brasil
2020-12-20,CE,102.0,Nordeste,Brasil
2020-12-27,CE,62.0,Nordeste,Brasil
2021-01-03,CE,62.0,Nordeste,Brasil
2021-01-10,CE,110.0,Nordeste,Brasil
2021-01-17,CE,237.0,Nordeste,Brasil
2021-01-24,CE,233.0,Nordeste,Brasil
2021-01-31,CE,279.0,Nordeste,Brasil
2021-02-07,CE,353.0,Nordeste,Brasil
2021-02-14,CE,383.0,Nordeste,Brasil
2021-02-21,CE,478.0,Nordeste,Brasil
2021-02-28,CE,539.0,Nordeste,Brasil
2021-03-07,CE,546.0,Nordeste,Brasil
2021-03-14,CE,660.0,Nordeste,Brasil
2021-03-21,CE,648.0,Nordeste,Brasil
2021-03-28,CE,636.0,Nordeste,Brasil
2021-04-04,CE,643.0,Nordeste,Brasil
2021-04-11,CE,1101.0,Nordeste,Brasil
2021-04-18,CE,1174.0,Nordeste,Brasil
2021-04-25,CE,1326.0,Nordeste,Brasil
2021-05-02,CE,1754.0,Nordeste,Brasil
2021-05-09,CE,1940.0,Nordeste,Brasil
2021-05-16,CE,2481.0,Nordeste,Brasil
2021-05-23,CE,2756.0,Nordeste,Brasil
2021-05-30,CE,2836.0,Nordeste,Brasil
2021-06-06,CE,3145.0,Nordeste,Brasil
2021-06-13,CE,3916.0,Nordeste,Brasil
2021-06-20,CE,3730.0,Nordeste,Brasil
2021-06-27,CE,3716.0,Nordeste,Brasil
2021-07-04,CE,3229.0,Nordeste,Brasil
2021-07-11,CE,3187.0,Nordeste,Brasil
2021-07-18,CE,3214.0,Nordeste,Brasil
2021-07-25,CE,2835.0,Nordeste,Brasil
2021-08-01,CE,2419.0,Nordeste,Brasil
2021-08-08,CE,2111.0,Nordeste,Brasil
2021-08-15,CE,1907.0,Nordeste,Brasil
2021-08-22,CE,1773.0,Nordeste,Brasil
2021-08-29,CE,1535.0,Nordeste,Brasil
2021-09-05,CE,1077.0,Nordeste,Brasil
2021-09-12,CE,889.0,Nordeste,Brasil
2021-09-19,CE,1004.0,Nordeste,Brasil
2021-09-26,CE,845.0,Nordeste,Brasil
2021-10-03,CE,767.0,Nordeste,Brasil
2021-10-10,CE,630.0,Nordeste,Brasil
2021-10-17,CE,530.0,Nordeste,Brasil
2021-10-24,CE,601.0,Nordeste,Brasil
2021-10-31,CE,554.0,Nordeste,Brasil
2021-11-07,CE,538.0,Nordeste,Brasil
2021-11-14,CE,510.0,Nordeste,Brasil
2021-11-21,CE,468.0,Nordeste,Brasil
2021-11-28,CE,427.0,Nordeste,Brasil
2021-12-05,CE,466.0,Nordeste,Brasil
2021-12-12,CE,496.0,Nordeste,Brasil
2021-12-19,CE,750.0,Nordeste,Brasil
2021-12-26,CE,580.0,Nordeste,Brasil
2022-01-02,CE,291.0,Nordeste,Brasil
2022-01-09,CE,59.0,Nordeste,Brasil
2022-01-16,CE,107.0,Nordeste,Brasil
2022-01-23,CE,98.0,Nordeste,Brasil
2022-01-30,CE,76.0,Nordeste,Brasil
2022-02-06,CE,107.0,Nordeste,Brasil
2022-02-13,CE,138.0,Nordeste,Brasil
2022-02-20,CE,336.0,Nordeste,Brasil
2022-02-27,CE,368.0,Nordeste,Brasil
2022-03-06,CE,395.0,Nordeste,Brasil
2022-03-13,CE,578.0,Nordeste,Brasil
2022-03-20,CE,613.0,Nordeste,Brasil
2022-03-27,CE,662.0,Nordeste,Brasil
2022-04-03,CE,842.0,Nordeste,Brasil
2022-04-10,CE,1309.0,Nordeste,Brasil
2022-04-17,CE,1174.0,Nordeste,Brasil
2022-04-24,CE,1569.0,Nordeste,Brasil
2022-05-01,CE,1728.0,Nordeste,Brasil
2022-05-08,CE,2032.0,Nordeste,Brasil
2022-05-15,CE,2381.0,Nordeste,Brasil
2022-05-22,CE,2774.0,Nordeste,Brasil
2022-05-29,CE,2521.0,Nordeste,Brasil
2022-06-05,CE,2648.0,Nordeste,Brasil
2022-06-12,CE,2498.0,Nordeste,Brasil
2022-06-19,CE,2017.0,Nordeste,Brasil
2022-06-26,CE,2003.0,Nordeste,Brasil
2022-07-03,CE,1505.0,Nordeste,Brasil
2022-07-10,CE,1290.0,Nordeste,Brasil
2022-07-17,CE,1034.0,Nordeste,Brasil
2022-07-24,CE,1025.0,Nordeste,Brasil
2022-07-31,CE,1003.0,Nordeste,Brasil
2022-08-07,CE,1097.0,Nordeste,Brasil
2022-08-14,CE,887.0,Nordeste,Brasil
2022-08-21,CE,787.0,Nordeste,Brasil
2022-08-28,CE,724.0,Nordeste,Brasil
2022-09-04,CE,585.0,Nordeste,Brasil
2022-09-11,CE,432.0,Nordeste,Brasil
2022-09-18,CE,485.0,Nordeste,Brasil
2022-09-25,CE,375.0,Nordeste,Brasil
2022-10-02,CE,330.0,Nordeste,Brasil
2022-10-09,CE,281.0,Nordeste,Brasil
2022-10-16,CE,215.0,Nordeste,Brasil
2022-10-23,CE,167.0,Nordeste,Brasil
2022-10-30,CE,162.0,Nordeste,Brasil
2022-11-06,CE,126.0,Nordeste,Brasil
2022-11-13,CE,146.0,Nordeste,Brasil
2022-11-20,CE,179.0,Nordeste,Brasil
2022-11-27,CE,236.0,Nordeste,Brasil
2022-12-04,CE,171.0,Nordeste,Brasil
2022-12-11,CE,135.0,Nordeste,Brasil
2022-12-18,CE,114.0,Nordeste,Brasil
2022-12-25,CE,115.0,Nordeste,Brasil
2023-01-01,CE,95.0,Nordeste,Brasil
2023-01-08,CE,93.0,Nordeste,Brasil
2023-01-15,CE,116.0,Nordeste,Brasil
2023-01-22,CE,149.0,Nordeste,Brasil
2023-01-29,CE,182.0,Nordeste,Brasil
2023-02-05,CE,241.0,Nordeste,Brasil
2023-02-12,CE,254.0,Nordeste,Brasil
2023-02-19,CE,242.0,Nordeste,Brasil
2023-02-26,CE,273.0,Nordeste,Brasil
2023-03-05,CE,408.0,Nordeste,Brasil
2023-03-12,CE,494.0,Nordeste,Brasil
2023-03-19,CE,535.0,Nordeste,Brasil
2023-03-26,CE,550.0,Nordeste,Brasil
2023-04-02,CE,605.0,Nordeste,Brasil
2023-04-09,CE,476.0,Nordeste,Brasil
2023-04-16,CE,482.0,Nordeste,Brasil
2023-04-23,CE,457.0,Nordeste,Brasil
2023-04-30,CE,505.0,Nordeste,Brasil
2023-05-07,CE,550.0,Nordeste,Brasil
2023-05-14,CE,707.0,Nordeste,Brasil
2023-05-21,CE,603.0,Nordeste,Brasil
2023-05-28,CE,626.0,Nordeste,Brasil
2023-06-04,CE,547.0,Nordeste,Brasil
2023-06-11,CE,353.0,Nordeste,Brasil
2023-06-18,CE,543.0,Nordeste,Brasil
2023-06-25,CE,468.0,Nordeste,Brasil
2023-07-02,CE,335.0,Nordeste,Brasil
2023-07-09,CE,290.0,Nordeste,Brasil
2023-07-16,CE,374.0,Nordeste,Brasil
2023-07-23,CE,267.0,Nordeste,Brasil
2023-07-30,CE,275.0,Nordeste,Brasil
2023-08-06,CE,254.0,Nordeste,Brasil
2023-08-13,CE,271.0,Nordeste,Brasil
2023-08-20,CE,224.0,Nordeste,Brasil
2023-08-27,CE,287.0,Nordeste,Brasil
2023-09-03,CE,210.0,Nordeste,Brasil
2023-09-10,CE,129.0,Nordeste,Brasil
2023-09-17,CE,134.0,Nordeste,Brasil
2023-09-24,CE,108.0,Nordeste,Brasil
2023-10-01,CE,88.0,Nordeste,Brasil
2023-10-08,CE,86.0,Nordeste,Brasil
2023-10-15,CE,69.0,Nordeste,Brasil
2023-10-22,CE,81.0,Nordeste,Brasil
2023-10-29,CE,86.0,Nordeste,Brasil
2023-11-05,CE,55.0,Nordeste,Brasil
2023-11-12,CE,51.0,Nordeste,Brasil
2023-11-19,CE,66.0,Nordeste,Brasil
2023-11-26,CE,49.0,Nordeste,Brasil
2023-12-03,CE,51.0,Nordeste,Brasil
2023-12-10,CE,47.0,Nordeste,Brasil
2023-12-17,CE,56.0,Nordeste,Brasil
2023-12-24,CE,37.0,Nordeste,Brasil
2023-12-31,CE,42.0,Nordeste,Brasil
2024-01-07,CE,45.0,Nordeste,Brasil
2024-01-14,CE,57.0,Nordeste,Brasil
2024-01-21,CE,91.0,Nordeste,Brasil
2024-01-28,CE,109.0,Nordeste,Brasil
2024-02-04,CE,135.0,Nordeste,Brasil
2024-02-11,CE,166.0,Nordeste,Brasil
2024-02-18,CE,137.0,Nordeste,Brasil
2024-02-25,CE,236.0,Nordeste,Brasil
2024-03-03,CE,332.0,Nordeste,Brasil
2024-03-10,CE,380.0,Nordeste,Brasil
2024-03-17,CE,398.0,Nordeste,Brasil
2024-03-24,CE,376.0,Nordeste,Brasil
2024-03-31,CE,358.0,Nordeste,Brasil
2024-04-07,CE,739.0,Nordeste,Brasil
2024-04-14,CE,844.0,Nordeste,Brasil
2024-04-21,CE,763.0,Nordeste,Brasil
2024-04-28,CE,672.0,Nordeste,Brasil
2024-05-05,CE,583.0,Nordeste,Brasil
2024-05-12,CE,557.0,Nordeste,Brasil
2024-05-19,CE,535.0,Nordeste,Brasil
2024-05-26,CE,471.0,Nordeste,Brasil
2024-06-02,CE,340.0,Nordeste,Brasil
2024-06-09,CE,362.0,Nordeste,Brasil
2024-06-16,CE,399.0,Nordeste,Brasil
2024-06-23,CE,337.0,Nordeste,Brasil
2024-06-30,CE,313.0,Nordeste,Brasil
2024-07-07,CE,275.0,Nordeste,Brasil
2024-07-14,CE,274.0,Nordeste,Brasil
2024-07-21,CE,284.0,Nordeste,Brasil
2024-07-28,CE,181.0,Nordeste,Brasil
2024-08-04,CE,158.0,Nordeste,Brasil
2024-08-11,CE,192.0,Nordeste,Brasil
2024-08-18,CE,169.0,Nordeste,Brasil
2024-08-25,CE,129.0,Nordeste,Brasil
2024-09-01,CE,86.0,Nordeste,Brasil
2024-09-08,CE,99.0,Nordeste,Brasil
2024-09-15,CE,78.0,Nordeste,Brasil
2024-09-22,CE,102.0,Nordeste,Brasil
2024-09-29,CE,94.0,Nordeste,Brasil
2024-10-06,CE,58.0,Nordeste,Brasil
2024-10-13,CE,47.0,Nordeste,Brasil
2024-10-20,CE,73.0,Nordeste,Brasil
2024-10-27,CE,67.0,Nordeste,Brasil
2024-11-03,CE,40.0,Nordeste,Brasil
2024-11-10,CE,38.0,Nordeste,Brasil
2024-11-17,CE,36.0,Nordeste,Brasil
2024-11-24,CE,72.0,Nordeste,Brasil
2024-12-01,CE,62.0,Nordeste,Brasil
2024-12-08,CE,51.0,Nordeste,Brasil
2024-12-15,CE,41.0,Nordeste,Brasil
2024-12-22,CE,34.0,Nordeste,Brasil
2024-12-29,CE,28.0,Nordeste,Brasil
2025-01-05,CE,11.0,Nordeste,Brasil
2025-01-12,CE,29.0,Nordeste,Brasil
2025-01-19,CE,44.0,Nordeste,Brasil
2025-01-26,CE,52.0,Nordeste,Brasil
2025-02-02,CE,58.0,Nordeste,Brasil
2025-02-09,CE,64.0,Nordeste,Brasil
2025-02-16,CE,66.0,Nordeste,Brasil
2025-02-23,CE,92.0,Nordeste,Brasil
2025-03-02,CE,85.0,Nordeste,Brasil
2025-03-09,CE,40.0,Nordeste,Brasil
2025-03-16,CE,115.0,Nordeste,Brasil
2025-03-23,CE,145.0,Nordeste,Brasil
2025-03-30,CE,147.0,Nordeste,Brasil
2025-04-06,CE,232.0,Nordeste,Brasil
2025-04-13,CE,211.0,Nordeste,Brasil
2025-04-20,CE,196.0,Nordeste,Brasil
2025-04-27,CE,218.0,Nordeste,Brasil
2025-05-04,CE,174.0,Nordeste,Brasil
2025-05-11,CE,241.0,Nordeste,Brasil
2025-05-18,CE,260.0,Nordeste,Brasil
2025-05-25,CE,225.0,Nordeste,Brasil
2025-06-01,CE,180.0,Nordeste,Brasil
2025-06-08,CE,150.0,Nordeste,Brasil
2025-06-15,CE,111.0,Nordeste,Brasil
2025-06-22,CE,88.0,Nordeste,Brasil
2025-06-29,CE,116.0,Nordeste,Brasil
2025-07-06,CE,106.0,Nordeste,Brasil
2025-07-13,CE,116.0,Nordeste,Brasil
2025-07-20,CE,96.0,Nordeste,Brasil
2025-07-27,CE,103.0,Nordeste,Brasil
2025-08-03,CE,109.0,Nordeste,Brasil
2025-08-10,CE,130.0,Nordeste,Brasil
2025-08-17,CE,127.0,Nordeste,Brasil
2025-08-24,CE,101.0,Nordeste,Brasil
2025-08-31,CE,96.0,Nordeste,Brasil
2025-09-07,CE,70.0,Nordeste,Brasil
2025-09-14,CE,71.0,Nordeste,Brasil
2025-09-21,CE,81.0,Nordeste,Brasil
2025-09-28,CE,88.0,Nordeste,Brasil
2025-10-05,CE,67.0,Nordeste,Brasil
2025-10-12,CE,53.0,Nordeste,Brasil
2025-10-19,CE,65.0,Nordeste,Brasil
2025-10-26,CE,50.0,Nordeste,Brasil
2025-11-02,CE,45.0,Nordeste,Brasil
2025-11-09,CE,52.0,Nordeste,Brasil
2025-11-16,CE,57.0,Nordeste,Brasil
2025-11-23,CE,55.0,Nordeste,Brasil
2025-11-30,CE,75.0,Nordeste,Brasil
2025-12-07,CE,70.0,Nordeste,Brasil
2025-12-14,CE,77.0,Nordeste,Brasil
2025-12-21,CE,67.0,Nordeste,Brasil
2025-12-28,CE,60.0,Nordeste,Brasil
2026-01-04,CE,60.0,Nordeste,Brasil
2026-01-11,CE,79.0,Nordeste,Brasil
2026-01-18,CE,71.0,Nordeste,Brasil
2026-01-25,CE,71.0,Nordeste,Brasil
2026-02-01,CE,74.0,Nordeste,Brasil
2026-02-08,CE,113.0,Nordeste,Brasil
2026-02-15,CE,102.0,Nordeste,Brasil
2026-02-22,CE,94.0,Nordeste,Brasil
2026-03-01,CE,191.0,Nordeste,Brasil
2026-03-08,CE,241.0,Nordeste,Brasil
2026-03-15,CE,321.0,Nordeste,Brasil
2026-03-22,CE,312.0,Nordeste,Brasil
2026-03-29,CE,333.0,Nordeste,Brasil
2026-04-05,CE,293.0,Nordeste,Brasil
2026-04-12,CE,198.0,Nordeste,Brasil
2026-04-19,CE,198.0,Nordeste,Brasil
2015-01-04,DF,2.0,Centro-Oeste,Brasil
2015-01-11,DF,87.0,Centro-Oeste,Brasil
2015-01-18,DF,89.0,Centro-Oeste,Brasil
2015-01-25,DF,143.0,Centro-Oeste,Brasil
2015-02-01,DF,127.0,Centro-Oeste,Brasil
2015-02-08,DF,172.0,Centro-Oeste,Brasil
2015-02-15,DF,226.0,Centro-Oeste,Brasil
2015-02-22,DF,172.0,Centro-Oeste,Brasil
2015-03-01,DF,267.0,Centro-Oeste,Brasil
2015-03-08,DF,359.0,Centro-Oeste,Brasil
2015-03-15,DF,293.0,Centro-Oeste,Brasil
2015-03-22,DF,307.0,Centro-Oeste,Brasil
2015-03-29,DF,422.0,Centro-Oeste,Brasil
2015-04-05,DF,325.0,Centro-Oeste,Brasil
2015-04-12,DF,513.0,Centro-Oeste,Brasil
2015-04-19,DF,783.0,Centro-Oeste,Brasil
2015-04-26,DF,761.0,Centro-Oeste,Brasil
2015-05-03,DF,786.0,Centro-Oeste,Brasil
2015-05-10,DF,1004.0,Centro-Oeste,Brasil
2015-05-17,DF,708.0,Centro-Oeste,Brasil
2015-05-24,DF,582.0,Centro-Oeste,Brasil
2015-05-31,DF,644.0,Centro-Oeste,Brasil
2015-06-07,DF,443.0,Centro-Oeste,Brasil
2015-06-14,DF,537.0,Centro-Oeste,Brasil
2015-06-21,DF,461.0,Centro-Oeste,Brasil
2015-06-28,DF,348.0,Centro-Oeste,Brasil
2015-07-05,DF,302.0,Centro-Oeste,Brasil
2015-07-12,DF,135.0,Centro-Oeste,Brasil
2015-07-19,DF,152.0,Centro-Oeste,Brasil
2015-07-26,DF,123.0,Centro-Oeste,Brasil
2015-08-02,DF,111.0,Centro-Oeste,Brasil
2015-08-09,DF,43.0,Centro-Oeste,Brasil
2015-08-16,DF,98.0,Centro-Oeste,Brasil
2015-08-23,DF,107.0,Centro-Oeste,Brasil
2015-08-30,DF,77.0,Centro-Oeste,Brasil
2015-09-06,DF,54.0,Centro-Oeste,Brasil
2015-09-13,DF,25.0,Centro-Oeste,Brasil
2015-09-20,DF,25.0,Centro-Oeste,Brasil
2015-09-27,DF,26.0,Centro-Oeste,Brasil
2015-10-04,DF,43.0,Centro-Oeste,Brasil
2015-10-11,DF,64.0,Centro-Oeste,Brasil
2015-10-18,DF,31.0,Centro-Oeste,Brasil
2015-10-25,DF,19.0,Centro-Oeste,Brasil
2015-11-01,DF,33.0,Centro-Oeste,Brasil
2015-11-08,DF,29.0,Centro-Oeste,Brasil
2015-11-15,DF,78.0,Centro-Oeste,Brasil
2015-11-22,DF,123.0,Centro-Oeste,Brasil
2015-11-29,DF,70.0,Centro-Oeste,Brasil
2015-12-06,DF,73.0,Centro-Oeste,Brasil
2015-12-13,DF,130.0,Centro-Oeste,Brasil
2015-12-20,DF,157.0,Centro-Oeste,Brasil
2015-12-27,DF,140.0,Centro-Oeste,Brasil
2016-01-03,DF,140.0,Centro-Oeste,Brasil
2016-01-10,DF,454.0,Centro-Oeste,Brasil
2016-01-17,DF,555.0,Centro-Oeste,Brasil
2016-01-24,DF,543.0,Centro-Oeste,Brasil
2016-01-31,DF,700.0,Centro-Oeste,Brasil
2016-02-07,DF,1138.0,Centro-Oeste,Brasil
2016-02-14,DF,1349.0,Centro-Oeste,Brasil
2016-02-21,DF,1594.0,Centro-Oeste,Brasil
2016-02-28,DF,1544.0,Centro-Oeste,Brasil
2016-03-06,DF,1743.0,Centro-Oeste,Brasil
2016-03-13,DF,1488.0,Centro-Oeste,Brasil
2016-03-20,DF,1697.0,Centro-Oeste,Brasil
2016-03-27,DF,1200.0,Centro-Oeste,Brasil
2016-04-03,DF,1301.0,Centro-Oeste,Brasil
2016-04-10,DF,1119.0,Centro-Oeste,Brasil
2016-04-17,DF,1027.0,Centro-Oeste,Brasil
2016-04-24,DF,775.0,Centro-Oeste,Brasil
2016-05-01,DF,867.0,Centro-Oeste,Brasil
2016-05-08,DF,689.0,Centro-Oeste,Brasil
2016-05-15,DF,667.0,Centro-Oeste,Brasil
2016-05-22,DF,484.0,Centro-Oeste,Brasil
2016-05-29,DF,339.0,Centro-Oeste,Brasil
2016-06-05,DF,340.0,Centro-Oeste,Brasil
2016-06-12,DF,280.0,Centro-Oeste,Brasil
2016-06-19,DF,289.0,Centro-Oeste,Brasil
2016-06-26,DF,191.0,Centro-Oeste,Brasil
2016-07-03,DF,158.0,Centro-Oeste,Brasil
2016-07-10,DF,97.0,Centro-Oeste,Brasil
2016-07-17,DF,103.0,Centro-Oeste,Brasil
2016-07-24,DF,101.0,Centro-Oeste,Brasil
2016-07-31,DF,134.0,Centro-Oeste,Brasil
2016-08-07,DF,66.0,Centro-Oeste,Brasil
2016-08-14,DF,41.0,Centro-Oeste,Brasil
2016-08-21,DF,40.0,Centro-Oeste,Brasil
2016-08-28,DF,67.0,Centro-Oeste,Brasil
2016-09-04,DF,30.0,Centro-Oeste,Brasil
2016-09-11,DF,32.0,Centro-Oeste,Brasil
2016-09-18,DF,53.0,Centro-Oeste,Brasil
2016-09-25,DF,28.0,Centro-Oeste,Brasil
2016-10-02,DF,32.0,Centro-Oeste,Brasil
2016-10-09,DF,46.0,Centro-Oeste,Brasil
2016-10-16,DF,27.0,Centro-Oeste,Brasil
2016-10-23,DF,42.0,Centro-Oeste,Brasil
2016-10-30,DF,42.0,Centro-Oeste,Brasil
2016-11-06,DF,36.0,Centro-Oeste,Brasil
2016-11-13,DF,54.0,Centro-Oeste,Brasil
2016-11-20,DF,38.0,Centro-Oeste,Brasil
2016-11-27,DF,64.0,Centro-Oeste,Brasil
2016-12-04,DF,53.0,Centro-Oeste,Brasil
2016-12-11,DF,59.0,Centro-Oeste,Brasil
2016-12-18,DF,65.0,Centro-Oeste,Brasil
2016-12-25,DF,68.0,Centro-Oeste,Brasil
2017-01-01,DF,66.0,Centro-Oeste,Brasil
2017-01-08,DF,69.0,Centro-Oeste,Brasil
2017-01-15,DF,84.0,Centro-Oeste,Brasil
2017-01-22,DF,104.0,Centro-Oeste,Brasil
2017-01-29,DF,107.0,Centro-Oeste,Brasil
2017-02-05,DF,133.0,Centro-Oeste,Brasil
2017-02-12,DF,122.0,Centro-Oeste,Brasil
2017-02-19,DF,130.0,Centro-Oeste,Brasil
2017-02-26,DF,118.0,Centro-Oeste,Brasil
2017-03-05,DF,92.0,Centro-Oeste,Brasil
2017-03-12,DF,149.0,Centro-Oeste,Brasil
2017-03-19,DF,228.0,Centro-Oeste,Brasil
2017-03-26,DF,217.0,Centro-Oeste,Brasil
2017-04-02,DF,258.0,Centro-Oeste,Brasil
2017-04-09,DF,226.0,Centro-Oeste,Brasil
2017-04-16,DF,208.0,Centro-Oeste,Brasil
2017-04-23,DF,197.0,Centro-Oeste,Brasil
2017-04-30,DF,285.0,Centro-Oeste,Brasil
2017-05-07,DF,239.0,Centro-Oeste,Brasil
2017-05-14,DF,218.0,Centro-Oeste,Brasil
2017-05-21,DF,299.0,Centro-Oeste,Brasil
2017-05-28,DF,314.0,Centro-Oeste,Brasil
2017-06-04,DF,360.0,Centro-Oeste,Brasil
2017-06-11,DF,293.0,Centro-Oeste,Brasil
2017-06-18,DF,234.0,Centro-Oeste,Brasil
2017-06-25,DF,248.0,Centro-Oeste,Brasil
2017-07-02,DF,180.0,Centro-Oeste,Brasil
2017-07-09,DF,112.0,Centro-Oeste,Brasil
2017-07-16,DF,66.0,Centro-Oeste,Brasil
2017-07-23,DF,54.0,Centro-Oeste,Brasil
2017-07-30,DF,38.0,Centro-Oeste,Brasil
2017-08-06,DF,53.0,Centro-Oeste,Brasil
2017-08-13,DF,41.0,Centro-Oeste,Brasil
2017-08-20,DF,44.0,Centro-Oeste,Brasil
2017-08-27,DF,50.0,Centro-Oeste,Brasil
2017-09-03,DF,57.0,Centro-Oeste,Brasil
2017-09-10,DF,37.0,Centro-Oeste,Brasil
2017-09-17,DF,48.0,Centro-Oeste,Brasil
2017-09-24,DF,73.0,Centro-Oeste,Brasil
2017-10-01,DF,54.0,Centro-Oeste,Brasil
2017-10-08,DF,50.0,Centro-Oeste,Brasil
2017-10-15,DF,46.0,Centro-Oeste,Brasil
2017-10-22,DF,65.0,Centro-Oeste,Brasil
2017-10-29,DF,46.0,Centro-Oeste,Brasil
2017-11-05,DF,26.0,Centro-Oeste,Brasil
2017-11-12,DF,54.0,Centro-Oeste,Brasil
2017-11-19,DF,49.0,Centro-Oeste,Brasil
2017-11-26,DF,51.0,Centro-Oeste,Brasil
2017-12-03,DF,44.0,Centro-Oeste,Brasil
2017-12-10,DF,55.0,Centro-Oeste,Brasil
2017-12-17,DF,59.0,Centro-Oeste,Brasil
2017-12-24,DF,56.0,Centro-Oeste,Brasil
2017-12-31,DF,51.0,Centro-Oeste,Brasil
2018-01-07,DF,42.0,Centro-Oeste,Brasil
2018-01-14,DF,68.0,Centro-Oeste,Brasil
2018-01-21,DF,89.0,Centro-Oeste,Brasil
2018-01-28,DF,84.0,Centro-Oeste,Brasil
2018-02-04,DF,85.0,Centro-Oeste,Brasil
2018-02-11,DF,92.0,Centro-Oeste,Brasil
2018-02-18,DF,60.0,Centro-Oeste,Brasil
2018-02-25,DF,66.0,Centro-Oeste,Brasil
2018-03-04,DF,86.0,Centro-Oeste,Brasil
2018-03-11,DF,90.0,Centro-Oeste,Brasil
2018-03-18,DF,119.0,Centro-Oeste,Brasil
2018-03-25,DF,129.0,Centro-Oeste,Brasil
2018-04-01,DF,92.0,Centro-Oeste,Brasil
2018-04-08,DF,140.0,Centro-Oeste,Brasil
2018-04-15,DF,140.0,Centro-Oeste,Brasil
2018-04-22,DF,145.0,Centro-Oeste,Brasil
2018-04-29,DF,153.0,Centro-Oeste,Brasil
2018-05-06,DF,116.0,Centro-Oeste,Brasil
2018-05-13,DF,116.0,Centro-Oeste,Brasil
2018-05-20,DF,128.0,Centro-Oeste,Brasil
2018-05-27,DF,72.0,Centro-Oeste,Brasil
2018-06-03,DF,43.0,Centro-Oeste,Brasil
2018-06-10,DF,83.0,Centro-Oeste,Brasil
2018-06-17,DF,84.0,Centro-Oeste,Brasil
2018-06-24,DF,69.0,Centro-Oeste,Brasil
2018-07-01,DF,68.0,Centro-Oeste,Brasil
2018-07-08,DF,65.0,Centro-Oeste,Brasil
2018-07-15,DF,52.0,Centro-Oeste,Brasil
2018-07-22,DF,48.0,Centro-Oeste,Brasil
2018-07-29,DF,46.0,Centro-Oeste,Brasil
2018-08-05,DF,28.0,Centro-Oeste,Brasil
2018-08-12,DF,33.0,Centro-Oeste,Brasil
2018-08-19,DF,31.0,Centro-Oeste,Brasil
2018-08-26,DF,44.0,Centro-Oeste,Brasil
2018-09-02,DF,39.0,Centro-Oeste,Brasil
2018-09-09,DF,46.0,Centro-Oeste,Brasil
2018-09-16,DF,52.0,Centro-Oeste,Brasil
2018-09-23,DF,43.0,Centro-Oeste,Brasil
2018-09-30,DF,58.0,Centro-Oeste,Brasil
2018-10-07,DF,46.0,Centro-Oeste,Brasil
2018-10-14,DF,29.0,Centro-Oeste,Brasil
2018-10-21,DF,59.0,Centro-Oeste,Brasil
2018-10-28,DF,82.0,Centro-Oeste,Brasil
2018-11-04,DF,55.0,Centro-Oeste,Brasil
2018-11-11,DF,69.0,Centro-Oeste,Brasil
2018-11-18,DF,55.0,Centro-Oeste,Brasil
2018-11-25,DF,85.0,Centro-Oeste,Brasil
2018-12-02,DF,99.0,Centro-Oeste,Brasil
2018-12-09,DF,105.0,Centro-Oeste,Brasil
2018-12-16,DF,126.0,Centro-Oeste,Brasil
2018-12-23,DF,137.0,Centro-Oeste,Brasil
2018-12-30,DF,144.0,Centro-Oeste,Brasil
2019-01-06,DF,112.0,Centro-Oeste,Brasil
2019-01-13,DF,157.0,Centro-Oeste,Brasil
2019-01-20,DF,180.0,Centro-Oeste,Brasil
2019-01-27,DF,240.0,Centro-Oeste,Brasil
2019-02-03,DF,366.0,Centro-Oeste,Brasil
2019-02-10,DF,481.0,Centro-Oeste,Brasil
2019-02-17,DF,545.0,Centro-Oeste,Brasil
2019-02-24,DF,724.0,Centro-Oeste,Brasil
2019-03-03,DF,838.0,Centro-Oeste,Brasil
2019-03-10,DF,698.0,Centro-Oeste,Brasil
2019-03-17,DF,1036.0,Centro-Oeste,Brasil
2019-03-24,DF,1467.0,Centro-Oeste,Brasil
2019-03-31,DF,1679.0,Centro-Oeste,Brasil
2019-04-07,DF,1813.0,Centro-Oeste,Brasil
2019-04-14,DF,1817.0,Centro-Oeste,Brasil
2019-04-21,DF,1338.0,Centro-Oeste,Brasil
2019-04-28,DF,2248.0,Centro-Oeste,Brasil
2019-05-05,DF,2253.0,Centro-Oeste,Brasil
2019-05-12,DF,2210.0,Centro-Oeste,Brasil
2019-05-19,DF,2575.0,Centro-Oeste,Brasil
2019-05-26,DF,3319.0,Centro-Oeste,Brasil
2019-06-02,DF,4039.0,Centro-Oeste,Brasil
2019-06-09,DF,3525.0,Centro-Oeste,Brasil
2019-06-16,DF,2848.0,Centro-Oeste,Brasil
2019-06-23,DF,1911.0,Centro-Oeste,Brasil
2019-06-30,DF,1391.0,Centro-Oeste,Brasil
2019-07-07,DF,1009.0,Centro-Oeste,Brasil
2019-07-14,DF,554.0,Centro-Oeste,Brasil
2019-07-21,DF,444.0,Centro-Oeste,Brasil
2019-07-28,DF,265.0,Centro-Oeste,Brasil
2019-08-04,DF,282.0,Centro-Oeste,Brasil
2019-08-11,DF,224.0,Centro-Oeste,Brasil
2019-08-18,DF,208.0,Centro-Oeste,Brasil
2019-08-25,DF,169.0,Centro-Oeste,Brasil
2019-09-01,DF,139.0,Centro-Oeste,Brasil
2019-09-08,DF,151.0,Centro-Oeste,Brasil
2019-09-15,DF,143.0,Centro-Oeste,Brasil
2019-09-22,DF,141.0,Centro-Oeste,Brasil
2019-09-29,DF,160.0,Centro-Oeste,Brasil
2019-10-06,DF,200.0,Centro-Oeste,Brasil
2019-10-13,DF,193.0,Centro-Oeste,Brasil
2019-10-20,DF,186.0,Centro-Oeste,Brasil
2019-10-27,DF,203.0,Centro-Oeste,Brasil
2019-11-03,DF,176.0,Centro-Oeste,Brasil
2019-11-10,DF,212.0,Centro-Oeste,Brasil
2019-11-17,DF,153.0,Centro-Oeste,Brasil
2019-11-24,DF,203.0,Centro-Oeste,Brasil
2019-12-01,DF,170.0,Centro-Oeste,Brasil
2019-12-08,DF,169.0,Centro-Oeste,Brasil
2019-12-15,DF,194.0,Centro-Oeste,Brasil
2019-12-22,DF,241.0,Centro-Oeste,Brasil
2019-12-29,DF,172.0,Centro-Oeste,Brasil
2020-01-05,DF,100.0,Centro-Oeste,Brasil
2020-01-12,DF,276.0,Centro-Oeste,Brasil
2020-01-19,DF,411.0,Centro-Oeste,Brasil
2020-01-26,DF,658.0,Centro-Oeste,Brasil
2020-02-02,DF,775.0,Centro-Oeste,Brasil
2020-02-09,DF,905.0,Centro-Oeste,Brasil
2020-02-16,DF,1196.0,Centro-Oeste,Brasil
2020-02-23,DF,1584.0,Centro-Oeste,Brasil
2020-03-01,DF,1843.0,Centro-Oeste,Brasil
2020-03-08,DF,2056.0,Centro-Oeste,Brasil
2020-03-15,DF,2506.0,Centro-Oeste,Brasil
2020-03-22,DF,1976.0,Centro-Oeste,Brasil
2020-03-29,DF,1753.0,Centro-Oeste,Brasil
2020-04-05,DF,2282.0,Centro-Oeste,Brasil
2020-04-12,DF,2780.0,Centro-Oeste,Brasil
2020-04-19,DF,3021.0,Centro-Oeste,Brasil
2020-04-26,DF,2670.0,Centro-Oeste,Brasil
2020-05-03,DF,3009.0,Centro-Oeste,Brasil
2020-05-10,DF,2873.0,Centro-Oeste,Brasil
2020-05-17,DF,2296.0,Centro-Oeste,Brasil
2020-05-24,DF,1832.0,Centro-Oeste,Brasil
2020-05-31,DF,1862.0,Centro-Oeste,Brasil
2020-06-07,DF,1769.0,Centro-Oeste,Brasil
2020-06-14,DF,1553.0,Centro-Oeste,Brasil
2020-06-21,DF,1338.0,Centro-Oeste,Brasil
2020-06-28,DF,670.0,Centro-Oeste,Brasil
2020-07-05,DF,676.0,Centro-Oeste,Brasil
2020-07-12,DF,540.0,Centro-Oeste,Brasil
2020-07-19,DF,461.0,Centro-Oeste,Brasil
2020-07-26,DF,338.0,Centro-Oeste,Brasil
2020-08-02,DF,423.0,Centro-Oeste,Brasil
2020-08-09,DF,214.0,Centro-Oeste,Brasil
2020-08-16,DF,237.0,Centro-Oeste,Brasil
2020-08-23,DF,234.0,Centro-Oeste,Brasil
2020-08-30,DF,179.0,Centro-Oeste,Brasil
2020-09-06,DF,195.0,Centro-Oeste,Brasil
2020-09-13,DF,194.0,Centro-Oeste,Brasil
2020-09-20,DF,178.0,Centro-Oeste,Brasil
2020-09-27,DF,222.0,Centro-Oeste,Brasil
2020-10-04,DF,161.0,Centro-Oeste,Brasil
2020-10-11,DF,149.0,Centro-Oeste,Brasil
2020-10-18,DF,161.0,Centro-Oeste,Brasil
2020-10-25,DF,151.0,Centro-Oeste,Brasil
2020-11-01,DF,175.0,Centro-Oeste,Brasil
2020-11-08,DF,136.0,Centro-Oeste,Brasil
2020-11-15,DF,205.0,Centro-Oeste,Brasil
2020-11-22,DF,153.0,Centro-Oeste,Brasil
2020-11-29,DF,188.0,Centro-Oeste,Brasil
2020-12-06,DF,283.0,Centro-Oeste,Brasil
2020-12-13,DF,219.0,Centro-Oeste,Brasil
2020-12-20,DF,258.0,Centro-Oeste,Brasil
2020-12-27,DF,191.0,Centro-Oeste,Brasil
2021-01-03,DF,191.0,Centro-Oeste,Brasil
2021-01-10,DF,232.0,Centro-Oeste,Brasil
2021-01-17,DF,409.0,Centro-Oeste,Brasil
2021-01-24,DF,443.0,Centro-Oeste,Brasil
2021-01-31,DF,373.0,Centro-Oeste,Brasil
2021-02-07,DF,425.0,Centro-Oeste,Brasil
2021-02-14,DF,476.0,Centro-Oeste,Brasil
2021-02-21,DF,483.0,Centro-Oeste,Brasil
2021-02-28,DF,587.0,Centro-Oeste,Brasil
2021-03-07,DF,752.0,Centro-Oeste,Brasil
2021-03-14,DF,623.0,Centro-Oeste,Brasil
2021-03-21,DF,598.0,Centro-Oeste,Brasil
2021-03-28,DF,594.0,Centro-Oeste,Brasil
2021-04-04,DF,575.0,Centro-Oeste,Brasil
2021-04-11,DF,847.0,Centro-Oeste,Brasil
2021-04-18,DF,740.0,Centro-Oeste,Brasil
2021-04-25,DF,960.0,Centro-Oeste,Brasil
2021-05-02,DF,879.0,Centro-Oeste,Brasil
2021-05-09,DF,1075.0,Centro-Oeste,Brasil
2021-05-16,DF,908.0,Centro-Oeste,Brasil
2021-05-23,DF,985.0,Centro-Oeste,Brasil
2021-05-30,DF,919.0,Centro-Oeste,Brasil
2021-06-06,DF,941.0,Centro-Oeste,Brasil
2021-06-13,DF,900.0,Centro-Oeste,Brasil
2021-06-20,DF,721.0,Centro-Oeste,Brasil
2021-06-27,DF,650.0,Centro-Oeste,Brasil
2021-07-04,DF,569.0,Centro-Oeste,Brasil
2021-07-11,DF,426.0,Centro-Oeste,Brasil
2021-07-18,DF,355.0,Centro-Oeste,Brasil
2021-07-25,DF,283.0,Centro-Oeste,Brasil
2021-08-01,DF,301.0,Centro-Oeste,Brasil
2021-08-08,DF,268.0,Centro-Oeste,Brasil
2021-08-15,DF,221.0,Centro-Oeste,Brasil
2021-08-22,DF,186.0,Centro-Oeste,Brasil
2021-08-29,DF,154.0,Centro-Oeste,Brasil
2021-09-05,DF,151.0,Centro-Oeste,Brasil
2021-09-12,DF,177.0,Centro-Oeste,Brasil
2021-09-19,DF,193.0,Centro-Oeste,Brasil
2021-09-26,DF,200.0,Centro-Oeste,Brasil
2021-10-03,DF,183.0,Centro-Oeste,Brasil
2021-10-10,DF,168.0,Centro-Oeste,Brasil
2021-10-17,DF,133.0,Centro-Oeste,Brasil
2021-10-24,DF,162.0,Centro-Oeste,Brasil
2021-10-31,DF,132.0,Centro-Oeste,Brasil
2021-11-07,DF,164.0,Centro-Oeste,Brasil
2021-11-14,DF,189.0,Centro-Oeste,Brasil
2021-11-21,DF,237.0,Centro-Oeste,Brasil
2021-11-28,DF,335.0,Centro-Oeste,Brasil
2021-12-05,DF,347.0,Centro-Oeste,Brasil
2021-12-12,DF,445.0,Centro-Oeste,Brasil
2021-12-19,DF,648.0,Centro-Oeste,Brasil
2021-12-26,DF,766.0,Centro-Oeste,Brasil
2022-01-02,DF,891.0,Centro-Oeste,Brasil
2022-01-09,DF,420.0,Centro-Oeste,Brasil
2022-01-16,DF,634.0,Centro-Oeste,Brasil
2022-01-23,DF,819.0,Centro-Oeste,Brasil
2022-01-30,DF,1094.0,Centro-Oeste,Brasil
2022-02-06,DF,1124.0,Centro-Oeste,Brasil
2022-02-13,DF,1502.0,Centro-Oeste,Brasil
2022-02-20,DF,1498.0,Centro-Oeste,Brasil
2022-02-27,DF,1843.0,Centro-Oeste,Brasil
2022-03-06,DF,1555.0,Centro-Oeste,Brasil
2022-03-13,DF,2495.0,Centro-Oeste,Brasil
2022-03-20,DF,2641.0,Centro-Oeste,Brasil
2022-03-27,DF,3112.0,Centro-Oeste,Brasil
2022-04-03,DF,3710.0,Centro-Oeste,Brasil
2022-04-10,DF,4131.0,Centro-Oeste,Brasil
2022-04-17,DF,3577.0,Centro-Oeste,Brasil
2022-04-24,DF,4214.0,Centro-Oeste,Brasil
2022-05-01,DF,4869.0,Centro-Oeste,Brasil
2022-05-08,DF,3722.0,Centro-Oeste,Brasil
2022-05-15,DF,3381.0,Centro-Oeste,Brasil
2022-05-22,DF,3429.0,Centro-Oeste,Brasil
2022-05-29,DF,2821.0,Centro-Oeste,Brasil
2022-06-05,DF,2039.0,Centro-Oeste,Brasil
2022-06-12,DF,1527.0,Centro-Oeste,Brasil
2022-06-19,DF,1439.0,Centro-Oeste,Brasil
2022-06-26,DF,1228.0,Centro-Oeste,Brasil
2022-07-03,DF,1044.0,Centro-Oeste,Brasil
2022-07-10,DF,737.0,Centro-Oeste,Brasil
2022-07-17,DF,577.0,Centro-Oeste,Brasil
2022-07-24,DF,512.0,Centro-Oeste,Brasil
2022-07-31,DF,454.0,Centro-Oeste,Brasil
2022-08-07,DF,397.0,Centro-Oeste,Brasil
2022-08-14,DF,364.0,Centro-Oeste,Brasil
2022-08-21,DF,468.0,Centro-Oeste,Brasil
2022-08-28,DF,447.0,Centro-Oeste,Brasil
2022-09-04,DF,406.0,Centro-Oeste,Brasil
2022-09-11,DF,479.0,Centro-Oeste,Brasil
2022-09-18,DF,439.0,Centro-Oeste,Brasil
2022-09-25,DF,430.0,Centro-Oeste,Brasil
2022-10-02,DF,490.0,Centro-Oeste,Brasil
2022-10-09,DF,478.0,Centro-Oeste,Brasil
2022-10-16,DF,405.0,Centro-Oeste,Brasil
2022-10-23,DF,486.0,Centro-Oeste,Brasil
2022-10-30,DF,417.0,Centro-Oeste,Brasil
2022-11-06,DF,299.0,Centro-Oeste,Brasil
2022-11-13,DF,401.0,Centro-Oeste,Brasil
2022-11-20,DF,353.0,Centro-Oeste,Brasil
2022-11-27,DF,483.0,Centro-Oeste,Brasil
2022-12-04,DF,530.0,Centro-Oeste,Brasil
2022-12-11,DF,643.0,Centro-Oeste,Brasil
2022-12-18,DF,785.0,Centro-Oeste,Brasil
2022-12-25,DF,656.0,Centro-Oeste,Brasil
2023-01-01,DF,656.0,Centro-Oeste,Brasil
2023-01-08,DF,423.0,Centro-Oeste,Brasil
2023-01-15,DF,609.0,Centro-Oeste,Brasil
2023-01-22,DF,724.0,Centro-Oeste,Brasil
2023-01-29,DF,737.0,Centro-Oeste,Brasil
2023-02-05,DF,801.0,Centro-Oeste,Brasil
2023-02-12,DF,840.0,Centro-Oeste,Brasil
2023-02-19,DF,856.0,Centro-Oeste,Brasil
2023-02-26,DF,822.0,Centro-Oeste,Brasil
2023-03-05,DF,892.0,Centro-Oeste,Brasil
2023-03-12,DF,943.0,Centro-Oeste,Brasil
2023-03-19,DF,886.0,Centro-Oeste,Brasil
2023-03-26,DF,1056.0,Centro-Oeste,Brasil
2023-04-02,DF,1109.0,Centro-Oeste,Brasil
2023-04-09,DF,942.0,Centro-Oeste,Brasil
2023-04-16,DF,1096.0,Centro-Oeste,Brasil
2023-04-23,DF,1117.0,Centro-Oeste,Brasil
2023-04-30,DF,1023.0,Centro-Oeste,Brasil
2023-05-07,DF,1009.0,Centro-Oeste,Brasil
2023-05-14,DF,998.0,Centro-Oeste,Brasil
2023-05-21,DF,1058.0,Centro-Oeste,Brasil
2023-05-28,DF,834.0,Centro-Oeste,Brasil
2023-06-04,DF,751.0,Centro-Oeste,Brasil
2023-06-11,DF,656.0,Centro-Oeste,Brasil
2023-06-18,DF,733.0,Centro-Oeste,Brasil
2023-06-25,DF,607.0,Centro-Oeste,Brasil
2023-07-02,DF,465.0,Centro-Oeste,Brasil
2023-07-09,DF,407.0,Centro-Oeste,Brasil
2023-07-16,DF,467.0,Centro-Oeste,Brasil
2023-07-23,DF,406.0,Centro-Oeste,Brasil
2023-07-30,DF,343.0,Centro-Oeste,Brasil
2023-08-06,DF,477.0,Centro-Oeste,Brasil
2023-08-13,DF,435.0,Centro-Oeste,Brasil
2023-08-20,DF,377.0,Centro-Oeste,Brasil
2023-08-27,DF,451.0,Centro-Oeste,Brasil
2023-09-03,DF,382.0,Centro-Oeste,Brasil
2023-09-10,DF,419.0,Centro-Oeste,Brasil
2023-09-17,DF,454.0,Centro-Oeste,Brasil
2023-09-24,DF,360.0,Centro-Oeste,Brasil
2023-10-01,DF,377.0,Centro-Oeste,Brasil
2023-10-08,DF,351.0,Centro-Oeste,Brasil
2023-10-15,DF,325.0,Centro-Oeste,Brasil
2023-10-22,DF,349.0,Centro-Oeste,Brasil
2023-10-29,DF,280.0,Centro-Oeste,Brasil
2023-11-05,DF,295.0,Centro-Oeste,Brasil
2023-11-12,DF,399.0,Centro-Oeste,Brasil
2023-11-19,DF,511.0,Centro-Oeste,Brasil
2023-11-26,DF,714.0,Centro-Oeste,Brasil
2023-12-03,DF,1069.0,Centro-Oeste,Brasil
2023-12-10,DF,1354.0,Centro-Oeste,Brasil
2023-12-17,DF,2038.0,Centro-Oeste,Brasil
2023-12-24,DF,3170.0,Centro-Oeste,Brasil
2023-12-31,DF,3956.0,Centro-Oeste,Brasil
2024-01-07,DF,3881.0,Centro-Oeste,Brasil
2024-01-14,DF,6779.0,Centro-Oeste,Brasil
2024-01-21,DF,10237.0,Centro-Oeste,Brasil
2024-01-28,DF,16781.0,Centro-Oeste,Brasil
2024-02-04,DF,20506.0,Centro-Oeste,Brasil
2024-02-11,DF,21761.0,Centro-Oeste,Brasil
2024-02-18,DF,20083.0,Centro-Oeste,Brasil
2024-02-25,DF,22051.0,Centro-Oeste,Brasil
2024-03-03,DF,21272.0,Centro-Oeste,Brasil
2024-03-10,DF,19026.0,Centro-Oeste,Brasil
2024-03-17,DF,18580.0,Centro-Oeste,Brasil
2024-03-24,DF,16980.0,Centro-Oeste,Brasil
2024-03-31,DF,11178.0,Centro-Oeste,Brasil
2024-04-07,DF,10862.0,Centro-Oeste,Brasil
2024-04-14,DF,10810.0,Centro-Oeste,Brasil
2024-04-21,DF,8287.0,Centro-Oeste,Brasil
2024-04-28,DF,6760.0,Centro-Oeste,Brasil
2024-05-05,DF,5049.0,Centro-Oeste,Brasil
2024-05-12,DF,4138.0,Centro-Oeste,Brasil
2024-05-19,DF,3880.0,Centro-Oeste,Brasil
2024-05-26,DF,3395.0,Centro-Oeste,Brasil
2024-06-02,DF,2711.0,Centro-Oeste,Brasil
2024-06-09,DF,2159.0,Centro-Oeste,Brasil
2024-06-16,DF,1286.0,Centro-Oeste,Brasil
2024-06-23,DF,867.0,Centro-Oeste,Brasil
2024-06-30,DF,383.0,Centro-Oeste,Brasil
2024-07-07,DF,498.0,Centro-Oeste,Brasil
2024-07-14,DF,603.0,Centro-Oeste,Brasil
2024-07-21,DF,418.0,Centro-Oeste,Brasil
2024-07-28,DF,372.0,Centro-Oeste,Brasil
2024-08-04,DF,477.0,Centro-Oeste,Brasil
2024-08-11,DF,542.0,Centro-Oeste,Brasil
2024-08-18,DF,464.0,Centro-Oeste,Brasil
2024-08-25,DF,395.0,Centro-Oeste,Brasil
2024-09-01,DF,295.0,Centro-Oeste,Brasil
2024-09-08,DF,213.0,Centro-Oeste,Brasil
2024-09-15,DF,275.0,Centro-Oeste,Brasil
2024-09-22,DF,219.0,Centro-Oeste,Brasil
2024-09-29,DF,210.0,Centro-Oeste,Brasil
2024-10-06,DF,209.0,Centro-Oeste,Brasil
2024-10-13,DF,243.0,Centro-Oeste,Brasil
2024-10-20,DF,220.0,Centro-Oeste,Brasil
2024-10-27,DF,193.0,Centro-Oeste,Brasil
2024-11-03,DF,245.0,Centro-Oeste,Brasil
2024-11-10,DF,290.0,Centro-Oeste,Brasil
2024-11-17,DF,373.0,Centro-Oeste,Brasil
2024-11-24,DF,451.0,Centro-Oeste,Brasil
2024-12-01,DF,541.0,Centro-Oeste,Brasil
2024-12-08,DF,473.0,Centro-Oeste,Brasil
2024-12-15,DF,404.0,Centro-Oeste,Brasil
2024-12-22,DF,374.0,Centro-Oeste,Brasil
2024-12-29,DF,275.0,Centro-Oeste,Brasil
2025-01-05,DF,137.0,Centro-Oeste,Brasil
2025-01-12,DF,253.0,Centro-Oeste,Brasil
2025-01-19,DF,277.0,Centro-Oeste,Brasil
2025-01-26,DF,278.0,Centro-Oeste,Brasil
2025-02-02,DF,335.0,Centro-Oeste,Brasil
2025-02-09,DF,405.0,Centro-Oeste,Brasil
2025-02-16,DF,342.0,Centro-Oeste,Brasil
2025-02-23,DF,417.0,Centro-Oeste,Brasil
2025-03-02,DF,325.0,Centro-Oeste,Brasil
2025-03-09,DF,267.0,Centro-Oeste,Brasil
2025-03-16,DF,323.0,Centro-Oeste,Brasil
2025-03-23,DF,278.0,Centro-Oeste,Brasil
2025-03-30,DF,338.0,Centro-Oeste,Brasil
2025-04-06,DF,310.0,Centro-Oeste,Brasil
2025-04-13,DF,216.0,Centro-Oeste,Brasil
2025-04-20,DF,218.0,Centro-Oeste,Brasil
2025-04-27,DF,284.0,Centro-Oeste,Brasil
2025-05-04,DF,317.0,Centro-Oeste,Brasil
2025-05-11,DF,316.0,Centro-Oeste,Brasil
2025-05-18,DF,327.0,Centro-Oeste,Brasil
2025-05-25,DF,251.0,Centro-Oeste,Brasil
2025-06-01,DF,218.0,Centro-Oeste,Brasil
2025-06-08,DF,206.0,Centro-Oeste,Brasil
2025-06-15,DF,170.0,Centro-Oeste,Brasil
2025-06-22,DF,137.0,Centro-Oeste,Brasil
2025-06-29,DF,145.0,Centro-Oeste,Brasil
2025-07-06,DF,134.0,Centro-Oeste,Brasil
2025-07-13,DF,159.0,Centro-Oeste,Brasil
2025-07-20,DF,113.0,Centro-Oeste,Brasil
2025-07-27,DF,120.0,Centro-Oeste,Brasil
2025-08-03,DF,126.0,Centro-Oeste,Brasil
2025-08-10,DF,108.0,Centro-Oeste,Brasil
2025-08-17,DF,124.0,Centro-Oeste,Brasil
2025-08-24,DF,138.0,Centro-Oeste,Brasil
2025-08-31,DF,196.0,Centro-Oeste,Brasil
2025-09-07,DF,171.0,Centro-Oeste,Brasil
2025-09-14,DF,175.0,Centro-Oeste,Brasil
2025-09-21,DF,159.0,Centro-Oeste,Brasil
2025-09-28,DF,109.0,Centro-Oeste,Brasil
2025-10-05,DF,162.0,Centro-Oeste,Brasil
2025-10-12,DF,129.0,Centro-Oeste,Brasil
2025-10-19,DF,176.0,Centro-Oeste,Brasil
2025-10-26,DF,129.0,Centro-Oeste,Brasil
2025-11-02,DF,162.0,Centro-Oeste,Brasil
2025-11-09,DF,128.0,Centro-Oeste,Brasil
2025-11-16,DF,164.0,Centro-Oeste,Brasil
2025-11-23,DF,127.0,Centro-Oeste,Brasil
2025-11-30,DF,114.0,Centro-Oeste,Brasil
2025-12-07,DF,125.0,Centro-Oeste,Brasil
2025-12-14,DF,155.0,Centro-Oeste,Brasil
2025-12-21,DF,138.0,Centro-Oeste,Brasil
2025-12-28,DF,114.0,Centro-Oeste,Brasil
2026-01-04,DF,109.0,Centro-Oeste,Brasil
2026-01-11,DF,130.0,Centro-Oeste,Brasil
2026-01-18,DF,146.0,Centro-Oeste,Brasil
2026-01-25,DF,90.0,Centro-Oeste,Brasil
2026-02-01,DF,113.0,Centro-Oeste,Brasil
2026-02-08,DF,118.0,Centro-Oeste,Brasil
2026-02-15,DF,159.0,Centro-Oeste,Brasil
2026-02-22,DF,117.0,Centro-Oeste,Brasil
2026-03-01,DF,173.0,Centro-Oeste,Brasil
2026-03-08,DF,205.0,Centro-Oeste,Brasil
2026-03-15,DF,235.0,Centro-Oeste,Brasil
2026-03-22,DF,162.0,Centro-Oeste,Brasil
2026-03-29,DF,296.0,Centro-Oeste,Brasil
2026-04-05,DF,304.0,Centro-Oeste,Brasil
2026-04-12,DF,377.0,Centro-Oeste,Brasil
2026-04-19,DF,2.0,Centro-Oeste,Brasil
2015-01-04,ES,15.0,Sudeste,Brasil
2015-01-11,ES,271.0,Sudeste,Brasil
2015-01-18,ES,369.0,Sudeste,Brasil
2015-01-25,ES,254.0,Sudeste,Brasil
2015-02-01,ES,286.0,Sudeste,Brasil
2015-02-08,ES,268.0,Sudeste,Brasil
2015-02-15,ES,276.0,Sudeste,Brasil
2015-02-22,ES,165.0,Sudeste,Brasil
2015-03-01,ES,282.0,Sudeste,Brasil
2015-03-08,ES,237.0,Sudeste,Brasil
2015-03-15,ES,378.0,Sudeste,Brasil
2015-03-22,ES,431.0,Sudeste,Brasil
2015-03-29,ES,480.0,Sudeste,Brasil
2015-04-05,ES,481.0,Sudeste,Brasil
2015-04-12,ES,563.0,Sudeste,Brasil
2015-04-19,ES,745.0,Sudeste,Brasil
2015-04-26,ES,825.0,Sudeste,Brasil
2015-05-03,ES,1000.0,Sudeste,Brasil
2015-05-10,ES,1306.0,Sudeste,Brasil
2015-05-17,ES,1488.0,Sudeste,Brasil
2015-05-24,ES,1276.0,Sudeste,Brasil
2015-05-31,ES,1270.0,Sudeste,Brasil
2015-06-07,ES,979.0,Sudeste,Brasil
2015-06-14,ES,1265.0,Sudeste,Brasil
2015-06-21,ES,1214.0,Sudeste,Brasil
2015-06-28,ES,943.0,Sudeste,Brasil
2015-07-05,ES,992.0,Sudeste,Brasil
2015-07-12,ES,880.0,Sudeste,Brasil
2015-07-19,ES,858.0,Sudeste,Brasil
2015-07-26,ES,818.0,Sudeste,Brasil
2015-08-02,ES,852.0,Sudeste,Brasil
2015-08-09,ES,848.0,Sudeste,Brasil
2015-08-16,ES,797.0,Sudeste,Brasil
2015-08-23,ES,674.0,Sudeste,Brasil
2015-08-30,ES,720.0,Sudeste,Brasil
2015-09-06,ES,672.0,Sudeste,Brasil
2015-09-13,ES,557.0,Sudeste,Brasil
2015-09-20,ES,829.0,Sudeste,Brasil
2015-09-27,ES,912.0,Sudeste,Brasil
2015-10-04,ES,821.0,Sudeste,Brasil
2015-10-11,ES,979.0,Sudeste,Brasil
2015-10-18,ES,846.0,Sudeste,Brasil
2015-10-25,ES,1118.0,Sudeste,Brasil
2015-11-01,ES,1043.0,Sudeste,Brasil
2015-11-08,ES,1053.0,Sudeste,Brasil
2015-11-15,ES,992.0,Sudeste,Brasil
2015-11-22,ES,1086.0,Sudeste,Brasil
2015-11-29,ES,1242.0,Sudeste,Brasil
2015-12-06,ES,1407.0,Sudeste,Brasil
2015-12-13,ES,1801.0,Sudeste,Brasil
2015-12-20,ES,2188.0,Sudeste,Brasil
2015-12-27,ES,1592.0,Sudeste,Brasil
2016-01-03,ES,1592.0,Sudeste,Brasil
2016-01-10,ES,2517.0,Sudeste,Brasil
2016-01-17,ES,2838.0,Sudeste,Brasil
2016-01-24,ES,3321.0,Sudeste,Brasil
2016-01-31,ES,2961.0,Sudeste,Brasil
2016-02-07,ES,3089.0,Sudeste,Brasil
2016-02-14,ES,2632.0,Sudeste,Brasil
2016-02-21,ES,3282.0,Sudeste,Brasil
2016-02-28,ES,3642.0,Sudeste,Brasil
2016-03-06,ES,3156.0,Sudeste,Brasil
2016-03-13,ES,2763.0,Sudeste,Brasil
2016-03-20,ES,2934.0,Sudeste,Brasil
2016-03-27,ES,2082.0,Sudeste,Brasil
2016-04-03,ES,2926.0,Sudeste,Brasil
2016-04-10,ES,2390.0,Sudeste,Brasil
2016-04-17,ES,2233.0,Sudeste,Brasil
2016-04-24,ES,1630.0,Sudeste,Brasil
2016-05-01,ES,1644.0,Sudeste,Brasil
2016-05-08,ES,1068.0,Sudeste,Brasil
2016-05-15,ES,843.0,Sudeste,Brasil
2016-05-22,ES,646.0,Sudeste,Brasil
2016-05-29,ES,367.0,Sudeste,Brasil
2016-06-05,ES,381.0,Sudeste,Brasil
2016-06-12,ES,259.0,Sudeste,Brasil
2016-06-19,ES,205.0,Sudeste,Brasil
2016-06-26,ES,181.0,Sudeste,Brasil
2016-07-03,ES,157.0,Sudeste,Brasil
2016-07-10,ES,152.0,Sudeste,Brasil
2016-07-17,ES,155.0,Sudeste,Brasil
2016-07-24,ES,177.0,Sudeste,Brasil
2016-07-31,ES,139.0,Sudeste,Brasil
2016-08-07,ES,106.0,Sudeste,Brasil
2016-08-14,ES,141.0,Sudeste,Brasil
2016-08-21,ES,139.0,Sudeste,Brasil
2016-08-28,ES,109.0,Sudeste,Brasil
2016-09-04,ES,139.0,Sudeste,Brasil
2016-09-11,ES,127.0,Sudeste,Brasil
2016-09-18,ES,138.0,Sudeste,Brasil
2016-09-25,ES,112.0,Sudeste,Brasil
2016-10-02,ES,89.0,Sudeste,Brasil
2016-10-09,ES,89.0,Sudeste,Brasil
2016-10-16,ES,111.0,Sudeste,Brasil
2016-10-23,ES,159.0,Sudeste,Brasil
2016-10-30,ES,126.0,Sudeste,Brasil
2016-11-06,ES,124.0,Sudeste,Brasil
2016-11-13,ES,152.0,Sudeste,Brasil
2016-11-20,ES,169.0,Sudeste,Brasil
2016-11-27,ES,201.0,Sudeste,Brasil
2016-12-04,ES,297.0,Sudeste,Brasil
2016-12-11,ES,352.0,Sudeste,Brasil
2016-12-18,ES,336.0,Sudeste,Brasil
2016-12-25,ES,214.0,Sudeste,Brasil
2017-01-01,ES,387.0,Sudeste,Brasil
2017-01-08,ES,429.0,Sudeste,Brasil
2017-01-15,ES,399.0,Sudeste,Brasil
2017-01-22,ES,443.0,Sudeste,Brasil
2017-01-29,ES,529.0,Sudeste,Brasil
2017-02-05,ES,471.0,Sudeste,Brasil
2017-02-12,ES,256.0,Sudeste,Brasil
2017-02-19,ES,382.0,Sudeste,Brasil
2017-02-26,ES,342.0,Sudeste,Brasil
2017-03-05,ES,353.0,Sudeste,Brasil
2017-03-12,ES,596.0,Sudeste,Brasil
2017-03-19,ES,547.0,Sudeste,Brasil
2017-03-26,ES,469.0,Sudeste,Brasil
2017-04-02,ES,428.0,Sudeste,Brasil
2017-04-09,ES,385.0,Sudeste,Brasil
2017-04-16,ES,315.0,Sudeste,Brasil
2017-04-23,ES,341.0,Sudeste,Brasil
2017-04-30,ES,321.0,Sudeste,Brasil
2017-05-07,ES,293.0,Sudeste,Brasil
2017-05-14,ES,285.0,Sudeste,Brasil
2017-05-21,ES,273.0,Sudeste,Brasil
2017-05-28,ES,226.0,Sudeste,Brasil
2017-06-04,ES,256.0,Sudeste,Brasil
2017-06-11,ES,222.0,Sudeste,Brasil
2017-06-18,ES,197.0,Sudeste,Brasil
2017-06-25,ES,223.0,Sudeste,Brasil
2017-07-02,ES,142.0,Sudeste,Brasil
2017-07-09,ES,102.0,Sudeste,Brasil
2017-07-16,ES,93.0,Sudeste,Brasil
2017-07-23,ES,121.0,Sudeste,Brasil
2017-07-30,ES,122.0,Sudeste,Brasil
2017-08-06,ES,135.0,Sudeste,Brasil
2017-08-13,ES,137.0,Sudeste,Brasil
2017-08-20,ES,147.0,Sudeste,Brasil
2017-08-27,ES,137.0,Sudeste,Brasil
2017-09-03,ES,105.0,Sudeste,Brasil
2017-09-10,ES,84.0,Sudeste,Brasil
2017-09-17,ES,119.0,Sudeste,Brasil
2017-09-24,ES,109.0,Sudeste,Brasil
2017-10-01,ES,136.0,Sudeste,Brasil
2017-10-08,ES,128.0,Sudeste,Brasil
2017-10-15,ES,91.0,Sudeste,Brasil
2017-10-22,ES,109.0,Sudeste,Brasil
2017-10-29,ES,119.0,Sudeste,Brasil
2017-11-05,ES,97.0,Sudeste,Brasil
2017-11-12,ES,146.0,Sudeste,Brasil
2017-11-19,ES,93.0,Sudeste,Brasil
2017-11-26,ES,109.0,Sudeste,Brasil
2017-12-03,ES,120.0,Sudeste,Brasil
2017-12-10,ES,146.0,Sudeste,Brasil
2017-12-17,ES,169.0,Sudeste,Brasil
2017-12-24,ES,172.0,Sudeste,Brasil
2017-12-31,ES,158.0,Sudeste,Brasil
2018-01-07,ES,158.0,Sudeste,Brasil
2018-01-14,ES,191.0,Sudeste,Brasil
2018-01-21,ES,203.0,Sudeste,Brasil
2018-01-28,ES,239.0,Sudeste,Brasil
2018-02-04,ES,159.0,Sudeste,Brasil
2018-02-11,ES,159.0,Sudeste,Brasil
2018-02-18,ES,189.0,Sudeste,Brasil
2018-02-25,ES,235.0,Sudeste,Brasil
2018-03-04,ES,268.0,Sudeste,Brasil
2018-03-11,ES,280.0,Sudeste,Brasil
2018-03-18,ES,364.0,Sudeste,Brasil
2018-03-25,ES,390.0,Sudeste,Brasil
2018-04-01,ES,336.0,Sudeste,Brasil
2018-04-08,ES,448.0,Sudeste,Brasil
2018-04-15,ES,449.0,Sudeste,Brasil
2018-04-22,ES,557.0,Sudeste,Brasil
2018-04-29,ES,539.0,Sudeste,Brasil
2018-05-06,ES,509.0,Sudeste,Brasil
2018-05-13,ES,515.0,Sudeste,Brasil
2018-05-20,ES,551.0,Sudeste,Brasil
2018-05-27,ES,560.0,Sudeste,Brasil
2018-06-03,ES,439.0,Sudeste,Brasil
2018-06-10,ES,539.0,Sudeste,Brasil
2018-06-17,ES,496.0,Sudeste,Brasil
2018-06-24,ES,398.0,Sudeste,Brasil
2018-07-01,ES,548.0,Sudeste,Brasil
2018-07-08,ES,426.0,Sudeste,Brasil
2018-07-15,ES,443.0,Sudeste,Brasil
2018-07-22,ES,410.0,Sudeste,Brasil
2018-07-29,ES,299.0,Sudeste,Brasil
2018-08-05,ES,319.0,Sudeste,Brasil
2018-08-12,ES,320.0,Sudeste,Brasil
2018-08-19,ES,311.0,Sudeste,Brasil
2018-08-26,ES,355.0,Sudeste,Brasil
2018-09-02,ES,243.0,Sudeste,Brasil
2018-09-09,ES,165.0,Sudeste,Brasil
2018-09-16,ES,199.0,Sudeste,Brasil
2018-09-23,ES,212.0,Sudeste,Brasil
2018-09-30,ES,212.0,Sudeste,Brasil
2018-10-07,ES,193.0,Sudeste,Brasil
2018-10-14,ES,184.0,Sudeste,Brasil
2018-10-21,ES,212.0,Sudeste,Brasil
2018-10-28,ES,221.0,Sudeste,Brasil
2018-11-04,ES,177.0,Sudeste,Brasil
2018-11-11,ES,197.0,Sudeste,Brasil
2018-11-18,ES,206.0,Sudeste,Brasil
2018-11-25,ES,255.0,Sudeste,Brasil
2018-12-02,ES,342.0,Sudeste,Brasil
2018-12-09,ES,374.0,Sudeste,Brasil
2018-12-16,ES,448.0,Sudeste,Brasil
2018-12-23,ES,450.0,Sudeste,Brasil
2018-12-30,ES,420.0,Sudeste,Brasil
2019-01-06,ES,584.0,Sudeste,Brasil
2019-01-13,ES,772.0,Sudeste,Brasil
2019-01-20,ES,980.0,Sudeste,Brasil
2019-01-27,ES,1065.0,Sudeste,Brasil
2019-02-03,ES,1156.0,Sudeste,Brasil
2019-02-10,ES,1179.0,Sudeste,Brasil
2019-02-17,ES,1354.0,Sudeste,Brasil
2019-02-24,ES,1350.0,Sudeste,Brasil
2019-03-03,ES,1371.0,Sudeste,Brasil
2019-03-10,ES,1136.0,Sudeste,Brasil
2019-03-17,ES,1911.0,Sudeste,Brasil
2019-03-24,ES,2136.0,Sudeste,Brasil
2019-03-31,ES,2529.0,Sudeste,Brasil
2019-04-07,ES,2686.0,Sudeste,Brasil
2019-04-14,ES,2385.0,Sudeste,Brasil
2019-04-21,ES,2318.0,Sudeste,Brasil
2019-04-28,ES,3050.0,Sudeste,Brasil
2019-05-05,ES,2494.0,Sudeste,Brasil
2019-05-12,ES,3453.0,Sudeste,Brasil
2019-05-19,ES,3509.0,Sudeste,Brasil
2019-05-26,ES,3391.0,Sudeste,Brasil
2019-06-02,ES,4112.0,Sudeste,Brasil
2019-06-09,ES,4366.0,Sudeste,Brasil
2019-06-16,ES,3760.0,Sudeste,Brasil
2019-06-23,ES,2655.0,Sudeste,Brasil
2019-06-30,ES,3417.0,Sudeste,Brasil
2019-07-07,ES,3069.0,Sudeste,Brasil
2019-07-14,ES,2672.0,Sudeste,Brasil
2019-07-21,ES,2042.0,Sudeste,Brasil
2019-07-28,ES,1574.0,Sudeste,Brasil
2019-08-04,ES,1253.0,Sudeste,Brasil
2019-08-11,ES,1008.0,Sudeste,Brasil
2019-08-18,ES,947.0,Sudeste,Brasil
2019-08-25,ES,766.0,Sudeste,Brasil
2019-09-01,ES,685.0,Sudeste,Brasil
2019-09-08,ES,502.0,Sudeste,Brasil
2019-09-15,ES,593.0,Sudeste,Brasil
2019-09-22,ES,594.0,Sudeste,Brasil
2019-09-29,ES,445.0,Sudeste,Brasil
2019-10-06,ES,374.0,Sudeste,Brasil
2019-10-13,ES,464.0,Sudeste,Brasil
2019-10-20,ES,411.0,Sudeste,Brasil
2019-10-27,ES,345.0,Sudeste,Brasil
2019-11-03,ES,360.0,Sudeste,Brasil
2019-11-10,ES,461.0,Sudeste,Brasil
2019-11-17,ES,385.0,Sudeste,Brasil
2019-11-24,ES,385.0,Sudeste,Brasil
2019-12-01,ES,423.0,Sudeste,Brasil
2019-12-08,ES,437.0,Sudeste,Brasil
2019-12-15,ES,563.0,Sudeste,Brasil
2019-12-22,ES,726.0,Sudeste,Brasil
2019-12-29,ES,577.0,Sudeste,Brasil
2020-01-05,ES,345.0,Sudeste,Brasil
2020-01-12,ES,742.0,Sudeste,Brasil
2020-01-19,ES,1129.0,Sudeste,Brasil
2020-01-26,ES,1548.0,Sudeste,Brasil
2020-02-02,ES,1583.0,Sudeste,Brasil
2020-02-09,ES,1523.0,Sudeste,Brasil
2020-02-16,ES,1865.0,Sudeste,Brasil
2020-02-23,ES,2017.0,Sudeste,Brasil
2020-03-01,ES,1529.0,Sudeste,Brasil
2020-03-08,ES,1888.0,Sudeste,Brasil
2020-03-15,ES,2047.0,Sudeste,Brasil
2020-03-22,ES,1557.0,Sudeste,Brasil
2020-03-29,ES,1320.0,Sudeste,Brasil
2020-04-05,ES,1824.0,Sudeste,Brasil
2020-04-12,ES,1378.0,Sudeste,Brasil
2020-04-19,ES,1415.0,Sudeste,Brasil
2020-04-26,ES,1075.0,Sudeste,Brasil
2020-05-03,ES,1364.0,Sudeste,Brasil
2020-05-10,ES,1104.0,Sudeste,Brasil
2020-05-17,ES,837.0,Sudeste,Brasil
2020-05-24,ES,742.0,Sudeste,Brasil
2020-05-31,ES,621.0,Sudeste,Brasil
2020-06-07,ES,480.0,Sudeste,Brasil
2020-06-14,ES,416.0,Sudeste,Brasil
2020-06-21,ES,432.0,Sudeste,Brasil
2020-06-28,ES,303.0,Sudeste,Brasil
2020-07-05,ES,244.0,Sudeste,Brasil
2020-07-12,ES,257.0,Sudeste,Brasil
2020-07-19,ES,166.0,Sudeste,Brasil
2020-07-26,ES,153.0,Sudeste,Brasil
2020-08-02,ES,126.0,Sudeste,Brasil
2020-08-09,ES,121.0,Sudeste,Brasil
2020-08-16,ES,154.0,Sudeste,Brasil
2020-08-23,ES,153.0,Sudeste,Brasil
2020-08-30,ES,137.0,Sudeste,Brasil
2020-09-06,ES,154.0,Sudeste,Brasil
2020-09-13,ES,91.0,Sudeste,Brasil
2020-09-20,ES,124.0,Sudeste,Brasil
2020-09-27,ES,138.0,Sudeste,Brasil
2020-10-04,ES,139.0,Sudeste,Brasil
2020-10-11,ES,87.0,Sudeste,Brasil
2020-10-18,ES,76.0,Sudeste,Brasil
2020-10-25,ES,83.0,Sudeste,Brasil
2020-11-01,ES,80.0,Sudeste,Brasil
2020-11-08,ES,72.0,Sudeste,Brasil
2020-11-15,ES,56.0,Sudeste,Brasil
2020-11-22,ES,85.0,Sudeste,Brasil
2020-11-29,ES,75.0,Sudeste,Brasil
2020-12-06,ES,109.0,Sudeste,Brasil
2020-12-13,ES,117.0,Sudeste,Brasil
2020-12-20,ES,129.0,Sudeste,Brasil
2020-12-27,ES,77.0,Sudeste,Brasil
2021-01-03,ES,77.0,Sudeste,Brasil
2021-01-10,ES,160.0,Sudeste,Brasil
2021-01-17,ES,197.0,Sudeste,Brasil
2021-01-24,ES,195.0,Sudeste,Brasil
2021-01-31,ES,240.0,Sudeste,Brasil
2021-02-07,ES,251.0,Sudeste,Brasil
2021-02-14,ES,193.0,Sudeste,Brasil
2021-02-21,ES,154.0,Sudeste,Brasil
2021-02-28,ES,230.0,Sudeste,Brasil
2021-03-07,ES,313.0,Sudeste,Brasil
2021-03-14,ES,250.0,Sudeste,Brasil
2021-03-21,ES,326.0,Sudeste,Brasil
2021-03-28,ES,379.0,Sudeste,Brasil
2021-04-04,ES,275.0,Sudeste,Brasil
2021-04-11,ES,379.0,Sudeste,Brasil
2021-04-18,ES,417.0,Sudeste,Brasil
2021-04-25,ES,460.0,Sudeste,Brasil
2021-05-02,ES,513.0,Sudeste,Brasil
2021-05-09,ES,449.0,Sudeste,Brasil
2021-05-16,ES,458.0,Sudeste,Brasil
2021-05-23,ES,479.0,Sudeste,Brasil
2021-05-30,ES,485.0,Sudeste,Brasil
2021-06-06,ES,468.0,Sudeste,Brasil
2021-06-13,ES,562.0,Sudeste,Brasil
2021-06-20,ES,516.0,Sudeste,Brasil
2021-06-27,ES,496.0,Sudeste,Brasil
2021-07-04,ES,464.0,Sudeste,Brasil
2021-07-11,ES,351.0,Sudeste,Brasil
2021-07-18,ES,332.0,Sudeste,Brasil
2021-07-25,ES,272.0,Sudeste,Brasil
2021-08-01,ES,250.0,Sudeste,Brasil
2021-08-08,ES,161.0,Sudeste,Brasil
2021-08-15,ES,235.0,Sudeste,Brasil
2021-08-22,ES,385.0,Sudeste,Brasil
2021-08-29,ES,247.0,Sudeste,Brasil
2021-09-05,ES,226.0,Sudeste,Brasil
2021-09-12,ES,167.0,Sudeste,Brasil
2021-09-19,ES,195.0,Sudeste,Brasil
2021-09-26,ES,188.0,Sudeste,Brasil
2021-10-03,ES,208.0,Sudeste,Brasil
2021-10-10,ES,182.0,Sudeste,Brasil
2021-10-17,ES,146.0,Sudeste,Brasil
2021-10-24,ES,146.0,Sudeste,Brasil
2021-10-31,ES,193.0,Sudeste,Brasil
2021-11-07,ES,176.0,Sudeste,Brasil
2021-11-14,ES,239.0,Sudeste,Brasil
2021-11-21,ES,168.0,Sudeste,Brasil
2021-11-28,ES,257.0,Sudeste,Brasil
2021-12-05,ES,257.0,Sudeste,Brasil
2021-12-12,ES,255.0,Sudeste,Brasil
2021-12-19,ES,382.0,Sudeste,Brasil
2021-12-26,ES,245.0,Sudeste,Brasil
2022-01-02,ES,279.0,Sudeste,Brasil
2022-01-09,ES,183.0,Sudeste,Brasil
2022-01-16,ES,169.0,Sudeste,Brasil
2022-01-23,ES,104.0,Sudeste,Brasil
2022-01-30,ES,78.0,Sudeste,Brasil
2022-02-06,ES,77.0,Sudeste,Brasil
2022-02-13,ES,110.0,Sudeste,Brasil
2022-02-20,ES,112.0,Sudeste,Brasil
2022-02-27,ES,129.0,Sudeste,Brasil
2022-03-06,ES,98.0,Sudeste,Brasil
2022-03-13,ES,159.0,Sudeste,Brasil
2022-03-20,ES,173.0,Sudeste,Brasil
2022-03-27,ES,239.0,Sudeste,Brasil
2022-04-03,ES,295.0,Sudeste,Brasil
2022-04-10,ES,361.0,Sudeste,Brasil
2022-04-17,ES,412.0,Sudeste,Brasil
2022-04-24,ES,331.0,Sudeste,Brasil
2022-05-01,ES,380.0,Sudeste,Brasil
2022-05-08,ES,468.0,Sudeste,Brasil
2022-05-15,ES,469.0,Sudeste,Brasil
2022-05-22,ES,436.0,Sudeste,Brasil
2022-05-29,ES,377.0,Sudeste,Brasil
2022-06-05,ES,290.0,Sudeste,Brasil
2022-06-12,ES,306.0,Sudeste,Brasil
2022-06-19,ES,207.0,Sudeste,Brasil
2022-06-26,ES,192.0,Sudeste,Brasil
2022-07-03,ES,180.0,Sudeste,Brasil
2022-07-10,ES,184.0,Sudeste,Brasil
2022-07-17,ES,186.0,Sudeste,Brasil
2022-07-24,ES,172.0,Sudeste,Brasil
2022-07-31,ES,150.0,Sudeste,Brasil
2022-08-07,ES,162.0,Sudeste,Brasil
2022-08-14,ES,186.0,Sudeste,Brasil
2022-08-21,ES,187.0,Sudeste,Brasil
2022-08-28,ES,172.0,Sudeste,Brasil
2022-09-04,ES,110.0,Sudeste,Brasil
2022-09-11,ES,79.0,Sudeste,Brasil
2022-09-18,ES,127.0,Sudeste,Brasil
2022-09-25,ES,124.0,Sudeste,Brasil
2022-10-02,ES,134.0,Sudeste,Brasil
2022-10-09,ES,138.0,Sudeste,Brasil
2022-10-16,ES,111.0,Sudeste,Brasil
2022-10-23,ES,160.0,Sudeste,Brasil
2022-10-30,ES,174.0,Sudeste,Brasil
2022-11-06,ES,129.0,Sudeste,Brasil
2022-11-13,ES,247.0,Sudeste,Brasil
2022-11-20,ES,235.0,Sudeste,Brasil
2022-11-27,ES,179.0,Sudeste,Brasil
2022-12-04,ES,177.0,Sudeste,Brasil
2022-12-11,ES,189.0,Sudeste,Brasil
2022-12-18,ES,316.0,Sudeste,Brasil
2022-12-25,ES,460.0,Sudeste,Brasil
2023-01-01,ES,568.0,Sudeste,Brasil
2023-01-08,ES,718.0,Sudeste,Brasil
2023-01-15,ES,1361.0,Sudeste,Brasil
2023-01-22,ES,1690.0,Sudeste,Brasil
2023-01-29,ES,2096.0,Sudeste,Brasil
2023-02-05,ES,2458.0,Sudeste,Brasil
2023-02-12,ES,4081.0,Sudeste,Brasil
2023-02-19,ES,4742.0,Sudeste,Brasil
2023-02-26,ES,4742.0,Sudeste,Brasil
2023-03-05,ES,5902.0,Sudeste,Brasil
2023-03-12,ES,6078.0,Sudeste,Brasil
2023-03-19,ES,6901.0,Sudeste,Brasil
2023-03-26,ES,7094.0,Sudeste,Brasil
2023-04-02,ES,7347.0,Sudeste,Brasil
2023-04-09,ES,5955.0,Sudeste,Brasil
2023-04-16,ES,6493.0,Sudeste,Brasil
2023-04-23,ES,5231.0,Sudeste,Brasil
2023-04-30,ES,5567.0,Sudeste,Brasil
2023-05-07,ES,4779.0,Sudeste,Brasil
2023-05-14,ES,4790.0,Sudeste,Brasil
2023-05-21,ES,4005.0,Sudeste,Brasil
2023-05-28,ES,3954.0,Sudeste,Brasil
2023-06-04,ES,3660.0,Sudeste,Brasil
2023-06-11,ES,2790.0,Sudeste,Brasil
2023-06-18,ES,3143.0,Sudeste,Brasil
2023-06-25,ES,2873.0,Sudeste,Brasil
2023-07-02,ES,2591.0,Sudeste,Brasil
2023-07-09,ES,1972.0,Sudeste,Brasil
2023-07-16,ES,1861.0,Sudeste,Brasil
2023-07-23,ES,1443.0,Sudeste,Brasil
2023-07-30,ES,1282.0,Sudeste,Brasil
2023-08-06,ES,1021.0,Sudeste,Brasil
2023-08-13,ES,1238.0,Sudeste,Brasil
2023-08-20,ES,1133.0,Sudeste,Brasil
2023-08-27,ES,1223.0,Sudeste,Brasil
2023-09-03,ES,872.0,Sudeste,Brasil
2023-09-10,ES,657.0,Sudeste,Brasil
2023-09-17,ES,790.0,Sudeste,Brasil
2023-09-24,ES,816.0,Sudeste,Brasil
2023-10-01,ES,837.0,Sudeste,Brasil
2023-10-08,ES,866.0,Sudeste,Brasil
2023-10-15,ES,692.0,Sudeste,Brasil
2023-10-22,ES,879.0,Sudeste,Brasil
2023-10-29,ES,790.0,Sudeste,Brasil
2023-11-05,ES,671.0,Sudeste,Brasil
2023-11-12,ES,964.0,Sudeste,Brasil
2023-11-19,ES,816.0,Sudeste,Brasil
2023-11-26,ES,807.0,Sudeste,Brasil
2023-12-03,ES,874.0,Sudeste,Brasil
2023-12-10,ES,831.0,Sudeste,Brasil
2023-12-17,ES,785.0,Sudeste,Brasil
2023-12-24,ES,797.0,Sudeste,Brasil
2023-12-31,ES,669.0,Sudeste,Brasil
2024-01-07,ES,943.0,Sudeste,Brasil
2024-01-14,ES,1211.0,Sudeste,Brasil
2024-01-21,ES,1636.0,Sudeste,Brasil
2024-01-28,ES,1963.0,Sudeste,Brasil
2024-02-04,ES,2783.0,Sudeste,Brasil
2024-02-11,ES,3892.0,Sudeste,Brasil
2024-02-18,ES,3756.0,Sudeste,Brasil
2024-02-25,ES,7658.0,Sudeste,Brasil
2024-03-03,ES,9258.0,Sudeste,Brasil
2024-03-10,ES,9765.0,Sudeste,Brasil
2024-03-17,ES,10372.0,Sudeste,Brasil
2024-03-24,ES,9728.0,Sudeste,Brasil
2024-03-31,ES,7367.0,Sudeste,Brasil
2024-04-07,ES,8041.0,Sudeste,Brasil
2024-04-14,ES,6630.0,Sudeste,Brasil
2024-04-21,ES,6247.0,Sudeste,Brasil
2024-04-28,ES,4777.0,Sudeste,Brasil
2024-05-05,ES,3906.0,Sudeste,Brasil
2024-05-12,ES,3697.0,Sudeste,Brasil
2024-05-19,ES,3709.0,Sudeste,Brasil
2024-05-26,ES,3074.0,Sudeste,Brasil
2024-06-02,ES,2082.0,Sudeste,Brasil
2024-06-09,ES,2250.0,Sudeste,Brasil
2024-06-16,ES,2129.0,Sudeste,Brasil
2024-06-23,ES,1619.0,Sudeste,Brasil
2024-06-30,ES,1465.0,Sudeste,Brasil
2024-07-07,ES,1224.0,Sudeste,Brasil
2024-07-14,ES,1196.0,Sudeste,Brasil
2024-07-21,ES,997.0,Sudeste,Brasil
2024-07-28,ES,958.0,Sudeste,Brasil
2024-08-04,ES,720.0,Sudeste,Brasil
2024-08-11,ES,711.0,Sudeste,Brasil
2024-08-18,ES,707.0,Sudeste,Brasil
2024-08-25,ES,585.0,Sudeste,Brasil
2024-09-01,ES,467.0,Sudeste,Brasil
2024-09-08,ES,428.0,Sudeste,Brasil
2024-09-15,ES,371.0,Sudeste,Brasil
2024-09-22,ES,363.0,Sudeste,Brasil
2024-09-29,ES,392.0,Sudeste,Brasil
2024-10-06,ES,416.0,Sudeste,Brasil
2024-10-13,ES,340.0,Sudeste,Brasil
2024-10-20,ES,395.0,Sudeste,Brasil
2024-10-27,ES,538.0,Sudeste,Brasil
2024-11-03,ES,398.0,Sudeste,Brasil
2024-11-10,ES,451.0,Sudeste,Brasil
2024-11-17,ES,450.0,Sudeste,Brasil
2024-11-24,ES,638.0,Sudeste,Brasil
2024-12-01,ES,793.0,Sudeste,Brasil
2024-12-08,ES,1114.0,Sudeste,Brasil
2024-12-15,ES,1072.0,Sudeste,Brasil
2024-12-22,ES,1136.0,Sudeste,Brasil
2024-12-29,ES,1105.0,Sudeste,Brasil
2025-01-05,ES,1027.0,Sudeste,Brasil
2025-01-12,ES,1294.0,Sudeste,Brasil
2025-01-19,ES,1419.0,Sudeste,Brasil
2025-01-26,ES,1803.0,Sudeste,Brasil
2025-02-02,ES,1756.0,Sudeste,Brasil
2025-02-09,ES,1820.0,Sudeste,Brasil
2025-02-16,ES,1555.0,Sudeste,Brasil
2025-02-23,ES,1382.0,Sudeste,Brasil
2025-03-02,ES,1118.0,Sudeste,Brasil
2025-03-09,ES,619.0,Sudeste,Brasil
2025-03-16,ES,876.0,Sudeste,Brasil
2025-03-23,ES,815.0,Sudeste,Brasil
2025-03-30,ES,804.0,Sudeste,Brasil
2025-04-06,ES,865.0,Sudeste,Brasil
2025-04-13,ES,770.0,Sudeste,Brasil
2025-04-20,ES,775.0,Sudeste,Brasil
2025-04-27,ES,814.0,Sudeste,Brasil
2025-05-04,ES,585.0,Sudeste,Brasil
2025-05-11,ES,775.0,Sudeste,Brasil
2025-05-18,ES,740.0,Sudeste,Brasil
2025-05-25,ES,684.0,Sudeste,Brasil
2025-06-01,ES,615.0,Sudeste,Brasil
2025-06-08,ES,686.0,Sudeste,Brasil
2025-06-15,ES,564.0,Sudeste,Brasil
2025-06-22,ES,451.0,Sudeste,Brasil
2025-06-29,ES,477.0,Sudeste,Brasil
2025-07-06,ES,495.0,Sudeste,Brasil
2025-07-13,ES,391.0,Sudeste,Brasil
2025-07-20,ES,334.0,Sudeste,Brasil
2025-07-27,ES,348.0,Sudeste,Brasil
2025-08-03,ES,314.0,Sudeste,Brasil
2025-08-10,ES,335.0,Sudeste,Brasil
2025-08-17,ES,304.0,Sudeste,Brasil
2025-08-24,ES,307.0,Sudeste,Brasil
2025-08-31,ES,390.0,Sudeste,Brasil
2025-09-07,ES,371.0,Sudeste,Brasil
2025-09-14,ES,404.0,Sudeste,Brasil
2025-09-21,ES,457.0,Sudeste,Brasil
2025-09-28,ES,479.0,Sudeste,Brasil
2025-10-05,ES,431.0,Sudeste,Brasil
2025-10-12,ES,455.0,Sudeste,Brasil
2025-10-19,ES,476.0,Sudeste,Brasil
2025-10-26,ES,307.0,Sudeste,Brasil
2025-11-02,ES,371.0,Sudeste,Brasil
2025-11-09,ES,331.0,Sudeste,Brasil
2025-11-16,ES,307.0,Sudeste,Brasil
2025-11-23,ES,245.0,Sudeste,Brasil
2025-11-30,ES,325.0,Sudeste,Brasil
2025-12-07,ES,385.0,Sudeste,Brasil
2025-12-14,ES,388.0,Sudeste,Brasil
2025-12-21,ES,356.0,Sudeste,Brasil
2025-12-28,ES,201.0,Sudeste,Brasil
2026-01-04,ES,171.0,Sudeste,Brasil
2026-01-11,ES,240.0,Sudeste,Brasil
2026-01-18,ES,221.0,Sudeste,Brasil
2026-01-25,ES,206.0,Sudeste,Brasil
2026-02-01,ES,290.0,Sudeste,Brasil
2026-02-08,ES,263.0,Sudeste,Brasil
2026-02-15,ES,305.0,Sudeste,Brasil
2026-02-22,ES,302.0,Sudeste,Brasil
2026-03-01,ES,491.0,Sudeste,Brasil
2026-03-08,ES,492.0,Sudeste,Brasil
2026-03-15,ES,522.0,Sudeste,Brasil
2026-03-22,ES,675.0,Sudeste,Brasil
2026-03-29,ES,1082.0,Sudeste,Brasil
2026-04-05,ES,921.0,Sudeste,Brasil
2026-04-12,ES,1475.0,Sudeste,Brasil
2026-04-19,ES,1475.0,Sudeste,Brasil
2015-01-04,GO,93.0,Centro-Oeste,Brasil
2015-01-11,GO,2172.0,Centro-Oeste,Brasil
2015-01-18,GO,2678.0,Centro-Oeste,Brasil
2015-01-25,GO,3691.0,Centro-Oeste,Brasil
2015-02-01,GO,4646.0,Centro-Oeste,Brasil
2015-02-08,GO,5232.0,Centro-Oeste,Brasil
2015-02-15,GO,5619.0,Centro-Oeste,Brasil
2015-02-22,GO,4454.0,Centro-Oeste,Brasil
2015-03-01,GO,6918.0,Centro-Oeste,Brasil
2015-03-08,GO,7325.0,Centro-Oeste,Brasil
2015-03-15,GO,8258.0,Centro-Oeste,Brasil
2015-03-22,GO,9030.0,Centro-Oeste,Brasil
2015-03-29,GO,8807.0,Centro-Oeste,Brasil
2015-04-05,GO,6892.0,Centro-Oeste,Brasil
2015-04-12,GO,10076.0,Centro-Oeste,Brasil
2015-04-19,GO,8266.0,Centro-Oeste,Brasil
2015-04-26,GO,7388.0,Centro-Oeste,Brasil
2015-05-03,GO,9844.0,Centro-Oeste,Brasil
2015-05-10,GO,11334.0,Centro-Oeste,Brasil
2015-05-17,GO,10435.0,Centro-Oeste,Brasil
2015-05-24,GO,8924.0,Centro-Oeste,Brasil
2015-05-31,GO,7832.0,Centro-Oeste,Brasil
2015-06-07,GO,5357.0,Centro-Oeste,Brasil
2015-06-14,GO,6289.0,Centro-Oeste,Brasil
2015-06-21,GO,4867.0,Centro-Oeste,Brasil
2015-06-28,GO,3314.0,Centro-Oeste,Brasil
2015-07-05,GO,2541.0,Centro-Oeste,Brasil
2015-07-12,GO,1566.0,Centro-Oeste,Brasil
2015-07-19,GO,1426.0,Centro-Oeste,Brasil
2015-07-26,GO,1307.0,Centro-Oeste,Brasil
2015-08-02,GO,1370.0,Centro-Oeste,Brasil
2015-08-09,GO,1315.0,Centro-Oeste,Brasil
2015-08-16,GO,793.0,Centro-Oeste,Brasil
2015-08-23,GO,669.0,Centro-Oeste,Brasil
2015-08-30,GO,599.0,Centro-Oeste,Brasil
2015-09-06,GO,503.0,Centro-Oeste,Brasil
2015-09-13,GO,457.0,Centro-Oeste,Brasil
2015-09-20,GO,523.0,Centro-Oeste,Brasil
2015-09-27,GO,532.0,Centro-Oeste,Brasil
2015-10-04,GO,501.0,Centro-Oeste,Brasil
2015-10-11,GO,550.0,Centro-Oeste,Brasil
2015-10-18,GO,645.0,Centro-Oeste,Brasil
2015-10-25,GO,730.0,Centro-Oeste,Brasil
2015-11-01,GO,697.0,Centro-Oeste,Brasil
2015-11-08,GO,821.0,Centro-Oeste,Brasil
2015-11-15,GO,1068.0,Centro-Oeste,Brasil
2015-11-22,GO,1171.0,Centro-Oeste,Brasil
2015-11-29,GO,1267.0,Centro-Oeste,Brasil
2015-12-06,GO,1643.0,Centro-Oeste,Brasil
2015-12-13,GO,2050.0,Centro-Oeste,Brasil
2015-12-20,GO,2317.0,Centro-Oeste,Brasil
2015-12-27,GO,1862.0,Centro-Oeste,Brasil
2016-01-03,GO,1862.0,Centro-Oeste,Brasil
2016-01-10,GO,3860.0,Centro-Oeste,Brasil
2016-01-17,GO,4779.0,Centro-Oeste,Brasil
2016-01-24,GO,5246.0,Centro-Oeste,Brasil
2016-01-31,GO,5931.0,Centro-Oeste,Brasil
2016-02-07,GO,7313.0,Centro-Oeste,Brasil
2016-02-14,GO,6414.0,Centro-Oeste,Brasil
2016-02-21,GO,9699.0,Centro-Oeste,Brasil
2016-02-28,GO,10529.0,Centro-Oeste,Brasil
2016-03-06,GO,9907.0,Centro-Oeste,Brasil
2016-03-13,GO,9436.0,Centro-Oeste,Brasil
2016-03-20,GO,9172.0,Centro-Oeste,Brasil
2016-03-27,GO,6367.0,Centro-Oeste,Brasil
2016-04-03,GO,8446.0,Centro-Oeste,Brasil
2016-04-10,GO,7927.0,Centro-Oeste,Brasil
2016-04-17,GO,6564.0,Centro-Oeste,Brasil
2016-04-24,GO,4923.0,Centro-Oeste,Brasil
2016-05-01,GO,5177.0,Centro-Oeste,Brasil
2016-05-08,GO,4089.0,Centro-Oeste,Brasil
2016-05-15,GO,3518.0,Centro-Oeste,Brasil
2016-05-22,GO,2786.0,Centro-Oeste,Brasil
2016-05-29,GO,1817.0,Centro-Oeste,Brasil
2016-06-05,GO,1907.0,Centro-Oeste,Brasil
2016-06-12,GO,1467.0,Centro-Oeste,Brasil
2016-06-19,GO,1220.0,Centro-Oeste,Brasil
2016-06-26,GO,1024.0,Centro-Oeste,Brasil
2016-07-03,GO,741.0,Centro-Oeste,Brasil
2016-07-10,GO,580.0,Centro-Oeste,Brasil
2016-07-17,GO,559.0,Centro-Oeste,Brasil
2016-07-24,GO,465.0,Centro-Oeste,Brasil
2016-07-31,GO,436.0,Centro-Oeste,Brasil
2016-08-07,GO,383.0,Centro-Oeste,Brasil
2016-08-14,GO,437.0,Centro-Oeste,Brasil
2016-08-21,GO,481.0,Centro-Oeste,Brasil
2016-08-28,GO,440.0,Centro-Oeste,Brasil
2016-09-04,GO,462.0,Centro-Oeste,Brasil
2016-09-11,GO,416.0,Centro-Oeste,Brasil
2016-09-18,GO,498.0,Centro-Oeste,Brasil
2016-09-25,GO,505.0,Centro-Oeste,Brasil
2016-10-02,GO,536.0,Centro-Oeste,Brasil
2016-10-09,GO,522.0,Centro-Oeste,Brasil
2016-10-16,GO,565.0,Centro-Oeste,Brasil
2016-10-23,GO,711.0,Centro-Oeste,Brasil
2016-10-30,GO,673.0,Centro-Oeste,Brasil
2016-11-06,GO,623.0,Centro-Oeste,Brasil
2016-11-13,GO,758.0,Centro-Oeste,Brasil
2016-11-20,GO,638.0,Centro-Oeste,Brasil
2016-11-27,GO,929.0,Centro-Oeste,Brasil
2016-12-04,GO,916.0,Centro-Oeste,Brasil
2016-12-11,GO,1034.0,Centro-Oeste,Brasil
2016-12-18,GO,1079.0,Centro-Oeste,Brasil
2016-12-25,GO,1007.0,Centro-Oeste,Brasil
2017-01-01,GO,855.0,Centro-Oeste,Brasil
2017-01-08,GO,1328.0,Centro-Oeste,Brasil
2017-01-15,GO,1368.0,Centro-Oeste,Brasil
2017-01-22,GO,1534.0,Centro-Oeste,Brasil
2017-01-29,GO,2049.0,Centro-Oeste,Brasil
2017-02-05,GO,2191.0,Centro-Oeste,Brasil
2017-02-12,GO,2181.0,Centro-Oeste,Brasil
2017-02-19,GO,2350.0,Centro-Oeste,Brasil
2017-02-26,GO,2339.0,Centro-Oeste,Brasil
2017-03-05,GO,1776.0,Centro-Oeste,Brasil
2017-03-12,GO,2576.0,Centro-Oeste,Brasil
2017-03-19,GO,3084.0,Centro-Oeste,Brasil
2017-03-26,GO,3216.0,Centro-Oeste,Brasil
2017-04-02,GO,2691.0,Centro-Oeste,Brasil
2017-04-09,GO,3110.0,Centro-Oeste,Brasil
2017-04-16,GO,2539.0,Centro-Oeste,Brasil
2017-04-23,GO,2941.0,Centro-Oeste,Brasil
2017-04-30,GO,3588.0,Centro-Oeste,Brasil
2017-05-07,GO,3260.0,Centro-Oeste,Brasil
2017-05-14,GO,3408.0,Centro-Oeste,Brasil
2017-05-21,GO,3254.0,Centro-Oeste,Brasil
2017-05-28,GO,2945.0,Centro-Oeste,Brasil
2017-06-04,GO,3114.0,Centro-Oeste,Brasil
2017-06-11,GO,2698.0,Centro-Oeste,Brasil
2017-06-18,GO,2071.0,Centro-Oeste,Brasil
2017-06-25,GO,1855.0,Centro-Oeste,Brasil
2017-07-02,GO,1921.0,Centro-Oeste,Brasil
2017-07-09,GO,1207.0,Centro-Oeste,Brasil
2017-07-16,GO,887.0,Centro-Oeste,Brasil
2017-07-23,GO,754.0,Centro-Oeste,Brasil
2017-07-30,GO,636.0,Centro-Oeste,Brasil
2017-08-06,GO,580.0,Centro-Oeste,Brasil
2017-08-13,GO,479.0,Centro-Oeste,Brasil
2017-08-20,GO,488.0,Centro-Oeste,Brasil
2017-08-27,GO,475.0,Centro-Oeste,Brasil
2017-09-03,GO,472.0,Centro-Oeste,Brasil
2017-09-10,GO,360.0,Centro-Oeste,Brasil
2017-09-17,GO,510.0,Centro-Oeste,Brasil
2017-09-24,GO,469.0,Centro-Oeste,Brasil
2017-10-01,GO,538.0,Centro-Oeste,Brasil
2017-10-08,GO,544.0,Centro-Oeste,Brasil
2017-10-15,GO,535.0,Centro-Oeste,Brasil
2017-10-22,GO,771.0,Centro-Oeste,Brasil
2017-10-29,GO,660.0,Centro-Oeste,Brasil
2017-11-05,GO,396.0,Centro-Oeste,Brasil
2017-11-12,GO,627.0,Centro-Oeste,Brasil
2017-11-19,GO,643.0,Centro-Oeste,Brasil
2017-11-26,GO,641.0,Centro-Oeste,Brasil
2017-12-03,GO,610.0,Centro-Oeste,Brasil
2017-12-10,GO,645.0,Centro-Oeste,Brasil
2017-12-17,GO,637.0,Centro-Oeste,Brasil
2017-12-24,GO,695.0,Centro-Oeste,Brasil
2017-12-31,GO,509.0,Centro-Oeste,Brasil
2018-01-07,GO,1152.0,Centro-Oeste,Brasil
2018-01-14,GO,1620.0,Centro-Oeste,Brasil
2018-01-21,GO,2250.0,Centro-Oeste,Brasil
2018-01-28,GO,2520.0,Centro-Oeste,Brasil
2018-02-04,GO,3110.0,Centro-Oeste,Brasil
2018-02-11,GO,3095.0,Centro-Oeste,Brasil
2018-02-18,GO,2284.0,Centro-Oeste,Brasil
2018-02-25,GO,3702.0,Centro-Oeste,Brasil
2018-03-04,GO,3992.0,Centro-Oeste,Brasil
2018-03-11,GO,4292.0,Centro-Oeste,Brasil
2018-03-18,GO,4468.0,Centro-Oeste,Brasil
2018-03-25,GO,4138.0,Centro-Oeste,Brasil
2018-04-01,GO,3464.0,Centro-Oeste,Brasil
2018-04-08,GO,4844.0,Centro-Oeste,Brasil
2018-04-15,GO,5050.0,Centro-Oeste,Brasil
2018-04-22,GO,4735.0,Centro-Oeste,Brasil
2018-04-29,GO,4604.0,Centro-Oeste,Brasil
2018-05-06,GO,3861.0,Centro-Oeste,Brasil
2018-05-13,GO,4870.0,Centro-Oeste,Brasil
2018-05-20,GO,4433.0,Centro-Oeste,Brasil
2018-05-27,GO,3847.0,Centro-Oeste,Brasil
2018-06-03,GO,2322.0,Centro-Oeste,Brasil
2018-06-10,GO,2629.0,Centro-Oeste,Brasil
2018-06-17,GO,2116.0,Centro-Oeste,Brasil
2018-06-24,GO,1896.0,Centro-Oeste,Brasil
2018-07-01,GO,1503.0,Centro-Oeste,Brasil
2018-07-08,GO,1021.0,Centro-Oeste,Brasil
2018-07-15,GO,835.0,Centro-Oeste,Brasil
2018-07-22,GO,831.0,Centro-Oeste,Brasil
2018-07-29,GO,610.0,Centro-Oeste,Brasil
2018-08-05,GO,713.0,Centro-Oeste,Brasil
2018-08-12,GO,698.0,Centro-Oeste,Brasil
2018-08-19,GO,574.0,Centro-Oeste,Brasil
2018-08-26,GO,541.0,Centro-Oeste,Brasil
2018-09-02,GO,655.0,Centro-Oeste,Brasil
2018-09-09,GO,482.0,Centro-Oeste,Brasil
2018-09-16,GO,536.0,Centro-Oeste,Brasil
2018-09-23,GO,572.0,Centro-Oeste,Brasil
2018-09-30,GO,713.0,Centro-Oeste,Brasil
2018-10-07,GO,722.0,Centro-Oeste,Brasil
2018-10-14,GO,611.0,Centro-Oeste,Brasil
2018-10-21,GO,780.0,Centro-Oeste,Brasil
2018-10-28,GO,861.0,Centro-Oeste,Brasil
2018-11-04,GO,793.0,Centro-Oeste,Brasil
2018-11-11,GO,1101.0,Centro-Oeste,Brasil
2018-11-18,GO,904.0,Centro-Oeste,Brasil
2018-11-25,GO,1296.0,Centro-Oeste,Brasil
2018-12-02,GO,1449.0,Centro-Oeste,Brasil
2018-12-09,GO,1400.0,Centro-Oeste,Brasil
2018-12-16,GO,1740.0,Centro-Oeste,Brasil
2018-12-23,GO,1712.0,Centro-Oeste,Brasil
2018-12-30,GO,1228.0,Centro-Oeste,Brasil
2019-01-06,GO,1597.0,Centro-Oeste,Brasil
2019-01-13,GO,2549.0,Centro-Oeste,Brasil
2019-01-20,GO,2464.0,Centro-Oeste,Brasil
2019-01-27,GO,2632.0,Centro-Oeste,Brasil
2019-02-03,GO,3312.0,Centro-Oeste,Brasil
2019-02-10,GO,3331.0,Centro-Oeste,Brasil
2019-02-17,GO,3842.0,Centro-Oeste,Brasil
2019-02-24,GO,4254.0,Centro-Oeste,Brasil
2019-03-03,GO,3932.0,Centro-Oeste,Brasil
2019-03-10,GO,3181.0,Centro-Oeste,Brasil
2019-03-17,GO,4707.0,Centro-Oeste,Brasil
2019-03-24,GO,5583.0,Centro-Oeste,Brasil
2019-03-31,GO,6376.0,Centro-Oeste,Brasil
2019-04-07,GO,6602.0,Centro-Oeste,Brasil
2019-04-14,GO,6572.0,Centro-Oeste,Brasil
2019-04-21,GO,5314.0,Centro-Oeste,Brasil
2019-04-28,GO,7286.0,Centro-Oeste,Brasil
2019-05-05,GO,7016.0,Centro-Oeste,Brasil
2019-05-12,GO,7478.0,Centro-Oeste,Brasil
2019-05-19,GO,7510.0,Centro-Oeste,Brasil
2019-05-26,GO,7184.0,Centro-Oeste,Brasil
2019-06-02,GO,6524.0,Centro-Oeste,Brasil
2019-06-09,GO,5366.0,Centro-Oeste,Brasil
2019-06-16,GO,4750.0,Centro-Oeste,Brasil
2019-06-23,GO,3171.0,Centro-Oeste,Brasil
2019-06-30,GO,3293.0,Centro-Oeste,Brasil
2019-07-07,GO,2225.0,Centro-Oeste,Brasil
2019-07-14,GO,1605.0,Centro-Oeste,Brasil
2019-07-21,GO,1455.0,Centro-Oeste,Brasil
2019-07-28,GO,1106.0,Centro-Oeste,Brasil
2019-08-04,GO,1115.0,Centro-Oeste,Brasil
2019-08-11,GO,804.0,Centro-Oeste,Brasil
2019-08-18,GO,967.0,Centro-Oeste,Brasil
2019-08-25,GO,880.0,Centro-Oeste,Brasil
2019-09-01,GO,791.0,Centro-Oeste,Brasil
2019-09-08,GO,679.0,Centro-Oeste,Brasil
2019-09-15,GO,726.0,Centro-Oeste,Brasil
2019-09-22,GO,715.0,Centro-Oeste,Brasil
2019-09-29,GO,754.0,Centro-Oeste,Brasil
2019-10-06,GO,820.0,Centro-Oeste,Brasil
2019-10-13,GO,719.0,Centro-Oeste,Brasil
2019-10-20,GO,892.0,Centro-Oeste,Brasil
2019-10-27,GO,753.0,Centro-Oeste,Brasil
2019-11-03,GO,832.0,Centro-Oeste,Brasil
2019-11-10,GO,909.0,Centro-Oeste,Brasil
2019-11-17,GO,820.0,Centro-Oeste,Brasil
2019-11-24,GO,897.0,Centro-Oeste,Brasil
2019-12-01,GO,866.0,Centro-Oeste,Brasil
2019-12-08,GO,949.0,Centro-Oeste,Brasil
2019-12-15,GO,1113.0,Centro-Oeste,Brasil
2019-12-22,GO,1051.0,Centro-Oeste,Brasil
2019-12-29,GO,657.0,Centro-Oeste,Brasil
2020-01-05,GO,406.0,Centro-Oeste,Brasil
2020-01-12,GO,1121.0,Centro-Oeste,Brasil
2020-01-19,GO,1339.0,Centro-Oeste,Brasil
2020-01-26,GO,1533.0,Centro-Oeste,Brasil
2020-02-02,GO,1654.0,Centro-Oeste,Brasil
2020-02-09,GO,2051.0,Centro-Oeste,Brasil
2020-02-16,GO,2268.0,Centro-Oeste,Brasil
2020-02-23,GO,2323.0,Centro-Oeste,Brasil
2020-03-01,GO,1932.0,Centro-Oeste,Brasil
2020-03-08,GO,3010.0,Centro-Oeste,Brasil
2020-03-15,GO,3112.0,Centro-Oeste,Brasil
2020-03-22,GO,2226.0,Centro-Oeste,Brasil
2020-03-29,GO,1674.0,Centro-Oeste,Brasil
2020-04-05,GO,2263.0,Centro-Oeste,Brasil
2020-04-12,GO,2021.0,Centro-Oeste,Brasil
2020-04-19,GO,2731.0,Centro-Oeste,Brasil
2020-04-26,GO,2358.0,Centro-Oeste,Brasil
2020-05-03,GO,2170.0,Centro-Oeste,Brasil
2020-05-10,GO,2057.0,Centro-Oeste,Brasil
2020-05-17,GO,1893.0,Centro-Oeste,Brasil
2020-05-24,GO,1704.0,Centro-Oeste,Brasil
2020-05-31,GO,1453.0,Centro-Oeste,Brasil
2020-06-07,GO,1429.0,Centro-Oeste,Brasil
2020-06-14,GO,1245.0,Centro-Oeste,Brasil
2020-06-21,GO,1463.0,Centro-Oeste,Brasil
2020-06-28,GO,1317.0,Centro-Oeste,Brasil
2020-07-05,GO,1223.0,Centro-Oeste,Brasil
2020-07-12,GO,1213.0,Centro-Oeste,Brasil
2020-07-19,GO,754.0,Centro-Oeste,Brasil
2020-07-26,GO,585.0,Centro-Oeste,Brasil
2020-08-02,GO,600.0,Centro-Oeste,Brasil
2020-08-09,GO,538.0,Centro-Oeste,Brasil
2020-08-16,GO,478.0,Centro-Oeste,Brasil
2020-08-23,GO,367.0,Centro-Oeste,Brasil
2020-08-30,GO,303.0,Centro-Oeste,Brasil
2020-09-06,GO,274.0,Centro-Oeste,Brasil
2020-09-13,GO,283.0,Centro-Oeste,Brasil
2020-09-20,GO,278.0,Centro-Oeste,Brasil
2020-09-27,GO,240.0,Centro-Oeste,Brasil
2020-10-04,GO,272.0,Centro-Oeste,Brasil
2020-10-11,GO,236.0,Centro-Oeste,Brasil
2020-10-18,GO,202.0,Centro-Oeste,Brasil
2020-10-25,GO,207.0,Centro-Oeste,Brasil
2020-11-01,GO,207.0,Centro-Oeste,Brasil
2020-11-08,GO,271.0,Centro-Oeste,Brasil
2020-11-15,GO,267.0,Centro-Oeste,Brasil
2020-11-22,GO,244.0,Centro-Oeste,Brasil
2020-11-29,GO,264.0,Centro-Oeste,Brasil
2020-12-06,GO,297.0,Centro-Oeste,Brasil
2020-12-13,GO,297.0,Centro-Oeste,Brasil
2020-12-20,GO,321.0,Centro-Oeste,Brasil
2020-12-27,GO,175.0,Centro-Oeste,Brasil
2021-01-03,GO,175.0,Centro-Oeste,Brasil
2021-01-10,GO,377.0,Centro-Oeste,Brasil
2021-01-17,GO,846.0,Centro-Oeste,Brasil
2021-01-24,GO,1053.0,Centro-Oeste,Brasil
2021-01-31,GO,1224.0,Centro-Oeste,Brasil
2021-02-07,GO,1269.0,Centro-Oeste,Brasil
2021-02-14,GO,1572.0,Centro-Oeste,Brasil
2021-02-21,GO,1503.0,Centro-Oeste,Brasil
2021-02-28,GO,1739.0,Centro-Oeste,Brasil
2021-03-07,GO,1761.0,Centro-Oeste,Brasil
2021-03-14,GO,1879.0,Centro-Oeste,Brasil
2021-03-21,GO,2002.0,Centro-Oeste,Brasil
2021-03-28,GO,2286.0,Centro-Oeste,Brasil
2021-04-04,GO,2004.0,Centro-Oeste,Brasil
2021-04-11,GO,2716.0,Centro-Oeste,Brasil
2021-04-18,GO,2917.0,Centro-Oeste,Brasil
2021-04-25,GO,2599.0,Centro-Oeste,Brasil
2021-05-02,GO,2785.0,Centro-Oeste,Brasil
2021-05-09,GO,2643.0,Centro-Oeste,Brasil
2021-05-16,GO,2618.0,Centro-Oeste,Brasil
2021-05-23,GO,2476.0,Centro-Oeste,Brasil
2021-05-30,GO,2289.0,Centro-Oeste,Brasil
2021-06-06,GO,1905.0,Centro-Oeste,Brasil
2021-06-13,GO,2105.0,Centro-Oeste,Brasil
2021-06-20,GO,1834.0,Centro-Oeste,Brasil
2021-06-27,GO,1617.0,Centro-Oeste,Brasil
2021-07-04,GO,1312.0,Centro-Oeste,Brasil
2021-07-11,GO,1137.0,Centro-Oeste,Brasil
2021-07-18,GO,986.0,Centro-Oeste,Brasil
2021-07-25,GO,882.0,Centro-Oeste,Brasil
2021-08-01,GO,828.0,Centro-Oeste,Brasil
2021-08-08,GO,667.0,Centro-Oeste,Brasil
2021-08-15,GO,668.0,Centro-Oeste,Brasil
2021-08-22,GO,603.0,Centro-Oeste,Brasil
2021-08-29,GO,640.0,Centro-Oeste,Brasil
2021-09-05,GO,552.0,Centro-Oeste,Brasil
2021-09-12,GO,524.0,Centro-Oeste,Brasil
2021-09-19,GO,546.0,Centro-Oeste,Brasil
2021-09-26,GO,577.0,Centro-Oeste,Brasil
2021-10-03,GO,622.0,Centro-Oeste,Brasil
2021-10-10,GO,551.0,Centro-Oeste,Brasil
2021-10-17,GO,534.0,Centro-Oeste,Brasil
2021-10-24,GO,677.0,Centro-Oeste,Brasil
2021-10-31,GO,725.0,Centro-Oeste,Brasil
2021-11-07,GO,710.0,Centro-Oeste,Brasil
2021-11-14,GO,854.0,Centro-Oeste,Brasil
2021-11-21,GO,1133.0,Centro-Oeste,Brasil
2021-11-28,GO,1952.0,Centro-Oeste,Brasil
2021-12-05,GO,2408.0,Centro-Oeste,Brasil
2021-12-12,GO,3533.0,Centro-Oeste,Brasil
2021-12-19,GO,4176.0,Centro-Oeste,Brasil
2021-12-26,GO,4284.0,Centro-Oeste,Brasil
2022-01-02,GO,4202.0,Centro-Oeste,Brasil
2022-01-09,GO,2393.0,Centro-Oeste,Brasil
2022-01-16,GO,3150.0,Centro-Oeste,Brasil
2022-01-23,GO,3718.0,Centro-Oeste,Brasil
2022-01-30,GO,4795.0,Centro-Oeste,Brasil
2022-02-06,GO,5285.0,Centro-Oeste,Brasil
2022-02-13,GO,6301.0,Centro-Oeste,Brasil
2022-02-20,GO,6884.0,Centro-Oeste,Brasil
2022-02-27,GO,6939.0,Centro-Oeste,Brasil
2022-03-06,GO,6472.0,Centro-Oeste,Brasil
2022-03-13,GO,8871.0,Centro-Oeste,Brasil
2022-03-20,GO,10053.0,Centro-Oeste,Brasil
2022-03-27,GO,10650.0,Centro-Oeste,Brasil
2022-04-03,GO,11712.0,Centro-Oeste,Brasil
2022-04-10,GO,10971.0,Centro-Oeste,Brasil
2022-04-17,GO,9791.0,Centro-Oeste,Brasil
2022-04-24,GO,10050.0,Centro-Oeste,Brasil
2022-05-01,GO,11171.0,Centro-Oeste,Brasil
2022-05-08,GO,9799.0,Centro-Oeste,Brasil
2022-05-15,GO,9157.0,Centro-Oeste,Brasil
2022-05-22,GO,6476.0,Centro-Oeste,Brasil
2022-05-29,GO,5321.0,Centro-Oeste,Brasil
2022-06-05,GO,4362.0,Centro-Oeste,Brasil
2022-06-12,GO,3593.0,Centro-Oeste,Brasil
2022-06-19,GO,2568.0,Centro-Oeste,Brasil
2022-06-26,GO,2898.0,Centro-Oeste,Brasil
2022-07-03,GO,2216.0,Centro-Oeste,Brasil
2022-07-10,GO,1819.0,Centro-Oeste,Brasil
2022-07-17,GO,1684.0,Centro-Oeste,Brasil
2022-07-24,GO,1552.0,Centro-Oeste,Brasil
2022-07-31,GO,1508.0,Centro-Oeste,Brasil
2022-08-07,GO,1356.0,Centro-Oeste,Brasil
2022-08-14,GO,1664.0,Centro-Oeste,Brasil
2022-08-21,GO,979.0,Centro-Oeste,Brasil
2022-08-28,GO,1118.0,Centro-Oeste,Brasil
2022-09-04,GO,1155.0,Centro-Oeste,Brasil
2022-09-11,GO,1009.0,Centro-Oeste,Brasil
2022-09-18,GO,1071.0,Centro-Oeste,Brasil
2022-09-25,GO,1173.0,Centro-Oeste,Brasil
2022-10-02,GO,1013.0,Centro-Oeste,Brasil
2022-10-09,GO,1043.0,Centro-Oeste,Brasil
2022-10-16,GO,821.0,Centro-Oeste,Brasil
2022-10-23,GO,929.0,Centro-Oeste,Brasil
2022-10-30,GO,821.0,Centro-Oeste,Brasil
2022-11-06,GO,656.0,Centro-Oeste,Brasil
2022-11-13,GO,1075.0,Centro-Oeste,Brasil
2022-11-20,GO,1106.0,Centro-Oeste,Brasil
2022-11-27,GO,1161.0,Centro-Oeste,Brasil
2022-12-04,GO,1228.0,Centro-Oeste,Brasil
2022-12-11,GO,1210.0,Centro-Oeste,Brasil
2022-12-18,GO,1484.0,Centro-Oeste,Brasil
2022-12-25,GO,1162.0,Centro-Oeste,Brasil
2023-01-01,GO,1111.0,Centro-Oeste,Brasil
2023-01-08,GO,892.0,Centro-Oeste,Brasil
2023-01-15,GO,1314.0,Centro-Oeste,Brasil
2023-01-22,GO,1587.0,Centro-Oeste,Brasil
2023-01-29,GO,1603.0,Centro-Oeste,Brasil
2023-02-05,GO,1785.0,Centro-Oeste,Brasil
2023-02-12,GO,1952.0,Centro-Oeste,Brasil
2023-02-19,GO,1921.0,Centro-Oeste,Brasil
2023-02-26,GO,1599.0,Centro-Oeste,Brasil
2023-03-05,GO,2050.0,Centro-Oeste,Brasil
2023-03-12,GO,2199.0,Centro-Oeste,Brasil
2023-03-19,GO,2196.0,Centro-Oeste,Brasil
2023-03-26,GO,2582.0,Centro-Oeste,Brasil
2023-04-02,GO,2996.0,Centro-Oeste,Brasil
2023-04-09,GO,2250.0,Centro-Oeste,Brasil
2023-04-16,GO,2576.0,Centro-Oeste,Brasil
2023-04-23,GO,2403.0,Centro-Oeste,Brasil
2023-04-30,GO,2560.0,Centro-Oeste,Brasil
2023-05-07,GO,2285.0,Centro-Oeste,Brasil
2023-05-14,GO,2261.0,Centro-Oeste,Brasil
2023-05-21,GO,2127.0,Centro-Oeste,Brasil
2023-05-28,GO,1827.0,Centro-Oeste,Brasil
2023-06-04,GO,1407.0,Centro-Oeste,Brasil
2023-06-11,GO,1043.0,Centro-Oeste,Brasil
2023-06-18,GO,1077.0,Centro-Oeste,Brasil
2023-06-25,GO,881.0,Centro-Oeste,Brasil
2023-07-02,GO,760.0,Centro-Oeste,Brasil
2023-07-09,GO,588.0,Centro-Oeste,Brasil
2023-07-16,GO,569.0,Centro-Oeste,Brasil
2023-07-23,GO,594.0,Centro-Oeste,Brasil
2023-07-30,GO,496.0,Centro-Oeste,Brasil
2023-08-06,GO,561.0,Centro-Oeste,Brasil
2023-08-13,GO,571.0,Centro-Oeste,Brasil
2023-08-20,GO,611.0,Centro-Oeste,Brasil
2023-08-27,GO,605.0,Centro-Oeste,Brasil
2023-09-03,GO,663.0,Centro-Oeste,Brasil
2023-09-10,GO,586.0,Centro-Oeste,Brasil
2023-09-17,GO,793.0,Centro-Oeste,Brasil
2023-09-24,GO,816.0,Centro-Oeste,Brasil
2023-10-01,GO,740.0,Centro-Oeste,Brasil
2023-10-08,GO,820.0,Centro-Oeste,Brasil
2023-10-15,GO,662.0,Centro-Oeste,Brasil
2023-10-22,GO,761.0,Centro-Oeste,Brasil
2023-10-29,GO,800.0,Centro-Oeste,Brasil
2023-11-05,GO,649.0,Centro-Oeste,Brasil
2023-11-12,GO,985.0,Centro-Oeste,Brasil
2023-11-19,GO,910.0,Centro-Oeste,Brasil
2023-11-26,GO,1040.0,Centro-Oeste,Brasil
2023-12-03,GO,1177.0,Centro-Oeste,Brasil
2023-12-10,GO,1194.0,Centro-Oeste,Brasil
2023-12-17,GO,1539.0,Centro-Oeste,Brasil
2023-12-24,GO,1733.0,Centro-Oeste,Brasil
2023-12-31,GO,1524.0,Centro-Oeste,Brasil
2024-01-07,GO,1856.0,Centro-Oeste,Brasil
2024-01-14,GO,3468.0,Centro-Oeste,Brasil
2024-01-21,GO,4121.0,Centro-Oeste,Brasil
2024-01-28,GO,6869.0,Centro-Oeste,Brasil
2024-02-04,GO,9652.0,Centro-Oeste,Brasil
2024-02-11,GO,13558.0,Centro-Oeste,Brasil
2024-02-18,GO,13285.0,Centro-Oeste,Brasil
2024-02-25,GO,17342.0,Centro-Oeste,Brasil
2024-03-03,GO,17273.0,Centro-Oeste,Brasil
2024-03-10,GO,17579.0,Centro-Oeste,Brasil
2024-03-17,GO,18198.0,Centro-Oeste,Brasil
2024-03-24,GO,17923.0,Centro-Oeste,Brasil
2024-03-31,GO,14428.0,Centro-Oeste,Brasil
2024-04-07,GO,17023.0,Centro-Oeste,Brasil
2024-04-14,GO,17971.0,Centro-Oeste,Brasil
2024-04-21,GO,18149.0,Centro-Oeste,Brasil
2024-04-28,GO,17285.0,Centro-Oeste,Brasil
2024-05-05,GO,15254.0,Centro-Oeste,Brasil
2024-05-12,GO,14983.0,Centro-Oeste,Brasil
2024-05-19,GO,12705.0,Centro-Oeste,Brasil
2024-05-26,GO,10097.0,Centro-Oeste,Brasil
2024-06-02,GO,6536.0,Centro-Oeste,Brasil
2024-06-09,GO,6595.0,Centro-Oeste,Brasil
2024-06-16,GO,4909.0,Centro-Oeste,Brasil
2024-06-23,GO,3938.0,Centro-Oeste,Brasil
2024-06-30,GO,2934.0,Centro-Oeste,Brasil
2024-07-07,GO,2299.0,Centro-Oeste,Brasil
2024-07-14,GO,2277.0,Centro-Oeste,Brasil
2024-07-21,GO,1312.0,Centro-Oeste,Brasil
2024-07-28,GO,1655.0,Centro-Oeste,Brasil
2024-08-04,GO,1550.0,Centro-Oeste,Brasil
2024-08-11,GO,1093.0,Centro-Oeste,Brasil
2024-08-18,GO,963.0,Centro-Oeste,Brasil
2024-08-25,GO,907.0,Centro-Oeste,Brasil
2024-09-01,GO,790.0,Centro-Oeste,Brasil
2024-09-08,GO,762.0,Centro-Oeste,Brasil
2024-09-15,GO,724.0,Centro-Oeste,Brasil
2024-09-22,GO,690.0,Centro-Oeste,Brasil
2024-09-29,GO,642.0,Centro-Oeste,Brasil
2024-10-06,GO,571.0,Centro-Oeste,Brasil
2024-10-13,GO,620.0,Centro-Oeste,Brasil
2024-10-20,GO,635.0,Centro-Oeste,Brasil
2024-10-27,GO,716.0,Centro-Oeste,Brasil
2024-11-03,GO,883.0,Centro-Oeste,Brasil
2024-11-10,GO,1048.0,Centro-Oeste,Brasil
2024-11-17,GO,962.0,Centro-Oeste,Brasil
2024-11-24,GO,1443.0,Centro-Oeste,Brasil
2024-12-01,GO,1608.0,Centro-Oeste,Brasil
2024-12-08,GO,1713.0,Centro-Oeste,Brasil
2024-12-15,GO,1666.0,Centro-Oeste,Brasil
2024-12-22,GO,1627.0,Centro-Oeste,Brasil
2024-12-29,GO,1100.0,Centro-Oeste,Brasil
2025-01-05,GO,813.0,Centro-Oeste,Brasil
2025-01-12,GO,1940.0,Centro-Oeste,Brasil
2025-01-19,GO,2368.0,Centro-Oeste,Brasil
2025-01-26,GO,2732.0,Centro-Oeste,Brasil
2025-02-02,GO,3330.0,Centro-Oeste,Brasil
2025-02-09,GO,3674.0,Centro-Oeste,Brasil
2025-02-16,GO,3882.0,Centro-Oeste,Brasil
2025-02-23,GO,3927.0,Centro-Oeste,Brasil
2025-03-02,GO,3488.0,Centro-Oeste,Brasil
2025-03-09,GO,3039.0,Centro-Oeste,Brasil
2025-03-16,GO,3261.0,Centro-Oeste,Brasil
2025-03-23,GO,3496.0,Centro-Oeste,Brasil
2025-03-30,GO,3469.0,Centro-Oeste,Brasil
2025-04-06,GO,3589.0,Centro-Oeste,Brasil
2025-04-13,GO,3366.0,Centro-Oeste,Brasil
2025-04-20,GO,3070.0,Centro-Oeste,Brasil
2025-04-27,GO,3706.0,Centro-Oeste,Brasil
2025-05-04,GO,3887.0,Centro-Oeste,Brasil
2025-05-11,GO,4366.0,Centro-Oeste,Brasil
2025-05-18,GO,4066.0,Centro-Oeste,Brasil
2025-05-25,GO,3681.0,Centro-Oeste,Brasil
2025-06-01,GO,3043.0,Centro-Oeste,Brasil
2025-06-08,GO,2787.0,Centro-Oeste,Brasil
2025-06-15,GO,2473.0,Centro-Oeste,Brasil
2025-06-22,GO,1804.0,Centro-Oeste,Brasil
2025-06-29,GO,1902.0,Centro-Oeste,Brasil
2025-07-06,GO,1283.0,Centro-Oeste,Brasil
2025-07-13,GO,1280.0,Centro-Oeste,Brasil
2025-07-20,GO,963.0,Centro-Oeste,Brasil
2025-07-27,GO,834.0,Centro-Oeste,Brasil
2025-08-03,GO,758.0,Centro-Oeste,Brasil
2025-08-10,GO,673.0,Centro-Oeste,Brasil
2025-08-17,GO,607.0,Centro-Oeste,Brasil
2025-08-24,GO,786.0,Centro-Oeste,Brasil
2025-08-31,GO,826.0,Centro-Oeste,Brasil
2025-09-07,GO,701.0,Centro-Oeste,Brasil
2025-09-14,GO,712.0,Centro-Oeste,Brasil
2025-09-21,GO,724.0,Centro-Oeste,Brasil
2025-09-28,GO,838.0,Centro-Oeste,Brasil
2025-10-05,GO,830.0,Centro-Oeste,Brasil
2025-10-12,GO,828.0,Centro-Oeste,Brasil
2025-10-19,GO,941.0,Centro-Oeste,Brasil
2025-10-26,GO,814.0,Centro-Oeste,Brasil
2025-11-02,GO,758.0,Centro-Oeste,Brasil
2025-11-09,GO,782.0,Centro-Oeste,Brasil
2025-11-16,GO,993.0,Centro-Oeste,Brasil
2025-11-23,GO,888.0,Centro-Oeste,Brasil
2025-11-30,GO,1088.0,Centro-Oeste,Brasil
2025-12-07,GO,1121.0,Centro-Oeste,Brasil
2025-12-14,GO,1191.0,Centro-Oeste,Brasil
2025-12-21,GO,1335.0,Centro-Oeste,Brasil
2025-12-28,GO,1098.0,Centro-Oeste,Brasil
2026-01-04,GO,1330.0,Centro-Oeste,Brasil
2026-01-11,GO,1796.0,Centro-Oeste,Brasil
2026-01-18,GO,2148.0,Centro-Oeste,Brasil
2026-01-25,GO,2790.0,Centro-Oeste,Brasil
2026-02-01,GO,3109.0,Centro-Oeste,Brasil
2026-02-08,GO,3419.0,Centro-Oeste,Brasil
2026-02-15,GO,3703.0,Centro-Oeste,Brasil
2026-02-22,GO,3575.0,Centro-Oeste,Brasil
2026-03-01,GO,4480.0,Centro-Oeste,Brasil
2026-03-08,GO,4904.0,Centro-Oeste,Brasil
2026-03-15,GO,5858.0,Centro-Oeste,Brasil
2026-03-22,GO,5822.0,Centro-Oeste,Brasil
2026-03-29,GO,5456.0,Centro-Oeste,Brasil
2026-04-05,GO,3683.0,Centro-Oeste,Brasil
2026-04-12,GO,2839.0,Centro-Oeste,Brasil
2026-04-19,GO,11.0,Centro-Oeste,Brasil
2015-01-04,MA,18.0,Nordeste,Brasil
2015-01-11,MA,77.0,Nordeste,Brasil
2015-01-18,MA,97.0,Nordeste,Brasil
2015-01-25,MA,189.0,Nordeste,Brasil
2015-02-01,MA,125.0,Nordeste,Brasil
2015-02-08,MA,133.0,Nordeste,Brasil
2015-02-15,MA,194.0,Nordeste,Brasil
2015-02-22,MA,138.0,Nordeste,Brasil
2015-03-01,MA,305.0,Nordeste,Brasil
2015-03-08,MA,444.0,Nordeste,Brasil
2015-03-15,MA,544.0,Nordeste,Brasil
2015-03-22,MA,700.0,Nordeste,Brasil
2015-03-29,MA,828.0,Nordeste,Brasil
2015-04-05,MA,453.0,Nordeste,Brasil
2015-04-12,MA,619.0,Nordeste,Brasil
2015-04-19,MA,640.0,Nordeste,Brasil
2015-04-26,MA,478.0,Nordeste,Brasil
2015-05-03,MA,337.0,Nordeste,Brasil
2015-05-10,MA,357.0,Nordeste,Brasil
2015-05-17,MA,313.0,Nordeste,Brasil
2015-05-24,MA,185.0,Nordeste,Brasil
2015-05-31,MA,159.0,Nordeste,Brasil
2015-06-07,MA,96.0,Nordeste,Brasil
2015-06-14,MA,177.0,Nordeste,Brasil
2015-06-21,MA,113.0,Nordeste,Brasil
2015-06-28,MA,86.0,Nordeste,Brasil
2015-07-05,MA,68.0,Nordeste,Brasil
2015-07-12,MA,107.0,Nordeste,Brasil
2015-07-19,MA,101.0,Nordeste,Brasil
2015-07-26,MA,73.0,Nordeste,Brasil
2015-08-02,MA,54.0,Nordeste,Brasil
2015-08-09,MA,69.0,Nordeste,Brasil
2015-08-16,MA,59.0,Nordeste,Brasil
2015-08-23,MA,33.0,Nordeste,Brasil
2015-08-30,MA,60.0,Nordeste,Brasil
2015-09-06,MA,36.0,Nordeste,Brasil
2015-09-13,MA,23.0,Nordeste,Brasil
2015-09-20,MA,39.0,Nordeste,Brasil
2015-09-27,MA,35.0,Nordeste,Brasil
2015-10-04,MA,69.0,Nordeste,Brasil
2015-10-11,MA,42.0,Nordeste,Brasil
2015-10-18,MA,27.0,Nordeste,Brasil
2015-10-25,MA,59.0,Nordeste,Brasil
2015-11-01,MA,71.0,Nordeste,Brasil
2015-11-08,MA,73.0,Nordeste,Brasil
2015-11-15,MA,43.0,Nordeste,Brasil
2015-11-22,MA,51.0,Nordeste,Brasil
2015-11-29,MA,68.0,Nordeste,Brasil
2015-12-06,MA,167.0,Nordeste,Brasil
2015-12-13,MA,166.0,Nordeste,Brasil
2015-12-20,MA,159.0,Nordeste,Brasil
2015-12-27,MA,68.0,Nordeste,Brasil
2016-01-03,MA,68.0,Nordeste,Brasil
2016-01-10,MA,155.0,Nordeste,Brasil
2016-01-17,MA,310.0,Nordeste,Brasil
2016-01-24,MA,602.0,Nordeste,Brasil
2016-01-31,MA,1215.0,Nordeste,Brasil
2016-02-07,MA,822.0,Nordeste,Brasil
2016-02-14,MA,1003.0,Nordeste,Brasil
2016-02-21,MA,1906.0,Nordeste,Brasil
2016-02-28,MA,1743.0,Nordeste,Brasil
2016-03-06,MA,2107.0,Nordeste,Brasil
2016-03-13,MA,2146.0,Nordeste,Brasil
2016-03-20,MA,1980.0,Nordeste,Brasil
2016-03-27,MA,1080.0,Nordeste,Brasil
2016-04-03,MA,1790.0,Nordeste,Brasil
2016-04-10,MA,1549.0,Nordeste,Brasil
2016-04-17,MA,1751.0,Nordeste,Brasil
2016-04-24,MA,1756.0,Nordeste,Brasil
2016-05-01,MA,1743.0,Nordeste,Brasil
2016-05-08,MA,1145.0,Nordeste,Brasil
2016-05-15,MA,662.0,Nordeste,Brasil
2016-05-22,MA,522.0,Nordeste,Brasil
2016-05-29,MA,449.0,Nordeste,Brasil
2016-06-05,MA,333.0,Nordeste,Brasil
2016-06-12,MA,382.0,Nordeste,Brasil
2016-06-19,MA,292.0,Nordeste,Brasil
2016-06-26,MA,187.0,Nordeste,Brasil
2016-07-03,MA,104.0,Nordeste,Brasil
2016-07-10,MA,266.0,Nordeste,Brasil
2016-07-17,MA,205.0,Nordeste,Brasil
2016-07-24,MA,157.0,Nordeste,Brasil
2016-07-31,MA,112.0,Nordeste,Brasil
2016-08-07,MA,139.0,Nordeste,Brasil
2016-08-14,MA,132.0,Nordeste,Brasil
2016-08-21,MA,108.0,Nordeste,Brasil
2016-08-28,MA,151.0,Nordeste,Brasil
2016-09-04,MA,114.0,Nordeste,Brasil
2016-09-11,MA,98.0,Nordeste,Brasil
2016-09-18,MA,28.0,Nordeste,Brasil
2016-09-25,MA,28.0,Nordeste,Brasil
2016-10-02,MA,16.0,Nordeste,Brasil
2016-10-09,MA,42.0,Nordeste,Brasil
2016-10-16,MA,25.0,Nordeste,Brasil
2016-10-23,MA,18.0,Nordeste,Brasil
2016-10-30,MA,38.0,Nordeste,Brasil
2016-11-06,MA,45.0,Nordeste,Brasil
2016-11-13,MA,65.0,Nordeste,Brasil
2016-11-20,MA,40.0,Nordeste,Brasil
2016-11-27,MA,37.0,Nordeste,Brasil
2016-12-04,MA,42.0,Nordeste,Brasil
2016-12-11,MA,99.0,Nordeste,Brasil
2016-12-18,MA,28.0,Nordeste,Brasil
2016-12-25,MA,43.0,Nordeste,Brasil
2017-01-01,MA,59.0,Nordeste,Brasil
2017-01-08,MA,45.0,Nordeste,Brasil
2017-01-15,MA,96.0,Nordeste,Brasil
2017-01-22,MA,102.0,Nordeste,Brasil
2017-01-29,MA,141.0,Nordeste,Brasil
2017-02-05,MA,264.0,Nordeste,Brasil
2017-02-12,MA,365.0,Nordeste,Brasil
2017-02-19,MA,553.0,Nordeste,Brasil
2017-02-26,MA,588.0,Nordeste,Brasil
2017-03-05,MA,505.0,Nordeste,Brasil
2017-03-12,MA,615.0,Nordeste,Brasil
2017-03-19,MA,482.0,Nordeste,Brasil
2017-03-26,MA,583.0,Nordeste,Brasil
2017-04-02,MA,451.0,Nordeste,Brasil
2017-04-09,MA,331.0,Nordeste,Brasil
2017-04-16,MA,260.0,Nordeste,Brasil
2017-04-23,MA,385.0,Nordeste,Brasil
2017-04-30,MA,250.0,Nordeste,Brasil
2017-05-07,MA,303.0,Nordeste,Brasil
2017-05-14,MA,276.0,Nordeste,Brasil
2017-05-21,MA,273.0,Nordeste,Brasil
2017-05-28,MA,201.0,Nordeste,Brasil
2017-06-04,MA,166.0,Nordeste,Brasil
2017-06-11,MA,172.0,Nordeste,Brasil
2017-06-18,MA,117.0,Nordeste,Brasil
2017-06-25,MA,127.0,Nordeste,Brasil
2017-07-02,MA,85.0,Nordeste,Brasil
2017-07-09,MA,76.0,Nordeste,Brasil
2017-07-16,MA,94.0,Nordeste,Brasil
2017-07-23,MA,86.0,Nordeste,Brasil
2017-07-30,MA,76.0,Nordeste,Brasil
2017-08-06,MA,58.0,Nordeste,Brasil
2017-08-13,MA,73.0,Nordeste,Brasil
2017-08-20,MA,43.0,Nordeste,Brasil
2017-08-27,MA,55.0,Nordeste,Brasil
2017-09-03,MA,65.0,Nordeste,Brasil
2017-09-10,MA,29.0,Nordeste,Brasil
2017-09-17,MA,68.0,Nordeste,Brasil
2017-09-24,MA,37.0,Nordeste,Brasil
2017-10-01,MA,27.0,Nordeste,Brasil
2017-10-08,MA,29.0,Nordeste,Brasil
2017-10-15,MA,30.0,Nordeste,Brasil
2017-10-22,MA,21.0,Nordeste,Brasil
2017-10-29,MA,27.0,Nordeste,Brasil
2017-11-05,MA,36.0,Nordeste,Brasil
2017-11-12,MA,26.0,Nordeste,Brasil
2017-11-19,MA,47.0,Nordeste,Brasil
2017-11-26,MA,32.0,Nordeste,Brasil
2017-12-03,MA,28.0,Nordeste,Brasil
2017-12-10,MA,23.0,Nordeste,Brasil
2017-12-17,MA,32.0,Nordeste,Brasil
2017-12-24,MA,38.0,Nordeste,Brasil
2017-12-31,MA,54.0,Nordeste,Brasil
2018-01-07,MA,44.0,Nordeste,Brasil
2018-01-14,MA,57.0,Nordeste,Brasil
2018-01-21,MA,68.0,Nordeste,Brasil
2018-01-28,MA,56.0,Nordeste,Brasil
2018-02-04,MA,34.0,Nordeste,Brasil
2018-02-11,MA,37.0,Nordeste,Brasil
2018-02-18,MA,46.0,Nordeste,Brasil
2018-02-25,MA,92.0,Nordeste,Brasil
2018-03-04,MA,88.0,Nordeste,Brasil
2018-03-11,MA,66.0,Nordeste,Brasil
2018-03-18,MA,90.0,Nordeste,Brasil
2018-03-25,MA,65.0,Nordeste,Brasil
2018-04-01,MA,59.0,Nordeste,Brasil
2018-04-08,MA,122.0,Nordeste,Brasil
2018-04-15,MA,94.0,Nordeste,Brasil
2018-04-22,MA,99.0,Nordeste,Brasil
2018-04-29,MA,135.0,Nordeste,Brasil
2018-05-06,MA,124.0,Nordeste,Brasil
2018-05-13,MA,214.0,Nordeste,Brasil
2018-05-20,MA,176.0,Nordeste,Brasil
2018-05-27,MA,181.0,Nordeste,Brasil
2018-06-03,MA,102.0,Nordeste,Brasil
2018-06-10,MA,75.0,Nordeste,Brasil
2018-06-17,MA,47.0,Nordeste,Brasil
2018-06-24,MA,23.0,Nordeste,Brasil
2018-07-01,MA,26.0,Nordeste,Brasil
2018-07-08,MA,20.0,Nordeste,Brasil
2018-07-15,MA,27.0,Nordeste,Brasil
2018-07-22,MA,26.0,Nordeste,Brasil
2018-07-29,MA,22.0,Nordeste,Brasil
2018-08-05,MA,28.0,Nordeste,Brasil
2018-08-12,MA,27.0,Nordeste,Brasil
2018-08-19,MA,33.0,Nordeste,Brasil
2018-08-26,MA,26.0,Nordeste,Brasil
2018-09-02,MA,25.0,Nordeste,Brasil
2018-09-09,MA,16.0,Nordeste,Brasil
2018-09-16,MA,22.0,Nordeste,Brasil
2018-09-23,MA,28.0,Nordeste,Brasil
2018-09-30,MA,14.0,Nordeste,Brasil
2018-10-07,MA,7.0,Nordeste,Brasil
2018-10-14,MA,13.0,Nordeste,Brasil
2018-10-21,MA,31.0,Nordeste,Brasil
2018-10-28,MA,18.0,Nordeste,Brasil
2018-11-04,MA,12.0,Nordeste,Brasil
2018-11-11,MA,30.0,Nordeste,Brasil
2018-11-18,MA,14.0,Nordeste,Brasil
2018-11-25,MA,21.0,Nordeste,Brasil
2018-12-02,MA,10.0,Nordeste,Brasil
2018-12-09,MA,15.0,Nordeste,Brasil
2018-12-16,MA,14.0,Nordeste,Brasil
2018-12-23,MA,15.0,Nordeste,Brasil
2018-12-30,MA,10.0,Nordeste,Brasil
2019-01-06,MA,24.0,Nordeste,Brasil
2019-01-13,MA,39.0,Nordeste,Brasil
2019-01-20,MA,107.0,Nordeste,Brasil
2019-01-27,MA,104.0,Nordeste,Brasil
2019-02-03,MA,88.0,Nordeste,Brasil
2019-02-10,MA,72.0,Nordeste,Brasil
2019-02-17,MA,113.0,Nordeste,Brasil
2019-02-24,MA,121.0,Nordeste,Brasil
2019-03-03,MA,184.0,Nordeste,Brasil
2019-03-10,MA,141.0,Nordeste,Brasil
2019-03-17,MA,204.0,Nordeste,Brasil
2019-03-24,MA,207.0,Nordeste,Brasil
2019-03-31,MA,238.0,Nordeste,Brasil
2019-04-07,MA,322.0,Nordeste,Brasil
2019-04-14,MA,308.0,Nordeste,Brasil
2019-04-21,MA,227.0,Nordeste,Brasil
2019-04-28,MA,334.0,Nordeste,Brasil
2019-05-05,MA,255.0,Nordeste,Brasil
2019-05-12,MA,297.0,Nordeste,Brasil
2019-05-19,MA,307.0,Nordeste,Brasil
2019-05-26,MA,308.0,Nordeste,Brasil
2019-06-02,MA,295.0,Nordeste,Brasil
2019-06-09,MA,271.0,Nordeste,Brasil
2019-06-16,MA,264.0,Nordeste,Brasil
2019-06-23,MA,161.0,Nordeste,Brasil
2019-06-30,MA,189.0,Nordeste,Brasil
2019-07-07,MA,133.0,Nordeste,Brasil
2019-07-14,MA,174.0,Nordeste,Brasil
2019-07-21,MA,89.0,Nordeste,Brasil
2019-07-28,MA,117.0,Nordeste,Brasil
2019-08-04,MA,48.0,Nordeste,Brasil
2019-08-11,MA,80.0,Nordeste,Brasil
2019-08-18,MA,70.0,Nordeste,Brasil
2019-08-25,MA,65.0,Nordeste,Brasil
2019-09-01,MA,57.0,Nordeste,Brasil
2019-09-08,MA,45.0,Nordeste,Brasil
2019-09-15,MA,77.0,Nordeste,Brasil
2019-09-22,MA,55.0,Nordeste,Brasil
2019-09-29,MA,37.0,Nordeste,Brasil
2019-10-06,MA,32.0,Nordeste,Brasil
2019-10-13,MA,53.0,Nordeste,Brasil
2019-10-20,MA,51.0,Nordeste,Brasil
2019-10-27,MA,36.0,Nordeste,Brasil
2019-11-03,MA,43.0,Nordeste,Brasil
2019-11-10,MA,42.0,Nordeste,Brasil
2019-11-17,MA,40.0,Nordeste,Brasil
2019-11-24,MA,29.0,Nordeste,Brasil
2019-12-01,MA,27.0,Nordeste,Brasil
2019-12-08,MA,22.0,Nordeste,Brasil
2019-12-15,MA,32.0,Nordeste,Brasil
2019-12-22,MA,10.0,Nordeste,Brasil
2019-12-29,MA,14.0,Nordeste,Brasil
2020-01-05,MA,12.0,Nordeste,Brasil
2020-01-12,MA,31.0,Nordeste,Brasil
2020-01-19,MA,97.0,Nordeste,Brasil
2020-01-26,MA,139.0,Nordeste,Brasil
2020-02-02,MA,134.0,Nordeste,Brasil
2020-02-09,MA,164.0,Nordeste,Brasil
2020-02-16,MA,221.0,Nordeste,Brasil
2020-02-23,MA,239.0,Nordeste,Brasil
2020-03-01,MA,161.0,Nordeste,Brasil
2020-03-08,MA,166.0,Nordeste,Brasil
2020-03-15,MA,168.0,Nordeste,Brasil
2020-03-22,MA,104.0,Nordeste,Brasil
2020-03-29,MA,38.0,Nordeste,Brasil
2020-04-05,MA,90.0,Nordeste,Brasil
2020-04-12,MA,74.0,Nordeste,Brasil
2020-04-19,MA,78.0,Nordeste,Brasil
2020-04-26,MA,92.0,Nordeste,Brasil
2020-05-03,MA,59.0,Nordeste,Brasil
2020-05-10,MA,46.0,Nordeste,Brasil
2020-05-17,MA,21.0,Nordeste,Brasil
2020-05-24,MA,45.0,Nordeste,Brasil
2020-05-31,MA,25.0,Nordeste,Brasil
2020-06-07,MA,31.0,Nordeste,Brasil
2020-06-14,MA,25.0,Nordeste,Brasil
2020-06-21,MA,22.0,Nordeste,Brasil
2020-06-28,MA,17.0,Nordeste,Brasil
2020-07-05,MA,12.0,Nordeste,Brasil
2020-07-12,MA,13.0,Nordeste,Brasil
2020-07-19,MA,14.0,Nordeste,Brasil
2020-07-26,MA,19.0,Nordeste,Brasil
2020-08-02,MA,9.0,Nordeste,Brasil
2020-08-09,MA,5.0,Nordeste,Brasil
2020-08-16,MA,5.0,Nordeste,Brasil
2020-08-23,MA,15.0,Nordeste,Brasil
2020-08-30,MA,14.0,Nordeste,Brasil
2020-09-06,MA,10.0,Nordeste,Brasil
2020-09-13,MA,6.0,Nordeste,Brasil
2020-09-20,MA,7.0,Nordeste,Brasil
2020-09-27,MA,12.0,Nordeste,Brasil
2020-10-04,MA,9.0,Nordeste,Brasil
2020-10-11,MA,10.0,Nordeste,Brasil
2020-10-18,MA,5.0,Nordeste,Brasil
2020-10-25,MA,7.0,Nordeste,Brasil
2020-11-01,MA,7.0,Nordeste,Brasil
2020-11-08,MA,7.0,Nordeste,Brasil
2020-11-15,MA,3.0,Nordeste,Brasil
2020-11-22,MA,4.0,Nordeste,Brasil
2020-11-29,MA,11.0,Nordeste,Brasil
2020-12-06,MA,8.0,Nordeste,Brasil
2020-12-13,MA,2.0,Nordeste,Brasil
2020-12-20,MA,2.0,Nordeste,Brasil
2020-12-27,MA,2.0,Nordeste,Brasil
2021-01-03,MA,2.0,Nordeste,Brasil
2021-01-10,MA,19.0,Nordeste,Brasil
2021-01-17,MA,53.0,Nordeste,Brasil
2021-01-24,MA,74.0,Nordeste,Brasil
2021-01-31,MA,72.0,Nordeste,Brasil
2021-02-07,MA,70.0,Nordeste,Brasil
2021-02-14,MA,59.0,Nordeste,Brasil
2021-02-21,MA,85.0,Nordeste,Brasil
2021-02-28,MA,55.0,Nordeste,Brasil
2021-03-07,MA,51.0,Nordeste,Brasil
2021-03-14,MA,61.0,Nordeste,Brasil
2021-03-21,MA,48.0,Nordeste,Brasil
2021-03-28,MA,38.0,Nordeste,Brasil
2021-04-04,MA,30.0,Nordeste,Brasil
2021-04-11,MA,37.0,Nordeste,Brasil
2021-04-18,MA,32.0,Nordeste,Brasil
2021-04-25,MA,30.0,Nordeste,Brasil
2021-05-02,MA,43.0,Nordeste,Brasil
2021-05-09,MA,48.0,Nordeste,Brasil
2021-05-16,MA,51.0,Nordeste,Brasil
2021-05-23,MA,47.0,Nordeste,Brasil
2021-05-30,MA,30.0,Nordeste,Brasil
2021-06-06,MA,24.0,Nordeste,Brasil
2021-06-13,MA,31.0,Nordeste,Brasil
2021-06-20,MA,26.0,Nordeste,Brasil
2021-06-27,MA,38.0,Nordeste,Brasil
2021-07-04,MA,23.0,Nordeste,Brasil
2021-07-11,MA,20.0,Nordeste,Brasil
2021-07-18,MA,21.0,Nordeste,Brasil
2021-07-25,MA,19.0,Nordeste,Brasil
2021-08-01,MA,11.0,Nordeste,Brasil
2021-08-08,MA,25.0,Nordeste,Brasil
2021-08-15,MA,16.0,Nordeste,Brasil
2021-08-22,MA,17.0,Nordeste,Brasil
2021-08-29,MA,15.0,Nordeste,Brasil
2021-09-05,MA,14.0,Nordeste,Brasil
2021-09-12,MA,19.0,Nordeste,Brasil
2021-09-19,MA,16.0,Nordeste,Brasil
2021-09-26,MA,17.0,Nordeste,Brasil
2021-10-03,MA,18.0,Nordeste,Brasil
2021-10-10,MA,10.0,Nordeste,Brasil
2021-10-17,MA,14.0,Nordeste,Brasil
2021-10-24,MA,6.0,Nordeste,Brasil
2021-10-31,MA,17.0,Nordeste,Brasil
2021-11-07,MA,9.0,Nordeste,Brasil
2021-11-14,MA,14.0,Nordeste,Brasil
2021-11-21,MA,22.0,Nordeste,Brasil
2021-11-28,MA,21.0,Nordeste,Brasil
2021-12-05,MA,23.0,Nordeste,Brasil
2021-12-12,MA,52.0,Nordeste,Brasil
2021-12-19,MA,63.0,Nordeste,Brasil
2021-12-26,MA,50.0,Nordeste,Brasil
2022-01-02,MA,23.0,Nordeste,Brasil
2022-01-09,MA,17.0,Nordeste,Brasil
2022-01-16,MA,44.0,Nordeste,Brasil
2022-01-23,MA,60.0,Nordeste,Brasil
2022-01-30,MA,30.0,Nordeste,Brasil
2022-02-06,MA,45.0,Nordeste,Brasil
2022-02-13,MA,86.0,Nordeste,Brasil
2022-02-20,MA,113.0,Nordeste,Brasil
2022-02-27,MA,111.0,Nordeste,Brasil
2022-03-06,MA,119.0,Nordeste,Brasil
2022-03-13,MA,221.0,Nordeste,Brasil
2022-03-20,MA,226.0,Nordeste,Brasil
2022-03-27,MA,195.0,Nordeste,Brasil
2022-04-03,MA,225.0,Nordeste,Brasil
2022-04-10,MA,244.0,Nordeste,Brasil
2022-04-17,MA,190.0,Nordeste,Brasil
2022-04-24,MA,208.0,Nordeste,Brasil
2022-05-01,MA,293.0,Nordeste,Brasil
2022-05-08,MA,303.0,Nordeste,Brasil
2022-05-15,MA,309.0,Nordeste,Brasil
2022-05-22,MA,355.0,Nordeste,Brasil
2022-05-29,MA,220.0,Nordeste,Brasil
2022-06-05,MA,299.0,Nordeste,Brasil
2022-06-12,MA,238.0,Nordeste,Brasil
2022-06-19,MA,208.0,Nordeste,Brasil
2022-06-26,MA,209.0,Nordeste,Brasil
2022-07-03,MA,183.0,Nordeste,Brasil
2022-07-10,MA,193.0,Nordeste,Brasil
2022-07-17,MA,168.0,Nordeste,Brasil
2022-07-24,MA,138.0,Nordeste,Brasil
2022-07-31,MA,129.0,Nordeste,Brasil
2022-08-07,MA,108.0,Nordeste,Brasil
2022-08-14,MA,82.0,Nordeste,Brasil
2022-08-21,MA,85.0,Nordeste,Brasil
2022-08-28,MA,118.0,Nordeste,Brasil
2022-09-04,MA,88.0,Nordeste,Brasil
2022-09-11,MA,47.0,Nordeste,Brasil
2022-09-18,MA,83.0,Nordeste,Brasil
2022-09-25,MA,78.0,Nordeste,Brasil
2022-10-02,MA,75.0,Nordeste,Brasil
2022-10-09,MA,71.0,Nordeste,Brasil
2022-10-16,MA,61.0,Nordeste,Brasil
2022-10-23,MA,70.0,Nordeste,Brasil
2022-10-30,MA,62.0,Nordeste,Brasil
2022-11-06,MA,51.0,Nordeste,Brasil
2022-11-13,MA,55.0,Nordeste,Brasil
2022-11-20,MA,71.0,Nordeste,Brasil
2022-11-27,MA,48.0,Nordeste,Brasil
2022-12-04,MA,37.0,Nordeste,Brasil
2022-12-11,MA,58.0,Nordeste,Brasil
2022-12-18,MA,46.0,Nordeste,Brasil
2022-12-25,MA,40.0,Nordeste,Brasil
2023-01-01,MA,38.0,Nordeste,Brasil
2023-01-08,MA,45.0,Nordeste,Brasil
2023-01-15,MA,58.0,Nordeste,Brasil
2023-01-22,MA,89.0,Nordeste,Brasil
2023-01-29,MA,89.0,Nordeste,Brasil
2023-02-05,MA,118.0,Nordeste,Brasil
2023-02-12,MA,176.0,Nordeste,Brasil
2023-02-19,MA,171.0,Nordeste,Brasil
2023-02-26,MA,158.0,Nordeste,Brasil
2023-03-05,MA,220.0,Nordeste,Brasil
2023-03-12,MA,322.0,Nordeste,Brasil
2023-03-19,MA,325.0,Nordeste,Brasil
2023-03-26,MA,255.0,Nordeste,Brasil
2023-04-02,MA,320.0,Nordeste,Brasil
2023-04-09,MA,155.0,Nordeste,Brasil
2023-04-16,MA,221.0,Nordeste,Brasil
2023-04-23,MA,165.0,Nordeste,Brasil
2023-04-30,MA,189.0,Nordeste,Brasil
2023-05-07,MA,129.0,Nordeste,Brasil
2023-05-14,MA,127.0,Nordeste,Brasil
2023-05-21,MA,116.0,Nordeste,Brasil
2023-05-28,MA,122.0,Nordeste,Brasil
2023-06-04,MA,100.0,Nordeste,Brasil
2023-06-11,MA,60.0,Nordeste,Brasil
2023-06-18,MA,87.0,Nordeste,Brasil
2023-06-25,MA,62.0,Nordeste,Brasil
2023-07-02,MA,65.0,Nordeste,Brasil
2023-07-09,MA,104.0,Nordeste,Brasil
2023-07-16,MA,61.0,Nordeste,Brasil
2023-07-23,MA,43.0,Nordeste,Brasil
2023-07-30,MA,48.0,Nordeste,Brasil
2023-08-06,MA,67.0,Nordeste,Brasil
2023-08-13,MA,60.0,Nordeste,Brasil
2023-08-20,MA,44.0,Nordeste,Brasil
2023-08-27,MA,29.0,Nordeste,Brasil
2023-09-03,MA,39.0,Nordeste,Brasil
2023-09-10,MA,23.0,Nordeste,Brasil
2023-09-17,MA,26.0,Nordeste,Brasil
2023-09-24,MA,26.0,Nordeste,Brasil
2023-10-01,MA,32.0,Nordeste,Brasil
2023-10-08,MA,19.0,Nordeste,Brasil
2023-10-15,MA,17.0,Nordeste,Brasil
2023-10-22,MA,31.0,Nordeste,Brasil
2023-10-29,MA,8.0,Nordeste,Brasil
2023-11-05,MA,12.0,Nordeste,Brasil
2023-11-12,MA,19.0,Nordeste,Brasil
2023-11-19,MA,43.0,Nordeste,Brasil
2023-11-26,MA,21.0,Nordeste,Brasil
2023-12-03,MA,17.0,Nordeste,Brasil
2023-12-10,MA,28.0,Nordeste,Brasil
2023-12-17,MA,16.0,Nordeste,Brasil
2023-12-24,MA,10.0,Nordeste,Brasil
2023-12-31,MA,11.0,Nordeste,Brasil
2024-01-07,MA,9.0,Nordeste,Brasil
2024-01-14,MA,38.0,Nordeste,Brasil
2024-01-21,MA,43.0,Nordeste,Brasil
2024-01-28,MA,84.0,Nordeste,Brasil
2024-02-04,MA,79.0,Nordeste,Brasil
2024-02-11,MA,199.0,Nordeste,Brasil
2024-02-18,MA,254.0,Nordeste,Brasil
2024-02-25,MA,560.0,Nordeste,Brasil
2024-03-03,MA,654.0,Nordeste,Brasil
2024-03-10,MA,760.0,Nordeste,Brasil
2024-03-17,MA,890.0,Nordeste,Brasil
2024-03-24,MA,1207.0,Nordeste,Brasil
2024-03-31,MA,736.0,Nordeste,Brasil
2024-04-07,MA,860.0,Nordeste,Brasil
2024-04-14,MA,811.0,Nordeste,Brasil
2024-04-21,MA,682.0,Nordeste,Brasil
2024-04-28,MA,547.0,Nordeste,Brasil
2024-05-05,MA,385.0,Nordeste,Brasil
2024-05-12,MA,348.0,Nordeste,Brasil
2024-05-19,MA,220.0,Nordeste,Brasil
2024-05-26,MA,258.0,Nordeste,Brasil
2024-06-02,MA,137.0,Nordeste,Brasil
2024-06-09,MA,136.0,Nordeste,Brasil
2024-06-16,MA,98.0,Nordeste,Brasil
2024-06-23,MA,93.0,Nordeste,Brasil
2024-06-30,MA,82.0,Nordeste,Brasil
2024-07-07,MA,59.0,Nordeste,Brasil
2024-07-14,MA,39.0,Nordeste,Brasil
2024-07-21,MA,23.0,Nordeste,Brasil
2024-07-28,MA,23.0,Nordeste,Brasil
2024-08-04,MA,35.0,Nordeste,Brasil
2024-08-11,MA,20.0,Nordeste,Brasil
2024-08-18,MA,24.0,Nordeste,Brasil
2024-08-25,MA,19.0,Nordeste,Brasil
2024-09-01,MA,25.0,Nordeste,Brasil
2024-09-08,MA,27.0,Nordeste,Brasil
2024-09-15,MA,29.0,Nordeste,Brasil
2024-09-22,MA,14.0,Nordeste,Brasil
2024-09-29,MA,23.0,Nordeste,Brasil
2024-10-06,MA,18.0,Nordeste,Brasil
2024-10-13,MA,26.0,Nordeste,Brasil
2024-10-20,MA,16.0,Nordeste,Brasil
2024-10-27,MA,16.0,Nordeste,Brasil
2024-11-03,MA,19.0,Nordeste,Brasil
2024-11-10,MA,32.0,Nordeste,Brasil
2024-11-17,MA,22.0,Nordeste,Brasil
2024-11-24,MA,27.0,Nordeste,Brasil
2024-12-01,MA,27.0,Nordeste,Brasil
2024-12-08,MA,25.0,Nordeste,Brasil
2024-12-15,MA,29.0,Nordeste,Brasil
2024-12-22,MA,19.0,Nordeste,Brasil
2024-12-29,MA,15.0,Nordeste,Brasil
2025-01-05,MA,12.0,Nordeste,Brasil
2025-01-12,MA,38.0,Nordeste,Brasil
2025-01-19,MA,55.0,Nordeste,Brasil
2025-01-26,MA,70.0,Nordeste,Brasil
2025-02-02,MA,82.0,Nordeste,Brasil
2025-02-09,MA,124.0,Nordeste,Brasil
2025-02-16,MA,160.0,Nordeste,Brasil
2025-02-23,MA,206.0,Nordeste,Brasil
2025-03-02,MA,217.0,Nordeste,Brasil
2025-03-09,MA,117.0,Nordeste,Brasil
2025-03-16,MA,246.0,Nordeste,Brasil
2025-03-23,MA,316.0,Nordeste,Brasil
2025-03-30,MA,269.0,Nordeste,Brasil
2025-04-06,MA,240.0,Nordeste,Brasil
2025-04-13,MA,194.0,Nordeste,Brasil
2025-04-20,MA,129.0,Nordeste,Brasil
2025-04-27,MA,146.0,Nordeste,Brasil
2025-05-04,MA,149.0,Nordeste,Brasil
2025-05-11,MA,157.0,Nordeste,Brasil
2025-05-18,MA,133.0,Nordeste,Brasil
2025-05-25,MA,149.0,Nordeste,Brasil
2025-06-01,MA,129.0,Nordeste,Brasil
2025-06-08,MA,154.0,Nordeste,Brasil
2025-06-15,MA,97.0,Nordeste,Brasil
2025-06-22,MA,75.0,Nordeste,Brasil
2025-06-29,MA,81.0,Nordeste,Brasil
2025-07-06,MA,85.0,Nordeste,Brasil
2025-07-13,MA,74.0,Nordeste,Brasil
2025-07-20,MA,75.0,Nordeste,Brasil
2025-07-27,MA,82.0,Nordeste,Brasil
2025-08-03,MA,94.0,Nordeste,Brasil
2025-08-10,MA,102.0,Nordeste,Brasil
2025-08-17,MA,82.0,Nordeste,Brasil
2025-08-24,MA,58.0,Nordeste,Brasil
2025-08-31,MA,55.0,Nordeste,Brasil
2025-09-07,MA,50.0,Nordeste,Brasil
2025-09-14,MA,40.0,Nordeste,Brasil
2025-09-21,MA,42.0,Nordeste,Brasil
2025-09-28,MA,47.0,Nordeste,Brasil
2025-10-05,MA,66.0,Nordeste,Brasil
2025-10-12,MA,79.0,Nordeste,Brasil
2025-10-19,MA,62.0,Nordeste,Brasil
2025-10-26,MA,58.0,Nordeste,Brasil
2025-11-02,MA,60.0,Nordeste,Brasil
2025-11-09,MA,56.0,Nordeste,Brasil
2025-11-16,MA,40.0,Nordeste,Brasil
2025-11-23,MA,50.0,Nordeste,Brasil
2025-11-30,MA,57.0,Nordeste,Brasil
2025-12-07,MA,56.0,Nordeste,Brasil
2025-12-14,MA,60.0,Nordeste,Brasil
2025-12-21,MA,65.0,Nordeste,Brasil
2025-12-28,MA,49.0,Nordeste,Brasil
2026-01-04,MA,56.0,Nordeste,Brasil
2026-01-11,MA,99.0,Nordeste,Brasil
2026-01-18,MA,114.0,Nordeste,Brasil
2026-01-25,MA,141.0,Nordeste,Brasil
2026-02-01,MA,197.0,Nordeste,Brasil
2026-02-08,MA,230.0,Nordeste,Brasil
2026-02-15,MA,372.0,Nordeste,Brasil
2026-02-22,MA,392.0,Nordeste,Brasil
2026-03-01,MA,582.0,Nordeste,Brasil
2026-03-08,MA,641.0,Nordeste,Brasil
2026-03-15,MA,677.0,Nordeste,Brasil
2026-03-22,MA,717.0,Nordeste,Brasil
2026-03-29,MA,560.0,Nordeste,Brasil
2026-04-05,MA,291.0,Nordeste,Brasil
2026-04-12,MA,227.0,Nordeste,Brasil
2026-04-19,MA,1.0,Nordeste,Brasil
2015-01-04,MG,50.0,Sudeste,Brasil
2015-01-11,MG,918.0,Sudeste,Brasil
2015-01-18,MG,1278.0,Sudeste,Brasil
2015-01-25,MG,1544.0,Sudeste,Brasil
2015-02-01,MG,1865.0,Sudeste,Brasil
2015-02-08,MG,2225.0,Sudeste,Brasil
2015-02-15,MG,2794.0,Sudeste,Brasil
2015-02-22,MG,2158.0,Sudeste,Brasil
2015-03-01,MG,3777.0,Sudeste,Brasil
2015-03-08,MG,5051.0,Sudeste,Brasil
2015-03-15,MG,6509.0,Sudeste,Brasil
2015-03-22,MG,8541.0,Sudeste,Brasil
2015-03-29,MG,10017.0,Sudeste,Brasil
2015-04-05,MG,9697.0,Sudeste,Brasil
2015-04-12,MG,15048.0,Sudeste,Brasil
2015-04-19,MG,17125.0,Sudeste,Brasil
2015-04-26,MG,18205.0,Sudeste,Brasil
2015-05-03,MG,19968.0,Sudeste,Brasil
2015-05-10,MG,22181.0,Sudeste,Brasil
2015-05-17,MG,18609.0,Sudeste,Brasil
2015-05-24,MG,15234.0,Sudeste,Brasil
2015-05-31,MG,11908.0,Sudeste,Brasil
2015-06-07,MG,6744.0,Sudeste,Brasil
2015-06-14,MG,7236.0,Sudeste,Brasil
2015-06-21,MG,5641.0,Sudeste,Brasil
2015-06-28,MG,4081.0,Sudeste,Brasil
2015-07-05,MG,2501.0,Sudeste,Brasil
2015-07-12,MG,1892.0,Sudeste,Brasil
2015-07-19,MG,1444.0,Sudeste,Brasil
2015-07-26,MG,1126.0,Sudeste,Brasil
2015-08-02,MG,965.0,Sudeste,Brasil
2015-08-09,MG,952.0,Sudeste,Brasil
2015-08-16,MG,700.0,Sudeste,Brasil
2015-08-23,MG,597.0,Sudeste,Brasil
2015-08-30,MG,525.0,Sudeste,Brasil
2015-09-06,MG,556.0,Sudeste,Brasil
2015-09-13,MG,412.0,Sudeste,Brasil
2015-09-20,MG,577.0,Sudeste,Brasil
2015-09-27,MG,599.0,Sudeste,Brasil
2015-10-04,MG,616.0,Sudeste,Brasil
2015-10-11,MG,587.0,Sudeste,Brasil
2015-10-18,MG,539.0,Sudeste,Brasil
2015-10-25,MG,703.0,Sudeste,Brasil
2015-11-01,MG,691.0,Sudeste,Brasil
2015-11-08,MG,842.0,Sudeste,Brasil
2015-11-15,MG,1179.0,Sudeste,Brasil
2015-11-22,MG,1457.0,Sudeste,Brasil
2015-11-29,MG,1924.0,Sudeste,Brasil
2015-12-06,MG,2581.0,Sudeste,Brasil
2015-12-13,MG,3166.0,Sudeste,Brasil
2015-12-20,MG,4303.0,Sudeste,Brasil
2015-12-27,MG,3960.0,Sudeste,Brasil
2016-01-03,MG,3960.0,Sudeste,Brasil
2016-01-10,MG,11999.0,Sudeste,Brasil
2016-01-17,MG,14272.0,Sudeste,Brasil
2016-01-24,MG,16734.0,Sudeste,Brasil
2016-01-31,MG,19965.0,Sudeste,Brasil
2016-02-07,MG,27742.0,Sudeste,Brasil
2016-02-14,MG,26179.0,Sudeste,Brasil
2016-02-21,MG,43369.0,Sudeste,Brasil
2016-02-28,MG,51733.0,Sudeste,Brasil
2016-03-06,MG,50664.0,Sudeste,Brasil
2016-03-13,MG,47753.0,Sudeste,Brasil
2016-03-20,MG,46918.0,Sudeste,Brasil
2016-03-27,MG,36254.0,Sudeste,Brasil
2016-04-03,MG,45292.0,Sudeste,Brasil
2016-04-10,MG,43053.0,Sudeste,Brasil
2016-04-17,MG,41484.0,Sudeste,Brasil
2016-04-24,MG,29798.0,Sudeste,Brasil
2016-05-01,MG,29604.0,Sudeste,Brasil
2016-05-08,MG,21354.0,Sudeste,Brasil
2016-05-15,MG,14206.0,Sudeste,Brasil
2016-05-22,MG,10618.0,Sudeste,Brasil
2016-05-29,MG,6122.0,Sudeste,Brasil
2016-06-05,MG,5569.0,Sudeste,Brasil
2016-06-12,MG,3671.0,Sudeste,Brasil
2016-06-19,MG,2061.0,Sudeste,Brasil
2016-06-26,MG,1522.0,Sudeste,Brasil
2016-07-03,MG,1080.0,Sudeste,Brasil
2016-07-10,MG,872.0,Sudeste,Brasil
2016-07-17,MG,565.0,Sudeste,Brasil
2016-07-24,MG,503.0,Sudeste,Brasil
2016-07-31,MG,503.0,Sudeste,Brasil
2016-08-07,MG,484.0,Sudeste,Brasil
2016-08-14,MG,411.0,Sudeste,Brasil
2016-08-21,MG,446.0,Sudeste,Brasil
2016-08-28,MG,450.0,Sudeste,Brasil
2016-09-04,MG,393.0,Sudeste,Brasil
2016-09-11,MG,357.0,Sudeste,Brasil
2016-09-18,MG,419.0,Sudeste,Brasil
2016-09-25,MG,472.0,Sudeste,Brasil
2016-10-02,MG,509.0,Sudeste,Brasil
2016-10-09,MG,390.0,Sudeste,Brasil
2016-10-16,MG,448.0,Sudeste,Brasil
2016-10-23,MG,720.0,Sudeste,Brasil
2016-10-30,MG,641.0,Sudeste,Brasil
2016-11-06,MG,531.0,Sudeste,Brasil
2016-11-13,MG,620.0,Sudeste,Brasil
2016-11-20,MG,589.0,Sudeste,Brasil
2016-11-27,MG,873.0,Sudeste,Brasil
2016-12-04,MG,1034.0,Sudeste,Brasil
2016-12-11,MG,1110.0,Sudeste,Brasil
2016-12-18,MG,1027.0,Sudeste,Brasil
2016-12-25,MG,1067.0,Sudeste,Brasil
2017-01-01,MG,1075.0,Sudeste,Brasil
2017-01-08,MG,1740.0,Sudeste,Brasil
2017-01-15,MG,2234.0,Sudeste,Brasil
2017-01-22,MG,2349.0,Sudeste,Brasil
2017-01-29,MG,2614.0,Sudeste,Brasil
2017-02-05,MG,2608.0,Sudeste,Brasil
2017-02-12,MG,2422.0,Sudeste,Brasil
2017-02-19,MG,2647.0,Sudeste,Brasil
2017-02-26,MG,2466.0,Sudeste,Brasil
2017-03-05,MG,1881.0,Sudeste,Brasil
2017-03-12,MG,2702.0,Sudeste,Brasil
2017-03-19,MG,2677.0,Sudeste,Brasil
2017-03-26,MG,2509.0,Sudeste,Brasil
2017-04-02,MG,2187.0,Sudeste,Brasil
2017-04-09,MG,2101.0,Sudeste,Brasil
2017-04-16,MG,1626.0,Sudeste,Brasil
2017-04-23,MG,1791.0,Sudeste,Brasil
2017-04-30,MG,1790.0,Sudeste,Brasil
2017-05-07,MG,1564.0,Sudeste,Brasil
2017-05-14,MG,1537.0,Sudeste,Brasil
2017-05-21,MG,1341.0,Sudeste,Brasil
2017-05-28,MG,1124.0,Sudeste,Brasil
2017-06-04,MG,1094.0,Sudeste,Brasil
2017-06-11,MG,957.0,Sudeste,Brasil
2017-06-18,MG,621.0,Sudeste,Brasil
2017-06-25,MG,721.0,Sudeste,Brasil
2017-07-02,MG,646.0,Sudeste,Brasil
2017-07-09,MG,403.0,Sudeste,Brasil
2017-07-16,MG,345.0,Sudeste,Brasil
2017-07-23,MG,284.0,Sudeste,Brasil
2017-07-30,MG,338.0,Sudeste,Brasil
2017-08-06,MG,285.0,Sudeste,Brasil
2017-08-13,MG,295.0,Sudeste,Brasil
2017-08-20,MG,317.0,Sudeste,Brasil
2017-08-27,MG,398.0,Sudeste,Brasil
2017-09-03,MG,388.0,Sudeste,Brasil
2017-09-10,MG,351.0,Sudeste,Brasil
2017-09-17,MG,473.0,Sudeste,Brasil
2017-09-24,MG,528.0,Sudeste,Brasil
2017-10-01,MG,524.0,Sudeste,Brasil
2017-10-08,MG,497.0,Sudeste,Brasil
2017-10-15,MG,497.0,Sudeste,Brasil
2017-10-22,MG,592.0,Sudeste,Brasil
2017-10-29,MG,676.0,Sudeste,Brasil
2017-11-05,MG,484.0,Sudeste,Brasil
2017-11-12,MG,619.0,Sudeste,Brasil
2017-11-19,MG,586.0,Sudeste,Brasil
2017-11-26,MG,603.0,Sudeste,Brasil
2017-12-03,MG,688.0,Sudeste,Brasil
2017-12-10,MG,689.0,Sudeste,Brasil
2017-12-17,MG,805.0,Sudeste,Brasil
2017-12-24,MG,1110.0,Sudeste,Brasil
2017-12-31,MG,754.0,Sudeste,Brasil
2018-01-07,MG,819.0,Sudeste,Brasil
2018-01-14,MG,1003.0,Sudeste,Brasil
2018-01-21,MG,1398.0,Sudeste,Brasil
2018-01-28,MG,1612.0,Sudeste,Brasil
2018-02-04,MG,1467.0,Sudeste,Brasil
2018-02-11,MG,1273.0,Sudeste,Brasil
2018-02-18,MG,1133.0,Sudeste,Brasil
2018-02-25,MG,1533.0,Sudeste,Brasil
2018-03-04,MG,1506.0,Sudeste,Brasil
2018-03-11,MG,1718.0,Sudeste,Brasil
2018-03-18,MG,1870.0,Sudeste,Brasil
2018-03-25,MG,1963.0,Sudeste,Brasil
2018-04-01,MG,1783.0,Sudeste,Brasil
2018-04-08,MG,2580.0,Sudeste,Brasil
2018-04-15,MG,3155.0,Sudeste,Brasil
2018-04-22,MG,3024.0,Sudeste,Brasil
2018-04-29,MG,2521.0,Sudeste,Brasil
2018-05-06,MG,1970.0,Sudeste,Brasil
2018-05-13,MG,2024.0,Sudeste,Brasil
2018-05-20,MG,2043.0,Sudeste,Brasil
2018-05-27,MG,1420.0,Sudeste,Brasil
2018-06-03,MG,869.0,Sudeste,Brasil
2018-06-10,MG,1041.0,Sudeste,Brasil
2018-06-17,MG,987.0,Sudeste,Brasil
2018-06-24,MG,870.0,Sudeste,Brasil
2018-07-01,MG,790.0,Sudeste,Brasil
2018-07-08,MG,585.0,Sudeste,Brasil
2018-07-15,MG,533.0,Sudeste,Brasil
2018-07-22,MG,447.0,Sudeste,Brasil
2018-07-29,MG,341.0,Sudeste,Brasil
2018-08-05,MG,385.0,Sudeste,Brasil
2018-08-12,MG,344.0,Sudeste,Brasil
2018-08-19,MG,431.0,Sudeste,Brasil
2018-08-26,MG,336.0,Sudeste,Brasil
2018-09-02,MG,333.0,Sudeste,Brasil
2018-09-09,MG,294.0,Sudeste,Brasil
2018-09-16,MG,360.0,Sudeste,Brasil
2018-09-23,MG,407.0,Sudeste,Brasil
2018-09-30,MG,454.0,Sudeste,Brasil
2018-10-07,MG,476.0,Sudeste,Brasil
2018-10-14,MG,438.0,Sudeste,Brasil
2018-10-21,MG,540.0,Sudeste,Brasil
2018-10-28,MG,617.0,Sudeste,Brasil
2018-11-04,MG,504.0,Sudeste,Brasil
2018-11-11,MG,678.0,Sudeste,Brasil
2018-11-18,MG,666.0,Sudeste,Brasil
2018-11-25,MG,818.0,Sudeste,Brasil
2018-12-02,MG,992.0,Sudeste,Brasil
2018-12-09,MG,1089.0,Sudeste,Brasil
2018-12-16,MG,1551.0,Sudeste,Brasil
2018-12-23,MG,1796.0,Sudeste,Brasil
2018-12-30,MG,1411.0,Sudeste,Brasil
2019-01-06,MG,2226.0,Sudeste,Brasil
2019-01-13,MG,3619.0,Sudeste,Brasil
2019-01-20,MG,4463.0,Sudeste,Brasil
2019-01-27,MG,5562.0,Sudeste,Brasil
2019-02-03,MG,7639.0,Sudeste,Brasil
2019-02-10,MG,8708.0,Sudeste,Brasil
2019-02-17,MG,10540.0,Sudeste,Brasil
2019-02-24,MG,12700.0,Sudeste,Brasil
2019-03-03,MG,13586.0,Sudeste,Brasil
2019-03-10,MG,13014.0,Sudeste,Brasil
2019-03-17,MG,18381.0,Sudeste,Brasil
2019-03-24,MG,23893.0,Sudeste,Brasil
2019-03-31,MG,30237.0,Sudeste,Brasil
2019-04-07,MG,34057.0,Sudeste,Brasil
2019-04-14,MG,37741.0,Sudeste,Brasil
2019-04-21,MG,35739.0,Sudeste,Brasil
2019-04-28,MG,50981.0,Sudeste,Brasil
2019-05-05,MG,49116.0,Sudeste,Brasil
2019-05-12,MG,50292.0,Sudeste,Brasil
2019-05-19,MG,46491.0,Sudeste,Brasil
2019-05-26,MG,38640.0,Sudeste,Brasil
2019-06-02,MG,31577.0,Sudeste,Brasil
2019-06-09,MG,21952.0,Sudeste,Brasil
2019-06-16,MG,14979.0,Sudeste,Brasil
2019-06-23,MG,9335.0,Sudeste,Brasil
2019-06-30,MG,8164.0,Sudeste,Brasil
2019-07-07,MG,5553.0,Sudeste,Brasil
2019-07-14,MG,3487.0,Sudeste,Brasil
2019-07-21,MG,2287.0,Sudeste,Brasil
2019-07-28,MG,1670.0,Sudeste,Brasil
2019-08-04,MG,1282.0,Sudeste,Brasil
2019-08-11,MG,995.0,Sudeste,Brasil
2019-08-18,MG,866.0,Sudeste,Brasil
2019-08-25,MG,1002.0,Sudeste,Brasil
2019-09-01,MG,846.0,Sudeste,Brasil
2019-09-08,MG,869.0,Sudeste,Brasil
2019-09-15,MG,1015.0,Sudeste,Brasil
2019-09-22,MG,1007.0,Sudeste,Brasil
2019-09-29,MG,794.0,Sudeste,Brasil
2019-10-06,MG,828.0,Sudeste,Brasil
2019-10-13,MG,808.0,Sudeste,Brasil
2019-10-20,MG,935.0,Sudeste,Brasil
2019-10-27,MG,752.0,Sudeste,Brasil
2019-11-03,MG,695.0,Sudeste,Brasil
2019-11-10,MG,805.0,Sudeste,Brasil
2019-11-17,MG,706.0,Sudeste,Brasil
2019-11-24,MG,830.0,Sudeste,Brasil
2019-12-01,MG,927.0,Sudeste,Brasil
2019-12-08,MG,991.0,Sudeste,Brasil
2019-12-15,MG,1165.0,Sudeste,Brasil
2019-12-22,MG,1453.0,Sudeste,Brasil
2019-12-29,MG,905.0,Sudeste,Brasil
2020-01-05,MG,477.0,Sudeste,Brasil
2020-01-12,MG,1109.0,Sudeste,Brasil
2020-01-19,MG,1585.0,Sudeste,Brasil
2020-01-26,MG,2012.0,Sudeste,Brasil
2020-02-02,MG,2193.0,Sudeste,Brasil
2020-02-09,MG,2508.0,Sudeste,Brasil
2020-02-16,MG,3050.0,Sudeste,Brasil
2020-02-23,MG,3444.0,Sudeste,Brasil
2020-03-01,MG,2925.0,Sudeste,Brasil
2020-03-08,MG,4042.0,Sudeste,Brasil
2020-03-15,MG,4766.0,Sudeste,Brasil
2020-03-22,MG,3880.0,Sudeste,Brasil
2020-03-29,MG,2775.0,Sudeste,Brasil
2020-04-05,MG,3739.0,Sudeste,Brasil
2020-04-12,MG,3603.0,Sudeste,Brasil
2020-04-19,MG,5012.0,Sudeste,Brasil
2020-04-26,MG,4393.0,Sudeste,Brasil
2020-05-03,MG,3833.0,Sudeste,Brasil
2020-05-10,MG,3819.0,Sudeste,Brasil
2020-05-17,MG,3154.0,Sudeste,Brasil
2020-05-24,MG,2733.0,Sudeste,Brasil
2020-05-31,MG,2036.0,Sudeste,Brasil
2020-06-07,MG,1543.0,Sudeste,Brasil
2020-06-14,MG,1238.0,Sudeste,Brasil
2020-06-21,MG,1174.0,Sudeste,Brasil
2020-06-28,MG,943.0,Sudeste,Brasil
2020-07-05,MG,827.0,Sudeste,Brasil
2020-07-12,MG,734.0,Sudeste,Brasil
2020-07-19,MG,603.0,Sudeste,Brasil
2020-07-26,MG,469.0,Sudeste,Brasil
2020-08-02,MG,442.0,Sudeste,Brasil
2020-08-09,MG,331.0,Sudeste,Brasil
2020-08-16,MG,315.0,Sudeste,Brasil
2020-08-23,MG,351.0,Sudeste,Brasil
2020-08-30,MG,285.0,Sudeste,Brasil
2020-09-06,MG,301.0,Sudeste,Brasil
2020-09-13,MG,259.0,Sudeste,Brasil
2020-09-20,MG,332.0,Sudeste,Brasil
2020-09-27,MG,285.0,Sudeste,Brasil
2020-10-04,MG,260.0,Sudeste,Brasil
2020-10-11,MG,280.0,Sudeste,Brasil
2020-10-18,MG,253.0,Sudeste,Brasil
2020-10-25,MG,251.0,Sudeste,Brasil
2020-11-01,MG,229.0,Sudeste,Brasil
2020-11-08,MG,246.0,Sudeste,Brasil
2020-11-15,MG,277.0,Sudeste,Brasil
2020-11-22,MG,335.0,Sudeste,Brasil
2020-11-29,MG,358.0,Sudeste,Brasil
2020-12-06,MG,431.0,Sudeste,Brasil
2020-12-13,MG,392.0,Sudeste,Brasil
2020-12-20,MG,447.0,Sudeste,Brasil
2020-12-27,MG,259.0,Sudeste,Brasil
2021-01-03,MG,259.0,Sudeste,Brasil
2021-01-10,MG,745.0,Sudeste,Brasil
2021-01-17,MG,1224.0,Sudeste,Brasil
2021-01-24,MG,1395.0,Sudeste,Brasil
2021-01-31,MG,1520.0,Sudeste,Brasil
2021-02-07,MG,1421.0,Sudeste,Brasil
2021-02-14,MG,1537.0,Sudeste,Brasil
2021-02-21,MG,1576.0,Sudeste,Brasil
2021-02-28,MG,1985.0,Sudeste,Brasil
2021-03-07,MG,2026.0,Sudeste,Brasil
2021-03-14,MG,2310.0,Sudeste,Brasil
2021-03-21,MG,2383.0,Sudeste,Brasil
2021-03-28,MG,2342.0,Sudeste,Brasil
2021-04-04,MG,1842.0,Sudeste,Brasil
2021-04-11,MG,2031.0,Sudeste,Brasil
2021-04-18,MG,1833.0,Sudeste,Brasil
2021-04-25,MG,1520.0,Sudeste,Brasil
2021-05-02,MG,1621.0,Sudeste,Brasil
2021-05-09,MG,1450.0,Sudeste,Brasil
2021-05-16,MG,1459.0,Sudeste,Brasil
2021-05-23,MG,1267.0,Sudeste,Brasil
2021-05-30,MG,1224.0,Sudeste,Brasil
2021-06-06,MG,1044.0,Sudeste,Brasil
2021-06-13,MG,1099.0,Sudeste,Brasil
2021-06-20,MG,873.0,Sudeste,Brasil
2021-06-27,MG,718.0,Sudeste,Brasil
2021-07-04,MG,552.0,Sudeste,Brasil
2021-07-11,MG,493.0,Sudeste,Brasil
2021-07-18,MG,492.0,Sudeste,Brasil
2021-07-25,MG,431.0,Sudeste,Brasil
2021-08-01,MG,349.0,Sudeste,Brasil
2021-08-08,MG,308.0,Sudeste,Brasil
2021-08-15,MG,419.0,Sudeste,Brasil
2021-08-22,MG,437.0,Sudeste,Brasil
2021-08-29,MG,426.0,Sudeste,Brasil
2021-09-05,MG,341.0,Sudeste,Brasil
2021-09-12,MG,362.0,Sudeste,Brasil
2021-09-19,MG,478.0,Sudeste,Brasil
2021-09-26,MG,474.0,Sudeste,Brasil
2021-10-03,MG,442.0,Sudeste,Brasil
2021-10-10,MG,423.0,Sudeste,Brasil
2021-10-17,MG,344.0,Sudeste,Brasil
2021-10-24,MG,379.0,Sudeste,Brasil
2021-10-31,MG,432.0,Sudeste,Brasil
2021-11-07,MG,494.0,Sudeste,Brasil
2021-11-14,MG,549.0,Sudeste,Brasil
2021-11-21,MG,554.0,Sudeste,Brasil
2021-11-28,MG,679.0,Sudeste,Brasil
2021-12-05,MG,761.0,Sudeste,Brasil
2021-12-12,MG,777.0,Sudeste,Brasil
2021-12-19,MG,886.0,Sudeste,Brasil
2021-12-26,MG,875.0,Sudeste,Brasil
2022-01-02,MG,883.0,Sudeste,Brasil
2022-01-09,MG,299.0,Sudeste,Brasil
2022-01-16,MG,610.0,Sudeste,Brasil
2022-01-23,MG,690.0,Sudeste,Brasil
2022-01-30,MG,729.0,Sudeste,Brasil
2022-02-06,MG,752.0,Sudeste,Brasil
2022-02-13,MG,913.0,Sudeste,Brasil
2022-02-20,MG,982.0,Sudeste,Brasil
2022-02-27,MG,1163.0,Sudeste,Brasil
2022-03-06,MG,1341.0,Sudeste,Brasil
2022-03-13,MG,1997.0,Sudeste,Brasil
2022-03-20,MG,2789.0,Sudeste,Brasil
2022-03-27,MG,3654.0,Sudeste,Brasil
2022-04-03,MG,4660.0,Sudeste,Brasil
2022-04-10,MG,5279.0,Sudeste,Brasil
2022-04-17,MG,5442.0,Sudeste,Brasil
2022-04-24,MG,6046.0,Sudeste,Brasil
2022-05-01,MG,6829.0,Sudeste,Brasil
2022-05-08,MG,6409.0,Sudeste,Brasil
2022-05-15,MG,6356.0,Sudeste,Brasil
2022-05-22,MG,5343.0,Sudeste,Brasil
2022-05-29,MG,3544.0,Sudeste,Brasil
2022-06-05,MG,2795.0,Sudeste,Brasil
2022-06-12,MG,2276.0,Sudeste,Brasil
2022-06-19,MG,1531.0,Sudeste,Brasil
2022-06-26,MG,1523.0,Sudeste,Brasil
2022-07-03,MG,1037.0,Sudeste,Brasil
2022-07-10,MG,890.0,Sudeste,Brasil
2022-07-17,MG,720.0,Sudeste,Brasil
2022-07-24,MG,527.0,Sudeste,Brasil
2022-07-31,MG,532.0,Sudeste,Brasil
2022-08-07,MG,414.0,Sudeste,Brasil
2022-08-14,MG,382.0,Sudeste,Brasil
2022-08-21,MG,342.0,Sudeste,Brasil
2022-08-28,MG,267.0,Sudeste,Brasil
2022-09-04,MG,326.0,Sudeste,Brasil
2022-09-11,MG,247.0,Sudeste,Brasil
2022-09-18,MG,322.0,Sudeste,Brasil
2022-09-25,MG,325.0,Sudeste,Brasil
2022-10-02,MG,304.0,Sudeste,Brasil
2022-10-09,MG,303.0,Sudeste,Brasil
2022-10-16,MG,315.0,Sudeste,Brasil
2022-10-23,MG,405.0,Sudeste,Brasil
2022-10-30,MG,412.0,Sudeste,Brasil
2022-11-06,MG,370.0,Sudeste,Brasil
2022-11-13,MG,480.0,Sudeste,Brasil
2022-11-20,MG,466.0,Sudeste,Brasil
2022-11-27,MG,644.0,Sudeste,Brasil
2022-12-04,MG,719.0,Sudeste,Brasil
2022-12-11,MG,882.0,Sudeste,Brasil
2022-12-18,MG,1067.0,Sudeste,Brasil
2022-12-25,MG,1183.0,Sudeste,Brasil
2023-01-01,MG,1214.0,Sudeste,Brasil
2023-01-08,MG,1283.0,Sudeste,Brasil
2023-01-15,MG,2760.0,Sudeste,Brasil
2023-01-22,MG,3797.0,Sudeste,Brasil
2023-01-29,MG,4830.0,Sudeste,Brasil
2023-02-05,MG,6987.0,Sudeste,Brasil
2023-02-12,MG,9358.0,Sudeste,Brasil
2023-02-19,MG,11295.0,Sudeste,Brasil
2023-02-26,MG,10271.0,Sudeste,Brasil
2023-03-05,MG,15096.0,Sudeste,Brasil
2023-03-12,MG,18022.0,Sudeste,Brasil
2023-03-19,MG,19891.0,Sudeste,Brasil
2023-03-26,MG,23448.0,Sudeste,Brasil
2023-04-02,MG,25068.0,Sudeste,Brasil
2023-04-09,MG,21855.0,Sudeste,Brasil
2023-04-16,MG,27653.0,Sudeste,Brasil
2023-04-23,MG,24185.0,Sudeste,Brasil
2023-04-30,MG,24577.0,Sudeste,Brasil
2023-05-07,MG,19636.0,Sudeste,Brasil
2023-05-14,MG,20183.0,Sudeste,Brasil
2023-05-21,MG,17027.0,Sudeste,Brasil
2023-05-28,MG,12624.0,Sudeste,Brasil
2023-06-04,MG,8685.0,Sudeste,Brasil
2023-06-11,MG,6183.0,Sudeste,Brasil
2023-06-18,MG,5721.0,Sudeste,Brasil
2023-06-25,MG,4104.0,Sudeste,Brasil
2023-07-02,MG,2766.0,Sudeste,Brasil
2023-07-09,MG,1847.0,Sudeste,Brasil
2023-07-16,MG,1537.0,Sudeste,Brasil
2023-07-23,MG,1343.0,Sudeste,Brasil
2023-07-30,MG,1039.0,Sudeste,Brasil
2023-08-06,MG,982.0,Sudeste,Brasil
2023-08-13,MG,906.0,Sudeste,Brasil
2023-08-20,MG,769.0,Sudeste,Brasil
2023-08-27,MG,732.0,Sudeste,Brasil
2023-09-03,MG,686.0,Sudeste,Brasil
2023-09-10,MG,574.0,Sudeste,Brasil
2023-09-17,MG,771.0,Sudeste,Brasil
2023-09-24,MG,836.0,Sudeste,Brasil
2023-10-01,MG,833.0,Sudeste,Brasil
2023-10-08,MG,1008.0,Sudeste,Brasil
2023-10-15,MG,902.0,Sudeste,Brasil
2023-10-22,MG,1208.0,Sudeste,Brasil
2023-10-29,MG,1453.0,Sudeste,Brasil
2023-11-05,MG,1361.0,Sudeste,Brasil
2023-11-12,MG,2408.0,Sudeste,Brasil
2023-11-19,MG,2420.0,Sudeste,Brasil
2023-11-26,MG,3353.0,Sudeste,Brasil
2023-12-03,MG,4558.0,Sudeste,Brasil
2023-12-10,MG,5287.0,Sudeste,Brasil
2023-12-17,MG,6709.0,Sudeste,Brasil
2023-12-24,MG,7482.0,Sudeste,Brasil
2023-12-31,MG,7808.0,Sudeste,Brasil
2024-01-07,MG,9285.0,Sudeste,Brasil
2024-01-14,MG,18204.0,Sudeste,Brasil
2024-01-21,MG,27470.0,Sudeste,Brasil
2024-01-28,MG,42660.0,Sudeste,Brasil
2024-02-04,MG,61904.0,Sudeste,Brasil
2024-02-11,MG,80560.0,Sudeste,Brasil
2024-02-18,MG,81337.0,Sudeste,Brasil
2024-02-25,MG,112954.0,Sudeste,Brasil
2024-03-03,MG,121801.0,Sudeste,Brasil
2024-03-10,MG,124356.0,Sudeste,Brasil
2024-03-17,MG,126644.0,Sudeste,Brasil
2024-03-24,MG,131024.0,Sudeste,Brasil
2024-03-31,MG,102814.0,Sudeste,Brasil
2024-04-07,MG,102777.0,Sudeste,Brasil
2024-04-14,MG,99579.0,Sudeste,Brasil
2024-04-21,MG,82442.0,Sudeste,Brasil
2024-04-28,MG,66172.0,Sudeste,Brasil
2024-05-05,MG,53137.0,Sudeste,Brasil
2024-05-12,MG,48437.0,Sudeste,Brasil
2024-05-19,MG,37830.0,Sudeste,Brasil
2024-05-26,MG,30385.0,Sudeste,Brasil
2024-06-02,MG,19906.0,Sudeste,Brasil
2024-06-09,MG,15301.0,Sudeste,Brasil
2024-06-16,MG,10396.0,Sudeste,Brasil
2024-06-23,MG,7752.0,Sudeste,Brasil
2024-06-30,MG,5576.0,Sudeste,Brasil
2024-07-07,MG,3552.0,Sudeste,Brasil
2024-07-14,MG,2844.0,Sudeste,Brasil
2024-07-21,MG,1923.0,Sudeste,Brasil
2024-07-28,MG,1458.0,Sudeste,Brasil
2024-08-04,MG,1131.0,Sudeste,Brasil
2024-08-11,MG,1022.0,Sudeste,Brasil
2024-08-18,MG,876.0,Sudeste,Brasil
2024-08-25,MG,1099.0,Sudeste,Brasil
2024-09-01,MG,843.0,Sudeste,Brasil
2024-09-08,MG,778.0,Sudeste,Brasil
2024-09-15,MG,773.0,Sudeste,Brasil
2024-09-22,MG,847.0,Sudeste,Brasil
2024-09-29,MG,935.0,Sudeste,Brasil
2024-10-06,MG,872.0,Sudeste,Brasil
2024-10-13,MG,811.0,Sudeste,Brasil
2024-10-20,MG,786.0,Sudeste,Brasil
2024-10-27,MG,1019.0,Sudeste,Brasil
2024-11-03,MG,1003.0,Sudeste,Brasil
2024-11-10,MG,1184.0,Sudeste,Brasil
2024-11-17,MG,1364.0,Sudeste,Brasil
2024-11-24,MG,1728.0,Sudeste,Brasil
2024-12-01,MG,2103.0,Sudeste,Brasil
2024-12-08,MG,2278.0,Sudeste,Brasil
2024-12-15,MG,2444.0,Sudeste,Brasil
2024-12-22,MG,2434.0,Sudeste,Brasil
2024-12-29,MG,1495.0,Sudeste,Brasil
2025-01-05,MG,1282.0,Sudeste,Brasil
2025-01-12,MG,2685.0,Sudeste,Brasil
2025-01-19,MG,3398.0,Sudeste,Brasil
2025-01-26,MG,4758.0,Sudeste,Brasil
2025-02-02,MG,5535.0,Sudeste,Brasil
2025-02-09,MG,6298.0,Sudeste,Brasil
2025-02-16,MG,6766.0,Sudeste,Brasil
2025-02-23,MG,7882.0,Sudeste,Brasil
2025-03-02,MG,7988.0,Sudeste,Brasil
2025-03-09,MG,6378.0,Sudeste,Brasil
2025-03-16,MG,8076.0,Sudeste,Brasil
2025-03-23,MG,7721.0,Sudeste,Brasil
2025-03-30,MG,8015.0,Sudeste,Brasil
2025-04-06,MG,7846.0,Sudeste,Brasil
2025-04-13,MG,7437.0,Sudeste,Brasil
2025-04-20,MG,6049.0,Sudeste,Brasil
2025-04-27,MG,6900.0,Sudeste,Brasil
2025-05-04,MG,6231.0,Sudeste,Brasil
2025-05-11,MG,6748.0,Sudeste,Brasil
2025-05-18,MG,5564.0,Sudeste,Brasil
2025-05-25,MG,4477.0,Sudeste,Brasil
2025-06-01,MG,3540.0,Sudeste,Brasil
2025-06-08,MG,2967.0,Sudeste,Brasil
2025-06-15,MG,2378.0,Sudeste,Brasil
2025-06-22,MG,1505.0,Sudeste,Brasil
2025-06-29,MG,1284.0,Sudeste,Brasil
2025-07-06,MG,957.0,Sudeste,Brasil
2025-07-13,MG,820.0,Sudeste,Brasil
2025-07-20,MG,647.0,Sudeste,Brasil
2025-07-27,MG,664.0,Sudeste,Brasil
2025-08-03,MG,533.0,Sudeste,Brasil
2025-08-10,MG,476.0,Sudeste,Brasil
2025-08-17,MG,455.0,Sudeste,Brasil
2025-08-24,MG,572.0,Sudeste,Brasil
2025-08-31,MG,541.0,Sudeste,Brasil
2025-09-07,MG,625.0,Sudeste,Brasil
2025-09-14,MG,695.0,Sudeste,Brasil
2025-09-21,MG,719.0,Sudeste,Brasil
2025-09-28,MG,792.0,Sudeste,Brasil
2025-10-05,MG,857.0,Sudeste,Brasil
2025-10-12,MG,922.0,Sudeste,Brasil
2025-10-19,MG,906.0,Sudeste,Brasil
2025-10-26,MG,873.0,Sudeste,Brasil
2025-11-02,MG,903.0,Sudeste,Brasil
2025-11-09,MG,977.0,Sudeste,Brasil
2025-11-16,MG,1049.0,Sudeste,Brasil
2025-11-23,MG,947.0,Sudeste,Brasil
2025-11-30,MG,1151.0,Sudeste,Brasil
2025-12-07,MG,1203.0,Sudeste,Brasil
2025-12-14,MG,1219.0,Sudeste,Brasil
2025-12-21,MG,1138.0,Sudeste,Brasil
2025-12-28,MG,872.0,Sudeste,Brasil
2026-01-04,MG,938.0,Sudeste,Brasil
2026-01-11,MG,1421.0,Sudeste,Brasil
2026-01-18,MG,1572.0,Sudeste,Brasil
2026-01-25,MG,1358.0,Sudeste,Brasil
2026-02-01,MG,1799.0,Sudeste,Brasil
2026-02-08,MG,2022.0,Sudeste,Brasil
2026-02-15,MG,2317.0,Sudeste,Brasil
2026-02-22,MG,2193.0,Sudeste,Brasil
2026-03-01,MG,3142.0,Sudeste,Brasil
2026-03-08,MG,4468.0,Sudeste,Brasil
2026-03-15,MG,4801.0,Sudeste,Brasil
2026-03-22,MG,5466.0,Sudeste,Brasil
2026-03-29,MG,6216.0,Sudeste,Brasil
2026-04-05,MG,4642.0,Sudeste,Brasil
2026-04-12,MG,2962.0,Sudeste,Brasil
2026-04-19,MG,8.0,Sudeste,Brasil
2015-01-04,MS,15.0,Centro-Oeste,Brasil
2015-01-11,MS,276.0,Centro-Oeste,Brasil
2015-01-18,MS,401.0,Centro-Oeste,Brasil
2015-01-25,MS,583.0,Centro-Oeste,Brasil
2015-02-01,MS,670.0,Centro-Oeste,Brasil
2015-02-08,MS,804.0,Centro-Oeste,Brasil
2015-02-15,MS,898.0,Centro-Oeste,Brasil
2015-02-22,MS,857.0,Centro-Oeste,Brasil
2015-03-01,MS,1224.0,Centro-Oeste,Brasil
2015-03-08,MS,1077.0,Centro-Oeste,Brasil
2015-03-15,MS,1407.0,Centro-Oeste,Brasil
2015-03-22,MS,1566.0,Centro-Oeste,Brasil
2015-03-29,MS,1997.0,Centro-Oeste,Brasil
2015-04-05,MS,1636.0,Centro-Oeste,Brasil
2015-04-12,MS,2104.0,Centro-Oeste,Brasil
2015-04-19,MS,2165.0,Centro-Oeste,Brasil
2015-04-26,MS,1889.0,Centro-Oeste,Brasil
2015-05-03,MS,2042.0,Centro-Oeste,Brasil
2015-05-10,MS,1786.0,Centro-Oeste,Brasil
2015-05-17,MS,1394.0,Centro-Oeste,Brasil
2015-05-24,MS,1098.0,Centro-Oeste,Brasil
2015-05-31,MS,979.0,Centro-Oeste,Brasil
2015-06-07,MS,675.0,Centro-Oeste,Brasil
2015-06-14,MS,725.0,Centro-Oeste,Brasil
2015-06-21,MS,628.0,Centro-Oeste,Brasil
2015-06-28,MS,428.0,Centro-Oeste,Brasil
2015-07-05,MS,287.0,Centro-Oeste,Brasil
2015-07-12,MS,193.0,Centro-Oeste,Brasil
2015-07-19,MS,222.0,Centro-Oeste,Brasil
2015-07-26,MS,207.0,Centro-Oeste,Brasil
2015-08-02,MS,252.0,Centro-Oeste,Brasil
2015-08-09,MS,184.0,Centro-Oeste,Brasil
2015-08-16,MS,185.0,Centro-Oeste,Brasil
2015-08-23,MS,166.0,Centro-Oeste,Brasil
2015-08-30,MS,148.0,Centro-Oeste,Brasil
2015-09-06,MS,188.0,Centro-Oeste,Brasil
2015-09-13,MS,156.0,Centro-Oeste,Brasil
2015-09-20,MS,176.0,Centro-Oeste,Brasil
2015-09-27,MS,172.0,Centro-Oeste,Brasil
2015-10-04,MS,200.0,Centro-Oeste,Brasil
2015-10-11,MS,213.0,Centro-Oeste,Brasil
2015-10-18,MS,239.0,Centro-Oeste,Brasil
2015-10-25,MS,280.0,Centro-Oeste,Brasil
2015-11-01,MS,405.0,Centro-Oeste,Brasil
2015-11-08,MS,448.0,Centro-Oeste,Brasil
2015-11-15,MS,805.0,Centro-Oeste,Brasil
2015-11-22,MS,939.0,Centro-Oeste,Brasil
2015-11-29,MS,1440.0,Centro-Oeste,Brasil
2015-12-06,MS,2058.0,Centro-Oeste,Brasil
2015-12-13,MS,2502.0,Centro-Oeste,Brasil
2015-12-20,MS,2441.0,Centro-Oeste,Brasil
2015-12-27,MS,2277.0,Centro-Oeste,Brasil
2016-01-03,MS,2277.0,Centro-Oeste,Brasil
2016-01-10,MS,4430.0,Centro-Oeste,Brasil
2016-01-17,MS,4970.0,Centro-Oeste,Brasil
2016-01-24,MS,5086.0,Centro-Oeste,Brasil
2016-01-31,MS,5300.0,Centro-Oeste,Brasil
2016-02-07,MS,4984.0,Centro-Oeste,Brasil
2016-02-14,MS,4379.0,Centro-Oeste,Brasil
2016-02-21,MS,4428.0,Centro-Oeste,Brasil
2016-02-28,MS,3748.0,Centro-Oeste,Brasil
2016-03-06,MS,3350.0,Centro-Oeste,Brasil
2016-03-13,MS,2983.0,Centro-Oeste,Brasil
2016-03-20,MS,2477.0,Centro-Oeste,Brasil
2016-03-27,MS,1906.0,Centro-Oeste,Brasil
2016-04-03,MS,2396.0,Centro-Oeste,Brasil
2016-04-10,MS,1762.0,Centro-Oeste,Brasil
2016-04-17,MS,1721.0,Centro-Oeste,Brasil
2016-04-24,MS,1244.0,Centro-Oeste,Brasil
2016-05-01,MS,927.0,Centro-Oeste,Brasil
2016-05-08,MS,708.0,Centro-Oeste,Brasil
2016-05-15,MS,449.0,Centro-Oeste,Brasil
2016-05-22,MS,325.0,Centro-Oeste,Brasil
2016-05-29,MS,195.0,Centro-Oeste,Brasil
2016-06-05,MS,169.0,Centro-Oeste,Brasil
2016-06-12,MS,97.0,Centro-Oeste,Brasil
2016-06-19,MS,80.0,Centro-Oeste,Brasil
2016-06-26,MS,83.0,Centro-Oeste,Brasil
2016-07-03,MS,104.0,Centro-Oeste,Brasil
2016-07-10,MS,61.0,Centro-Oeste,Brasil
2016-07-17,MS,55.0,Centro-Oeste,Brasil
2016-07-24,MS,38.0,Centro-Oeste,Brasil
2016-07-31,MS,43.0,Centro-Oeste,Brasil
2016-08-07,MS,52.0,Centro-Oeste,Brasil
2016-08-14,MS,52.0,Centro-Oeste,Brasil
2016-08-21,MS,63.0,Centro-Oeste,Brasil
2016-08-28,MS,53.0,Centro-Oeste,Brasil
2016-09-04,MS,60.0,Centro-Oeste,Brasil
2016-09-11,MS,49.0,Centro-Oeste,Brasil
2016-09-18,MS,61.0,Centro-Oeste,Brasil
2016-09-25,MS,60.0,Centro-Oeste,Brasil
2016-10-02,MS,70.0,Centro-Oeste,Brasil
2016-10-09,MS,68.0,Centro-Oeste,Brasil
2016-10-16,MS,51.0,Centro-Oeste,Brasil
2016-10-23,MS,73.0,Centro-Oeste,Brasil
2016-10-30,MS,62.0,Centro-Oeste,Brasil
2016-11-06,MS,58.0,Centro-Oeste,Brasil
2016-11-13,MS,62.0,Centro-Oeste,Brasil
2016-11-20,MS,70.0,Centro-Oeste,Brasil
2016-11-27,MS,84.0,Centro-Oeste,Brasil
2016-12-04,MS,93.0,Centro-Oeste,Brasil
2016-12-11,MS,104.0,Centro-Oeste,Brasil
2016-12-18,MS,114.0,Centro-Oeste,Brasil
2016-12-25,MS,93.0,Centro-Oeste,Brasil
2017-01-01,MS,112.0,Centro-Oeste,Brasil
2017-01-08,MS,138.0,Centro-Oeste,Brasil
2017-01-15,MS,200.0,Centro-Oeste,Brasil
2017-01-22,MS,221.0,Centro-Oeste,Brasil
2017-01-29,MS,248.0,Centro-Oeste,Brasil
2017-02-05,MS,232.0,Centro-Oeste,Brasil
2017-02-12,MS,243.0,Centro-Oeste,Brasil
2017-02-19,MS,216.0,Centro-Oeste,Brasil
2017-02-26,MS,200.0,Centro-Oeste,Brasil
2017-03-05,MS,183.0,Centro-Oeste,Brasil
2017-03-12,MS,208.0,Centro-Oeste,Brasil
2017-03-19,MS,220.0,Centro-Oeste,Brasil
2017-03-26,MS,209.0,Centro-Oeste,Brasil
2017-04-02,MS,227.0,Centro-Oeste,Brasil
2017-04-09,MS,205.0,Centro-Oeste,Brasil
2017-04-16,MS,175.0,Centro-Oeste,Brasil
2017-04-23,MS,156.0,Centro-Oeste,Brasil
2017-04-30,MS,106.0,Centro-Oeste,Brasil
2017-05-07,MS,110.0,Centro-Oeste,Brasil
2017-05-14,MS,134.0,Centro-Oeste,Brasil
2017-05-21,MS,119.0,Centro-Oeste,Brasil
2017-05-28,MS,127.0,Centro-Oeste,Brasil
2017-06-04,MS,115.0,Centro-Oeste,Brasil
2017-06-11,MS,111.0,Centro-Oeste,Brasil
2017-06-18,MS,58.0,Centro-Oeste,Brasil
2017-06-25,MS,85.0,Centro-Oeste,Brasil
2017-07-02,MS,88.0,Centro-Oeste,Brasil
2017-07-09,MS,48.0,Centro-Oeste,Brasil
2017-07-16,MS,66.0,Centro-Oeste,Brasil
2017-07-23,MS,37.0,Centro-Oeste,Brasil
2017-07-30,MS,55.0,Centro-Oeste,Brasil
2017-08-06,MS,74.0,Centro-Oeste,Brasil
2017-08-13,MS,89.0,Centro-Oeste,Brasil
2017-08-20,MS,68.0,Centro-Oeste,Brasil
2017-08-27,MS,75.0,Centro-Oeste,Brasil
2017-09-03,MS,107.0,Centro-Oeste,Brasil
2017-09-10,MS,100.0,Centro-Oeste,Brasil
2017-09-17,MS,97.0,Centro-Oeste,Brasil
2017-09-24,MS,153.0,Centro-Oeste,Brasil
2017-10-01,MS,158.0,Centro-Oeste,Brasil
2017-10-08,MS,136.0,Centro-Oeste,Brasil
2017-10-15,MS,78.0,Centro-Oeste,Brasil
2017-10-22,MS,133.0,Centro-Oeste,Brasil
2017-10-29,MS,121.0,Centro-Oeste,Brasil
2017-11-05,MS,127.0,Centro-Oeste,Brasil
2017-11-12,MS,137.0,Centro-Oeste,Brasil
2017-11-19,MS,153.0,Centro-Oeste,Brasil
2017-11-26,MS,155.0,Centro-Oeste,Brasil
2017-12-03,MS,144.0,Centro-Oeste,Brasil
2017-12-10,MS,142.0,Centro-Oeste,Brasil
2017-12-17,MS,185.0,Centro-Oeste,Brasil
2017-12-24,MS,151.0,Centro-Oeste,Brasil
2017-12-31,MS,89.0,Centro-Oeste,Brasil
2018-01-07,MS,118.0,Centro-Oeste,Brasil
2018-01-14,MS,178.0,Centro-Oeste,Brasil
2018-01-21,MS,221.0,Centro-Oeste,Brasil
2018-01-28,MS,237.0,Centro-Oeste,Brasil
2018-02-04,MS,188.0,Centro-Oeste,Brasil
2018-02-11,MS,177.0,Centro-Oeste,Brasil
2018-02-18,MS,114.0,Centro-Oeste,Brasil
2018-02-25,MS,152.0,Centro-Oeste,Brasil
2018-03-04,MS,173.0,Centro-Oeste,Brasil
2018-03-11,MS,168.0,Centro-Oeste,Brasil
2018-03-18,MS,185.0,Centro-Oeste,Brasil
2018-03-25,MS,172.0,Centro-Oeste,Brasil
2018-04-01,MS,139.0,Centro-Oeste,Brasil
2018-04-08,MS,161.0,Centro-Oeste,Brasil
2018-04-15,MS,143.0,Centro-Oeste,Brasil
2018-04-22,MS,157.0,Centro-Oeste,Brasil
2018-04-29,MS,139.0,Centro-Oeste,Brasil
2018-05-06,MS,111.0,Centro-Oeste,Brasil
2018-05-13,MS,181.0,Centro-Oeste,Brasil
2018-05-20,MS,177.0,Centro-Oeste,Brasil
2018-05-27,MS,104.0,Centro-Oeste,Brasil
2018-06-03,MS,78.0,Centro-Oeste,Brasil
2018-06-10,MS,90.0,Centro-Oeste,Brasil
2018-06-17,MS,78.0,Centro-Oeste,Brasil
2018-06-24,MS,60.0,Centro-Oeste,Brasil
2018-07-01,MS,101.0,Centro-Oeste,Brasil
2018-07-08,MS,73.0,Centro-Oeste,Brasil
2018-07-15,MS,66.0,Centro-Oeste,Brasil
2018-07-22,MS,92.0,Centro-Oeste,Brasil
2018-07-29,MS,66.0,Centro-Oeste,Brasil
2018-08-05,MS,62.0,Centro-Oeste,Brasil
2018-08-12,MS,64.0,Centro-Oeste,Brasil
2018-08-19,MS,58.0,Centro-Oeste,Brasil
2018-08-26,MS,38.0,Centro-Oeste,Brasil
2018-09-02,MS,58.0,Centro-Oeste,Brasil
2018-09-09,MS,30.0,Centro-Oeste,Brasil
2018-09-16,MS,58.0,Centro-Oeste,Brasil
2018-09-23,MS,53.0,Centro-Oeste,Brasil
2018-09-30,MS,72.0,Centro-Oeste,Brasil
2018-10-07,MS,82.0,Centro-Oeste,Brasil
2018-10-14,MS,52.0,Centro-Oeste,Brasil
2018-10-21,MS,100.0,Centro-Oeste,Brasil
2018-10-28,MS,106.0,Centro-Oeste,Brasil
2018-11-04,MS,115.0,Centro-Oeste,Brasil
2018-11-11,MS,146.0,Centro-Oeste,Brasil
2018-11-18,MS,220.0,Centro-Oeste,Brasil
2018-11-25,MS,365.0,Centro-Oeste,Brasil
2018-12-02,MS,613.0,Centro-Oeste,Brasil
2018-12-09,MS,1100.0,Centro-Oeste,Brasil
2018-12-16,MS,947.0,Centro-Oeste,Brasil
2018-12-23,MS,1155.0,Centro-Oeste,Brasil
2018-12-30,MS,1064.0,Centro-Oeste,Brasil
2019-01-06,MS,461.0,Centro-Oeste,Brasil
2019-01-13,MS,901.0,Centro-Oeste,Brasil
2019-01-20,MS,904.0,Centro-Oeste,Brasil
2019-01-27,MS,1394.0,Centro-Oeste,Brasil
2019-02-03,MS,1752.0,Centro-Oeste,Brasil
2019-02-10,MS,1974.0,Centro-Oeste,Brasil
2019-02-17,MS,2287.0,Centro-Oeste,Brasil
2019-02-24,MS,2461.0,Centro-Oeste,Brasil
2019-03-03,MS,3518.0,Centro-Oeste,Brasil
2019-03-10,MS,3952.0,Centro-Oeste,Brasil
2019-03-17,MS,5036.0,Centro-Oeste,Brasil
2019-03-24,MS,4748.0,Centro-Oeste,Brasil
2019-03-31,MS,5659.0,Centro-Oeste,Brasil
2019-04-07,MS,4064.0,Centro-Oeste,Brasil
2019-04-14,MS,5838.0,Centro-Oeste,Brasil
2019-04-21,MS,4716.0,Centro-Oeste,Brasil
2019-04-28,MS,4590.0,Centro-Oeste,Brasil
2019-05-05,MS,4179.0,Centro-Oeste,Brasil
2019-05-12,MS,4488.0,Centro-Oeste,Brasil
2019-05-19,MS,3622.0,Centro-Oeste,Brasil
2019-05-26,MS,2611.0,Centro-Oeste,Brasil
2019-06-02,MS,2215.0,Centro-Oeste,Brasil
2019-06-09,MS,1719.0,Centro-Oeste,Brasil
2019-06-16,MS,1779.0,Centro-Oeste,Brasil
2019-06-23,MS,1437.0,Centro-Oeste,Brasil
2019-06-30,MS,1200.0,Centro-Oeste,Brasil
2019-07-07,MS,711.0,Centro-Oeste,Brasil
2019-07-14,MS,544.0,Centro-Oeste,Brasil
2019-07-21,MS,330.0,Centro-Oeste,Brasil
2019-07-28,MS,327.0,Centro-Oeste,Brasil
2019-08-04,MS,284.0,Centro-Oeste,Brasil
2019-08-11,MS,199.0,Centro-Oeste,Brasil
2019-08-18,MS,191.0,Centro-Oeste,Brasil
2019-08-25,MS,201.0,Centro-Oeste,Brasil
2019-09-01,MS,201.0,Centro-Oeste,Brasil
2019-09-08,MS,148.0,Centro-Oeste,Brasil
2019-09-15,MS,157.0,Centro-Oeste,Brasil
2019-09-22,MS,148.0,Centro-Oeste,Brasil
2019-09-29,MS,156.0,Centro-Oeste,Brasil
2019-10-06,MS,163.0,Centro-Oeste,Brasil
2019-10-13,MS,141.0,Centro-Oeste,Brasil
2019-10-20,MS,169.0,Centro-Oeste,Brasil
2019-10-27,MS,166.0,Centro-Oeste,Brasil
2019-11-03,MS,178.0,Centro-Oeste,Brasil
2019-11-10,MS,251.0,Centro-Oeste,Brasil
2019-11-17,MS,269.0,Centro-Oeste,Brasil
2019-11-24,MS,300.0,Centro-Oeste,Brasil
2019-12-01,MS,350.0,Centro-Oeste,Brasil
2019-12-08,MS,426.0,Centro-Oeste,Brasil
2019-12-15,MS,521.0,Centro-Oeste,Brasil
2019-12-22,MS,514.0,Centro-Oeste,Brasil
2019-12-29,MS,511.0,Centro-Oeste,Brasil
2020-01-05,MS,385.0,Centro-Oeste,Brasil
2020-01-12,MS,986.0,Centro-Oeste,Brasil
2020-01-19,MS,1939.0,Centro-Oeste,Brasil
2020-01-26,MS,2897.0,Centro-Oeste,Brasil
2020-02-02,MS,3387.0,Centro-Oeste,Brasil
2020-02-09,MS,3447.0,Centro-Oeste,Brasil
2020-02-16,MS,3918.0,Centro-Oeste,Brasil
2020-02-23,MS,3660.0,Centro-Oeste,Brasil
2020-03-01,MS,3516.0,Centro-Oeste,Brasil
2020-03-08,MS,3621.0,Centro-Oeste,Brasil
2020-03-15,MS,3232.0,Centro-Oeste,Brasil
2020-03-22,MS,2851.0,Centro-Oeste,Brasil
2020-03-29,MS,2233.0,Centro-Oeste,Brasil
2020-04-05,MS,2340.0,Centro-Oeste,Brasil
2020-04-12,MS,1636.0,Centro-Oeste,Brasil
2020-04-19,MS,1644.0,Centro-Oeste,Brasil
2020-04-26,MS,1299.0,Centro-Oeste,Brasil
2020-05-03,MS,1154.0,Centro-Oeste,Brasil
2020-05-10,MS,1110.0,Centro-Oeste,Brasil
2020-05-17,MS,841.0,Centro-Oeste,Brasil
2020-05-24,MS,633.0,Centro-Oeste,Brasil
2020-05-31,MS,417.0,Centro-Oeste,Brasil
2020-06-07,MS,292.0,Centro-Oeste,Brasil
2020-06-14,MS,341.0,Centro-Oeste,Brasil
2020-06-21,MS,339.0,Centro-Oeste,Brasil
2020-06-28,MS,306.0,Centro-Oeste,Brasil
2020-07-05,MS,232.0,Centro-Oeste,Brasil
2020-07-12,MS,204.0,Centro-Oeste,Brasil
2020-07-19,MS,210.0,Centro-Oeste,Brasil
2020-07-26,MS,221.0,Centro-Oeste,Brasil
2020-08-02,MS,178.0,Centro-Oeste,Brasil
2020-08-09,MS,86.0,Centro-Oeste,Brasil
2020-08-16,MS,142.0,Centro-Oeste,Brasil
2020-08-23,MS,91.0,Centro-Oeste,Brasil
2020-08-30,MS,119.0,Centro-Oeste,Brasil
2020-09-06,MS,103.0,Centro-Oeste,Brasil
2020-09-13,MS,114.0,Centro-Oeste,Brasil
2020-09-20,MS,120.0,Centro-Oeste,Brasil
2020-09-27,MS,97.0,Centro-Oeste,Brasil
2020-10-04,MS,108.0,Centro-Oeste,Brasil
2020-10-11,MS,77.0,Centro-Oeste,Brasil
2020-10-18,MS,77.0,Centro-Oeste,Brasil
2020-10-25,MS,67.0,Centro-Oeste,Brasil
2020-11-01,MS,45.0,Centro-Oeste,Brasil
2020-11-08,MS,93.0,Centro-Oeste,Brasil
2020-11-15,MS,101.0,Centro-Oeste,Brasil
2020-11-22,MS,171.0,Centro-Oeste,Brasil
2020-11-29,MS,205.0,Centro-Oeste,Brasil
2020-12-06,MS,161.0,Centro-Oeste,Brasil
2020-12-13,MS,215.0,Centro-Oeste,Brasil
2020-12-20,MS,159.0,Centro-Oeste,Brasil
2020-12-27,MS,95.0,Centro-Oeste,Brasil
2021-01-03,MS,95.0,Centro-Oeste,Brasil
2021-01-10,MS,206.0,Centro-Oeste,Brasil
2021-01-17,MS,387.0,Centro-Oeste,Brasil
2021-01-24,MS,537.0,Centro-Oeste,Brasil
2021-01-31,MS,565.0,Centro-Oeste,Brasil
2021-02-07,MS,773.0,Centro-Oeste,Brasil
2021-02-14,MS,1043.0,Centro-Oeste,Brasil
2021-02-21,MS,1217.0,Centro-Oeste,Brasil
2021-02-28,MS,1291.0,Centro-Oeste,Brasil
2021-03-07,MS,1286.0,Centro-Oeste,Brasil
2021-03-14,MS,1406.0,Centro-Oeste,Brasil
2021-03-21,MS,1276.0,Centro-Oeste,Brasil
2021-03-28,MS,1199.0,Centro-Oeste,Brasil
2021-04-04,MS,1037.0,Centro-Oeste,Brasil
2021-04-11,MS,1305.0,Centro-Oeste,Brasil
2021-04-18,MS,1228.0,Centro-Oeste,Brasil
2021-04-25,MS,1194.0,Centro-Oeste,Brasil
2021-05-02,MS,974.0,Centro-Oeste,Brasil
2021-05-09,MS,789.0,Centro-Oeste,Brasil
2021-05-16,MS,758.0,Centro-Oeste,Brasil
2021-05-23,MS,735.0,Centro-Oeste,Brasil
2021-05-30,MS,521.0,Centro-Oeste,Brasil
2021-06-06,MS,369.0,Centro-Oeste,Brasil
2021-06-13,MS,369.0,Centro-Oeste,Brasil
2021-06-20,MS,273.0,Centro-Oeste,Brasil
2021-06-27,MS,253.0,Centro-Oeste,Brasil
2021-07-04,MS,140.0,Centro-Oeste,Brasil
2021-07-11,MS,144.0,Centro-Oeste,Brasil
2021-07-18,MS,153.0,Centro-Oeste,Brasil
2021-07-25,MS,149.0,Centro-Oeste,Brasil
2021-08-01,MS,122.0,Centro-Oeste,Brasil
2021-08-08,MS,110.0,Centro-Oeste,Brasil
2021-08-15,MS,124.0,Centro-Oeste,Brasil
2021-08-22,MS,153.0,Centro-Oeste,Brasil
2021-08-29,MS,142.0,Centro-Oeste,Brasil
2021-09-05,MS,118.0,Centro-Oeste,Brasil
2021-09-12,MS,111.0,Centro-Oeste,Brasil
2021-09-19,MS,151.0,Centro-Oeste,Brasil
2021-09-26,MS,161.0,Centro-Oeste,Brasil
2021-10-03,MS,151.0,Centro-Oeste,Brasil
2021-10-10,MS,130.0,Centro-Oeste,Brasil
2021-10-17,MS,128.0,Centro-Oeste,Brasil
2021-10-24,MS,153.0,Centro-Oeste,Brasil
2021-10-31,MS,144.0,Centro-Oeste,Brasil
2021-11-07,MS,157.0,Centro-Oeste,Brasil
2021-11-14,MS,176.0,Centro-Oeste,Brasil
2021-11-21,MS,167.0,Centro-Oeste,Brasil
2021-11-28,MS,247.0,Centro-Oeste,Brasil
2021-12-05,MS,214.0,Centro-Oeste,Brasil
2021-12-12,MS,239.0,Centro-Oeste,Brasil
2021-12-19,MS,226.0,Centro-Oeste,Brasil
2021-12-26,MS,212.0,Centro-Oeste,Brasil
2022-01-02,MS,198.0,Centro-Oeste,Brasil
2022-01-09,MS,36.0,Centro-Oeste,Brasil
2022-01-16,MS,82.0,Centro-Oeste,Brasil
2022-01-23,MS,109.0,Centro-Oeste,Brasil
2022-01-30,MS,114.0,Centro-Oeste,Brasil
2022-02-06,MS,154.0,Centro-Oeste,Brasil
2022-02-13,MS,174.0,Centro-Oeste,Brasil
2022-02-20,MS,158.0,Centro-Oeste,Brasil
2022-02-27,MS,233.0,Centro-Oeste,Brasil
2022-03-06,MS,297.0,Centro-Oeste,Brasil
2022-03-13,MS,448.0,Centro-Oeste,Brasil
2022-03-20,MS,561.0,Centro-Oeste,Brasil
2022-03-27,MS,605.0,Centro-Oeste,Brasil
2022-04-03,MS,813.0,Centro-Oeste,Brasil
2022-04-10,MS,963.0,Centro-Oeste,Brasil
2022-04-17,MS,994.0,Centro-Oeste,Brasil
2022-04-24,MS,1059.0,Centro-Oeste,Brasil
2022-05-01,MS,1787.0,Centro-Oeste,Brasil
2022-05-08,MS,1915.0,Centro-Oeste,Brasil
2022-05-15,MS,1817.0,Centro-Oeste,Brasil
2022-05-22,MS,980.0,Centro-Oeste,Brasil
2022-05-29,MS,929.0,Centro-Oeste,Brasil
2022-06-05,MS,729.0,Centro-Oeste,Brasil
2022-06-12,MS,792.0,Centro-Oeste,Brasil
2022-06-19,MS,500.0,Centro-Oeste,Brasil
2022-06-26,MS,513.0,Centro-Oeste,Brasil
2022-07-03,MS,423.0,Centro-Oeste,Brasil
2022-07-10,MS,489.0,Centro-Oeste,Brasil
2022-07-17,MS,427.0,Centro-Oeste,Brasil
2022-07-24,MS,333.0,Centro-Oeste,Brasil
2022-07-31,MS,289.0,Centro-Oeste,Brasil
2022-08-07,MS,339.0,Centro-Oeste,Brasil
2022-08-14,MS,239.0,Centro-Oeste,Brasil
2022-08-21,MS,206.0,Centro-Oeste,Brasil
2022-08-28,MS,215.0,Centro-Oeste,Brasil
2022-09-04,MS,208.0,Centro-Oeste,Brasil
2022-09-11,MS,171.0,Centro-Oeste,Brasil
2022-09-18,MS,170.0,Centro-Oeste,Brasil
2022-09-25,MS,195.0,Centro-Oeste,Brasil
2022-10-02,MS,226.0,Centro-Oeste,Brasil
2022-10-09,MS,252.0,Centro-Oeste,Brasil
2022-10-16,MS,196.0,Centro-Oeste,Brasil
2022-10-23,MS,254.0,Centro-Oeste,Brasil
2022-10-30,MS,317.0,Centro-Oeste,Brasil
2022-11-06,MS,349.0,Centro-Oeste,Brasil
2022-11-13,MS,598.0,Centro-Oeste,Brasil
2022-11-20,MS,670.0,Centro-Oeste,Brasil
2022-11-27,MS,676.0,Centro-Oeste,Brasil
2022-12-04,MS,592.0,Centro-Oeste,Brasil
2022-12-11,MS,493.0,Centro-Oeste,Brasil
2022-12-18,MS,542.0,Centro-Oeste,Brasil
2022-12-25,MS,409.0,Centro-Oeste,Brasil
2023-01-01,MS,290.0,Centro-Oeste,Brasil
2023-01-08,MS,352.0,Centro-Oeste,Brasil
2023-01-15,MS,527.0,Centro-Oeste,Brasil
2023-01-22,MS,627.0,Centro-Oeste,Brasil
2023-01-29,MS,724.0,Centro-Oeste,Brasil
2023-02-05,MS,1005.0,Centro-Oeste,Brasil
2023-02-12,MS,1260.0,Centro-Oeste,Brasil
2023-02-19,MS,1633.0,Centro-Oeste,Brasil
2023-02-26,MS,1639.0,Centro-Oeste,Brasil
2023-03-05,MS,1906.0,Centro-Oeste,Brasil
2023-03-12,MS,2464.0,Centro-Oeste,Brasil
2023-03-19,MS,2611.0,Centro-Oeste,Brasil
2023-03-26,MS,2645.0,Centro-Oeste,Brasil
2023-04-02,MS,3217.0,Centro-Oeste,Brasil
2023-04-09,MS,2748.0,Centro-Oeste,Brasil
2023-04-16,MS,3209.0,Centro-Oeste,Brasil
2023-04-23,MS,2792.0,Centro-Oeste,Brasil
2023-04-30,MS,2365.0,Centro-Oeste,Brasil
2023-05-07,MS,2215.0,Centro-Oeste,Brasil
2023-05-14,MS,2137.0,Centro-Oeste,Brasil
2023-05-21,MS,1881.0,Centro-Oeste,Brasil
2023-05-28,MS,1369.0,Centro-Oeste,Brasil
2023-06-04,MS,1069.0,Centro-Oeste,Brasil
2023-06-11,MS,852.0,Centro-Oeste,Brasil
2023-06-18,MS,496.0,Centro-Oeste,Brasil
2023-06-25,MS,395.0,Centro-Oeste,Brasil
2023-07-02,MS,373.0,Centro-Oeste,Brasil
2023-07-09,MS,393.0,Centro-Oeste,Brasil
2023-07-16,MS,299.0,Centro-Oeste,Brasil
2023-07-23,MS,213.0,Centro-Oeste,Brasil
2023-07-30,MS,172.0,Centro-Oeste,Brasil
2023-08-06,MS,128.0,Centro-Oeste,Brasil
2023-08-13,MS,136.0,Centro-Oeste,Brasil
2023-08-20,MS,117.0,Centro-Oeste,Brasil
2023-08-27,MS,64.0,Centro-Oeste,Brasil
2023-09-03,MS,67.0,Centro-Oeste,Brasil
2023-09-10,MS,35.0,Centro-Oeste,Brasil
2023-09-17,MS,69.0,Centro-Oeste,Brasil
2023-09-24,MS,65.0,Centro-Oeste,Brasil
2023-10-01,MS,58.0,Centro-Oeste,Brasil
2023-10-08,MS,52.0,Centro-Oeste,Brasil
2023-10-15,MS,41.0,Centro-Oeste,Brasil
2023-10-22,MS,83.0,Centro-Oeste,Brasil
2023-10-29,MS,84.0,Centro-Oeste,Brasil
2023-11-05,MS,64.0,Centro-Oeste,Brasil
2023-11-12,MS,50.0,Centro-Oeste,Brasil
2023-11-19,MS,72.0,Centro-Oeste,Brasil
2023-11-26,MS,59.0,Centro-Oeste,Brasil
2023-12-03,MS,65.0,Centro-Oeste,Brasil
2023-12-10,MS,69.0,Centro-Oeste,Brasil
2023-12-17,MS,72.0,Centro-Oeste,Brasil
2023-12-24,MS,64.0,Centro-Oeste,Brasil
2023-12-31,MS,70.0,Centro-Oeste,Brasil
2024-01-07,MS,123.0,Centro-Oeste,Brasil
2024-01-14,MS,231.0,Centro-Oeste,Brasil
2024-01-21,MS,353.0,Centro-Oeste,Brasil
2024-01-28,MS,412.0,Centro-Oeste,Brasil
2024-02-04,MS,467.0,Centro-Oeste,Brasil
2024-02-11,MS,545.0,Centro-Oeste,Brasil
2024-02-18,MS,709.0,Centro-Oeste,Brasil
2024-02-25,MS,805.0,Centro-Oeste,Brasil
2024-03-03,MS,818.0,Centro-Oeste,Brasil
2024-03-10,MS,975.0,Centro-Oeste,Brasil
2024-03-17,MS,1088.0,Centro-Oeste,Brasil
2024-03-24,MS,1273.0,Centro-Oeste,Brasil
2024-03-31,MS,971.0,Centro-Oeste,Brasil
2024-04-07,MS,1115.0,Centro-Oeste,Brasil
2024-04-14,MS,1107.0,Centro-Oeste,Brasil
2024-04-21,MS,952.0,Centro-Oeste,Brasil
2024-04-28,MS,950.0,Centro-Oeste,Brasil
2024-05-05,MS,894.0,Centro-Oeste,Brasil
2024-05-12,MS,1009.0,Centro-Oeste,Brasil
2024-05-19,MS,956.0,Centro-Oeste,Brasil
2024-05-26,MS,682.0,Centro-Oeste,Brasil
2024-06-02,MS,324.0,Centro-Oeste,Brasil
2024-06-09,MS,219.0,Centro-Oeste,Brasil
2024-06-16,MS,311.0,Centro-Oeste,Brasil
2024-06-23,MS,284.0,Centro-Oeste,Brasil
2024-06-30,MS,189.0,Centro-Oeste,Brasil
2024-07-07,MS,112.0,Centro-Oeste,Brasil
2024-07-14,MS,49.0,Centro-Oeste,Brasil
2024-07-21,MS,43.0,Centro-Oeste,Brasil
2024-07-28,MS,40.0,Centro-Oeste,Brasil
2024-08-04,MS,50.0,Centro-Oeste,Brasil
2024-08-11,MS,32.0,Centro-Oeste,Brasil
2024-08-18,MS,28.0,Centro-Oeste,Brasil
2024-08-25,MS,30.0,Centro-Oeste,Brasil
2024-09-01,MS,20.0,Centro-Oeste,Brasil
2024-09-08,MS,22.0,Centro-Oeste,Brasil
2024-09-15,MS,21.0,Centro-Oeste,Brasil
2024-09-22,MS,26.0,Centro-Oeste,Brasil
2024-09-29,MS,35.0,Centro-Oeste,Brasil
2024-10-06,MS,31.0,Centro-Oeste,Brasil
2024-10-13,MS,31.0,Centro-Oeste,Brasil
2024-10-20,MS,20.0,Centro-Oeste,Brasil
2024-10-27,MS,28.0,Centro-Oeste,Brasil
2024-11-03,MS,42.0,Centro-Oeste,Brasil
2024-11-10,MS,40.0,Centro-Oeste,Brasil
2024-11-17,MS,31.0,Centro-Oeste,Brasil
2024-11-24,MS,34.0,Centro-Oeste,Brasil
2024-12-01,MS,38.0,Centro-Oeste,Brasil
2024-12-08,MS,34.0,Centro-Oeste,Brasil
2024-12-15,MS,64.0,Centro-Oeste,Brasil
2024-12-22,MS,67.0,Centro-Oeste,Brasil
2024-12-29,MS,48.0,Centro-Oeste,Brasil
2025-01-05,MS,66.0,Centro-Oeste,Brasil
2025-01-12,MS,170.0,Centro-Oeste,Brasil
2025-01-19,MS,228.0,Centro-Oeste,Brasil
2025-01-26,MS,260.0,Centro-Oeste,Brasil
2025-02-02,MS,277.0,Centro-Oeste,Brasil
2025-02-09,MS,304.0,Centro-Oeste,Brasil
2025-02-16,MS,378.0,Centro-Oeste,Brasil
2025-02-23,MS,395.0,Centro-Oeste,Brasil
2025-03-02,MS,444.0,Centro-Oeste,Brasil
2025-03-09,MS,477.0,Centro-Oeste,Brasil
2025-03-16,MS,495.0,Centro-Oeste,Brasil
2025-03-23,MS,665.0,Centro-Oeste,Brasil
2025-03-30,MS,724.0,Centro-Oeste,Brasil
2025-04-06,MS,673.0,Centro-Oeste,Brasil
2025-04-13,MS,733.0,Centro-Oeste,Brasil
2025-04-20,MS,615.0,Centro-Oeste,Brasil
2025-04-27,MS,646.0,Centro-Oeste,Brasil
2025-05-04,MS,511.0,Centro-Oeste,Brasil
2025-05-11,MS,520.0,Centro-Oeste,Brasil
2025-05-18,MS,574.0,Centro-Oeste,Brasil
2025-05-25,MS,573.0,Centro-Oeste,Brasil
2025-06-01,MS,495.0,Centro-Oeste,Brasil
2025-06-08,MS,354.0,Centro-Oeste,Brasil
2025-06-15,MS,293.0,Centro-Oeste,Brasil
2025-06-22,MS,234.0,Centro-Oeste,Brasil
2025-06-29,MS,188.0,Centro-Oeste,Brasil
2025-07-06,MS,124.0,Centro-Oeste,Brasil
2025-07-13,MS,136.0,Centro-Oeste,Brasil
2025-07-20,MS,101.0,Centro-Oeste,Brasil
2025-07-27,MS,78.0,Centro-Oeste,Brasil
2025-08-03,MS,66.0,Centro-Oeste,Brasil
2025-08-10,MS,57.0,Centro-Oeste,Brasil
2025-08-17,MS,52.0,Centro-Oeste,Brasil
2025-08-24,MS,60.0,Centro-Oeste,Brasil
2025-08-31,MS,45.0,Centro-Oeste,Brasil
2025-09-07,MS,61.0,Centro-Oeste,Brasil
2025-09-14,MS,51.0,Centro-Oeste,Brasil
2025-09-21,MS,73.0,Centro-Oeste,Brasil
2025-09-28,MS,61.0,Centro-Oeste,Brasil
2025-10-05,MS,58.0,Centro-Oeste,Brasil
2025-10-12,MS,47.0,Centro-Oeste,Brasil
2025-10-19,MS,41.0,Centro-Oeste,Brasil
2025-10-26,MS,52.0,Centro-Oeste,Brasil
2025-11-02,MS,40.0,Centro-Oeste,Brasil
2025-11-09,MS,91.0,Centro-Oeste,Brasil
2025-11-16,MS,85.0,Centro-Oeste,Brasil
2025-11-23,MS,42.0,Centro-Oeste,Brasil
2025-11-30,MS,47.0,Centro-Oeste,Brasil
2025-12-07,MS,53.0,Centro-Oeste,Brasil
2025-12-14,MS,49.0,Centro-Oeste,Brasil
2025-12-21,MS,46.0,Centro-Oeste,Brasil
2025-12-28,MS,29.0,Centro-Oeste,Brasil
2026-01-04,MS,36.0,Centro-Oeste,Brasil
2026-01-11,MS,66.0,Centro-Oeste,Brasil
2026-01-18,MS,52.0,Centro-Oeste,Brasil
2026-01-25,MS,68.0,Centro-Oeste,Brasil
2026-02-01,MS,72.0,Centro-Oeste,Brasil
2026-02-08,MS,90.0,Centro-Oeste,Brasil
2026-02-15,MS,79.0,Centro-Oeste,Brasil
2026-02-22,MS,119.0,Centro-Oeste,Brasil
2026-03-01,MS,161.0,Centro-Oeste,Brasil
2026-03-08,MS,230.0,Centro-Oeste,Brasil
2026-03-15,MS,295.0,Centro-Oeste,Brasil
2026-03-22,MS,422.0,Centro-Oeste,Brasil
2026-03-29,MS,453.0,Centro-Oeste,Brasil
2026-04-05,MS,628.0,Centro-Oeste,Brasil
2026-04-12,MS,502.0,Centro-Oeste,Brasil
2026-04-19,MS,502.0,Centro-Oeste,Brasil
2015-01-04,MT,7.0,Centro-Oeste,Brasil
2015-01-11,MT,163.0,Centro-Oeste,Brasil
2015-01-18,MT,243.0,Centro-Oeste,Brasil
2015-01-25,MT,285.0,Centro-Oeste,Brasil
2015-02-01,MT,305.0,Centro-Oeste,Brasil
2015-02-08,MT,326.0,Centro-Oeste,Brasil
2015-02-15,MT,372.0,Centro-Oeste,Brasil
2015-02-22,MT,349.0,Centro-Oeste,Brasil
2015-03-01,MT,561.0,Centro-Oeste,Brasil
2015-03-08,MT,553.0,Centro-Oeste,Brasil
2015-03-15,MT,647.0,Centro-Oeste,Brasil
2015-03-22,MT,859.0,Centro-Oeste,Brasil
2015-03-29,MT,733.0,Centro-Oeste,Brasil
2015-04-05,MT,826.0,Centro-Oeste,Brasil
2015-04-12,MT,1030.0,Centro-Oeste,Brasil
2015-04-19,MT,1222.0,Centro-Oeste,Brasil
2015-04-26,MT,1139.0,Centro-Oeste,Brasil
2015-05-03,MT,1247.0,Centro-Oeste,Brasil
2015-05-10,MT,1422.0,Centro-Oeste,Brasil
2015-05-17,MT,1275.0,Centro-Oeste,Brasil
2015-05-24,MT,1412.0,Centro-Oeste,Brasil
2015-05-31,MT,1164.0,Centro-Oeste,Brasil
2015-06-07,MT,894.0,Centro-Oeste,Brasil
2015-06-14,MT,777.0,Centro-Oeste,Brasil
2015-06-21,MT,803.0,Centro-Oeste,Brasil
2015-06-28,MT,676.0,Centro-Oeste,Brasil
2015-07-05,MT,571.0,Centro-Oeste,Brasil
2015-07-12,MT,487.0,Centro-Oeste,Brasil
2015-07-19,MT,352.0,Centro-Oeste,Brasil
2015-07-26,MT,382.0,Centro-Oeste,Brasil
2015-08-02,MT,309.0,Centro-Oeste,Brasil
2015-08-09,MT,272.0,Centro-Oeste,Brasil
2015-08-16,MT,331.0,Centro-Oeste,Brasil
2015-08-23,MT,370.0,Centro-Oeste,Brasil
2015-08-30,MT,292.0,Centro-Oeste,Brasil
2015-09-06,MT,277.0,Centro-Oeste,Brasil
2015-09-13,MT,221.0,Centro-Oeste,Brasil
2015-09-20,MT,256.0,Centro-Oeste,Brasil
2015-09-27,MT,254.0,Centro-Oeste,Brasil
2015-10-04,MT,265.0,Centro-Oeste,Brasil
2015-10-11,MT,248.0,Centro-Oeste,Brasil
2015-10-18,MT,267.0,Centro-Oeste,Brasil
2015-10-25,MT,318.0,Centro-Oeste,Brasil
2015-11-01,MT,278.0,Centro-Oeste,Brasil
2015-11-08,MT,334.0,Centro-Oeste,Brasil
2015-11-15,MT,381.0,Centro-Oeste,Brasil
2015-11-22,MT,470.0,Centro-Oeste,Brasil
2015-11-29,MT,637.0,Centro-Oeste,Brasil
2015-12-06,MT,1150.0,Centro-Oeste,Brasil
2015-12-13,MT,1357.0,Centro-Oeste,Brasil
2015-12-20,MT,1314.0,Centro-Oeste,Brasil
2015-12-27,MT,806.0,Centro-Oeste,Brasil
2016-01-03,MT,806.0,Centro-Oeste,Brasil
2016-01-10,MT,1966.0,Centro-Oeste,Brasil
2016-01-17,MT,2161.0,Centro-Oeste,Brasil
2016-01-24,MT,2400.0,Centro-Oeste,Brasil
2016-01-31,MT,2342.0,Centro-Oeste,Brasil
2016-02-07,MT,2586.0,Centro-Oeste,Brasil
2016-02-14,MT,2006.0,Centro-Oeste,Brasil
2016-02-21,MT,2622.0,Centro-Oeste,Brasil
2016-02-28,MT,2352.0,Centro-Oeste,Brasil
2016-03-06,MT,1950.0,Centro-Oeste,Brasil
2016-03-13,MT,1449.0,Centro-Oeste,Brasil
2016-03-20,MT,1184.0,Centro-Oeste,Brasil
2016-03-27,MT,865.0,Centro-Oeste,Brasil
2016-04-03,MT,842.0,Centro-Oeste,Brasil
2016-04-10,MT,639.0,Centro-Oeste,Brasil
2016-04-17,MT,592.0,Centro-Oeste,Brasil
2016-04-24,MT,400.0,Centro-Oeste,Brasil
2016-05-01,MT,381.0,Centro-Oeste,Brasil
2016-05-08,MT,253.0,Centro-Oeste,Brasil
2016-05-15,MT,240.0,Centro-Oeste,Brasil
2016-05-22,MT,187.0,Centro-Oeste,Brasil
2016-05-29,MT,160.0,Centro-Oeste,Brasil
2016-06-05,MT,135.0,Centro-Oeste,Brasil
2016-06-12,MT,109.0,Centro-Oeste,Brasil
2016-06-19,MT,82.0,Centro-Oeste,Brasil
2016-06-26,MT,69.0,Centro-Oeste,Brasil
2016-07-03,MT,75.0,Centro-Oeste,Brasil
2016-07-10,MT,78.0,Centro-Oeste,Brasil
2016-07-17,MT,65.0,Centro-Oeste,Brasil
2016-07-24,MT,60.0,Centro-Oeste,Brasil
2016-07-31,MT,62.0,Centro-Oeste,Brasil
2016-08-07,MT,82.0,Centro-Oeste,Brasil
2016-08-14,MT,78.0,Centro-Oeste,Brasil
2016-08-21,MT,85.0,Centro-Oeste,Brasil
2016-08-28,MT,75.0,Centro-Oeste,Brasil
2016-09-04,MT,53.0,Centro-Oeste,Brasil
2016-09-11,MT,63.0,Centro-Oeste,Brasil
2016-09-18,MT,66.0,Centro-Oeste,Brasil
2016-09-25,MT,88.0,Centro-Oeste,Brasil
2016-10-02,MT,103.0,Centro-Oeste,Brasil
2016-10-09,MT,95.0,Centro-Oeste,Brasil
2016-10-16,MT,88.0,Centro-Oeste,Brasil
2016-10-23,MT,94.0,Centro-Oeste,Brasil
2016-10-30,MT,107.0,Centro-Oeste,Brasil
2016-11-06,MT,110.0,Centro-Oeste,Brasil
2016-11-13,MT,132.0,Centro-Oeste,Brasil
2016-11-20,MT,117.0,Centro-Oeste,Brasil
2016-11-27,MT,192.0,Centro-Oeste,Brasil
2016-12-04,MT,221.0,Centro-Oeste,Brasil
2016-12-11,MT,212.0,Centro-Oeste,Brasil
2016-12-18,MT,238.0,Centro-Oeste,Brasil
2016-12-25,MT,199.0,Centro-Oeste,Brasil
2017-01-01,MT,205.0,Centro-Oeste,Brasil
2017-01-08,MT,358.0,Centro-Oeste,Brasil
2017-01-15,MT,327.0,Centro-Oeste,Brasil
2017-01-22,MT,321.0,Centro-Oeste,Brasil
2017-01-29,MT,405.0,Centro-Oeste,Brasil
2017-02-05,MT,429.0,Centro-Oeste,Brasil
2017-02-12,MT,490.0,Centro-Oeste,Brasil
2017-02-19,MT,501.0,Centro-Oeste,Brasil
2017-02-26,MT,571.0,Centro-Oeste,Brasil
2017-03-05,MT,443.0,Centro-Oeste,Brasil
2017-03-12,MT,522.0,Centro-Oeste,Brasil
2017-03-19,MT,512.0,Centro-Oeste,Brasil
2017-03-26,MT,561.0,Centro-Oeste,Brasil
2017-04-02,MT,607.0,Centro-Oeste,Brasil
2017-04-09,MT,533.0,Centro-Oeste,Brasil
2017-04-16,MT,413.0,Centro-Oeste,Brasil
2017-04-23,MT,407.0,Centro-Oeste,Brasil
2017-04-30,MT,365.0,Centro-Oeste,Brasil
2017-05-07,MT,254.0,Centro-Oeste,Brasil
2017-05-14,MT,254.0,Centro-Oeste,Brasil
2017-05-21,MT,315.0,Centro-Oeste,Brasil
2017-05-28,MT,272.0,Centro-Oeste,Brasil
2017-06-04,MT,220.0,Centro-Oeste,Brasil
2017-06-11,MT,187.0,Centro-Oeste,Brasil
2017-06-18,MT,146.0,Centro-Oeste,Brasil
2017-06-25,MT,153.0,Centro-Oeste,Brasil
2017-07-02,MT,159.0,Centro-Oeste,Brasil
2017-07-09,MT,108.0,Centro-Oeste,Brasil
2017-07-16,MT,112.0,Centro-Oeste,Brasil
2017-07-23,MT,77.0,Centro-Oeste,Brasil
2017-07-30,MT,92.0,Centro-Oeste,Brasil
2017-08-06,MT,77.0,Centro-Oeste,Brasil
2017-08-13,MT,89.0,Centro-Oeste,Brasil
2017-08-20,MT,112.0,Centro-Oeste,Brasil
2017-08-27,MT,99.0,Centro-Oeste,Brasil
2017-09-03,MT,74.0,Centro-Oeste,Brasil
2017-09-10,MT,55.0,Centro-Oeste,Brasil
2017-09-17,MT,75.0,Centro-Oeste,Brasil
2017-09-24,MT,55.0,Centro-Oeste,Brasil
2017-10-01,MT,62.0,Centro-Oeste,Brasil
2017-10-08,MT,66.0,Centro-Oeste,Brasil
2017-10-15,MT,38.0,Centro-Oeste,Brasil
2017-10-22,MT,85.0,Centro-Oeste,Brasil
2017-10-29,MT,80.0,Centro-Oeste,Brasil
2017-11-05,MT,84.0,Centro-Oeste,Brasil
2017-11-12,MT,87.0,Centro-Oeste,Brasil
2017-11-19,MT,116.0,Centro-Oeste,Brasil
2017-11-26,MT,112.0,Centro-Oeste,Brasil
2017-12-03,MT,133.0,Centro-Oeste,Brasil
2017-12-10,MT,162.0,Centro-Oeste,Brasil
2017-12-17,MT,142.0,Centro-Oeste,Brasil
2017-12-24,MT,177.0,Centro-Oeste,Brasil
2017-12-31,MT,191.0,Centro-Oeste,Brasil
2018-01-07,MT,253.0,Centro-Oeste,Brasil
2018-01-14,MT,344.0,Centro-Oeste,Brasil
2018-01-21,MT,341.0,Centro-Oeste,Brasil
2018-01-28,MT,437.0,Centro-Oeste,Brasil
2018-02-04,MT,464.0,Centro-Oeste,Brasil
2018-02-11,MT,474.0,Centro-Oeste,Brasil
2018-02-18,MT,297.0,Centro-Oeste,Brasil
2018-02-25,MT,401.0,Centro-Oeste,Brasil
2018-03-04,MT,410.0,Centro-Oeste,Brasil
2018-03-11,MT,348.0,Centro-Oeste,Brasil
2018-03-18,MT,405.0,Centro-Oeste,Brasil
2018-03-25,MT,419.0,Centro-Oeste,Brasil
2018-04-01,MT,275.0,Centro-Oeste,Brasil
2018-04-08,MT,319.0,Centro-Oeste,Brasil
2018-04-15,MT,364.0,Centro-Oeste,Brasil
2018-04-22,MT,320.0,Centro-Oeste,Brasil
2018-04-29,MT,315.0,Centro-Oeste,Brasil
2018-05-06,MT,256.0,Centro-Oeste,Brasil
2018-05-13,MT,282.0,Centro-Oeste,Brasil
2018-05-20,MT,248.0,Centro-Oeste,Brasil
2018-05-27,MT,229.0,Centro-Oeste,Brasil
2018-06-03,MT,143.0,Centro-Oeste,Brasil
2018-06-10,MT,151.0,Centro-Oeste,Brasil
2018-06-17,MT,157.0,Centro-Oeste,Brasil
2018-06-24,MT,131.0,Centro-Oeste,Brasil
2018-07-01,MT,114.0,Centro-Oeste,Brasil
2018-07-08,MT,100.0,Centro-Oeste,Brasil
2018-07-15,MT,94.0,Centro-Oeste,Brasil
2018-07-22,MT,66.0,Centro-Oeste,Brasil
2018-07-29,MT,59.0,Centro-Oeste,Brasil
2018-08-05,MT,60.0,Centro-Oeste,Brasil
2018-08-12,MT,55.0,Centro-Oeste,Brasil
2018-08-19,MT,65.0,Centro-Oeste,Brasil
2018-08-26,MT,68.0,Centro-Oeste,Brasil
2018-09-02,MT,51.0,Centro-Oeste,Brasil
2018-09-09,MT,38.0,Centro-Oeste,Brasil
2018-09-16,MT,58.0,Centro-Oeste,Brasil
2018-09-23,MT,50.0,Centro-Oeste,Brasil
2018-09-30,MT,42.0,Centro-Oeste,Brasil
2018-10-07,MT,45.0,Centro-Oeste,Brasil
2018-10-14,MT,38.0,Centro-Oeste,Brasil
2018-10-21,MT,67.0,Centro-Oeste,Brasil
2018-10-28,MT,58.0,Centro-Oeste,Brasil
2018-11-04,MT,61.0,Centro-Oeste,Brasil
2018-11-11,MT,122.0,Centro-Oeste,Brasil
2018-11-18,MT,80.0,Centro-Oeste,Brasil
2018-11-25,MT,95.0,Centro-Oeste,Brasil
2018-12-02,MT,131.0,Centro-Oeste,Brasil
2018-12-09,MT,167.0,Centro-Oeste,Brasil
2018-12-16,MT,240.0,Centro-Oeste,Brasil
2018-12-23,MT,199.0,Centro-Oeste,Brasil
2018-12-30,MT,131.0,Centro-Oeste,Brasil
2019-01-06,MT,145.0,Centro-Oeste,Brasil
2019-01-13,MT,253.0,Centro-Oeste,Brasil
2019-01-20,MT,259.0,Centro-Oeste,Brasil
2019-01-27,MT,314.0,Centro-Oeste,Brasil
2019-02-03,MT,321.0,Centro-Oeste,Brasil
2019-02-10,MT,315.0,Centro-Oeste,Brasil
2019-02-17,MT,332.0,Centro-Oeste,Brasil
2019-02-24,MT,368.0,Centro-Oeste,Brasil
2019-03-03,MT,380.0,Centro-Oeste,Brasil
2019-03-10,MT,300.0,Centro-Oeste,Brasil
2019-03-17,MT,387.0,Centro-Oeste,Brasil
2019-03-24,MT,438.0,Centro-Oeste,Brasil
2019-03-31,MT,462.0,Centro-Oeste,Brasil
2019-04-07,MT,565.0,Centro-Oeste,Brasil
2019-04-14,MT,540.0,Centro-Oeste,Brasil
2019-04-21,MT,485.0,Centro-Oeste,Brasil
2019-04-28,MT,734.0,Centro-Oeste,Brasil
2019-05-05,MT,618.0,Centro-Oeste,Brasil
2019-05-12,MT,719.0,Centro-Oeste,Brasil
2019-05-19,MT,725.0,Centro-Oeste,Brasil
2019-05-26,MT,801.0,Centro-Oeste,Brasil
2019-06-02,MT,746.0,Centro-Oeste,Brasil
2019-06-09,MT,555.0,Centro-Oeste,Brasil
2019-06-16,MT,549.0,Centro-Oeste,Brasil
2019-06-23,MT,382.0,Centro-Oeste,Brasil
2019-06-30,MT,407.0,Centro-Oeste,Brasil
2019-07-07,MT,312.0,Centro-Oeste,Brasil
2019-07-14,MT,270.0,Centro-Oeste,Brasil
2019-07-21,MT,211.0,Centro-Oeste,Brasil
2019-07-28,MT,195.0,Centro-Oeste,Brasil
2019-08-04,MT,204.0,Centro-Oeste,Brasil
2019-08-11,MT,155.0,Centro-Oeste,Brasil
2019-08-18,MT,147.0,Centro-Oeste,Brasil
2019-08-25,MT,148.0,Centro-Oeste,Brasil
2019-09-01,MT,144.0,Centro-Oeste,Brasil
2019-09-08,MT,140.0,Centro-Oeste,Brasil
2019-09-15,MT,116.0,Centro-Oeste,Brasil
2019-09-22,MT,123.0,Centro-Oeste,Brasil
2019-09-29,MT,105.0,Centro-Oeste,Brasil
2019-10-06,MT,113.0,Centro-Oeste,Brasil
2019-10-13,MT,140.0,Centro-Oeste,Brasil
2019-10-20,MT,116.0,Centro-Oeste,Brasil
2019-10-27,MT,149.0,Centro-Oeste,Brasil
2019-11-03,MT,148.0,Centro-Oeste,Brasil
2019-11-10,MT,165.0,Centro-Oeste,Brasil
2019-11-17,MT,172.0,Centro-Oeste,Brasil
2019-11-24,MT,245.0,Centro-Oeste,Brasil
2019-12-01,MT,313.0,Centro-Oeste,Brasil
2019-12-08,MT,364.0,Centro-Oeste,Brasil
2019-12-15,MT,559.0,Centro-Oeste,Brasil
2019-12-22,MT,556.0,Centro-Oeste,Brasil
2019-12-29,MT,433.0,Centro-Oeste,Brasil
2020-01-05,MT,326.0,Centro-Oeste,Brasil
2020-01-12,MT,806.0,Centro-Oeste,Brasil
2020-01-19,MT,1204.0,Centro-Oeste,Brasil
2020-01-26,MT,1459.0,Centro-Oeste,Brasil
2020-02-02,MT,1912.0,Centro-Oeste,Brasil
2020-02-09,MT,2068.0,Centro-Oeste,Brasil
2020-02-16,MT,1982.0,Centro-Oeste,Brasil
2020-02-23,MT,1884.0,Centro-Oeste,Brasil
2020-03-01,MT,1547.0,Centro-Oeste,Brasil
2020-03-08,MT,1646.0,Centro-Oeste,Brasil
2020-03-15,MT,1747.0,Centro-Oeste,Brasil
2020-03-22,MT,1564.0,Centro-Oeste,Brasil
2020-03-29,MT,1060.0,Centro-Oeste,Brasil
2020-04-05,MT,1139.0,Centro-Oeste,Brasil
2020-04-12,MT,971.0,Centro-Oeste,Brasil
2020-04-19,MT,1210.0,Centro-Oeste,Brasil
2020-04-26,MT,1063.0,Centro-Oeste,Brasil
2020-05-03,MT,1073.0,Centro-Oeste,Brasil
2020-05-10,MT,1086.0,Centro-Oeste,Brasil
2020-05-17,MT,1024.0,Centro-Oeste,Brasil
2020-05-24,MT,1014.0,Centro-Oeste,Brasil
2020-05-31,MT,871.0,Centro-Oeste,Brasil
2020-06-07,MT,705.0,Centro-Oeste,Brasil
2020-06-14,MT,598.0,Centro-Oeste,Brasil
2020-06-21,MT,649.0,Centro-Oeste,Brasil
2020-06-28,MT,518.0,Centro-Oeste,Brasil
2020-07-05,MT,417.0,Centro-Oeste,Brasil
2020-07-12,MT,311.0,Centro-Oeste,Brasil
2020-07-19,MT,307.0,Centro-Oeste,Brasil
2020-07-26,MT,299.0,Centro-Oeste,Brasil
2020-08-02,MT,237.0,Centro-Oeste,Brasil
2020-08-09,MT,165.0,Centro-Oeste,Brasil
2020-08-16,MT,130.0,Centro-Oeste,Brasil
2020-08-23,MT,135.0,Centro-Oeste,Brasil
2020-08-30,MT,121.0,Centro-Oeste,Brasil
2020-09-06,MT,93.0,Centro-Oeste,Brasil
2020-09-13,MT,96.0,Centro-Oeste,Brasil
2020-09-20,MT,95.0,Centro-Oeste,Brasil
2020-09-27,MT,75.0,Centro-Oeste,Brasil
2020-10-04,MT,85.0,Centro-Oeste,Brasil
2020-10-11,MT,66.0,Centro-Oeste,Brasil
2020-10-18,MT,52.0,Centro-Oeste,Brasil
2020-10-25,MT,59.0,Centro-Oeste,Brasil
2020-11-01,MT,54.0,Centro-Oeste,Brasil
2020-11-08,MT,62.0,Centro-Oeste,Brasil
2020-11-15,MT,93.0,Centro-Oeste,Brasil
2020-11-22,MT,73.0,Centro-Oeste,Brasil
2020-11-29,MT,107.0,Centro-Oeste,Brasil
2020-12-06,MT,128.0,Centro-Oeste,Brasil
2020-12-13,MT,123.0,Centro-Oeste,Brasil
2020-12-20,MT,140.0,Centro-Oeste,Brasil
2020-12-27,MT,92.0,Centro-Oeste,Brasil
2021-01-03,MT,92.0,Centro-Oeste,Brasil
2021-01-10,MT,253.0,Centro-Oeste,Brasil
2021-01-17,MT,448.0,Centro-Oeste,Brasil
2021-01-24,MT,549.0,Centro-Oeste,Brasil
2021-01-31,MT,657.0,Centro-Oeste,Brasil
2021-02-07,MT,855.0,Centro-Oeste,Brasil
2021-02-14,MT,642.0,Centro-Oeste,Brasil
2021-02-21,MT,925.0,Centro-Oeste,Brasil
2021-02-28,MT,1123.0,Centro-Oeste,Brasil
2021-03-07,MT,922.0,Centro-Oeste,Brasil
2021-03-14,MT,846.0,Centro-Oeste,Brasil
2021-03-21,MT,830.0,Centro-Oeste,Brasil
2021-03-28,MT,908.0,Centro-Oeste,Brasil
2021-04-04,MT,788.0,Centro-Oeste,Brasil
2021-04-11,MT,897.0,Centro-Oeste,Brasil
2021-04-18,MT,892.0,Centro-Oeste,Brasil
2021-04-25,MT,1006.0,Centro-Oeste,Brasil
2021-05-02,MT,929.0,Centro-Oeste,Brasil
2021-05-09,MT,922.0,Centro-Oeste,Brasil
2021-05-16,MT,901.0,Centro-Oeste,Brasil
2021-05-23,MT,1000.0,Centro-Oeste,Brasil
2021-05-30,MT,1114.0,Centro-Oeste,Brasil
2021-06-06,MT,963.0,Centro-Oeste,Brasil
2021-06-13,MT,960.0,Centro-Oeste,Brasil
2021-06-20,MT,787.0,Centro-Oeste,Brasil
2021-06-27,MT,816.0,Centro-Oeste,Brasil
2021-07-04,MT,616.0,Centro-Oeste,Brasil
2021-07-11,MT,544.0,Centro-Oeste,Brasil
2021-07-18,MT,465.0,Centro-Oeste,Brasil
2021-07-25,MT,445.0,Centro-Oeste,Brasil
2021-08-01,MT,368.0,Centro-Oeste,Brasil
2021-08-08,MT,314.0,Centro-Oeste,Brasil
2021-08-15,MT,235.0,Centro-Oeste,Brasil
2021-08-22,MT,248.0,Centro-Oeste,Brasil
2021-08-29,MT,249.0,Centro-Oeste,Brasil
2021-09-05,MT,216.0,Centro-Oeste,Brasil
2021-09-12,MT,150.0,Centro-Oeste,Brasil
2021-09-19,MT,205.0,Centro-Oeste,Brasil
2021-09-26,MT,230.0,Centro-Oeste,Brasil
2021-10-03,MT,218.0,Centro-Oeste,Brasil
2021-10-10,MT,254.0,Centro-Oeste,Brasil
2021-10-17,MT,250.0,Centro-Oeste,Brasil
2021-10-24,MT,272.0,Centro-Oeste,Brasil
2021-10-31,MT,349.0,Centro-Oeste,Brasil
2021-11-07,MT,316.0,Centro-Oeste,Brasil
2021-11-14,MT,427.0,Centro-Oeste,Brasil
2021-11-21,MT,463.0,Centro-Oeste,Brasil
2021-11-28,MT,682.0,Centro-Oeste,Brasil
2021-12-05,MT,889.0,Centro-Oeste,Brasil
2021-12-12,MT,1210.0,Centro-Oeste,Brasil
2021-12-19,MT,1340.0,Centro-Oeste,Brasil
2021-12-26,MT,1240.0,Centro-Oeste,Brasil
2022-01-02,MT,1052.0,Centro-Oeste,Brasil
2022-01-09,MT,549.0,Centro-Oeste,Brasil
2022-01-16,MT,977.0,Centro-Oeste,Brasil
2022-01-23,MT,1022.0,Centro-Oeste,Brasil
2022-01-30,MT,1034.0,Centro-Oeste,Brasil
2022-02-06,MT,1040.0,Centro-Oeste,Brasil
2022-02-13,MT,1124.0,Centro-Oeste,Brasil
2022-02-20,MT,1150.0,Centro-Oeste,Brasil
2022-02-27,MT,1107.0,Centro-Oeste,Brasil
2022-03-06,MT,1038.0,Centro-Oeste,Brasil
2022-03-13,MT,1265.0,Centro-Oeste,Brasil
2022-03-20,MT,1426.0,Centro-Oeste,Brasil
2022-03-27,MT,1596.0,Centro-Oeste,Brasil
2022-04-03,MT,1743.0,Centro-Oeste,Brasil
2022-04-10,MT,1861.0,Centro-Oeste,Brasil
2022-04-17,MT,1679.0,Centro-Oeste,Brasil
2022-04-24,MT,1913.0,Centro-Oeste,Brasil
2022-05-01,MT,2000.0,Centro-Oeste,Brasil
2022-05-08,MT,1690.0,Centro-Oeste,Brasil
2022-05-15,MT,1488.0,Centro-Oeste,Brasil
2022-05-22,MT,1188.0,Centro-Oeste,Brasil
2022-05-29,MT,977.0,Centro-Oeste,Brasil
2022-06-05,MT,745.0,Centro-Oeste,Brasil
2022-06-12,MT,670.0,Centro-Oeste,Brasil
2022-06-19,MT,523.0,Centro-Oeste,Brasil
2022-06-26,MT,419.0,Centro-Oeste,Brasil
2022-07-03,MT,357.0,Centro-Oeste,Brasil
2022-07-10,MT,331.0,Centro-Oeste,Brasil
2022-07-17,MT,210.0,Centro-Oeste,Brasil
2022-07-24,MT,238.0,Centro-Oeste,Brasil
2022-07-31,MT,162.0,Centro-Oeste,Brasil
2022-08-07,MT,153.0,Centro-Oeste,Brasil
2022-08-14,MT,161.0,Centro-Oeste,Brasil
2022-08-21,MT,116.0,Centro-Oeste,Brasil
2022-08-28,MT,154.0,Centro-Oeste,Brasil
2022-09-04,MT,133.0,Centro-Oeste,Brasil
2022-09-11,MT,94.0,Centro-Oeste,Brasil
2022-09-18,MT,106.0,Centro-Oeste,Brasil
2022-09-25,MT,110.0,Centro-Oeste,Brasil
2022-10-02,MT,100.0,Centro-Oeste,Brasil
2022-10-09,MT,94.0,Centro-Oeste,Brasil
2022-10-16,MT,77.0,Centro-Oeste,Brasil
2022-10-23,MT,119.0,Centro-Oeste,Brasil
2022-10-30,MT,157.0,Centro-Oeste,Brasil
2022-11-06,MT,130.0,Centro-Oeste,Brasil
2022-11-13,MT,234.0,Centro-Oeste,Brasil
2022-11-20,MT,192.0,Centro-Oeste,Brasil
2022-11-27,MT,275.0,Centro-Oeste,Brasil
2022-12-04,MT,270.0,Centro-Oeste,Brasil
2022-12-11,MT,280.0,Centro-Oeste,Brasil
2022-12-18,MT,325.0,Centro-Oeste,Brasil
2022-12-25,MT,289.0,Centro-Oeste,Brasil
2023-01-01,MT,246.0,Centro-Oeste,Brasil
2023-01-08,MT,261.0,Centro-Oeste,Brasil
2023-01-15,MT,507.0,Centro-Oeste,Brasil
2023-01-22,MT,592.0,Centro-Oeste,Brasil
2023-01-29,MT,607.0,Centro-Oeste,Brasil
2023-02-05,MT,758.0,Centro-Oeste,Brasil
2023-02-12,MT,941.0,Centro-Oeste,Brasil
2023-02-19,MT,1054.0,Centro-Oeste,Brasil
2023-02-26,MT,821.0,Centro-Oeste,Brasil
2023-03-05,MT,992.0,Centro-Oeste,Brasil
2023-03-12,MT,1064.0,Centro-Oeste,Brasil
2023-03-19,MT,1000.0,Centro-Oeste,Brasil
2023-03-26,MT,1179.0,Centro-Oeste,Brasil
2023-04-02,MT,1363.0,Centro-Oeste,Brasil
2023-04-09,MT,1122.0,Centro-Oeste,Brasil
2023-04-16,MT,1438.0,Centro-Oeste,Brasil
2023-04-23,MT,1325.0,Centro-Oeste,Brasil
2023-04-30,MT,1395.0,Centro-Oeste,Brasil
2023-05-07,MT,1215.0,Centro-Oeste,Brasil
2023-05-14,MT,1091.0,Centro-Oeste,Brasil
2023-05-21,MT,1084.0,Centro-Oeste,Brasil
2023-05-28,MT,886.0,Centro-Oeste,Brasil
2023-06-04,MT,757.0,Centro-Oeste,Brasil
2023-06-11,MT,613.0,Centro-Oeste,Brasil
2023-06-18,MT,521.0,Centro-Oeste,Brasil
2023-06-25,MT,478.0,Centro-Oeste,Brasil
2023-07-02,MT,426.0,Centro-Oeste,Brasil
2023-07-09,MT,335.0,Centro-Oeste,Brasil
2023-07-16,MT,330.0,Centro-Oeste,Brasil
2023-07-23,MT,242.0,Centro-Oeste,Brasil
2023-07-30,MT,226.0,Centro-Oeste,Brasil
2023-08-06,MT,233.0,Centro-Oeste,Brasil
2023-08-13,MT,194.0,Centro-Oeste,Brasil
2023-08-20,MT,176.0,Centro-Oeste,Brasil
2023-08-27,MT,158.0,Centro-Oeste,Brasil
2023-09-03,MT,153.0,Centro-Oeste,Brasil
2023-09-10,MT,114.0,Centro-Oeste,Brasil
2023-09-17,MT,137.0,Centro-Oeste,Brasil
2023-09-24,MT,109.0,Centro-Oeste,Brasil
2023-10-01,MT,122.0,Centro-Oeste,Brasil
2023-10-08,MT,130.0,Centro-Oeste,Brasil
2023-10-15,MT,123.0,Centro-Oeste,Brasil
2023-10-22,MT,148.0,Centro-Oeste,Brasil
2023-10-29,MT,158.0,Centro-Oeste,Brasil
2023-11-05,MT,150.0,Centro-Oeste,Brasil
2023-11-12,MT,191.0,Centro-Oeste,Brasil
2023-11-19,MT,180.0,Centro-Oeste,Brasil
2023-11-26,MT,201.0,Centro-Oeste,Brasil
2023-12-03,MT,254.0,Centro-Oeste,Brasil
2023-12-10,MT,275.0,Centro-Oeste,Brasil
2023-12-17,MT,292.0,Centro-Oeste,Brasil
2023-12-24,MT,253.0,Centro-Oeste,Brasil
2023-12-31,MT,230.0,Centro-Oeste,Brasil
2024-01-07,MT,288.0,Centro-Oeste,Brasil
2024-01-14,MT,570.0,Centro-Oeste,Brasil
2024-01-21,MT,735.0,Centro-Oeste,Brasil
2024-01-28,MT,917.0,Centro-Oeste,Brasil
2024-02-04,MT,1213.0,Centro-Oeste,Brasil
2024-02-11,MT,1464.0,Centro-Oeste,Brasil
2024-02-18,MT,1323.0,Centro-Oeste,Brasil
2024-02-25,MT,1931.0,Centro-Oeste,Brasil
2024-03-03,MT,1665.0,Centro-Oeste,Brasil
2024-03-10,MT,1641.0,Centro-Oeste,Brasil
2024-03-17,MT,1721.0,Centro-Oeste,Brasil
2024-03-24,MT,1621.0,Centro-Oeste,Brasil
2024-03-31,MT,1350.0,Centro-Oeste,Brasil
2024-04-07,MT,1773.0,Centro-Oeste,Brasil
2024-04-14,MT,1725.0,Centro-Oeste,Brasil
2024-04-21,MT,1966.0,Centro-Oeste,Brasil
2024-04-28,MT,2038.0,Centro-Oeste,Brasil
2024-05-05,MT,2066.0,Centro-Oeste,Brasil
2024-05-12,MT,2386.0,Centro-Oeste,Brasil
2024-05-19,MT,1975.0,Centro-Oeste,Brasil
2024-05-26,MT,1673.0,Centro-Oeste,Brasil
2024-06-02,MT,1085.0,Centro-Oeste,Brasil
2024-06-09,MT,937.0,Centro-Oeste,Brasil
2024-06-16,MT,879.0,Centro-Oeste,Brasil
2024-06-23,MT,901.0,Centro-Oeste,Brasil
2024-06-30,MT,612.0,Centro-Oeste,Brasil
2024-07-07,MT,608.0,Centro-Oeste,Brasil
2024-07-14,MT,460.0,Centro-Oeste,Brasil
2024-07-21,MT,301.0,Centro-Oeste,Brasil
2024-07-28,MT,270.0,Centro-Oeste,Brasil
2024-08-04,MT,312.0,Centro-Oeste,Brasil
2024-08-11,MT,253.0,Centro-Oeste,Brasil
2024-08-18,MT,188.0,Centro-Oeste,Brasil
2024-08-25,MT,147.0,Centro-Oeste,Brasil
2024-09-01,MT,149.0,Centro-Oeste,Brasil
2024-09-08,MT,155.0,Centro-Oeste,Brasil
2024-09-15,MT,124.0,Centro-Oeste,Brasil
2024-09-22,MT,132.0,Centro-Oeste,Brasil
2024-09-29,MT,103.0,Centro-Oeste,Brasil
2024-10-06,MT,99.0,Centro-Oeste,Brasil
2024-10-13,MT,83.0,Centro-Oeste,Brasil
2024-10-20,MT,76.0,Centro-Oeste,Brasil
2024-10-27,MT,84.0,Centro-Oeste,Brasil
2024-11-03,MT,100.0,Centro-Oeste,Brasil
2024-11-10,MT,120.0,Centro-Oeste,Brasil
2024-11-17,MT,139.0,Centro-Oeste,Brasil
2024-11-24,MT,183.0,Centro-Oeste,Brasil
2024-12-01,MT,233.0,Centro-Oeste,Brasil
2024-12-08,MT,348.0,Centro-Oeste,Brasil
2024-12-15,MT,410.0,Centro-Oeste,Brasil
2024-12-22,MT,685.0,Centro-Oeste,Brasil
2024-12-29,MT,529.0,Centro-Oeste,Brasil
2025-01-05,MT,376.0,Centro-Oeste,Brasil
2025-01-12,MT,1135.0,Centro-Oeste,Brasil
2025-01-19,MT,1865.0,Centro-Oeste,Brasil
2025-01-26,MT,1995.0,Centro-Oeste,Brasil
2025-02-02,MT,1864.0,Centro-Oeste,Brasil
2025-02-09,MT,1729.0,Centro-Oeste,Brasil
2025-02-16,MT,1812.0,Centro-Oeste,Brasil
2025-02-23,MT,1704.0,Centro-Oeste,Brasil
2025-03-02,MT,1396.0,Centro-Oeste,Brasil
2025-03-09,MT,931.0,Centro-Oeste,Brasil
2025-03-16,MT,1218.0,Centro-Oeste,Brasil
2025-03-23,MT,1111.0,Centro-Oeste,Brasil
2025-03-30,MT,1118.0,Centro-Oeste,Brasil
2025-04-06,MT,1138.0,Centro-Oeste,Brasil
2025-04-13,MT,1029.0,Centro-Oeste,Brasil
2025-04-20,MT,872.0,Centro-Oeste,Brasil
2025-04-27,MT,983.0,Centro-Oeste,Brasil
2025-05-04,MT,886.0,Centro-Oeste,Brasil
2025-05-11,MT,1181.0,Centro-Oeste,Brasil
2025-05-18,MT,1121.0,Centro-Oeste,Brasil
2025-05-25,MT,1217.0,Centro-Oeste,Brasil
2025-06-01,MT,970.0,Centro-Oeste,Brasil
2025-06-08,MT,803.0,Centro-Oeste,Brasil
2025-06-15,MT,758.0,Centro-Oeste,Brasil
2025-06-22,MT,441.0,Centro-Oeste,Brasil
2025-06-29,MT,453.0,Centro-Oeste,Brasil
2025-07-06,MT,358.0,Centro-Oeste,Brasil
2025-07-13,MT,294.0,Centro-Oeste,Brasil
2025-07-20,MT,221.0,Centro-Oeste,Brasil
2025-07-27,MT,249.0,Centro-Oeste,Brasil
2025-08-03,MT,198.0,Centro-Oeste,Brasil
2025-08-10,MT,163.0,Centro-Oeste,Brasil
2025-08-17,MT,178.0,Centro-Oeste,Brasil
2025-08-24,MT,152.0,Centro-Oeste,Brasil
2025-08-31,MT,120.0,Centro-Oeste,Brasil
2025-09-07,MT,108.0,Centro-Oeste,Brasil
2025-09-14,MT,139.0,Centro-Oeste,Brasil
2025-09-21,MT,120.0,Centro-Oeste,Brasil
2025-09-28,MT,146.0,Centro-Oeste,Brasil
2025-10-05,MT,155.0,Centro-Oeste,Brasil
2025-10-12,MT,179.0,Centro-Oeste,Brasil
2025-10-19,MT,144.0,Centro-Oeste,Brasil
2025-10-26,MT,144.0,Centro-Oeste,Brasil
2025-11-02,MT,159.0,Centro-Oeste,Brasil
2025-11-09,MT,172.0,Centro-Oeste,Brasil
2025-11-16,MT,179.0,Centro-Oeste,Brasil
2025-11-23,MT,186.0,Centro-Oeste,Brasil
2025-11-30,MT,197.0,Centro-Oeste,Brasil
2025-12-07,MT,254.0,Centro-Oeste,Brasil
2025-12-14,MT,248.0,Centro-Oeste,Brasil
2025-12-21,MT,297.0,Centro-Oeste,Brasil
2025-12-28,MT,146.0,Centro-Oeste,Brasil
2026-01-04,MT,158.0,Centro-Oeste,Brasil
2026-01-11,MT,259.0,Centro-Oeste,Brasil
2026-01-18,MT,328.0,Centro-Oeste,Brasil
2026-01-25,MT,359.0,Centro-Oeste,Brasil
2026-02-01,MT,366.0,Centro-Oeste,Brasil
2026-02-08,MT,426.0,Centro-Oeste,Brasil
2026-02-15,MT,511.0,Centro-Oeste,Brasil
2026-02-22,MT,360.0,Centro-Oeste,Brasil
2026-03-01,MT,517.0,Centro-Oeste,Brasil
2026-03-08,MT,538.0,Centro-Oeste,Brasil
2026-03-15,MT,541.0,Centro-Oeste,Brasil
2026-03-22,MT,582.0,Centro-Oeste,Brasil
2026-03-29,MT,654.0,Centro-Oeste,Brasil
2026-04-05,MT,501.0,Centro-Oeste,Brasil
2026-04-12,MT,380.0,Centro-Oeste,Brasil
2026-04-19,MT,380.0,Centro-Oeste,Brasil
2015-01-04,PA,4.0,Norte,Brasil
2015-01-11,PA,124.0,Norte,Brasil
2015-01-18,PA,125.0,Norte,Brasil
2015-01-25,PA,146.0,Norte,Brasil
2015-02-01,PA,238.0,Norte,Brasil
2015-02-08,PA,232.0,Norte,Brasil
2015-02-15,PA,326.0,Norte,Brasil
2015-02-22,PA,254.0,Norte,Brasil
2015-03-01,PA,554.0,Norte,Brasil
2015-03-08,PA,527.0,Norte,Brasil
2015-03-15,PA,665.0,Norte,Brasil
2015-03-22,PA,694.0,Norte,Brasil
2015-03-29,PA,733.0,Norte,Brasil
2015-04-05,PA,456.0,Norte,Brasil
2015-04-12,PA,536.0,Norte,Brasil
2015-04-19,PA,608.0,Norte,Brasil
2015-04-26,PA,500.0,Norte,Brasil
2015-05-03,PA,442.0,Norte,Brasil
2015-05-10,PA,501.0,Norte,Brasil
2015-05-17,PA,519.0,Norte,Brasil
2015-05-24,PA,455.0,Norte,Brasil
2015-05-31,PA,441.0,Norte,Brasil
2015-06-07,PA,300.0,Norte,Brasil
2015-06-14,PA,338.0,Norte,Brasil
2015-06-21,PA,304.0,Norte,Brasil
2015-06-28,PA,298.0,Norte,Brasil
2015-07-05,PA,186.0,Norte,Brasil
2015-07-12,PA,203.0,Norte,Brasil
2015-07-19,PA,218.0,Norte,Brasil
2015-07-26,PA,199.0,Norte,Brasil
2015-08-02,PA,178.0,Norte,Brasil
2015-08-09,PA,280.0,Norte,Brasil
2015-08-16,PA,296.0,Norte,Brasil
2015-08-23,PA,303.0,Norte,Brasil
2015-08-30,PA,229.0,Norte,Brasil
2015-09-06,PA,232.0,Norte,Brasil
2015-09-13,PA,261.0,Norte,Brasil
2015-09-20,PA,296.0,Norte,Brasil
2015-09-27,PA,237.0,Norte,Brasil
2015-10-04,PA,277.0,Norte,Brasil
2015-10-11,PA,220.0,Norte,Brasil
2015-10-18,PA,211.0,Norte,Brasil
2015-10-25,PA,209.0,Norte,Brasil
2015-11-01,PA,140.0,Norte,Brasil
2015-11-08,PA,149.0,Norte,Brasil
2015-11-15,PA,237.0,Norte,Brasil
2015-11-22,PA,242.0,Norte,Brasil
2015-11-29,PA,230.0,Norte,Brasil
2015-12-06,PA,401.0,Norte,Brasil
2015-12-13,PA,406.0,Norte,Brasil
2015-12-20,PA,485.0,Norte,Brasil
2015-12-27,PA,233.0,Norte,Brasil
2016-01-03,PA,233.0,Norte,Brasil
2016-01-10,PA,444.0,Norte,Brasil
2016-01-17,PA,502.0,Norte,Brasil
2016-01-24,PA,688.0,Norte,Brasil
2016-01-31,PA,709.0,Norte,Brasil
2016-02-07,PA,883.0,Norte,Brasil
2016-02-14,PA,646.0,Norte,Brasil
2016-02-21,PA,1162.0,Norte,Brasil
2016-02-28,PA,1165.0,Norte,Brasil
2016-03-06,PA,1020.0,Norte,Brasil
2016-03-13,PA,934.0,Norte,Brasil
2016-03-20,PA,855.0,Norte,Brasil
2016-03-27,PA,607.0,Norte,Brasil
2016-04-03,PA,828.0,Norte,Brasil
2016-04-10,PA,894.0,Norte,Brasil
2016-04-17,PA,917.0,Norte,Brasil
2016-04-24,PA,608.0,Norte,Brasil
2016-05-01,PA,588.0,Norte,Brasil
2016-05-08,PA,536.0,Norte,Brasil
2016-05-15,PA,501.0,Norte,Brasil
2016-05-22,PA,370.0,Norte,Brasil
2016-05-29,PA,222.0,Norte,Brasil
2016-06-05,PA,258.0,Norte,Brasil
2016-06-12,PA,228.0,Norte,Brasil
2016-06-19,PA,224.0,Norte,Brasil
2016-06-26,PA,219.0,Norte,Brasil
2016-07-03,PA,180.0,Norte,Brasil
2016-07-10,PA,168.0,Norte,Brasil
2016-07-17,PA,162.0,Norte,Brasil
2016-07-24,PA,139.0,Norte,Brasil
2016-07-31,PA,135.0,Norte,Brasil
2016-08-07,PA,144.0,Norte,Brasil
2016-08-14,PA,137.0,Norte,Brasil
2016-08-21,PA,107.0,Norte,Brasil
2016-08-28,PA,148.0,Norte,Brasil
2016-09-04,PA,117.0,Norte,Brasil
2016-09-11,PA,84.0,Norte,Brasil
2016-09-18,PA,120.0,Norte,Brasil
2016-09-25,PA,130.0,Norte,Brasil
2016-10-02,PA,94.0,Norte,Brasil
2016-10-09,PA,94.0,Norte,Brasil
2016-10-16,PA,106.0,Norte,Brasil
2016-10-23,PA,115.0,Norte,Brasil
2016-10-30,PA,100.0,Norte,Brasil
2016-11-06,PA,95.0,Norte,Brasil
2016-11-13,PA,101.0,Norte,Brasil
2016-11-20,PA,118.0,Norte,Brasil
2016-11-27,PA,124.0,Norte,Brasil
2016-12-04,PA,124.0,Norte,Brasil
2016-12-11,PA,139.0,Norte,Brasil
2016-12-18,PA,185.0,Norte,Brasil
2016-12-25,PA,161.0,Norte,Brasil
2017-01-01,PA,114.0,Norte,Brasil
2017-01-08,PA,229.0,Norte,Brasil
2017-01-15,PA,322.0,Norte,Brasil
2017-01-22,PA,440.0,Norte,Brasil
2017-01-29,PA,981.0,Norte,Brasil
2017-02-05,PA,1350.0,Norte,Brasil
2017-02-12,PA,820.0,Norte,Brasil
2017-02-19,PA,793.0,Norte,Brasil
2017-02-26,PA,781.0,Norte,Brasil
2017-03-05,PA,451.0,Norte,Brasil
2017-03-12,PA,593.0,Norte,Brasil
2017-03-19,PA,697.0,Norte,Brasil
2017-03-26,PA,547.0,Norte,Brasil
2017-04-02,PA,412.0,Norte,Brasil
2017-04-09,PA,373.0,Norte,Brasil
2017-04-16,PA,184.0,Norte,Brasil
2017-04-23,PA,237.0,Norte,Brasil
2017-04-30,PA,199.0,Norte,Brasil
2017-05-07,PA,185.0,Norte,Brasil
2017-05-14,PA,232.0,Norte,Brasil
2017-05-21,PA,298.0,Norte,Brasil
2017-05-28,PA,199.0,Norte,Brasil
2017-06-04,PA,162.0,Norte,Brasil
2017-06-11,PA,153.0,Norte,Brasil
2017-06-18,PA,107.0,Norte,Brasil
2017-06-25,PA,121.0,Norte,Brasil
2017-07-02,PA,121.0,Norte,Brasil
2017-07-09,PA,118.0,Norte,Brasil
2017-07-16,PA,91.0,Norte,Brasil
2017-07-23,PA,95.0,Norte,Brasil
2017-07-30,PA,85.0,Norte,Brasil
2017-08-06,PA,133.0,Norte,Brasil
2017-08-13,PA,121.0,Norte,Brasil
2017-08-20,PA,96.0,Norte,Brasil
2017-08-27,PA,99.0,Norte,Brasil
2017-09-03,PA,131.0,Norte,Brasil
2017-09-10,PA,69.0,Norte,Brasil
2017-09-17,PA,113.0,Norte,Brasil
2017-09-24,PA,83.0,Norte,Brasil
2017-10-01,PA,100.0,Norte,Brasil
2017-10-08,PA,82.0,Norte,Brasil
2017-10-15,PA,52.0,Norte,Brasil
2017-10-22,PA,103.0,Norte,Brasil
2017-10-29,PA,112.0,Norte,Brasil
2017-11-05,PA,95.0,Norte,Brasil
2017-11-12,PA,98.0,Norte,Brasil
2017-11-19,PA,113.0,Norte,Brasil
2017-11-26,PA,100.0,Norte,Brasil
2017-12-03,PA,101.0,Norte,Brasil
2017-12-10,PA,70.0,Norte,Brasil
2017-12-17,PA,114.0,Norte,Brasil
2017-12-24,PA,87.0,Norte,Brasil
2017-12-31,PA,69.0,Norte,Brasil
2018-01-07,PA,132.0,Norte,Brasil
2018-01-14,PA,128.0,Norte,Brasil
2018-01-21,PA,192.0,Norte,Brasil
2018-01-28,PA,223.0,Norte,Brasil
2018-02-04,PA,275.0,Norte,Brasil
2018-02-11,PA,295.0,Norte,Brasil
2018-02-18,PA,190.0,Norte,Brasil
2018-02-25,PA,412.0,Norte,Brasil
2018-03-04,PA,469.0,Norte,Brasil
2018-03-11,PA,503.0,Norte,Brasil
2018-03-18,PA,486.0,Norte,Brasil
2018-03-25,PA,497.0,Norte,Brasil
2018-04-01,PA,295.0,Norte,Brasil
2018-04-08,PA,380.0,Norte,Brasil
2018-04-15,PA,392.0,Norte,Brasil
2018-04-22,PA,382.0,Norte,Brasil
2018-04-29,PA,385.0,Norte,Brasil
2018-05-06,PA,250.0,Norte,Brasil
2018-05-13,PA,337.0,Norte,Brasil
2018-05-20,PA,276.0,Norte,Brasil
2018-05-27,PA,263.0,Norte,Brasil
2018-06-03,PA,174.0,Norte,Brasil
2018-06-10,PA,259.0,Norte,Brasil
2018-06-17,PA,210.0,Norte,Brasil
2018-06-24,PA,167.0,Norte,Brasil
2018-07-01,PA,181.0,Norte,Brasil
2018-07-08,PA,97.0,Norte,Brasil
2018-07-15,PA,135.0,Norte,Brasil
2018-07-22,PA,87.0,Norte,Brasil
2018-07-29,PA,94.0,Norte,Brasil
2018-08-05,PA,106.0,Norte,Brasil
2018-08-12,PA,134.0,Norte,Brasil
2018-08-19,PA,126.0,Norte,Brasil
2018-08-26,PA,151.0,Norte,Brasil
2018-09-02,PA,136.0,Norte,Brasil
2018-09-09,PA,85.0,Norte,Brasil
2018-09-16,PA,107.0,Norte,Brasil
2018-09-23,PA,69.0,Norte,Brasil
2018-09-30,PA,54.0,Norte,Brasil
2018-10-07,PA,52.0,Norte,Brasil
2018-10-14,PA,48.0,Norte,Brasil
2018-10-21,PA,59.0,Norte,Brasil
2018-10-28,PA,39.0,Norte,Brasil
2018-11-04,PA,25.0,Norte,Brasil
2018-11-11,PA,59.0,Norte,Brasil
2018-11-18,PA,46.0,Norte,Brasil
2018-11-25,PA,113.0,Norte,Brasil
2018-12-02,PA,65.0,Norte,Brasil
2018-12-09,PA,116.0,Norte,Brasil
2018-12-16,PA,126.0,Norte,Brasil
2018-12-23,PA,109.0,Norte,Brasil
2018-12-30,PA,57.0,Norte,Brasil
2019-01-06,PA,67.0,Norte,Brasil
2019-01-13,PA,195.0,Norte,Brasil
2019-01-20,PA,240.0,Norte,Brasil
2019-01-27,PA,244.0,Norte,Brasil
2019-02-03,PA,303.0,Norte,Brasil
2019-02-10,PA,275.0,Norte,Brasil
2019-02-17,PA,364.0,Norte,Brasil
2019-02-24,PA,345.0,Norte,Brasil
2019-03-03,PA,293.0,Norte,Brasil
2019-03-10,PA,227.0,Norte,Brasil
2019-03-17,PA,338.0,Norte,Brasil
2019-03-24,PA,340.0,Norte,Brasil
2019-03-31,PA,316.0,Norte,Brasil
2019-04-07,PA,316.0,Norte,Brasil
2019-04-14,PA,273.0,Norte,Brasil
2019-04-21,PA,255.0,Norte,Brasil
2019-04-28,PA,300.0,Norte,Brasil
2019-05-05,PA,274.0,Norte,Brasil
2019-05-12,PA,283.0,Norte,Brasil
2019-05-19,PA,231.0,Norte,Brasil
2019-05-26,PA,236.0,Norte,Brasil
2019-06-02,PA,204.0,Norte,Brasil
2019-06-09,PA,157.0,Norte,Brasil
2019-06-16,PA,143.0,Norte,Brasil
2019-06-23,PA,105.0,Norte,Brasil
2019-06-30,PA,113.0,Norte,Brasil
2019-07-07,PA,107.0,Norte,Brasil
2019-07-14,PA,86.0,Norte,Brasil
2019-07-21,PA,88.0,Norte,Brasil
2019-07-28,PA,65.0,Norte,Brasil
2019-08-04,PA,95.0,Norte,Brasil
2019-08-11,PA,87.0,Norte,Brasil
2019-08-18,PA,83.0,Norte,Brasil
2019-08-25,PA,71.0,Norte,Brasil
2019-09-01,PA,120.0,Norte,Brasil
2019-09-08,PA,81.0,Norte,Brasil
2019-09-15,PA,117.0,Norte,Brasil
2019-09-22,PA,148.0,Norte,Brasil
2019-09-29,PA,150.0,Norte,Brasil
2019-10-06,PA,117.0,Norte,Brasil
2019-10-13,PA,117.0,Norte,Brasil
2019-10-20,PA,116.0,Norte,Brasil
2019-10-27,PA,76.0,Norte,Brasil
2019-11-03,PA,88.0,Norte,Brasil
2019-11-10,PA,94.0,Norte,Brasil
2019-11-17,PA,115.0,Norte,Brasil
2019-11-24,PA,117.0,Norte,Brasil
2019-12-01,PA,132.0,Norte,Brasil
2019-12-08,PA,92.0,Norte,Brasil
2019-12-15,PA,85.0,Norte,Brasil
2019-12-22,PA,103.0,Norte,Brasil
2019-12-29,PA,58.0,Norte,Brasil
2020-01-05,PA,32.0,Norte,Brasil
2020-01-12,PA,79.0,Norte,Brasil
2020-01-19,PA,136.0,Norte,Brasil
2020-01-26,PA,166.0,Norte,Brasil
2020-02-02,PA,165.0,Norte,Brasil
2020-02-09,PA,209.0,Norte,Brasil
2020-02-16,PA,227.0,Norte,Brasil
2020-02-23,PA,228.0,Norte,Brasil
2020-03-01,PA,115.0,Norte,Brasil
2020-03-08,PA,164.0,Norte,Brasil
2020-03-15,PA,189.0,Norte,Brasil
2020-03-22,PA,173.0,Norte,Brasil
2020-03-29,PA,99.0,Norte,Brasil
2020-04-05,PA,104.0,Norte,Brasil
2020-04-12,PA,71.0,Norte,Brasil
2020-04-19,PA,130.0,Norte,Brasil
2020-04-26,PA,75.0,Norte,Brasil
2020-05-03,PA,89.0,Norte,Brasil
2020-05-10,PA,110.0,Norte,Brasil
2020-05-17,PA,66.0,Norte,Brasil
2020-05-24,PA,71.0,Norte,Brasil
2020-05-31,PA,72.0,Norte,Brasil
2020-06-07,PA,57.0,Norte,Brasil
2020-06-14,PA,27.0,Norte,Brasil
2020-06-21,PA,39.0,Norte,Brasil
2020-06-28,PA,33.0,Norte,Brasil
2020-07-05,PA,32.0,Norte,Brasil
2020-07-12,PA,21.0,Norte,Brasil
2020-07-19,PA,14.0,Norte,Brasil
2020-07-26,PA,21.0,Norte,Brasil
2020-08-02,PA,16.0,Norte,Brasil
2020-08-09,PA,19.0,Norte,Brasil
2020-08-16,PA,18.0,Norte,Brasil
2020-08-23,PA,16.0,Norte,Brasil
2020-08-30,PA,27.0,Norte,Brasil
2020-09-06,PA,18.0,Norte,Brasil
2020-09-13,PA,13.0,Norte,Brasil
2020-09-20,PA,14.0,Norte,Brasil
2020-09-27,PA,14.0,Norte,Brasil
2020-10-04,PA,11.0,Norte,Brasil
2020-10-11,PA,16.0,Norte,Brasil
2020-10-18,PA,11.0,Norte,Brasil
2020-10-25,PA,18.0,Norte,Brasil
2020-11-01,PA,14.0,Norte,Brasil
2020-11-08,PA,18.0,Norte,Brasil
2020-11-15,PA,27.0,Norte,Brasil
2020-11-22,PA,28.0,Norte,Brasil
2020-11-29,PA,28.0,Norte,Brasil
2020-12-06,PA,32.0,Norte,Brasil
2020-12-13,PA,35.0,Norte,Brasil
2020-12-20,PA,39.0,Norte,Brasil
2020-12-27,PA,20.0,Norte,Brasil
2021-01-03,PA,20.0,Norte,Brasil
2021-01-10,PA,24.0,Norte,Brasil
2021-01-17,PA,97.0,Norte,Brasil
2021-01-24,PA,120.0,Norte,Brasil
2021-01-31,PA,171.0,Norte,Brasil
2021-02-07,PA,204.0,Norte,Brasil
2021-02-14,PA,154.0,Norte,Brasil
2021-02-21,PA,127.0,Norte,Brasil
2021-02-28,PA,231.0,Norte,Brasil
2021-03-07,PA,208.0,Norte,Brasil
2021-03-14,PA,234.0,Norte,Brasil
2021-03-21,PA,228.0,Norte,Brasil
2021-03-28,PA,287.0,Norte,Brasil
2021-04-04,PA,175.0,Norte,Brasil
2021-04-11,PA,220.0,Norte,Brasil
2021-04-18,PA,215.0,Norte,Brasil
2021-04-25,PA,193.0,Norte,Brasil
2021-05-02,PA,212.0,Norte,Brasil
2021-05-09,PA,176.0,Norte,Brasil
2021-05-16,PA,147.0,Norte,Brasil
2021-05-23,PA,179.0,Norte,Brasil
2021-05-30,PA,167.0,Norte,Brasil
2021-06-06,PA,136.0,Norte,Brasil
2021-06-13,PA,125.0,Norte,Brasil
2021-06-20,PA,169.0,Norte,Brasil
2021-06-27,PA,114.0,Norte,Brasil
2021-07-04,PA,93.0,Norte,Brasil
2021-07-11,PA,112.0,Norte,Brasil
2021-07-18,PA,90.0,Norte,Brasil
2021-07-25,PA,99.0,Norte,Brasil
2021-08-01,PA,71.0,Norte,Brasil
2021-08-08,PA,86.0,Norte,Brasil
2021-08-15,PA,75.0,Norte,Brasil
2021-08-22,PA,88.0,Norte,Brasil
2021-08-29,PA,79.0,Norte,Brasil
2021-09-05,PA,67.0,Norte,Brasil
2021-09-12,PA,51.0,Norte,Brasil
2021-09-19,PA,66.0,Norte,Brasil
2021-09-26,PA,77.0,Norte,Brasil
2021-10-03,PA,67.0,Norte,Brasil
2021-10-10,PA,66.0,Norte,Brasil
2021-10-17,PA,43.0,Norte,Brasil
2021-10-24,PA,52.0,Norte,Brasil
2021-10-31,PA,69.0,Norte,Brasil
2021-11-07,PA,102.0,Norte,Brasil
2021-11-14,PA,119.0,Norte,Brasil
2021-11-21,PA,141.0,Norte,Brasil
2021-11-28,PA,259.0,Norte,Brasil
2021-12-05,PA,395.0,Norte,Brasil
2021-12-12,PA,512.0,Norte,Brasil
2021-12-19,PA,733.0,Norte,Brasil
2021-12-26,PA,400.0,Norte,Brasil
2022-01-02,PA,415.0,Norte,Brasil
2022-01-09,PA,78.0,Norte,Brasil
2022-01-16,PA,253.0,Norte,Brasil
2022-01-23,PA,287.0,Norte,Brasil
2022-01-30,PA,242.0,Norte,Brasil
2022-02-06,PA,222.0,Norte,Brasil
2022-02-13,PA,253.0,Norte,Brasil
2022-02-20,PA,249.0,Norte,Brasil
2022-02-27,PA,192.0,Norte,Brasil
2022-03-06,PA,151.0,Norte,Brasil
2022-03-13,PA,240.0,Norte,Brasil
2022-03-20,PA,211.0,Norte,Brasil
2022-03-27,PA,207.0,Norte,Brasil
2022-04-03,PA,168.0,Norte,Brasil
2022-04-10,PA,147.0,Norte,Brasil
2022-04-17,PA,161.0,Norte,Brasil
2022-04-24,PA,158.0,Norte,Brasil
2022-05-01,PA,205.0,Norte,Brasil
2022-05-08,PA,180.0,Norte,Brasil
2022-05-15,PA,185.0,Norte,Brasil
2022-05-22,PA,161.0,Norte,Brasil
2022-05-29,PA,135.0,Norte,Brasil
2022-06-05,PA,97.0,Norte,Brasil
2022-06-12,PA,95.0,Norte,Brasil
2022-06-19,PA,82.0,Norte,Brasil
2022-06-26,PA,79.0,Norte,Brasil
2022-07-03,PA,87.0,Norte,Brasil
2022-07-10,PA,82.0,Norte,Brasil
2022-07-17,PA,56.0,Norte,Brasil
2022-07-24,PA,62.0,Norte,Brasil
2022-07-31,PA,53.0,Norte,Brasil
2022-08-07,PA,36.0,Norte,Brasil
2022-08-14,PA,42.0,Norte,Brasil
2022-08-21,PA,30.0,Norte,Brasil
2022-08-28,PA,43.0,Norte,Brasil
2022-09-04,PA,42.0,Norte,Brasil
2022-09-11,PA,28.0,Norte,Brasil
2022-09-18,PA,34.0,Norte,Brasil
2022-09-25,PA,48.0,Norte,Brasil
2022-10-02,PA,30.0,Norte,Brasil
2022-10-09,PA,49.0,Norte,Brasil
2022-10-16,PA,35.0,Norte,Brasil
2022-10-23,PA,40.0,Norte,Brasil
2022-10-30,PA,51.0,Norte,Brasil
2022-11-06,PA,44.0,Norte,Brasil
2022-11-13,PA,50.0,Norte,Brasil
2022-11-20,PA,54.0,Norte,Brasil
2022-11-27,PA,98.0,Norte,Brasil
2022-12-04,PA,56.0,Norte,Brasil
2022-12-11,PA,92.0,Norte,Brasil
2022-12-18,PA,78.0,Norte,Brasil
2022-12-25,PA,87.0,Norte,Brasil
2023-01-01,PA,65.0,Norte,Brasil
2023-01-08,PA,84.0,Norte,Brasil
2023-01-15,PA,147.0,Norte,Brasil
2023-01-22,PA,159.0,Norte,Brasil
2023-01-29,PA,201.0,Norte,Brasil
2023-02-05,PA,245.0,Norte,Brasil
2023-02-12,PA,218.0,Norte,Brasil
2023-02-19,PA,235.0,Norte,Brasil
2023-02-26,PA,166.0,Norte,Brasil
2023-03-05,PA,174.0,Norte,Brasil
2023-03-12,PA,187.0,Norte,Brasil
2023-03-19,PA,241.0,Norte,Brasil
2023-03-26,PA,248.0,Norte,Brasil
2023-04-02,PA,238.0,Norte,Brasil
2023-04-09,PA,175.0,Norte,Brasil
2023-04-16,PA,184.0,Norte,Brasil
2023-04-23,PA,137.0,Norte,Brasil
2023-04-30,PA,154.0,Norte,Brasil
2023-05-07,PA,133.0,Norte,Brasil
2023-05-14,PA,110.0,Norte,Brasil
2023-05-21,PA,104.0,Norte,Brasil
2023-05-28,PA,131.0,Norte,Brasil
2023-06-04,PA,105.0,Norte,Brasil
2023-06-11,PA,90.0,Norte,Brasil
2023-06-18,PA,139.0,Norte,Brasil
2023-06-25,PA,89.0,Norte,Brasil
2023-07-02,PA,75.0,Norte,Brasil
2023-07-09,PA,77.0,Norte,Brasil
2023-07-16,PA,50.0,Norte,Brasil
2023-07-23,PA,68.0,Norte,Brasil
2023-07-30,PA,64.0,Norte,Brasil
2023-08-06,PA,76.0,Norte,Brasil
2023-08-13,PA,68.0,Norte,Brasil
2023-08-20,PA,85.0,Norte,Brasil
2023-08-27,PA,90.0,Norte,Brasil
2023-09-03,PA,67.0,Norte,Brasil
2023-09-10,PA,44.0,Norte,Brasil
2023-09-17,PA,75.0,Norte,Brasil
2023-09-24,PA,48.0,Norte,Brasil
2023-10-01,PA,48.0,Norte,Brasil
2023-10-08,PA,56.0,Norte,Brasil
2023-10-15,PA,27.0,Norte,Brasil
2023-10-22,PA,50.0,Norte,Brasil
2023-10-29,PA,74.0,Norte,Brasil
2023-11-05,PA,30.0,Norte,Brasil
2023-11-12,PA,35.0,Norte,Brasil
2023-11-19,PA,55.0,Norte,Brasil
2023-11-26,PA,50.0,Norte,Brasil
2023-12-03,PA,60.0,Norte,Brasil
2023-12-10,PA,67.0,Norte,Brasil
2023-12-17,PA,57.0,Norte,Brasil
2023-12-24,PA,48.0,Norte,Brasil
2023-12-31,PA,49.0,Norte,Brasil
2024-01-07,PA,76.0,Norte,Brasil
2024-01-14,PA,163.0,Norte,Brasil
2024-01-21,PA,254.0,Norte,Brasil
2024-01-28,PA,302.0,Norte,Brasil
2024-02-04,PA,438.0,Norte,Brasil
2024-02-11,PA,633.0,Norte,Brasil
2024-02-18,PA,702.0,Norte,Brasil
2024-02-25,PA,1187.0,Norte,Brasil
2024-03-03,PA,1194.0,Norte,Brasil
2024-03-10,PA,1198.0,Norte,Brasil
2024-03-17,PA,1039.0,Norte,Brasil
2024-03-24,PA,1253.0,Norte,Brasil
2024-03-31,PA,819.0,Norte,Brasil
2024-04-07,PA,1042.0,Norte,Brasil
2024-04-14,PA,925.0,Norte,Brasil
2024-04-21,PA,835.0,Norte,Brasil
2024-04-28,PA,758.0,Norte,Brasil
2024-05-05,PA,546.0,Norte,Brasil
2024-05-12,PA,505.0,Norte,Brasil
2024-05-19,PA,482.0,Norte,Brasil
2024-05-26,PA,377.0,Norte,Brasil
2024-06-02,PA,261.0,Norte,Brasil
2024-06-09,PA,309.0,Norte,Brasil
2024-06-16,PA,320.0,Norte,Brasil
2024-06-23,PA,287.0,Norte,Brasil
2024-06-30,PA,307.0,Norte,Brasil
2024-07-07,PA,226.0,Norte,Brasil
2024-07-14,PA,267.0,Norte,Brasil
2024-07-21,PA,204.0,Norte,Brasil
2024-07-28,PA,172.0,Norte,Brasil
2024-08-04,PA,197.0,Norte,Brasil
2024-08-11,PA,200.0,Norte,Brasil
2024-08-18,PA,161.0,Norte,Brasil
2024-08-25,PA,187.0,Norte,Brasil
2024-09-01,PA,185.0,Norte,Brasil
2024-09-08,PA,153.0,Norte,Brasil
2024-09-15,PA,141.0,Norte,Brasil
2024-09-22,PA,161.0,Norte,Brasil
2024-09-29,PA,142.0,Norte,Brasil
2024-10-06,PA,137.0,Norte,Brasil
2024-10-13,PA,90.0,Norte,Brasil
2024-10-20,PA,89.0,Norte,Brasil
2024-10-27,PA,112.0,Norte,Brasil
2024-11-03,PA,117.0,Norte,Brasil
2024-11-10,PA,136.0,Norte,Brasil
2024-11-17,PA,154.0,Norte,Brasil
2024-11-24,PA,162.0,Norte,Brasil
2024-12-01,PA,179.0,Norte,Brasil
2024-12-08,PA,152.0,Norte,Brasil
2024-12-15,PA,182.0,Norte,Brasil
2024-12-22,PA,217.0,Norte,Brasil
2024-12-29,PA,142.0,Norte,Brasil
2025-01-05,PA,119.0,Norte,Brasil
2025-01-12,PA,327.0,Norte,Brasil
2025-01-19,PA,540.0,Norte,Brasil
2025-01-26,PA,606.0,Norte,Brasil
2025-02-02,PA,651.0,Norte,Brasil
2025-02-09,PA,815.0,Norte,Brasil
2025-02-16,PA,877.0,Norte,Brasil
2025-02-23,PA,798.0,Norte,Brasil
2025-03-02,PA,761.0,Norte,Brasil
2025-03-09,PA,506.0,Norte,Brasil
2025-03-16,PA,667.0,Norte,Brasil
2025-03-23,PA,666.0,Norte,Brasil
2025-03-30,PA,591.0,Norte,Brasil
2025-04-06,PA,597.0,Norte,Brasil
2025-04-13,PA,467.0,Norte,Brasil
2025-04-20,PA,411.0,Norte,Brasil
2025-04-27,PA,458.0,Norte,Brasil
2025-05-04,PA,356.0,Norte,Brasil
2025-05-11,PA,387.0,Norte,Brasil
2025-05-18,PA,388.0,Norte,Brasil
2025-05-25,PA,354.0,Norte,Brasil
2025-06-01,PA,294.0,Norte,Brasil
2025-06-08,PA,250.0,Norte,Brasil
2025-06-15,PA,242.0,Norte,Brasil
2025-06-22,PA,181.0,Norte,Brasil
2025-06-29,PA,161.0,Norte,Brasil
2025-07-06,PA,153.0,Norte,Brasil
2025-07-13,PA,189.0,Norte,Brasil
2025-07-20,PA,170.0,Norte,Brasil
2025-07-27,PA,178.0,Norte,Brasil
2025-08-03,PA,194.0,Norte,Brasil
2025-08-10,PA,207.0,Norte,Brasil
2025-08-17,PA,161.0,Norte,Brasil
2025-08-24,PA,187.0,Norte,Brasil
2025-08-31,PA,177.0,Norte,Brasil
2025-09-07,PA,187.0,Norte,Brasil
2025-09-14,PA,229.0,Norte,Brasil
2025-09-21,PA,179.0,Norte,Brasil
2025-09-28,PA,186.0,Norte,Brasil
2025-10-05,PA,190.0,Norte,Brasil
2025-10-12,PA,133.0,Norte,Brasil
2025-10-19,PA,158.0,Norte,Brasil
2025-10-26,PA,179.0,Norte,Brasil
2025-11-02,PA,117.0,Norte,Brasil
2025-11-09,PA,145.0,Norte,Brasil
2025-11-16,PA,138.0,Norte,Brasil
2025-11-23,PA,117.0,Norte,Brasil
2025-11-30,PA,135.0,Norte,Brasil
2025-12-07,PA,135.0,Norte,Brasil
2025-12-14,PA,123.0,Norte,Brasil
2025-12-21,PA,138.0,Norte,Brasil
2025-12-28,PA,106.0,Norte,Brasil
2026-01-04,PA,121.0,Norte,Brasil
2026-01-11,PA,162.0,Norte,Brasil
2026-01-18,PA,149.0,Norte,Brasil
2026-01-25,PA,231.0,Norte,Brasil
2026-02-01,PA,224.0,Norte,Brasil
2026-02-08,PA,283.0,Norte,Brasil
2026-02-15,PA,296.0,Norte,Brasil
2026-02-22,PA,275.0,Norte,Brasil
2026-03-01,PA,436.0,Norte,Brasil
2026-03-08,PA,475.0,Norte,Brasil
2026-03-15,PA,556.0,Norte,Brasil
2026-03-22,PA,576.0,Norte,Brasil
2026-03-29,PA,477.0,Norte,Brasil
2026-04-05,PA,390.0,Norte,Brasil
2026-04-12,PA,176.0,Norte,Brasil
2026-04-19,PA,176.0,Norte,Brasil
2015-01-04,PB,4.0,Nordeste,Brasil
2015-01-11,PB,83.0,Nordeste,Brasil
2015-01-18,PB,77.0,Nordeste,Brasil
2015-01-25,PB,100.0,Nordeste,Brasil
2015-02-01,PB,110.0,Nordeste,Brasil
2015-02-08,PB,138.0,Nordeste,Brasil
2015-02-15,PB,178.0,Nordeste,Brasil
2015-02-22,PB,151.0,Nordeste,Brasil
2015-03-01,PB,259.0,Nordeste,Brasil
2015-03-08,PB,396.0,Nordeste,Brasil
2015-03-15,PB,640.0,Nordeste,Brasil
2015-03-22,PB,768.0,Nordeste,Brasil
2015-03-29,PB,1034.0,Nordeste,Brasil
2015-04-05,PB,827.0,Nordeste,Brasil
2015-04-12,PB,1253.0,Nordeste,Brasil
2015-04-19,PB,1463.0,Nordeste,Brasil
2015-04-26,PB,1201.0,Nordeste,Brasil
2015-05-03,PB,1196.0,Nordeste,Brasil
2015-05-10,PB,1529.0,Nordeste,Brasil
2015-05-17,PB,1804.0,Nordeste,Brasil
2015-05-24,PB,1941.0,Nordeste,Brasil
2015-05-31,PB,1921.0,Nordeste,Brasil
2015-06-07,PB,1557.0,Nordeste,Brasil
2015-06-14,PB,1194.0,Nordeste,Brasil
2015-06-21,PB,793.0,Nordeste,Brasil
2015-06-28,PB,573.0,Nordeste,Brasil
2015-07-05,PB,653.0,Nordeste,Brasil
2015-07-12,PB,671.0,Nordeste,Brasil
2015-07-19,PB,603.0,Nordeste,Brasil
2015-07-26,PB,480.0,Nordeste,Brasil
2015-08-02,PB,440.0,Nordeste,Brasil
2015-08-09,PB,332.0,Nordeste,Brasil
2015-08-16,PB,279.0,Nordeste,Brasil
2015-08-23,PB,232.0,Nordeste,Brasil
2015-08-30,PB,211.0,Nordeste,Brasil
2015-09-06,PB,149.0,Nordeste,Brasil
2015-09-13,PB,132.0,Nordeste,Brasil
2015-09-20,PB,155.0,Nordeste,Brasil
2015-09-27,PB,114.0,Nordeste,Brasil
2015-10-04,PB,90.0,Nordeste,Brasil
2015-10-11,PB,80.0,Nordeste,Brasil
2015-10-18,PB,63.0,Nordeste,Brasil
2015-10-25,PB,61.0,Nordeste,Brasil
2015-11-01,PB,57.0,Nordeste,Brasil
2015-11-08,PB,50.0,Nordeste,Brasil
2015-11-15,PB,87.0,Nordeste,Brasil
2015-11-22,PB,114.0,Nordeste,Brasil
2015-11-29,PB,193.0,Nordeste,Brasil
2015-12-06,PB,468.0,Nordeste,Brasil
2015-12-13,PB,880.0,Nordeste,Brasil
2015-12-20,PB,811.0,Nordeste,Brasil
2015-12-27,PB,859.0,Nordeste,Brasil
2016-01-03,PB,859.0,Nordeste,Brasil
2016-01-10,PB,829.0,Nordeste,Brasil
2016-01-17,PB,944.0,Nordeste,Brasil
2016-01-24,PB,1289.0,Nordeste,Brasil
2016-01-31,PB,1552.0,Nordeste,Brasil
2016-02-07,PB,1849.0,Nordeste,Brasil
2016-02-14,PB,1479.0,Nordeste,Brasil
2016-02-21,PB,2579.0,Nordeste,Brasil
2016-02-28,PB,2583.0,Nordeste,Brasil
2016-03-06,PB,2927.0,Nordeste,Brasil
2016-03-13,PB,3029.0,Nordeste,Brasil
2016-03-20,PB,2843.0,Nordeste,Brasil
2016-03-27,PB,2218.0,Nordeste,Brasil
2016-04-03,PB,2562.0,Nordeste,Brasil
2016-04-10,PB,2351.0,Nordeste,Brasil
2016-04-17,PB,1966.0,Nordeste,Brasil
2016-04-24,PB,1334.0,Nordeste,Brasil
2016-05-01,PB,1482.0,Nordeste,Brasil
2016-05-08,PB,1310.0,Nordeste,Brasil
2016-05-15,PB,1144.0,Nordeste,Brasil
2016-05-22,PB,1203.0,Nordeste,Brasil
2016-05-29,PB,919.0,Nordeste,Brasil
2016-06-05,PB,833.0,Nordeste,Brasil
2016-06-12,PB,805.0,Nordeste,Brasil
2016-06-19,PB,697.0,Nordeste,Brasil
2016-06-26,PB,530.0,Nordeste,Brasil
2016-07-03,PB,717.0,Nordeste,Brasil
2016-07-10,PB,581.0,Nordeste,Brasil
2016-07-17,PB,254.0,Nordeste,Brasil
2016-07-24,PB,249.0,Nordeste,Brasil
2016-07-31,PB,197.0,Nordeste,Brasil
2016-08-07,PB,125.0,Nordeste,Brasil
2016-08-14,PB,85.0,Nordeste,Brasil
2016-08-21,PB,126.0,Nordeste,Brasil
2016-08-28,PB,80.0,Nordeste,Brasil
2016-09-04,PB,71.0,Nordeste,Brasil
2016-09-11,PB,73.0,Nordeste,Brasil
2016-09-18,PB,55.0,Nordeste,Brasil
2016-09-25,PB,45.0,Nordeste,Brasil
2016-10-02,PB,24.0,Nordeste,Brasil
2016-10-09,PB,75.0,Nordeste,Brasil
2016-10-16,PB,38.0,Nordeste,Brasil
2016-10-23,PB,145.0,Nordeste,Brasil
2016-10-30,PB,56.0,Nordeste,Brasil
2016-11-06,PB,29.0,Nordeste,Brasil
2016-11-13,PB,78.0,Nordeste,Brasil
2016-11-20,PB,14.0,Nordeste,Brasil
2016-11-27,PB,27.0,Nordeste,Brasil
2016-12-04,PB,15.0,Nordeste,Brasil
2016-12-11,PB,17.0,Nordeste,Brasil
2016-12-18,PB,15.0,Nordeste,Brasil
2016-12-25,PB,19.0,Nordeste,Brasil
2017-01-01,PB,14.0,Nordeste,Brasil
2017-01-08,PB,26.0,Nordeste,Brasil
2017-01-15,PB,37.0,Nordeste,Brasil
2017-01-22,PB,55.0,Nordeste,Brasil
2017-01-29,PB,47.0,Nordeste,Brasil
2017-02-05,PB,72.0,Nordeste,Brasil
2017-02-12,PB,80.0,Nordeste,Brasil
2017-02-19,PB,74.0,Nordeste,Brasil
2017-02-26,PB,92.0,Nordeste,Brasil
2017-03-05,PB,79.0,Nordeste,Brasil
2017-03-12,PB,126.0,Nordeste,Brasil
2017-03-19,PB,115.0,Nordeste,Brasil
2017-03-26,PB,158.0,Nordeste,Brasil
2017-04-02,PB,135.0,Nordeste,Brasil
2017-04-09,PB,96.0,Nordeste,Brasil
2017-04-16,PB,87.0,Nordeste,Brasil
2017-04-23,PB,85.0,Nordeste,Brasil
2017-04-30,PB,101.0,Nordeste,Brasil
2017-05-07,PB,63.0,Nordeste,Brasil
2017-05-14,PB,85.0,Nordeste,Brasil
2017-05-21,PB,70.0,Nordeste,Brasil
2017-05-28,PB,82.0,Nordeste,Brasil
2017-06-04,PB,101.0,Nordeste,Brasil
2017-06-11,PB,107.0,Nordeste,Brasil
2017-06-18,PB,111.0,Nordeste,Brasil
2017-06-25,PB,85.0,Nordeste,Brasil
2017-07-02,PB,81.0,Nordeste,Brasil
2017-07-09,PB,88.0,Nordeste,Brasil
2017-07-16,PB,98.0,Nordeste,Brasil
2017-07-23,PB,89.0,Nordeste,Brasil
2017-07-30,PB,96.0,Nordeste,Brasil
2017-08-06,PB,126.0,Nordeste,Brasil
2017-08-13,PB,107.0,Nordeste,Brasil
2017-08-20,PB,140.0,Nordeste,Brasil
2017-08-27,PB,131.0,Nordeste,Brasil
2017-09-03,PB,131.0,Nordeste,Brasil
2017-09-10,PB,56.0,Nordeste,Brasil
2017-09-17,PB,80.0,Nordeste,Brasil
2017-09-24,PB,85.0,Nordeste,Brasil
2017-10-01,PB,83.0,Nordeste,Brasil
2017-10-08,PB,95.0,Nordeste,Brasil
2017-10-15,PB,86.0,Nordeste,Brasil
2017-10-22,PB,70.0,Nordeste,Brasil
2017-10-29,PB,76.0,Nordeste,Brasil
2017-11-05,PB,95.0,Nordeste,Brasil
2017-11-12,PB,62.0,Nordeste,Brasil
2017-11-19,PB,84.0,Nordeste,Brasil
2017-11-26,PB,83.0,Nordeste,Brasil
2017-12-03,PB,73.0,Nordeste,Brasil
2017-12-10,PB,46.0,Nordeste,Brasil
2017-12-17,PB,64.0,Nordeste,Brasil
2017-12-24,PB,92.0,Nordeste,Brasil
2017-12-31,PB,53.0,Nordeste,Brasil
2018-01-07,PB,36.0,Nordeste,Brasil
2018-01-14,PB,69.0,Nordeste,Brasil
2018-01-21,PB,155.0,Nordeste,Brasil
2018-01-28,PB,109.0,Nordeste,Brasil
2018-02-04,PB,77.0,Nordeste,Brasil
2018-02-11,PB,97.0,Nordeste,Brasil
2018-02-18,PB,75.0,Nordeste,Brasil
2018-02-25,PB,159.0,Nordeste,Brasil
2018-03-04,PB,140.0,Nordeste,Brasil
2018-03-11,PB,130.0,Nordeste,Brasil
2018-03-18,PB,140.0,Nordeste,Brasil
2018-03-25,PB,196.0,Nordeste,Brasil
2018-04-01,PB,168.0,Nordeste,Brasil
2018-04-08,PB,370.0,Nordeste,Brasil
2018-04-15,PB,371.0,Nordeste,Brasil
2018-04-22,PB,590.0,Nordeste,Brasil
2018-04-29,PB,713.0,Nordeste,Brasil
2018-05-06,PB,571.0,Nordeste,Brasil
2018-05-13,PB,735.0,Nordeste,Brasil
2018-05-20,PB,801.0,Nordeste,Brasil
2018-05-27,PB,664.0,Nordeste,Brasil
2018-06-03,PB,531.0,Nordeste,Brasil
2018-06-10,PB,621.0,Nordeste,Brasil
2018-06-17,PB,548.0,Nordeste,Brasil
2018-06-24,PB,440.0,Nordeste,Brasil
2018-07-01,PB,398.0,Nordeste,Brasil
2018-07-08,PB,276.0,Nordeste,Brasil
2018-07-15,PB,331.0,Nordeste,Brasil
2018-07-22,PB,331.0,Nordeste,Brasil
2018-07-29,PB,336.0,Nordeste,Brasil
2018-08-05,PB,275.0,Nordeste,Brasil
2018-08-12,PB,259.0,Nordeste,Brasil
2018-08-19,PB,181.0,Nordeste,Brasil
2018-08-26,PB,204.0,Nordeste,Brasil
2018-09-02,PB,129.0,Nordeste,Brasil
2018-09-09,PB,110.0,Nordeste,Brasil
2018-09-16,PB,83.0,Nordeste,Brasil
2018-09-23,PB,91.0,Nordeste,Brasil
2018-09-30,PB,78.0,Nordeste,Brasil
2018-10-07,PB,77.0,Nordeste,Brasil
2018-10-14,PB,89.0,Nordeste,Brasil
2018-10-21,PB,78.0,Nordeste,Brasil
2018-10-28,PB,76.0,Nordeste,Brasil
2018-11-04,PB,68.0,Nordeste,Brasil
2018-11-11,PB,84.0,Nordeste,Brasil
2018-11-18,PB,48.0,Nordeste,Brasil
2018-11-25,PB,84.0,Nordeste,Brasil
2018-12-02,PB,86.0,Nordeste,Brasil
2018-12-09,PB,99.0,Nordeste,Brasil
2018-12-16,PB,61.0,Nordeste,Brasil
2018-12-23,PB,57.0,Nordeste,Brasil
2018-12-30,PB,40.0,Nordeste,Brasil
2019-01-06,PB,28.0,Nordeste,Brasil
2019-01-13,PB,100.0,Nordeste,Brasil
2019-01-20,PB,86.0,Nordeste,Brasil
2019-01-27,PB,110.0,Nordeste,Brasil
2019-02-03,PB,111.0,Nordeste,Brasil
2019-02-10,PB,119.0,Nordeste,Brasil
2019-02-17,PB,157.0,Nordeste,Brasil
2019-02-24,PB,222.0,Nordeste,Brasil
2019-03-03,PB,180.0,Nordeste,Brasil
2019-03-10,PB,175.0,Nordeste,Brasil
2019-03-17,PB,253.0,Nordeste,Brasil
2019-03-24,PB,330.0,Nordeste,Brasil
2019-03-31,PB,369.0,Nordeste,Brasil
2019-04-07,PB,424.0,Nordeste,Brasil
2019-04-14,PB,549.0,Nordeste,Brasil
2019-04-21,PB,557.0,Nordeste,Brasil
2019-04-28,PB,827.0,Nordeste,Brasil
2019-05-05,PB,798.0,Nordeste,Brasil
2019-05-12,PB,967.0,Nordeste,Brasil
2019-05-19,PB,957.0,Nordeste,Brasil
2019-05-26,PB,859.0,Nordeste,Brasil
2019-06-02,PB,923.0,Nordeste,Brasil
2019-06-09,PB,952.0,Nordeste,Brasil
2019-06-16,PB,749.0,Nordeste,Brasil
2019-06-23,PB,532.0,Nordeste,Brasil
2019-06-30,PB,606.0,Nordeste,Brasil
2019-07-07,PB,679.0,Nordeste,Brasil
2019-07-14,PB,703.0,Nordeste,Brasil
2019-07-21,PB,668.0,Nordeste,Brasil
2019-07-28,PB,653.0,Nordeste,Brasil
2019-08-04,PB,600.0,Nordeste,Brasil
2019-08-11,PB,601.0,Nordeste,Brasil
2019-08-18,PB,600.0,Nordeste,Brasil
2019-08-25,PB,403.0,Nordeste,Brasil
2019-09-01,PB,754.0,Nordeste,Brasil
2019-09-08,PB,379.0,Nordeste,Brasil
2019-09-15,PB,294.0,Nordeste,Brasil
2019-09-22,PB,369.0,Nordeste,Brasil
2019-09-29,PB,272.0,Nordeste,Brasil
2019-10-06,PB,286.0,Nordeste,Brasil
2019-10-13,PB,224.0,Nordeste,Brasil
2019-10-20,PB,188.0,Nordeste,Brasil
2019-10-27,PB,161.0,Nordeste,Brasil
2019-11-03,PB,175.0,Nordeste,Brasil
2019-11-10,PB,144.0,Nordeste,Brasil
2019-11-17,PB,127.0,Nordeste,Brasil
2019-11-24,PB,128.0,Nordeste,Brasil
2019-12-01,PB,136.0,Nordeste,Brasil
2019-12-08,PB,125.0,Nordeste,Brasil
2019-12-15,PB,86.0,Nordeste,Brasil
2019-12-22,PB,114.0,Nordeste,Brasil
2019-12-29,PB,84.0,Nordeste,Brasil
2020-01-05,PB,43.0,Nordeste,Brasil
2020-01-12,PB,85.0,Nordeste,Brasil
2020-01-19,PB,62.0,Nordeste,Brasil
2020-01-26,PB,70.0,Nordeste,Brasil
2020-02-02,PB,133.0,Nordeste,Brasil
2020-02-09,PB,164.0,Nordeste,Brasil
2020-02-16,PB,188.0,Nordeste,Brasil
2020-02-23,PB,138.0,Nordeste,Brasil
2020-03-01,PB,182.0,Nordeste,Brasil
2020-03-08,PB,164.0,Nordeste,Brasil
2020-03-15,PB,155.0,Nordeste,Brasil
2020-03-22,PB,141.0,Nordeste,Brasil
2020-03-29,PB,118.0,Nordeste,Brasil
2020-04-05,PB,120.0,Nordeste,Brasil
2020-04-12,PB,66.0,Nordeste,Brasil
2020-04-19,PB,109.0,Nordeste,Brasil
2020-04-26,PB,150.0,Nordeste,Brasil
2020-05-03,PB,174.0,Nordeste,Brasil
2020-05-10,PB,168.0,Nordeste,Brasil
2020-05-17,PB,182.0,Nordeste,Brasil
2020-05-24,PB,216.0,Nordeste,Brasil
2020-05-31,PB,226.0,Nordeste,Brasil
2020-06-07,PB,205.0,Nordeste,Brasil
2020-06-14,PB,173.0,Nordeste,Brasil
2020-06-21,PB,187.0,Nordeste,Brasil
2020-06-28,PB,164.0,Nordeste,Brasil
2020-07-05,PB,177.0,Nordeste,Brasil
2020-07-12,PB,216.0,Nordeste,Brasil
2020-07-19,PB,200.0,Nordeste,Brasil
2020-07-26,PB,200.0,Nordeste,Brasil
2020-08-02,PB,166.0,Nordeste,Brasil
2020-08-09,PB,132.0,Nordeste,Brasil
2020-08-16,PB,133.0,Nordeste,Brasil
2020-08-23,PB,167.0,Nordeste,Brasil
2020-08-30,PB,175.0,Nordeste,Brasil
2020-09-06,PB,116.0,Nordeste,Brasil
2020-09-13,PB,64.0,Nordeste,Brasil
2020-09-20,PB,98.0,Nordeste,Brasil
2020-09-27,PB,148.0,Nordeste,Brasil
2020-10-04,PB,80.0,Nordeste,Brasil
2020-10-11,PB,96.0,Nordeste,Brasil
2020-10-18,PB,76.0,Nordeste,Brasil
2020-10-25,PB,91.0,Nordeste,Brasil
2020-11-01,PB,56.0,Nordeste,Brasil
2020-11-08,PB,65.0,Nordeste,Brasil
2020-11-15,PB,66.0,Nordeste,Brasil
2020-11-22,PB,53.0,Nordeste,Brasil
2020-11-29,PB,58.0,Nordeste,Brasil
2020-12-06,PB,42.0,Nordeste,Brasil
2020-12-13,PB,60.0,Nordeste,Brasil
2020-12-20,PB,70.0,Nordeste,Brasil
2020-12-27,PB,27.0,Nordeste,Brasil
2021-01-03,PB,27.0,Nordeste,Brasil
2021-01-10,PB,28.0,Nordeste,Brasil
2021-01-17,PB,46.0,Nordeste,Brasil
2021-01-24,PB,64.0,Nordeste,Brasil
2021-01-31,PB,64.0,Nordeste,Brasil
2021-02-07,PB,63.0,Nordeste,Brasil
2021-02-14,PB,125.0,Nordeste,Brasil
2021-02-21,PB,132.0,Nordeste,Brasil
2021-02-28,PB,104.0,Nordeste,Brasil
2021-03-07,PB,130.0,Nordeste,Brasil
2021-03-14,PB,159.0,Nordeste,Brasil
2021-03-21,PB,158.0,Nordeste,Brasil
2021-03-28,PB,174.0,Nordeste,Brasil
2021-04-04,PB,120.0,Nordeste,Brasil
2021-04-11,PB,233.0,Nordeste,Brasil
2021-04-18,PB,270.0,Nordeste,Brasil
2021-04-25,PB,246.0,Nordeste,Brasil
2021-05-02,PB,336.0,Nordeste,Brasil
2021-05-09,PB,338.0,Nordeste,Brasil
2021-05-16,PB,383.0,Nordeste,Brasil
2021-05-23,PB,471.0,Nordeste,Brasil
2021-05-30,PB,566.0,Nordeste,Brasil
2021-06-06,PB,619.0,Nordeste,Brasil
2021-06-13,PB,740.0,Nordeste,Brasil
2021-06-20,PB,678.0,Nordeste,Brasil
2021-06-27,PB,705.0,Nordeste,Brasil
2021-07-04,PB,858.0,Nordeste,Brasil
2021-07-11,PB,824.0,Nordeste,Brasil
2021-07-18,PB,891.0,Nordeste,Brasil
2021-07-25,PB,961.0,Nordeste,Brasil
2021-08-01,PB,819.0,Nordeste,Brasil
2021-08-08,PB,746.0,Nordeste,Brasil
2021-08-15,PB,713.0,Nordeste,Brasil
2021-08-22,PB,721.0,Nordeste,Brasil
2021-08-29,PB,615.0,Nordeste,Brasil
2021-09-05,PB,593.0,Nordeste,Brasil
2021-09-12,PB,515.0,Nordeste,Brasil
2021-09-19,PB,542.0,Nordeste,Brasil
2021-09-26,PB,629.0,Nordeste,Brasil
2021-10-03,PB,583.0,Nordeste,Brasil
2021-10-10,PB,471.0,Nordeste,Brasil
2021-10-17,PB,409.0,Nordeste,Brasil
2021-10-24,PB,395.0,Nordeste,Brasil
2021-10-31,PB,405.0,Nordeste,Brasil
2021-11-07,PB,437.0,Nordeste,Brasil
2021-11-14,PB,432.0,Nordeste,Brasil
2021-11-21,PB,352.0,Nordeste,Brasil
2021-11-28,PB,399.0,Nordeste,Brasil
2021-12-05,PB,388.0,Nordeste,Brasil
2021-12-12,PB,302.0,Nordeste,Brasil
2021-12-19,PB,484.0,Nordeste,Brasil
2021-12-26,PB,386.0,Nordeste,Brasil
2022-01-02,PB,161.0,Nordeste,Brasil
2022-01-09,PB,55.0,Nordeste,Brasil
2022-01-16,PB,121.0,Nordeste,Brasil
2022-01-23,PB,121.0,Nordeste,Brasil
2022-01-30,PB,183.0,Nordeste,Brasil
2022-02-06,PB,193.0,Nordeste,Brasil
2022-02-13,PB,195.0,Nordeste,Brasil
2022-02-20,PB,313.0,Nordeste,Brasil
2022-02-27,PB,388.0,Nordeste,Brasil
2022-03-06,PB,314.0,Nordeste,Brasil
2022-03-13,PB,533.0,Nordeste,Brasil
2022-03-20,PB,607.0,Nordeste,Brasil
2022-03-27,PB,666.0,Nordeste,Brasil
2022-04-03,PB,730.0,Nordeste,Brasil
2022-04-10,PB,780.0,Nordeste,Brasil
2022-04-17,PB,678.0,Nordeste,Brasil
2022-04-24,PB,956.0,Nordeste,Brasil
2022-05-01,PB,1212.0,Nordeste,Brasil
2022-05-08,PB,1254.0,Nordeste,Brasil
2022-05-15,PB,1521.0,Nordeste,Brasil
2022-05-22,PB,1605.0,Nordeste,Brasil
2022-05-29,PB,1397.0,Nordeste,Brasil
2022-06-05,PB,1179.0,Nordeste,Brasil
2022-06-12,PB,1431.0,Nordeste,Brasil
2022-06-19,PB,1062.0,Nordeste,Brasil
2022-06-26,PB,1003.0,Nordeste,Brasil
2022-07-03,PB,1193.0,Nordeste,Brasil
2022-07-10,PB,1117.0,Nordeste,Brasil
2022-07-17,PB,864.0,Nordeste,Brasil
2022-07-24,PB,793.0,Nordeste,Brasil
2022-07-31,PB,898.0,Nordeste,Brasil
2022-08-07,PB,587.0,Nordeste,Brasil
2022-08-14,PB,452.0,Nordeste,Brasil
2022-08-21,PB,623.0,Nordeste,Brasil
2022-08-28,PB,611.0,Nordeste,Brasil
2022-09-04,PB,379.0,Nordeste,Brasil
2022-09-11,PB,399.0,Nordeste,Brasil
2022-09-18,PB,380.0,Nordeste,Brasil
2022-09-25,PB,352.0,Nordeste,Brasil
2022-10-02,PB,232.0,Nordeste,Brasil
2022-10-09,PB,180.0,Nordeste,Brasil
2022-10-16,PB,186.0,Nordeste,Brasil
2022-10-23,PB,160.0,Nordeste,Brasil
2022-10-30,PB,117.0,Nordeste,Brasil
2022-11-06,PB,149.0,Nordeste,Brasil
2022-11-13,PB,147.0,Nordeste,Brasil
2022-11-20,PB,113.0,Nordeste,Brasil
2022-11-27,PB,84.0,Nordeste,Brasil
2022-12-04,PB,79.0,Nordeste,Brasil
2022-12-11,PB,82.0,Nordeste,Brasil
2022-12-18,PB,54.0,Nordeste,Brasil
2022-12-25,PB,53.0,Nordeste,Brasil
2023-01-01,PB,56.0,Nordeste,Brasil
2023-01-08,PB,75.0,Nordeste,Brasil
2023-01-15,PB,68.0,Nordeste,Brasil
2023-01-22,PB,96.0,Nordeste,Brasil
2023-01-29,PB,116.0,Nordeste,Brasil
2023-02-05,PB,118.0,Nordeste,Brasil
2023-02-12,PB,130.0,Nordeste,Brasil
2023-02-19,PB,111.0,Nordeste,Brasil
2023-02-26,PB,133.0,Nordeste,Brasil
2023-03-05,PB,146.0,Nordeste,Brasil
2023-03-12,PB,168.0,Nordeste,Brasil
2023-03-19,PB,232.0,Nordeste,Brasil
2023-03-26,PB,248.0,Nordeste,Brasil
2023-04-02,PB,312.0,Nordeste,Brasil
2023-04-09,PB,279.0,Nordeste,Brasil
2023-04-16,PB,439.0,Nordeste,Brasil
2023-04-23,PB,324.0,Nordeste,Brasil
2023-04-30,PB,259.0,Nordeste,Brasil
2023-05-07,PB,245.0,Nordeste,Brasil
2023-05-14,PB,250.0,Nordeste,Brasil
2023-05-21,PB,239.0,Nordeste,Brasil
2023-05-28,PB,198.0,Nordeste,Brasil
2023-06-04,PB,222.0,Nordeste,Brasil
2023-06-11,PB,156.0,Nordeste,Brasil
2023-06-18,PB,141.0,Nordeste,Brasil
2023-06-25,PB,169.0,Nordeste,Brasil
2023-07-02,PB,127.0,Nordeste,Brasil
2023-07-09,PB,127.0,Nordeste,Brasil
2023-07-16,PB,116.0,Nordeste,Brasil
2023-07-23,PB,77.0,Nordeste,Brasil
2023-07-30,PB,105.0,Nordeste,Brasil
2023-08-06,PB,96.0,Nordeste,Brasil
2023-08-13,PB,77.0,Nordeste,Brasil
2023-08-20,PB,95.0,Nordeste,Brasil
2023-08-27,PB,70.0,Nordeste,Brasil
2023-09-03,PB,66.0,Nordeste,Brasil
2023-09-10,PB,78.0,Nordeste,Brasil
2023-09-17,PB,81.0,Nordeste,Brasil
2023-09-24,PB,63.0,Nordeste,Brasil
2023-10-01,PB,96.0,Nordeste,Brasil
2023-10-08,PB,95.0,Nordeste,Brasil
2023-10-15,PB,67.0,Nordeste,Brasil
2023-10-22,PB,79.0,Nordeste,Brasil
2023-10-29,PB,79.0,Nordeste,Brasil
2023-11-05,PB,53.0,Nordeste,Brasil
2023-11-12,PB,90.0,Nordeste,Brasil
2023-11-19,PB,84.0,Nordeste,Brasil
2023-11-26,PB,98.0,Nordeste,Brasil
2023-12-03,PB,89.0,Nordeste,Brasil
2023-12-10,PB,85.0,Nordeste,Brasil
2023-12-17,PB,92.0,Nordeste,Brasil
2023-12-24,PB,74.0,Nordeste,Brasil
2023-12-31,PB,64.0,Nordeste,Brasil
2024-01-07,PB,33.0,Nordeste,Brasil
2024-01-14,PB,78.0,Nordeste,Brasil
2024-01-21,PB,102.0,Nordeste,Brasil
2024-01-28,PB,87.0,Nordeste,Brasil
2024-02-04,PB,108.0,Nordeste,Brasil
2024-02-11,PB,152.0,Nordeste,Brasil
2024-02-18,PB,179.0,Nordeste,Brasil
2024-02-25,PB,538.0,Nordeste,Brasil
2024-03-03,PB,809.0,Nordeste,Brasil
2024-03-10,PB,912.0,Nordeste,Brasil
2024-03-17,PB,796.0,Nordeste,Brasil
2024-03-24,PB,921.0,Nordeste,Brasil
2024-03-31,PB,616.0,Nordeste,Brasil
2024-04-07,PB,732.0,Nordeste,Brasil
2024-04-14,PB,738.0,Nordeste,Brasil
2024-04-21,PB,708.0,Nordeste,Brasil
2024-04-28,PB,521.0,Nordeste,Brasil
2024-05-05,PB,447.0,Nordeste,Brasil
2024-05-12,PB,433.0,Nordeste,Brasil
2024-05-19,PB,383.0,Nordeste,Brasil
2024-05-26,PB,338.0,Nordeste,Brasil
2024-06-02,PB,222.0,Nordeste,Brasil
2024-06-09,PB,263.0,Nordeste,Brasil
2024-06-16,PB,224.0,Nordeste,Brasil
2024-06-23,PB,214.0,Nordeste,Brasil
2024-06-30,PB,181.0,Nordeste,Brasil
2024-07-07,PB,227.0,Nordeste,Brasil
2024-07-14,PB,207.0,Nordeste,Brasil
2024-07-21,PB,214.0,Nordeste,Brasil
2024-07-28,PB,214.0,Nordeste,Brasil
2024-08-04,PB,196.0,Nordeste,Brasil
2024-08-11,PB,199.0,Nordeste,Brasil
2024-08-18,PB,215.0,Nordeste,Brasil
2024-08-25,PB,177.0,Nordeste,Brasil
2024-09-01,PB,180.0,Nordeste,Brasil
2024-09-08,PB,143.0,Nordeste,Brasil
2024-09-15,PB,144.0,Nordeste,Brasil
2024-09-22,PB,137.0,Nordeste,Brasil
2024-09-29,PB,94.0,Nordeste,Brasil
2024-10-06,PB,115.0,Nordeste,Brasil
2024-10-13,PB,110.0,Nordeste,Brasil
2024-10-20,PB,104.0,Nordeste,Brasil
2024-10-27,PB,124.0,Nordeste,Brasil
2024-11-03,PB,144.0,Nordeste,Brasil
2024-11-10,PB,108.0,Nordeste,Brasil
2024-11-17,PB,112.0,Nordeste,Brasil
2024-11-24,PB,113.0,Nordeste,Brasil
2024-12-01,PB,130.0,Nordeste,Brasil
2024-12-08,PB,122.0,Nordeste,Brasil
2024-12-15,PB,109.0,Nordeste,Brasil
2024-12-22,PB,139.0,Nordeste,Brasil
2024-12-29,PB,87.0,Nordeste,Brasil
2025-01-05,PB,49.0,Nordeste,Brasil
2025-01-12,PB,100.0,Nordeste,Brasil
2025-01-19,PB,98.0,Nordeste,Brasil
2025-01-26,PB,148.0,Nordeste,Brasil
2025-02-02,PB,132.0,Nordeste,Brasil
2025-02-09,PB,184.0,Nordeste,Brasil
2025-02-16,PB,265.0,Nordeste,Brasil
2025-02-23,PB,307.0,Nordeste,Brasil
2025-03-02,PB,251.0,Nordeste,Brasil
2025-03-09,PB,124.0,Nordeste,Brasil
2025-03-16,PB,195.0,Nordeste,Brasil
2025-03-23,PB,213.0,Nordeste,Brasil
2025-03-30,PB,177.0,Nordeste,Brasil
2025-04-06,PB,186.0,Nordeste,Brasil
2025-04-13,PB,217.0,Nordeste,Brasil
2025-04-20,PB,241.0,Nordeste,Brasil
2025-04-27,PB,285.0,Nordeste,Brasil
2025-05-04,PB,219.0,Nordeste,Brasil
2025-05-11,PB,235.0,Nordeste,Brasil
2025-05-18,PB,219.0,Nordeste,Brasil
2025-05-25,PB,175.0,Nordeste,Brasil
2025-06-01,PB,165.0,Nordeste,Brasil
2025-06-08,PB,224.0,Nordeste,Brasil
2025-06-15,PB,159.0,Nordeste,Brasil
2025-06-22,PB,128.0,Nordeste,Brasil
2025-06-29,PB,133.0,Nordeste,Brasil
2025-07-06,PB,112.0,Nordeste,Brasil
2025-07-13,PB,151.0,Nordeste,Brasil
2025-07-20,PB,122.0,Nordeste,Brasil
2025-07-27,PB,131.0,Nordeste,Brasil
2025-08-03,PB,122.0,Nordeste,Brasil
2025-08-10,PB,103.0,Nordeste,Brasil
2025-08-17,PB,118.0,Nordeste,Brasil
2025-08-24,PB,134.0,Nordeste,Brasil
2025-08-31,PB,102.0,Nordeste,Brasil
2025-09-07,PB,116.0,Nordeste,Brasil
2025-09-14,PB,99.0,Nordeste,Brasil
2025-09-21,PB,130.0,Nordeste,Brasil
2025-09-28,PB,124.0,Nordeste,Brasil
2025-10-05,PB,115.0,Nordeste,Brasil
2025-10-12,PB,106.0,Nordeste,Brasil
2025-10-19,PB,106.0,Nordeste,Brasil
2025-10-26,PB,127.0,Nordeste,Brasil
2025-11-02,PB,93.0,Nordeste,Brasil
2025-11-09,PB,95.0,Nordeste,Brasil
2025-11-16,PB,102.0,Nordeste,Brasil
2025-11-23,PB,105.0,Nordeste,Brasil
2025-11-30,PB,108.0,Nordeste,Brasil
2025-12-07,PB,104.0,Nordeste,Brasil
2025-12-14,PB,87.0,Nordeste,Brasil
2025-12-21,PB,91.0,Nordeste,Brasil
2025-12-28,PB,57.0,Nordeste,Brasil
2026-01-04,PB,66.0,Nordeste,Brasil
2026-01-11,PB,83.0,Nordeste,Brasil
2026-01-18,PB,59.0,Nordeste,Brasil
2026-01-25,PB,81.0,Nordeste,Brasil
2026-02-01,PB,67.0,Nordeste,Brasil
2026-02-08,PB,86.0,Nordeste,Brasil
2026-02-15,PB,87.0,Nordeste,Brasil
2026-02-22,PB,103.0,Nordeste,Brasil
2026-03-01,PB,183.0,Nordeste,Brasil
2026-03-08,PB,202.0,Nordeste,Brasil
2026-03-15,PB,231.0,Nordeste,Brasil
2026-03-22,PB,225.0,Nordeste,Brasil
2026-03-29,PB,200.0,Nordeste,Brasil
2026-04-05,PB,134.0,Nordeste,Brasil
2026-04-12,PB,159.0,Nordeste,Brasil
2026-04-19,PB,159.0,Nordeste,Brasil
2015-01-04,PE,19.0,Nordeste,Brasil
2015-01-11,PE,589.0,Nordeste,Brasil
2015-01-18,PE,599.0,Nordeste,Brasil
2015-01-25,PE,791.0,Nordeste,Brasil
2015-02-01,PE,917.0,Nordeste,Brasil
2015-02-08,PE,1194.0,Nordeste,Brasil
2015-02-15,PE,1280.0,Nordeste,Brasil
2015-02-22,PE,999.0,Nordeste,Brasil
2015-03-01,PE,2022.0,Nordeste,Brasil
2015-03-08,PE,2562.0,Nordeste,Brasil
2015-03-15,PE,4259.0,Nordeste,Brasil
2015-03-22,PE,4930.0,Nordeste,Brasil
2015-03-29,PE,6427.0,Nordeste,Brasil
2015-04-05,PE,4540.0,Nordeste,Brasil
2015-04-12,PE,6832.0,Nordeste,Brasil
2015-04-19,PE,7697.0,Nordeste,Brasil
2015-04-26,PE,6996.0,Nordeste,Brasil
2015-05-03,PE,7419.0,Nordeste,Brasil
2015-05-10,PE,8346.0,Nordeste,Brasil
2015-05-17,PE,6827.0,Nordeste,Brasil
2015-05-24,PE,6156.0,Nordeste,Brasil
2015-05-31,PE,4341.0,Nordeste,Brasil
2015-06-07,PE,4070.0,Nordeste,Brasil
2015-06-14,PE,3630.0,Nordeste,Brasil
2015-06-21,PE,3282.0,Nordeste,Brasil
2015-06-28,PE,2054.0,Nordeste,Brasil
2015-07-05,PE,2112.0,Nordeste,Brasil
2015-07-12,PE,2148.0,Nordeste,Brasil
2015-07-19,PE,1418.0,Nordeste,Brasil
2015-07-26,PE,1330.0,Nordeste,Brasil
2015-08-02,PE,1302.0,Nordeste,Brasil
2015-08-09,PE,994.0,Nordeste,Brasil
2015-08-16,PE,813.0,Nordeste,Brasil
2015-08-23,PE,914.0,Nordeste,Brasil
2015-08-30,PE,1239.0,Nordeste,Brasil
2015-09-06,PE,1512.0,Nordeste,Brasil
2015-09-13,PE,1395.0,Nordeste,Brasil
2015-09-20,PE,1408.0,Nordeste,Brasil
2015-09-27,PE,1157.0,Nordeste,Brasil
2015-10-04,PE,1362.0,Nordeste,Brasil
2015-10-11,PE,1457.0,Nordeste,Brasil
2015-10-18,PE,1407.0,Nordeste,Brasil
2015-10-25,PE,1812.0,Nordeste,Brasil
2015-11-01,PE,2365.0,Nordeste,Brasil
2015-11-08,PE,3336.0,Nordeste,Brasil
2015-11-15,PE,4419.0,Nordeste,Brasil
2015-11-22,PE,6128.0,Nordeste,Brasil
2015-11-29,PE,5667.0,Nordeste,Brasil
2015-12-06,PE,7321.0,Nordeste,Brasil
2015-12-13,PE,6692.0,Nordeste,Brasil
2015-12-20,PE,7732.0,Nordeste,Brasil
2015-12-27,PE,3942.0,Nordeste,Brasil
2016-01-03,PE,3942.0,Nordeste,Brasil
2016-01-10,PE,6756.0,Nordeste,Brasil
2016-01-17,PE,6617.0,Nordeste,Brasil
2016-01-24,PE,7696.0,Nordeste,Brasil
2016-01-31,PE,8449.0,Nordeste,Brasil
2016-02-07,PE,8610.0,Nordeste,Brasil
2016-02-14,PE,6125.0,Nordeste,Brasil
2016-02-21,PE,10480.0,Nordeste,Brasil
2016-02-28,PE,9704.0,Nordeste,Brasil
2016-03-06,PE,8146.0,Nordeste,Brasil
2016-03-13,PE,6961.0,Nordeste,Brasil
2016-03-20,PE,5742.0,Nordeste,Brasil
2016-03-27,PE,3811.0,Nordeste,Brasil
2016-04-03,PE,4210.0,Nordeste,Brasil
2016-04-10,PE,3074.0,Nordeste,Brasil
2016-04-17,PE,2478.0,Nordeste,Brasil
2016-04-24,PE,1849.0,Nordeste,Brasil
2016-05-01,PE,1850.0,Nordeste,Brasil
2016-05-08,PE,1611.0,Nordeste,Brasil
2016-05-15,PE,1100.0,Nordeste,Brasil
2016-05-22,PE,1408.0,Nordeste,Brasil
2016-05-29,PE,1048.0,Nordeste,Brasil
2016-06-05,PE,804.0,Nordeste,Brasil
2016-06-12,PE,866.0,Nordeste,Brasil
2016-06-19,PE,951.0,Nordeste,Brasil
2016-06-26,PE,587.0,Nordeste,Brasil
2016-07-03,PE,721.0,Nordeste,Brasil
2016-07-10,PE,576.0,Nordeste,Brasil
2016-07-17,PE,511.0,Nordeste,Brasil
2016-07-24,PE,459.0,Nordeste,Brasil
2016-07-31,PE,394.0,Nordeste,Brasil
2016-08-07,PE,383.0,Nordeste,Brasil
2016-08-14,PE,408.0,Nordeste,Brasil
2016-08-21,PE,480.0,Nordeste,Brasil
2016-08-28,PE,425.0,Nordeste,Brasil
2016-09-04,PE,355.0,Nordeste,Brasil
2016-09-11,PE,374.0,Nordeste,Brasil
2016-09-18,PE,302.0,Nordeste,Brasil
2016-09-25,PE,280.0,Nordeste,Brasil
2016-10-02,PE,243.0,Nordeste,Brasil
2016-10-09,PE,278.0,Nordeste,Brasil
2016-10-16,PE,174.0,Nordeste,Brasil
2016-10-23,PE,183.0,Nordeste,Brasil
2016-10-30,PE,214.0,Nordeste,Brasil
2016-11-06,PE,205.0,Nordeste,Brasil
2016-11-13,PE,215.0,Nordeste,Brasil
2016-11-20,PE,161.0,Nordeste,Brasil
2016-11-27,PE,219.0,Nordeste,Brasil
2016-12-04,PE,159.0,Nordeste,Brasil
2016-12-11,PE,180.0,Nordeste,Brasil
2016-12-18,PE,183.0,Nordeste,Brasil
2016-12-25,PE,154.0,Nordeste,Brasil
2017-01-01,PE,159.0,Nordeste,Brasil
2017-01-08,PE,186.0,Nordeste,Brasil
2017-01-15,PE,219.0,Nordeste,Brasil
2017-01-22,PE,207.0,Nordeste,Brasil
2017-01-29,PE,272.0,Nordeste,Brasil
2017-02-05,PE,269.0,Nordeste,Brasil
2017-02-12,PE,293.0,Nordeste,Brasil
2017-02-19,PE,354.0,Nordeste,Brasil
2017-02-26,PE,299.0,Nordeste,Brasil
2017-03-05,PE,207.0,Nordeste,Brasil
2017-03-12,PE,314.0,Nordeste,Brasil
2017-03-19,PE,357.0,Nordeste,Brasil
2017-03-26,PE,362.0,Nordeste,Brasil
2017-04-02,PE,476.0,Nordeste,Brasil
2017-04-09,PE,354.0,Nordeste,Brasil
2017-04-16,PE,301.0,Nordeste,Brasil
2017-04-23,PE,498.0,Nordeste,Brasil
2017-04-30,PE,462.0,Nordeste,Brasil
2017-05-07,PE,537.0,Nordeste,Brasil
2017-05-14,PE,536.0,Nordeste,Brasil
2017-05-21,PE,581.0,Nordeste,Brasil
2017-05-28,PE,641.0,Nordeste,Brasil
2017-06-04,PE,533.0,Nordeste,Brasil
2017-06-11,PE,682.0,Nordeste,Brasil
2017-06-18,PE,522.0,Nordeste,Brasil
2017-06-25,PE,579.0,Nordeste,Brasil
2017-07-02,PE,486.0,Nordeste,Brasil
2017-07-09,PE,364.0,Nordeste,Brasil
2017-07-16,PE,394.0,Nordeste,Brasil
2017-07-23,PE,337.0,Nordeste,Brasil
2017-07-30,PE,349.0,Nordeste,Brasil
2017-08-06,PE,403.0,Nordeste,Brasil
2017-08-13,PE,390.0,Nordeste,Brasil
2017-08-20,PE,407.0,Nordeste,Brasil
2017-08-27,PE,365.0,Nordeste,Brasil
2017-09-03,PE,373.0,Nordeste,Brasil
2017-09-10,PE,253.0,Nordeste,Brasil
2017-09-17,PE,334.0,Nordeste,Brasil
2017-09-24,PE,313.0,Nordeste,Brasil
2017-10-01,PE,299.0,Nordeste,Brasil
2017-10-08,PE,262.0,Nordeste,Brasil
2017-10-15,PE,191.0,Nordeste,Brasil
2017-10-22,PE,249.0,Nordeste,Brasil
2017-10-29,PE,244.0,Nordeste,Brasil
2017-11-05,PE,215.0,Nordeste,Brasil
2017-11-12,PE,257.0,Nordeste,Brasil
2017-11-19,PE,235.0,Nordeste,Brasil
2017-11-26,PE,190.0,Nordeste,Brasil
2017-12-03,PE,222.0,Nordeste,Brasil
2017-12-10,PE,208.0,Nordeste,Brasil
2017-12-17,PE,272.0,Nordeste,Brasil
2017-12-24,PE,240.0,Nordeste,Brasil
2017-12-31,PE,173.0,Nordeste,Brasil
2018-01-07,PE,203.0,Nordeste,Brasil
2018-01-14,PE,279.0,Nordeste,Brasil
2018-01-21,PE,267.0,Nordeste,Brasil
2018-01-28,PE,261.0,Nordeste,Brasil
2018-02-04,PE,312.0,Nordeste,Brasil
2018-02-11,PE,296.0,Nordeste,Brasil
2018-02-18,PE,211.0,Nordeste,Brasil
2018-02-25,PE,417.0,Nordeste,Brasil
2018-03-04,PE,370.0,Nordeste,Brasil
2018-03-11,PE,383.0,Nordeste,Brasil
2018-03-18,PE,498.0,Nordeste,Brasil
2018-03-25,PE,596.0,Nordeste,Brasil
2018-04-01,PE,445.0,Nordeste,Brasil
2018-04-08,PE,854.0,Nordeste,Brasil
2018-04-15,PE,922.0,Nordeste,Brasil
2018-04-22,PE,1021.0,Nordeste,Brasil
2018-04-29,PE,1024.0,Nordeste,Brasil
2018-05-06,PE,806.0,Nordeste,Brasil
2018-05-13,PE,874.0,Nordeste,Brasil
2018-05-20,PE,986.0,Nordeste,Brasil
2018-05-27,PE,802.0,Nordeste,Brasil
2018-06-03,PE,581.0,Nordeste,Brasil
2018-06-10,PE,639.0,Nordeste,Brasil
2018-06-17,PE,595.0,Nordeste,Brasil
2018-06-24,PE,497.0,Nordeste,Brasil
2018-07-01,PE,514.0,Nordeste,Brasil
2018-07-08,PE,416.0,Nordeste,Brasil
2018-07-15,PE,420.0,Nordeste,Brasil
2018-07-22,PE,489.0,Nordeste,Brasil
2018-07-29,PE,488.0,Nordeste,Brasil
2018-08-05,PE,367.0,Nordeste,Brasil
2018-08-12,PE,416.0,Nordeste,Brasil
2018-08-19,PE,423.0,Nordeste,Brasil
2018-08-26,PE,396.0,Nordeste,Brasil
2018-09-02,PE,404.0,Nordeste,Brasil
2018-09-09,PE,251.0,Nordeste,Brasil
2018-09-16,PE,337.0,Nordeste,Brasil
2018-09-23,PE,312.0,Nordeste,Brasil
2018-09-30,PE,289.0,Nordeste,Brasil
2018-10-07,PE,318.0,Nordeste,Brasil
2018-10-14,PE,319.0,Nordeste,Brasil
2018-10-21,PE,360.0,Nordeste,Brasil
2018-10-28,PE,353.0,Nordeste,Brasil
2018-11-04,PE,239.0,Nordeste,Brasil
2018-11-11,PE,306.0,Nordeste,Brasil
2018-11-18,PE,248.0,Nordeste,Brasil
2018-11-25,PE,335.0,Nordeste,Brasil
2018-12-02,PE,303.0,Nordeste,Brasil
2018-12-09,PE,295.0,Nordeste,Brasil
2018-12-16,PE,298.0,Nordeste,Brasil
2018-12-23,PE,280.0,Nordeste,Brasil
2018-12-30,PE,206.0,Nordeste,Brasil
2019-01-06,PE,209.0,Nordeste,Brasil
2019-01-13,PE,321.0,Nordeste,Brasil
2019-01-20,PE,321.0,Nordeste,Brasil
2019-01-27,PE,326.0,Nordeste,Brasil
2019-02-03,PE,494.0,Nordeste,Brasil
2019-02-10,PE,542.0,Nordeste,Brasil
2019-02-17,PE,741.0,Nordeste,Brasil
2019-02-24,PE,840.0,Nordeste,Brasil
2019-03-03,PE,678.0,Nordeste,Brasil
2019-03-10,PE,525.0,Nordeste,Brasil
2019-03-17,PE,874.0,Nordeste,Brasil
2019-03-24,PE,937.0,Nordeste,Brasil
2019-03-31,PE,1158.0,Nordeste,Brasil
2019-04-07,PE,1343.0,Nordeste,Brasil
2019-04-14,PE,1625.0,Nordeste,Brasil
2019-04-21,PE,1334.0,Nordeste,Brasil
2019-04-28,PE,2422.0,Nordeste,Brasil
2019-05-05,PE,2594.0,Nordeste,Brasil
2019-05-12,PE,3203.0,Nordeste,Brasil
2019-05-19,PE,3413.0,Nordeste,Brasil
2019-05-26,PE,3539.0,Nordeste,Brasil
2019-06-02,PE,3473.0,Nordeste,Brasil
2019-06-09,PE,3090.0,Nordeste,Brasil
2019-06-16,PE,2353.0,Nordeste,Brasil
2019-06-23,PE,1924.0,Nordeste,Brasil
2019-06-30,PE,1749.0,Nordeste,Brasil
2019-07-07,PE,1920.0,Nordeste,Brasil
2019-07-14,PE,1644.0,Nordeste,Brasil
2019-07-21,PE,1600.0,Nordeste,Brasil
2019-07-28,PE,1261.0,Nordeste,Brasil
2019-08-04,PE,1134.0,Nordeste,Brasil
2019-08-11,PE,1192.0,Nordeste,Brasil
2019-08-18,PE,1223.0,Nordeste,Brasil
2019-08-25,PE,1186.0,Nordeste,Brasil
2019-09-01,PE,1183.0,Nordeste,Brasil
2019-09-08,PE,1157.0,Nordeste,Brasil
2019-09-15,PE,1062.0,Nordeste,Brasil
2019-09-22,PE,952.0,Nordeste,Brasil
2019-09-29,PE,948.0,Nordeste,Brasil
2019-10-06,PE,1013.0,Nordeste,Brasil
2019-10-13,PE,852.0,Nordeste,Brasil
2019-10-20,PE,757.0,Nordeste,Brasil
2019-10-27,PE,756.0,Nordeste,Brasil
2019-11-03,PE,645.0,Nordeste,Brasil
2019-11-10,PE,750.0,Nordeste,Brasil
2019-11-17,PE,456.0,Nordeste,Brasil
2019-11-24,PE,531.0,Nordeste,Brasil
2019-12-01,PE,485.0,Nordeste,Brasil
2019-12-08,PE,387.0,Nordeste,Brasil
2019-12-15,PE,379.0,Nordeste,Brasil
2019-12-22,PE,394.0,Nordeste,Brasil
2019-12-29,PE,217.0,Nordeste,Brasil
2020-01-05,PE,88.0,Nordeste,Brasil
2020-01-12,PE,155.0,Nordeste,Brasil
2020-01-19,PE,212.0,Nordeste,Brasil
2020-01-26,PE,190.0,Nordeste,Brasil
2020-02-02,PE,239.0,Nordeste,Brasil
2020-02-09,PE,208.0,Nordeste,Brasil
2020-02-16,PE,239.0,Nordeste,Brasil
2020-02-23,PE,293.0,Nordeste,Brasil
2020-03-01,PE,219.0,Nordeste,Brasil
2020-03-08,PE,285.0,Nordeste,Brasil
2020-03-15,PE,413.0,Nordeste,Brasil
2020-03-22,PE,304.0,Nordeste,Brasil
2020-03-29,PE,131.0,Nordeste,Brasil
2020-04-05,PE,269.0,Nordeste,Brasil
2020-04-12,PE,204.0,Nordeste,Brasil
2020-04-19,PE,437.0,Nordeste,Brasil
2020-04-26,PE,581.0,Nordeste,Brasil
2020-05-03,PE,501.0,Nordeste,Brasil
2020-05-10,PE,658.0,Nordeste,Brasil
2020-05-17,PE,806.0,Nordeste,Brasil
2020-05-24,PE,880.0,Nordeste,Brasil
2020-05-31,PE,705.0,Nordeste,Brasil
2020-06-07,PE,678.0,Nordeste,Brasil
2020-06-14,PE,571.0,Nordeste,Brasil
2020-06-21,PE,633.0,Nordeste,Brasil
2020-06-28,PE,569.0,Nordeste,Brasil
2020-07-05,PE,734.0,Nordeste,Brasil
2020-07-12,PE,675.0,Nordeste,Brasil
2020-07-19,PE,608.0,Nordeste,Brasil
2020-07-26,PE,625.0,Nordeste,Brasil
2020-08-02,PE,674.0,Nordeste,Brasil
2020-08-09,PE,578.0,Nordeste,Brasil
2020-08-16,PE,496.0,Nordeste,Brasil
2020-08-23,PE,463.0,Nordeste,Brasil
2020-08-30,PE,466.0,Nordeste,Brasil
2020-09-06,PE,385.0,Nordeste,Brasil
2020-09-13,PE,351.0,Nordeste,Brasil
2020-09-20,PE,360.0,Nordeste,Brasil
2020-09-27,PE,400.0,Nordeste,Brasil
2020-10-04,PE,330.0,Nordeste,Brasil
2020-10-11,PE,307.0,Nordeste,Brasil
2020-10-18,PE,253.0,Nordeste,Brasil
2020-10-25,PE,271.0,Nordeste,Brasil
2020-11-01,PE,267.0,Nordeste,Brasil
2020-11-08,PE,223.0,Nordeste,Brasil
2020-11-15,PE,232.0,Nordeste,Brasil
2020-11-22,PE,148.0,Nordeste,Brasil
2020-11-29,PE,198.0,Nordeste,Brasil
2020-12-06,PE,150.0,Nordeste,Brasil
2020-12-13,PE,159.0,Nordeste,Brasil
2020-12-20,PE,171.0,Nordeste,Brasil
2020-12-27,PE,92.0,Nordeste,Brasil
2021-01-03,PE,92.0,Nordeste,Brasil
2021-01-10,PE,127.0,Nordeste,Brasil
2021-01-17,PE,252.0,Nordeste,Brasil
2021-01-24,PE,256.0,Nordeste,Brasil
2021-01-31,PE,314.0,Nordeste,Brasil
2021-02-07,PE,371.0,Nordeste,Brasil
2021-02-14,PE,390.0,Nordeste,Brasil
2021-02-21,PE,466.0,Nordeste,Brasil
2021-02-28,PE,598.0,Nordeste,Brasil
2021-03-07,PE,594.0,Nordeste,Brasil
2021-03-14,PE,687.0,Nordeste,Brasil
2021-03-21,PE,612.0,Nordeste,Brasil
2021-03-28,PE,638.0,Nordeste,Brasil
2021-04-04,PE,556.0,Nordeste,Brasil
2021-04-11,PE,829.0,Nordeste,Brasil
2021-04-18,PE,915.0,Nordeste,Brasil
2021-04-25,PE,942.0,Nordeste,Brasil
2021-05-02,PE,1511.0,Nordeste,Brasil
2021-05-09,PE,1641.0,Nordeste,Brasil
2021-05-16,PE,1925.0,Nordeste,Brasil
2021-05-23,PE,2718.0,Nordeste,Brasil
2021-05-30,PE,2960.0,Nordeste,Brasil
2021-06-06,PE,2960.0,Nordeste,Brasil
2021-06-13,PE,3487.0,Nordeste,Brasil
2021-06-20,PE,3053.0,Nordeste,Brasil
2021-06-27,PE,2130.0,Nordeste,Brasil
2021-07-04,PE,2801.0,Nordeste,Brasil
2021-07-11,PE,2543.0,Nordeste,Brasil
2021-07-18,PE,2638.0,Nordeste,Brasil
2021-07-25,PE,2155.0,Nordeste,Brasil
2021-08-01,PE,1877.0,Nordeste,Brasil
2021-08-08,PE,1510.0,Nordeste,Brasil
2021-08-15,PE,1537.0,Nordeste,Brasil
2021-08-22,PE,1435.0,Nordeste,Brasil
2021-08-29,PE,1309.0,Nordeste,Brasil
2021-09-05,PE,1131.0,Nordeste,Brasil
2021-09-12,PE,944.0,Nordeste,Brasil
2021-09-19,PE,1091.0,Nordeste,Brasil
2021-09-26,PE,1017.0,Nordeste,Brasil
2021-10-03,PE,892.0,Nordeste,Brasil
2021-10-10,PE,784.0,Nordeste,Brasil
2021-10-17,PE,560.0,Nordeste,Brasil
2021-10-24,PE,690.0,Nordeste,Brasil
2021-10-31,PE,667.0,Nordeste,Brasil
2021-11-07,PE,481.0,Nordeste,Brasil
2021-11-14,PE,573.0,Nordeste,Brasil
2021-11-21,PE,436.0,Nordeste,Brasil
2021-11-28,PE,463.0,Nordeste,Brasil
2021-12-05,PE,484.0,Nordeste,Brasil
2021-12-12,PE,497.0,Nordeste,Brasil
2021-12-19,PE,608.0,Nordeste,Brasil
2021-12-26,PE,692.0,Nordeste,Brasil
2022-01-02,PE,354.0,Nordeste,Brasil
2022-01-09,PE,31.0,Nordeste,Brasil
2022-01-16,PE,57.0,Nordeste,Brasil
2022-01-23,PE,68.0,Nordeste,Brasil
2022-01-30,PE,117.0,Nordeste,Brasil
2022-02-06,PE,100.0,Nordeste,Brasil
2022-02-13,PE,146.0,Nordeste,Brasil
2022-02-20,PE,192.0,Nordeste,Brasil
2022-02-27,PE,214.0,Nordeste,Brasil
2022-03-06,PE,210.0,Nordeste,Brasil
2022-03-13,PE,286.0,Nordeste,Brasil
2022-03-20,PE,345.0,Nordeste,Brasil
2022-03-27,PE,361.0,Nordeste,Brasil
2022-04-03,PE,427.0,Nordeste,Brasil
2022-04-10,PE,521.0,Nordeste,Brasil
2022-04-17,PE,426.0,Nordeste,Brasil
2022-04-24,PE,689.0,Nordeste,Brasil
2022-05-01,PE,768.0,Nordeste,Brasil
2022-05-08,PE,898.0,Nordeste,Brasil
2022-05-15,PE,881.0,Nordeste,Brasil
2022-05-22,PE,758.0,Nordeste,Brasil
2022-05-29,PE,623.0,Nordeste,Brasil
2022-06-05,PE,588.0,Nordeste,Brasil
2022-06-12,PE,568.0,Nordeste,Brasil
2022-06-19,PE,479.0,Nordeste,Brasil
2022-06-26,PE,457.0,Nordeste,Brasil
2022-07-03,PE,454.0,Nordeste,Brasil
2022-07-10,PE,356.0,Nordeste,Brasil
2022-07-17,PE,306.0,Nordeste,Brasil
2022-07-24,PE,352.0,Nordeste,Brasil
2022-07-31,PE,342.0,Nordeste,Brasil
2022-08-07,PE,309.0,Nordeste,Brasil
2022-08-14,PE,358.0,Nordeste,Brasil
2022-08-21,PE,330.0,Nordeste,Brasil
2022-08-28,PE,313.0,Nordeste,Brasil
2022-09-04,PE,289.0,Nordeste,Brasil
2022-09-11,PE,180.0,Nordeste,Brasil
2022-09-18,PE,168.0,Nordeste,Brasil
2022-09-25,PE,175.0,Nordeste,Brasil
2022-10-02,PE,139.0,Nordeste,Brasil
2022-10-09,PE,148.0,Nordeste,Brasil
2022-10-16,PE,150.0,Nordeste,Brasil
2022-10-23,PE,201.0,Nordeste,Brasil
2022-10-30,PE,150.0,Nordeste,Brasil
2022-11-06,PE,132.0,Nordeste,Brasil
2022-11-13,PE,196.0,Nordeste,Brasil
2022-11-20,PE,135.0,Nordeste,Brasil
2022-11-27,PE,146.0,Nordeste,Brasil
2022-12-04,PE,118.0,Nordeste,Brasil
2022-12-11,PE,139.0,Nordeste,Brasil
2022-12-18,PE,93.0,Nordeste,Brasil
2022-12-25,PE,108.0,Nordeste,Brasil
2023-01-01,PE,105.0,Nordeste,Brasil
2023-01-08,PE,21.0,Nordeste,Brasil
2023-01-15,PE,61.0,Nordeste,Brasil
2023-01-22,PE,73.0,Nordeste,Brasil
2023-01-29,PE,91.0,Nordeste,Brasil
2023-02-05,PE,95.0,Nordeste,Brasil
2023-02-12,PE,103.0,Nordeste,Brasil
2023-02-19,PE,111.0,Nordeste,Brasil
2023-02-26,PE,88.0,Nordeste,Brasil
2023-03-05,PE,201.0,Nordeste,Brasil
2023-03-12,PE,181.0,Nordeste,Brasil
2023-03-19,PE,324.0,Nordeste,Brasil
2023-03-26,PE,330.0,Nordeste,Brasil
2023-04-02,PE,423.0,Nordeste,Brasil
2023-04-09,PE,306.0,Nordeste,Brasil
2023-04-16,PE,340.0,Nordeste,Brasil
2023-04-23,PE,259.0,Nordeste,Brasil
2023-04-30,PE,258.0,Nordeste,Brasil
2023-05-07,PE,180.0,Nordeste,Brasil
2023-05-14,PE,177.0,Nordeste,Brasil
2023-05-21,PE,176.0,Nordeste,Brasil
2023-05-28,PE,158.0,Nordeste,Brasil
2023-06-04,PE,160.0,Nordeste,Brasil
2023-06-11,PE,120.0,Nordeste,Brasil
2023-06-18,PE,133.0,Nordeste,Brasil
2023-06-25,PE,126.0,Nordeste,Brasil
2023-07-02,PE,157.0,Nordeste,Brasil
2023-07-09,PE,127.0,Nordeste,Brasil
2023-07-16,PE,162.0,Nordeste,Brasil
2023-07-23,PE,168.0,Nordeste,Brasil
2023-07-30,PE,119.0,Nordeste,Brasil
2023-08-06,PE,153.0,Nordeste,Brasil
2023-08-13,PE,124.0,Nordeste,Brasil
2023-08-20,PE,164.0,Nordeste,Brasil
2023-08-27,PE,137.0,Nordeste,Brasil
2023-09-03,PE,103.0,Nordeste,Brasil
2023-09-10,PE,85.0,Nordeste,Brasil
2023-09-17,PE,127.0,Nordeste,Brasil
2023-09-24,PE,113.0,Nordeste,Brasil
2023-10-01,PE,116.0,Nordeste,Brasil
2023-10-08,PE,118.0,Nordeste,Brasil
2023-10-15,PE,117.0,Nordeste,Brasil
2023-10-22,PE,155.0,Nordeste,Brasil
2023-10-29,PE,94.0,Nordeste,Brasil
2023-11-05,PE,96.0,Nordeste,Brasil
2023-11-12,PE,158.0,Nordeste,Brasil
2023-11-19,PE,86.0,Nordeste,Brasil
2023-11-26,PE,156.0,Nordeste,Brasil
2023-12-03,PE,122.0,Nordeste,Brasil
2023-12-10,PE,137.0,Nordeste,Brasil
2023-12-17,PE,160.0,Nordeste,Brasil
2023-12-24,PE,119.0,Nordeste,Brasil
2023-12-31,PE,109.0,Nordeste,Brasil
2024-01-07,PE,45.0,Nordeste,Brasil
2024-01-14,PE,49.0,Nordeste,Brasil
2024-01-21,PE,59.0,Nordeste,Brasil
2024-01-28,PE,99.0,Nordeste,Brasil
2024-02-04,PE,106.0,Nordeste,Brasil
2024-02-11,PE,183.0,Nordeste,Brasil
2024-02-18,PE,207.0,Nordeste,Brasil
2024-02-25,PE,595.0,Nordeste,Brasil
2024-03-03,PE,754.0,Nordeste,Brasil
2024-03-10,PE,992.0,Nordeste,Brasil
2024-03-17,PE,1176.0,Nordeste,Brasil
2024-03-24,PE,1228.0,Nordeste,Brasil
2024-03-31,PE,819.0,Nordeste,Brasil
2024-04-07,PE,1123.0,Nordeste,Brasil
2024-04-14,PE,1068.0,Nordeste,Brasil
2024-04-21,PE,1162.0,Nordeste,Brasil
2024-04-28,PE,1028.0,Nordeste,Brasil
2024-05-05,PE,826.0,Nordeste,Brasil
2024-05-12,PE,754.0,Nordeste,Brasil
2024-05-19,PE,735.0,Nordeste,Brasil
2024-05-26,PE,787.0,Nordeste,Brasil
2024-06-02,PE,542.0,Nordeste,Brasil
2024-06-09,PE,645.0,Nordeste,Brasil
2024-06-16,PE,583.0,Nordeste,Brasil
2024-06-23,PE,510.0,Nordeste,Brasil
2024-06-30,PE,426.0,Nordeste,Brasil
2024-07-07,PE,465.0,Nordeste,Brasil
2024-07-14,PE,422.0,Nordeste,Brasil
2024-07-21,PE,327.0,Nordeste,Brasil
2024-07-28,PE,364.0,Nordeste,Brasil
2024-08-04,PE,283.0,Nordeste,Brasil
2024-08-11,PE,262.0,Nordeste,Brasil
2024-08-18,PE,281.0,Nordeste,Brasil
2024-08-25,PE,223.0,Nordeste,Brasil
2024-09-01,PE,210.0,Nordeste,Brasil
2024-09-08,PE,178.0,Nordeste,Brasil
2024-09-15,PE,175.0,Nordeste,Brasil
2024-09-22,PE,168.0,Nordeste,Brasil
2024-09-29,PE,208.0,Nordeste,Brasil
2024-10-06,PE,140.0,Nordeste,Brasil
2024-10-13,PE,127.0,Nordeste,Brasil
2024-10-20,PE,113.0,Nordeste,Brasil
2024-10-27,PE,150.0,Nordeste,Brasil
2024-11-03,PE,132.0,Nordeste,Brasil
2024-11-10,PE,147.0,Nordeste,Brasil
2024-11-17,PE,122.0,Nordeste,Brasil
2024-11-24,PE,143.0,Nordeste,Brasil
2024-12-01,PE,185.0,Nordeste,Brasil
2024-12-08,PE,224.0,Nordeste,Brasil
2024-12-15,PE,183.0,Nordeste,Brasil
2024-12-22,PE,242.0,Nordeste,Brasil
2024-12-29,PE,186.0,Nordeste,Brasil
2025-01-05,PE,76.0,Nordeste,Brasil
2025-01-12,PE,155.0,Nordeste,Brasil
2025-01-19,PE,199.0,Nordeste,Brasil
2025-01-26,PE,201.0,Nordeste,Brasil
2025-02-02,PE,220.0,Nordeste,Brasil
2025-02-09,PE,310.0,Nordeste,Brasil
2025-02-16,PE,299.0,Nordeste,Brasil
2025-02-23,PE,373.0,Nordeste,Brasil
2025-03-02,PE,343.0,Nordeste,Brasil
2025-03-09,PE,158.0,Nordeste,Brasil
2025-03-16,PE,471.0,Nordeste,Brasil
2025-03-23,PE,459.0,Nordeste,Brasil
2025-03-30,PE,482.0,Nordeste,Brasil
2025-04-06,PE,564.0,Nordeste,Brasil
2025-04-13,PE,554.0,Nordeste,Brasil
2025-04-20,PE,449.0,Nordeste,Brasil
2025-04-27,PE,610.0,Nordeste,Brasil
2025-05-04,PE,475.0,Nordeste,Brasil
2025-05-11,PE,470.0,Nordeste,Brasil
2025-05-18,PE,400.0,Nordeste,Brasil
2025-05-25,PE,417.0,Nordeste,Brasil
2025-06-01,PE,395.0,Nordeste,Brasil
2025-06-08,PE,412.0,Nordeste,Brasil
2025-06-15,PE,513.0,Nordeste,Brasil
2025-06-22,PE,367.0,Nordeste,Brasil
2025-06-29,PE,299.0,Nordeste,Brasil
2025-07-06,PE,422.0,Nordeste,Brasil
2025-07-13,PE,492.0,Nordeste,Brasil
2025-07-20,PE,486.0,Nordeste,Brasil
2025-07-27,PE,501.0,Nordeste,Brasil
2025-08-03,PE,533.0,Nordeste,Brasil
2025-08-10,PE,605.0,Nordeste,Brasil
2025-08-17,PE,692.0,Nordeste,Brasil
2025-08-24,PE,673.0,Nordeste,Brasil
2025-08-31,PE,631.0,Nordeste,Brasil
2025-09-07,PE,587.0,Nordeste,Brasil
2025-09-14,PE,510.0,Nordeste,Brasil
2025-09-21,PE,459.0,Nordeste,Brasil
2025-09-28,PE,464.0,Nordeste,Brasil
2025-10-05,PE,439.0,Nordeste,Brasil
2025-10-12,PE,368.0,Nordeste,Brasil
2025-10-19,PE,489.0,Nordeste,Brasil
2025-10-26,PE,371.0,Nordeste,Brasil
2025-11-02,PE,364.0,Nordeste,Brasil
2025-11-09,PE,354.0,Nordeste,Brasil
2025-11-16,PE,335.0,Nordeste,Brasil
2025-11-23,PE,313.0,Nordeste,Brasil
2025-11-30,PE,325.0,Nordeste,Brasil
2025-12-07,PE,263.0,Nordeste,Brasil
2025-12-14,PE,191.0,Nordeste,Brasil
2025-12-21,PE,228.0,Nordeste,Brasil
2025-12-28,PE,138.0,Nordeste,Brasil
2026-01-04,PE,172.0,Nordeste,Brasil
2026-01-11,PE,303.0,Nordeste,Brasil
2026-01-18,PE,272.0,Nordeste,Brasil
2026-01-25,PE,194.0,Nordeste,Brasil
2026-02-01,PE,266.0,Nordeste,Brasil
2026-02-08,PE,297.0,Nordeste,Brasil
2026-02-15,PE,474.0,Nordeste,Brasil
2026-02-22,PE,411.0,Nordeste,Brasil
2026-03-01,PE,678.0,Nordeste,Brasil
2026-03-08,PE,611.0,Nordeste,Brasil
2026-03-15,PE,731.0,Nordeste,Brasil
2026-03-22,PE,690.0,Nordeste,Brasil
2026-03-29,PE,670.0,Nordeste,Brasil
2026-04-05,PE,488.0,Nordeste,Brasil
2026-04-12,PE,500.0,Nordeste,Brasil
2026-04-19,PE,1.0,Nordeste,Brasil
2015-01-04,PI,4.0,Nordeste,Brasil
2015-01-11,PI,62.0,Nordeste,Brasil
2015-01-18,PI,55.0,Nordeste,Brasil
2015-01-25,PI,61.0,Nordeste,Brasil
2015-02-01,PI,66.0,Nordeste,Brasil
2015-02-08,PI,103.0,Nordeste,Brasil
2015-02-15,PI,112.0,Nordeste,Brasil
2015-02-22,PI,86.0,Nordeste,Brasil
2015-03-01,PI,184.0,Nordeste,Brasil
2015-03-08,PI,269.0,Nordeste,Brasil
2015-03-15,PI,387.0,Nordeste,Brasil
2015-03-22,PI,540.0,Nordeste,Brasil
2015-03-29,PI,785.0,Nordeste,Brasil
2015-04-05,PI,658.0,Nordeste,Brasil
2015-04-12,PI,879.0,Nordeste,Brasil
2015-04-19,PI,980.0,Nordeste,Brasil
2015-04-26,PI,827.0,Nordeste,Brasil
2015-05-03,PI,625.0,Nordeste,Brasil
2015-05-10,PI,625.0,Nordeste,Brasil
2015-05-17,PI,632.0,Nordeste,Brasil
2015-05-24,PI,602.0,Nordeste,Brasil
2015-05-31,PI,448.0,Nordeste,Brasil
2015-06-07,PI,281.0,Nordeste,Brasil
2015-06-14,PI,304.0,Nordeste,Brasil
2015-06-21,PI,231.0,Nordeste,Brasil
2015-06-28,PI,179.0,Nordeste,Brasil
2015-07-05,PI,151.0,Nordeste,Brasil
2015-07-12,PI,106.0,Nordeste,Brasil
2015-07-19,PI,59.0,Nordeste,Brasil
2015-07-26,PI,72.0,Nordeste,Brasil
2015-08-02,PI,59.0,Nordeste,Brasil
2015-08-09,PI,46.0,Nordeste,Brasil
2015-08-16,PI,120.0,Nordeste,Brasil
2015-08-23,PI,55.0,Nordeste,Brasil
2015-08-30,PI,37.0,Nordeste,Brasil
2015-09-06,PI,37.0,Nordeste,Brasil
2015-09-13,PI,32.0,Nordeste,Brasil
2015-09-20,PI,32.0,Nordeste,Brasil
2015-09-27,PI,25.0,Nordeste,Brasil
2015-10-04,PI,22.0,Nordeste,Brasil
2015-10-11,PI,20.0,Nordeste,Brasil
2015-10-18,PI,33.0,Nordeste,Brasil
2015-10-25,PI,19.0,Nordeste,Brasil
2015-11-01,PI,29.0,Nordeste,Brasil
2015-11-08,PI,17.0,Nordeste,Brasil
2015-11-15,PI,18.0,Nordeste,Brasil
2015-11-22,PI,31.0,Nordeste,Brasil
2015-11-29,PI,33.0,Nordeste,Brasil
2015-12-06,PI,46.0,Nordeste,Brasil
2015-12-13,PI,49.0,Nordeste,Brasil
2015-12-20,PI,37.0,Nordeste,Brasil
2015-12-27,PI,41.0,Nordeste,Brasil
2016-01-03,PI,41.0,Nordeste,Brasil
2016-01-10,PI,84.0,Nordeste,Brasil
2016-01-17,PI,80.0,Nordeste,Brasil
2016-01-24,PI,106.0,Nordeste,Brasil
2016-01-31,PI,141.0,Nordeste,Brasil
2016-02-07,PI,176.0,Nordeste,Brasil
2016-02-14,PI,149.0,Nordeste,Brasil
2016-02-21,PI,225.0,Nordeste,Brasil
2016-02-28,PI,176.0,Nordeste,Brasil
2016-03-06,PI,231.0,Nordeste,Brasil
2016-03-13,PI,213.0,Nordeste,Brasil
2016-03-20,PI,236.0,Nordeste,Brasil
2016-03-27,PI,192.0,Nordeste,Brasil
2016-04-03,PI,235.0,Nordeste,Brasil
2016-04-10,PI,411.0,Nordeste,Brasil
2016-04-17,PI,688.0,Nordeste,Brasil
2016-04-24,PI,727.0,Nordeste,Brasil
2016-05-01,PI,538.0,Nordeste,Brasil
2016-05-08,PI,414.0,Nordeste,Brasil
2016-05-15,PI,450.0,Nordeste,Brasil
2016-05-22,PI,493.0,Nordeste,Brasil
2016-05-29,PI,247.0,Nordeste,Brasil
2016-06-05,PI,276.0,Nordeste,Brasil
2016-06-12,PI,247.0,Nordeste,Brasil
2016-06-19,PI,197.0,Nordeste,Brasil
2016-06-26,PI,216.0,Nordeste,Brasil
2016-07-03,PI,206.0,Nordeste,Brasil
2016-07-10,PI,116.0,Nordeste,Brasil
2016-07-17,PI,98.0,Nordeste,Brasil
2016-07-24,PI,77.0,Nordeste,Brasil
2016-07-31,PI,79.0,Nordeste,Brasil
2016-08-07,PI,72.0,Nordeste,Brasil
2016-08-14,PI,86.0,Nordeste,Brasil
2016-08-21,PI,52.0,Nordeste,Brasil
2016-08-28,PI,59.0,Nordeste,Brasil
2016-09-04,PI,49.0,Nordeste,Brasil
2016-09-11,PI,31.0,Nordeste,Brasil
2016-09-18,PI,32.0,Nordeste,Brasil
2016-09-25,PI,35.0,Nordeste,Brasil
2016-10-02,PI,33.0,Nordeste,Brasil
2016-10-09,PI,34.0,Nordeste,Brasil
2016-10-16,PI,24.0,Nordeste,Brasil
2016-10-23,PI,29.0,Nordeste,Brasil
2016-10-30,PI,31.0,Nordeste,Brasil
2016-11-06,PI,22.0,Nordeste,Brasil
2016-11-13,PI,19.0,Nordeste,Brasil
2016-11-20,PI,14.0,Nordeste,Brasil
2016-11-27,PI,22.0,Nordeste,Brasil
2016-12-04,PI,28.0,Nordeste,Brasil
2016-12-11,PI,25.0,Nordeste,Brasil
2016-12-18,PI,28.0,Nordeste,Brasil
2016-12-25,PI,30.0,Nordeste,Brasil
2017-01-01,PI,25.0,Nordeste,Brasil
2017-01-08,PI,36.0,Nordeste,Brasil
2017-01-15,PI,35.0,Nordeste,Brasil
2017-01-22,PI,60.0,Nordeste,Brasil
2017-01-29,PI,76.0,Nordeste,Brasil
2017-02-05,PI,83.0,Nordeste,Brasil
2017-02-12,PI,71.0,Nordeste,Brasil
2017-02-19,PI,78.0,Nordeste,Brasil
2017-02-26,PI,115.0,Nordeste,Brasil
2017-03-05,PI,80.0,Nordeste,Brasil
2017-03-12,PI,138.0,Nordeste,Brasil
2017-03-19,PI,181.0,Nordeste,Brasil
2017-03-26,PI,190.0,Nordeste,Brasil
2017-04-02,PI,182.0,Nordeste,Brasil
2017-04-09,PI,227.0,Nordeste,Brasil
2017-04-16,PI,188.0,Nordeste,Brasil
2017-04-23,PI,248.0,Nordeste,Brasil
2017-04-30,PI,323.0,Nordeste,Brasil
2017-05-07,PI,342.0,Nordeste,Brasil
2017-05-14,PI,369.0,Nordeste,Brasil
2017-05-21,PI,555.0,Nordeste,Brasil
2017-05-28,PI,553.0,Nordeste,Brasil
2017-06-04,PI,470.0,Nordeste,Brasil
2017-06-11,PI,448.0,Nordeste,Brasil
2017-06-18,PI,294.0,Nordeste,Brasil
2017-06-25,PI,469.0,Nordeste,Brasil
2017-07-02,PI,318.0,Nordeste,Brasil
2017-07-09,PI,294.0,Nordeste,Brasil
2017-07-16,PI,252.0,Nordeste,Brasil
2017-07-23,PI,174.0,Nordeste,Brasil
2017-07-30,PI,119.0,Nordeste,Brasil
2017-08-06,PI,97.0,Nordeste,Brasil
2017-08-13,PI,82.0,Nordeste,Brasil
2017-08-20,PI,84.0,Nordeste,Brasil
2017-08-27,PI,88.0,Nordeste,Brasil
2017-09-03,PI,88.0,Nordeste,Brasil
2017-09-10,PI,89.0,Nordeste,Brasil
2017-09-17,PI,68.0,Nordeste,Brasil
2017-09-24,PI,63.0,Nordeste,Brasil
2017-10-01,PI,38.0,Nordeste,Brasil
2017-10-08,PI,45.0,Nordeste,Brasil
2017-10-15,PI,28.0,Nordeste,Brasil
2017-10-22,PI,32.0,Nordeste,Brasil
2017-10-29,PI,18.0,Nordeste,Brasil
2017-11-05,PI,24.0,Nordeste,Brasil
2017-11-12,PI,31.0,Nordeste,Brasil
2017-11-19,PI,16.0,Nordeste,Brasil
2017-11-26,PI,29.0,Nordeste,Brasil
2017-12-03,PI,18.0,Nordeste,Brasil
2017-12-10,PI,32.0,Nordeste,Brasil
2017-12-17,PI,47.0,Nordeste,Brasil
2017-12-24,PI,37.0,Nordeste,Brasil
2017-12-31,PI,21.0,Nordeste,Brasil
2018-01-07,PI,34.0,Nordeste,Brasil
2018-01-14,PI,45.0,Nordeste,Brasil
2018-01-21,PI,62.0,Nordeste,Brasil
2018-01-28,PI,90.0,Nordeste,Brasil
2018-02-04,PI,59.0,Nordeste,Brasil
2018-02-11,PI,67.0,Nordeste,Brasil
2018-02-18,PI,36.0,Nordeste,Brasil
2018-02-25,PI,74.0,Nordeste,Brasil
2018-03-04,PI,58.0,Nordeste,Brasil
2018-03-11,PI,71.0,Nordeste,Brasil
2018-03-18,PI,84.0,Nordeste,Brasil
2018-03-25,PI,122.0,Nordeste,Brasil
2018-04-01,PI,80.0,Nordeste,Brasil
2018-04-08,PI,62.0,Nordeste,Brasil
2018-04-15,PI,75.0,Nordeste,Brasil
2018-04-22,PI,60.0,Nordeste,Brasil
2018-04-29,PI,69.0,Nordeste,Brasil
2018-05-06,PI,74.0,Nordeste,Brasil
2018-05-13,PI,101.0,Nordeste,Brasil
2018-05-20,PI,113.0,Nordeste,Brasil
2018-05-27,PI,82.0,Nordeste,Brasil
2018-06-03,PI,119.0,Nordeste,Brasil
2018-06-10,PI,86.0,Nordeste,Brasil
2018-06-17,PI,100.0,Nordeste,Brasil
2018-06-24,PI,84.0,Nordeste,Brasil
2018-07-01,PI,57.0,Nordeste,Brasil
2018-07-08,PI,67.0,Nordeste,Brasil
2018-07-15,PI,47.0,Nordeste,Brasil
2018-07-22,PI,61.0,Nordeste,Brasil
2018-07-29,PI,69.0,Nordeste,Brasil
2018-08-05,PI,59.0,Nordeste,Brasil
2018-08-12,PI,59.0,Nordeste,Brasil
2018-08-19,PI,27.0,Nordeste,Brasil
2018-08-26,PI,45.0,Nordeste,Brasil
2018-09-02,PI,23.0,Nordeste,Brasil
2018-09-09,PI,38.0,Nordeste,Brasil
2018-09-16,PI,26.0,Nordeste,Brasil
2018-09-23,PI,21.0,Nordeste,Brasil
2018-09-30,PI,37.0,Nordeste,Brasil
2018-10-07,PI,22.0,Nordeste,Brasil
2018-10-14,PI,16.0,Nordeste,Brasil
2018-10-21,PI,12.0,Nordeste,Brasil
2018-10-28,PI,20.0,Nordeste,Brasil
2018-11-04,PI,15.0,Nordeste,Brasil
2018-11-11,PI,22.0,Nordeste,Brasil
2018-11-18,PI,17.0,Nordeste,Brasil
2018-11-25,PI,26.0,Nordeste,Brasil
2018-12-02,PI,14.0,Nordeste,Brasil
2018-12-09,PI,18.0,Nordeste,Brasil
2018-12-16,PI,30.0,Nordeste,Brasil
2018-12-23,PI,37.0,Nordeste,Brasil
2018-12-30,PI,20.0,Nordeste,Brasil
2019-01-06,PI,30.0,Nordeste,Brasil
2019-01-13,PI,42.0,Nordeste,Brasil
2019-01-20,PI,53.0,Nordeste,Brasil
2019-01-27,PI,63.0,Nordeste,Brasil
2019-02-03,PI,62.0,Nordeste,Brasil
2019-02-10,PI,41.0,Nordeste,Brasil
2019-02-17,PI,99.0,Nordeste,Brasil
2019-02-24,PI,97.0,Nordeste,Brasil
2019-03-03,PI,86.0,Nordeste,Brasil
2019-03-10,PI,57.0,Nordeste,Brasil
2019-03-17,PI,171.0,Nordeste,Brasil
2019-03-24,PI,170.0,Nordeste,Brasil
2019-03-31,PI,331.0,Nordeste,Brasil
2019-04-07,PI,296.0,Nordeste,Brasil
2019-04-14,PI,412.0,Nordeste,Brasil
2019-04-21,PI,240.0,Nordeste,Brasil
2019-04-28,PI,549.0,Nordeste,Brasil
2019-05-05,PI,498.0,Nordeste,Brasil
2019-05-12,PI,575.0,Nordeste,Brasil
2019-05-19,PI,611.0,Nordeste,Brasil
2019-05-26,PI,662.0,Nordeste,Brasil
2019-06-02,PI,618.0,Nordeste,Brasil
2019-06-09,PI,495.0,Nordeste,Brasil
2019-06-16,PI,493.0,Nordeste,Brasil
2019-06-23,PI,334.0,Nordeste,Brasil
2019-06-30,PI,404.0,Nordeste,Brasil
2019-07-07,PI,292.0,Nordeste,Brasil
2019-07-14,PI,299.0,Nordeste,Brasil
2019-07-21,PI,298.0,Nordeste,Brasil
2019-07-28,PI,229.0,Nordeste,Brasil
2019-08-04,PI,178.0,Nordeste,Brasil
2019-08-11,PI,132.0,Nordeste,Brasil
2019-08-18,PI,116.0,Nordeste,Brasil
2019-08-25,PI,91.0,Nordeste,Brasil
2019-09-01,PI,69.0,Nordeste,Brasil
2019-09-08,PI,65.0,Nordeste,Brasil
2019-09-15,PI,61.0,Nordeste,Brasil
2019-09-22,PI,39.0,Nordeste,Brasil
2019-09-29,PI,54.0,Nordeste,Brasil
2019-10-06,PI,23.0,Nordeste,Brasil
2019-10-13,PI,34.0,Nordeste,Brasil
2019-10-20,PI,16.0,Nordeste,Brasil
2019-10-27,PI,38.0,Nordeste,Brasil
2019-11-03,PI,28.0,Nordeste,Brasil
2019-11-10,PI,28.0,Nordeste,Brasil
2019-11-17,PI,24.0,Nordeste,Brasil
2019-11-24,PI,29.0,Nordeste,Brasil
2019-12-01,PI,33.0,Nordeste,Brasil
2019-12-08,PI,31.0,Nordeste,Brasil
2019-12-15,PI,38.0,Nordeste,Brasil
2019-12-22,PI,16.0,Nordeste,Brasil
2019-12-29,PI,19.0,Nordeste,Brasil
2020-01-05,PI,5.0,Nordeste,Brasil
2020-01-12,PI,14.0,Nordeste,Brasil
2020-01-19,PI,26.0,Nordeste,Brasil
2020-01-26,PI,30.0,Nordeste,Brasil
2020-02-02,PI,39.0,Nordeste,Brasil
2020-02-09,PI,38.0,Nordeste,Brasil
2020-02-16,PI,59.0,Nordeste,Brasil
2020-02-23,PI,36.0,Nordeste,Brasil
2020-03-01,PI,42.0,Nordeste,Brasil
2020-03-08,PI,91.0,Nordeste,Brasil
2020-03-15,PI,101.0,Nordeste,Brasil
2020-03-22,PI,78.0,Nordeste,Brasil
2020-03-29,PI,30.0,Nordeste,Brasil
2020-04-05,PI,31.0,Nordeste,Brasil
2020-04-12,PI,41.0,Nordeste,Brasil
2020-04-19,PI,54.0,Nordeste,Brasil
2020-04-26,PI,104.0,Nordeste,Brasil
2020-05-03,PI,83.0,Nordeste,Brasil
2020-05-10,PI,126.0,Nordeste,Brasil
2020-05-17,PI,135.0,Nordeste,Brasil
2020-05-24,PI,120.0,Nordeste,Brasil
2020-05-31,PI,113.0,Nordeste,Brasil
2020-06-07,PI,116.0,Nordeste,Brasil
2020-06-14,PI,64.0,Nordeste,Brasil
2020-06-21,PI,73.0,Nordeste,Brasil
2020-06-28,PI,59.0,Nordeste,Brasil
2020-07-05,PI,56.0,Nordeste,Brasil
2020-07-12,PI,43.0,Nordeste,Brasil
2020-07-19,PI,38.0,Nordeste,Brasil
2020-07-26,PI,38.0,Nordeste,Brasil
2020-08-02,PI,28.0,Nordeste,Brasil
2020-08-09,PI,31.0,Nordeste,Brasil
2020-08-16,PI,28.0,Nordeste,Brasil
2020-08-23,PI,21.0,Nordeste,Brasil
2020-08-30,PI,22.0,Nordeste,Brasil
2020-09-06,PI,24.0,Nordeste,Brasil
2020-09-13,PI,15.0,Nordeste,Brasil
2020-09-20,PI,17.0,Nordeste,Brasil
2020-09-27,PI,12.0,Nordeste,Brasil
2020-10-04,PI,14.0,Nordeste,Brasil
2020-10-11,PI,6.0,Nordeste,Brasil
2020-10-18,PI,10.0,Nordeste,Brasil
2020-10-25,PI,10.0,Nordeste,Brasil
2020-11-01,PI,9.0,Nordeste,Brasil
2020-11-08,PI,5.0,Nordeste,Brasil
2020-11-15,PI,6.0,Nordeste,Brasil
2020-11-22,PI,16.0,Nordeste,Brasil
2020-11-29,PI,11.0,Nordeste,Brasil
2020-12-06,PI,7.0,Nordeste,Brasil
2020-12-13,PI,19.0,Nordeste,Brasil
2020-12-20,PI,10.0,Nordeste,Brasil
2020-12-27,PI,8.0,Nordeste,Brasil
2021-01-03,PI,8.0,Nordeste,Brasil
2021-01-10,PI,6.0,Nordeste,Brasil
2021-01-17,PI,12.0,Nordeste,Brasil
2021-01-24,PI,30.0,Nordeste,Brasil
2021-01-31,PI,33.0,Nordeste,Brasil
2021-02-07,PI,34.0,Nordeste,Brasil
2021-02-14,PI,38.0,Nordeste,Brasil
2021-02-21,PI,47.0,Nordeste,Brasil
2021-02-28,PI,65.0,Nordeste,Brasil
2021-03-07,PI,31.0,Nordeste,Brasil
2021-03-14,PI,68.0,Nordeste,Brasil
2021-03-21,PI,60.0,Nordeste,Brasil
2021-03-28,PI,73.0,Nordeste,Brasil
2021-04-04,PI,38.0,Nordeste,Brasil
2021-04-11,PI,84.0,Nordeste,Brasil
2021-04-18,PI,75.0,Nordeste,Brasil
2021-04-25,PI,113.0,Nordeste,Brasil
2021-05-02,PI,126.0,Nordeste,Brasil
2021-05-09,PI,109.0,Nordeste,Brasil
2021-05-16,PI,143.0,Nordeste,Brasil
2021-05-23,PI,155.0,Nordeste,Brasil
2021-05-30,PI,158.0,Nordeste,Brasil
2021-06-06,PI,177.0,Nordeste,Brasil
2021-06-13,PI,180.0,Nordeste,Brasil
2021-06-20,PI,194.0,Nordeste,Brasil
2021-06-27,PI,160.0,Nordeste,Brasil
2021-07-04,PI,175.0,Nordeste,Brasil
2021-07-11,PI,146.0,Nordeste,Brasil
2021-07-18,PI,171.0,Nordeste,Brasil
2021-07-25,PI,125.0,Nordeste,Brasil
2021-08-01,PI,185.0,Nordeste,Brasil
2021-08-08,PI,161.0,Nordeste,Brasil
2021-08-15,PI,160.0,Nordeste,Brasil
2021-08-22,PI,190.0,Nordeste,Brasil
2021-08-29,PI,184.0,Nordeste,Brasil
2021-09-05,PI,148.0,Nordeste,Brasil
2021-09-12,PI,89.0,Nordeste,Brasil
2021-09-19,PI,69.0,Nordeste,Brasil
2021-09-26,PI,89.0,Nordeste,Brasil
2021-10-03,PI,53.0,Nordeste,Brasil
2021-10-10,PI,49.0,Nordeste,Brasil
2021-10-17,PI,40.0,Nordeste,Brasil
2021-10-24,PI,22.0,Nordeste,Brasil
2021-10-31,PI,15.0,Nordeste,Brasil
2021-11-07,PI,34.0,Nordeste,Brasil
2021-11-14,PI,46.0,Nordeste,Brasil
2021-11-21,PI,30.0,Nordeste,Brasil
2021-11-28,PI,52.0,Nordeste,Brasil
2021-12-05,PI,31.0,Nordeste,Brasil
2021-12-12,PI,90.0,Nordeste,Brasil
2021-12-19,PI,108.0,Nordeste,Brasil
2021-12-26,PI,128.0,Nordeste,Brasil
2022-01-02,PI,40.0,Nordeste,Brasil
2022-01-09,PI,32.0,Nordeste,Brasil
2022-01-16,PI,86.0,Nordeste,Brasil
2022-01-23,PI,124.0,Nordeste,Brasil
2022-01-30,PI,115.0,Nordeste,Brasil
2022-02-06,PI,204.0,Nordeste,Brasil
2022-02-13,PI,254.0,Nordeste,Brasil
2022-02-20,PI,413.0,Nordeste,Brasil
2022-02-27,PI,462.0,Nordeste,Brasil
2022-03-06,PI,380.0,Nordeste,Brasil
2022-03-13,PI,577.0,Nordeste,Brasil
2022-03-20,PI,917.0,Nordeste,Brasil
2022-03-27,PI,1376.0,Nordeste,Brasil
2022-04-03,PI,1829.0,Nordeste,Brasil
2022-04-10,PI,2328.0,Nordeste,Brasil
2022-04-17,PI,1553.0,Nordeste,Brasil
2022-04-24,PI,2430.0,Nordeste,Brasil
2022-05-01,PI,3367.0,Nordeste,Brasil
2022-05-08,PI,2253.0,Nordeste,Brasil
2022-05-15,PI,2103.0,Nordeste,Brasil
2022-05-22,PI,1596.0,Nordeste,Brasil
2022-05-29,PI,1132.0,Nordeste,Brasil
2022-06-05,PI,1303.0,Nordeste,Brasil
2022-06-12,PI,1053.0,Nordeste,Brasil
2022-06-19,PI,905.0,Nordeste,Brasil
2022-06-26,PI,996.0,Nordeste,Brasil
2022-07-03,PI,933.0,Nordeste,Brasil
2022-07-10,PI,492.0,Nordeste,Brasil
2022-07-17,PI,555.0,Nordeste,Brasil
2022-07-24,PI,293.0,Nordeste,Brasil
2022-07-31,PI,209.0,Nordeste,Brasil
2022-08-07,PI,173.0,Nordeste,Brasil
2022-08-14,PI,264.0,Nordeste,Brasil
2022-08-21,PI,145.0,Nordeste,Brasil
2022-08-28,PI,123.0,Nordeste,Brasil
2022-09-04,PI,68.0,Nordeste,Brasil
2022-09-11,PI,36.0,Nordeste,Brasil
2022-09-18,PI,103.0,Nordeste,Brasil
2022-09-25,PI,35.0,Nordeste,Brasil
2022-10-02,PI,52.0,Nordeste,Brasil
2022-10-09,PI,15.0,Nordeste,Brasil
2022-10-16,PI,29.0,Nordeste,Brasil
2022-10-23,PI,14.0,Nordeste,Brasil
2022-10-30,PI,21.0,Nordeste,Brasil
2022-11-06,PI,39.0,Nordeste,Brasil
2022-11-13,PI,28.0,Nordeste,Brasil
2022-11-20,PI,48.0,Nordeste,Brasil
2022-11-27,PI,86.0,Nordeste,Brasil
2022-12-04,PI,41.0,Nordeste,Brasil
2022-12-11,PI,23.0,Nordeste,Brasil
2022-12-18,PI,30.0,Nordeste,Brasil
2022-12-25,PI,26.0,Nordeste,Brasil
2023-01-01,PI,28.0,Nordeste,Brasil
2023-01-08,PI,36.0,Nordeste,Brasil
2023-01-15,PI,49.0,Nordeste,Brasil
2023-01-22,PI,61.0,Nordeste,Brasil
2023-01-29,PI,102.0,Nordeste,Brasil
2023-02-05,PI,98.0,Nordeste,Brasil
2023-02-12,PI,162.0,Nordeste,Brasil
2023-02-19,PI,156.0,Nordeste,Brasil
2023-02-26,PI,177.0,Nordeste,Brasil
2023-03-05,PI,242.0,Nordeste,Brasil
2023-03-12,PI,282.0,Nordeste,Brasil
2023-03-19,PI,293.0,Nordeste,Brasil
2023-03-26,PI,386.0,Nordeste,Brasil
2023-04-02,PI,439.0,Nordeste,Brasil
2023-04-09,PI,325.0,Nordeste,Brasil
2023-04-16,PI,386.0,Nordeste,Brasil
2023-04-23,PI,360.0,Nordeste,Brasil
2023-04-30,PI,400.0,Nordeste,Brasil
2023-05-07,PI,323.0,Nordeste,Brasil
2023-05-14,PI,355.0,Nordeste,Brasil
2023-05-21,PI,361.0,Nordeste,Brasil
2023-05-28,PI,308.0,Nordeste,Brasil
2023-06-04,PI,262.0,Nordeste,Brasil
2023-06-11,PI,213.0,Nordeste,Brasil
2023-06-18,PI,234.0,Nordeste,Brasil
2023-06-25,PI,188.0,Nordeste,Brasil
2023-07-02,PI,121.0,Nordeste,Brasil
2023-07-09,PI,157.0,Nordeste,Brasil
2023-07-16,PI,159.0,Nordeste,Brasil
2023-07-23,PI,93.0,Nordeste,Brasil
2023-07-30,PI,85.0,Nordeste,Brasil
2023-08-06,PI,83.0,Nordeste,Brasil
2023-08-13,PI,69.0,Nordeste,Brasil
2023-08-20,PI,53.0,Nordeste,Brasil
2023-08-27,PI,53.0,Nordeste,Brasil
2023-09-03,PI,47.0,Nordeste,Brasil
2023-09-10,PI,49.0,Nordeste,Brasil
2023-09-17,PI,36.0,Nordeste,Brasil
2023-09-24,PI,38.0,Nordeste,Brasil
2023-10-01,PI,24.0,Nordeste,Brasil
2023-10-08,PI,25.0,Nordeste,Brasil
2023-10-15,PI,24.0,Nordeste,Brasil
2023-10-22,PI,31.0,Nordeste,Brasil
2023-10-29,PI,27.0,Nordeste,Brasil
2023-11-05,PI,17.0,Nordeste,Brasil
2023-11-12,PI,14.0,Nordeste,Brasil
2023-11-19,PI,24.0,Nordeste,Brasil
2023-11-26,PI,44.0,Nordeste,Brasil
2023-12-03,PI,22.0,Nordeste,Brasil
2023-12-10,PI,21.0,Nordeste,Brasil
2023-12-17,PI,48.0,Nordeste,Brasil
2023-12-24,PI,25.0,Nordeste,Brasil
2023-12-31,PI,29.0,Nordeste,Brasil
2024-01-07,PI,41.0,Nordeste,Brasil
2024-01-14,PI,134.0,Nordeste,Brasil
2024-01-21,PI,108.0,Nordeste,Brasil
2024-01-28,PI,91.0,Nordeste,Brasil
2024-02-04,PI,147.0,Nordeste,Brasil
2024-02-11,PI,317.0,Nordeste,Brasil
2024-02-18,PI,350.0,Nordeste,Brasil
2024-02-25,PI,678.0,Nordeste,Brasil
2024-03-03,PI,660.0,Nordeste,Brasil
2024-03-10,PI,778.0,Nordeste,Brasil
2024-03-17,PI,778.0,Nordeste,Brasil
2024-03-24,PI,871.0,Nordeste,Brasil
2024-03-31,PI,527.0,Nordeste,Brasil
2024-04-07,PI,774.0,Nordeste,Brasil
2024-04-14,PI,766.0,Nordeste,Brasil
2024-04-21,PI,723.0,Nordeste,Brasil
2024-04-28,PI,720.0,Nordeste,Brasil
2024-05-05,PI,535.0,Nordeste,Brasil
2024-05-12,PI,582.0,Nordeste,Brasil
2024-05-19,PI,617.0,Nordeste,Brasil
2024-05-26,PI,586.0,Nordeste,Brasil
2024-06-02,PI,618.0,Nordeste,Brasil
2024-06-09,PI,589.0,Nordeste,Brasil
2024-06-16,PI,493.0,Nordeste,Brasil
2024-06-23,PI,367.0,Nordeste,Brasil
2024-06-30,PI,238.0,Nordeste,Brasil
2024-07-07,PI,219.0,Nordeste,Brasil
2024-07-14,PI,183.0,Nordeste,Brasil
2024-07-21,PI,197.0,Nordeste,Brasil
2024-07-28,PI,167.0,Nordeste,Brasil
2024-08-04,PI,126.0,Nordeste,Brasil
2024-08-11,PI,122.0,Nordeste,Brasil
2024-08-18,PI,91.0,Nordeste,Brasil
2024-08-25,PI,92.0,Nordeste,Brasil
2024-09-01,PI,86.0,Nordeste,Brasil
2024-09-08,PI,66.0,Nordeste,Brasil
2024-09-15,PI,56.0,Nordeste,Brasil
2024-09-22,PI,42.0,Nordeste,Brasil
2024-09-29,PI,36.0,Nordeste,Brasil
2024-10-06,PI,41.0,Nordeste,Brasil
2024-10-13,PI,38.0,Nordeste,Brasil
2024-10-20,PI,42.0,Nordeste,Brasil
2024-10-27,PI,39.0,Nordeste,Brasil
2024-11-03,PI,29.0,Nordeste,Brasil
2024-11-10,PI,36.0,Nordeste,Brasil
2024-11-17,PI,25.0,Nordeste,Brasil
2024-11-24,PI,34.0,Nordeste,Brasil
2024-12-01,PI,48.0,Nordeste,Brasil
2024-12-08,PI,19.0,Nordeste,Brasil
2024-12-15,PI,33.0,Nordeste,Brasil
2024-12-22,PI,29.0,Nordeste,Brasil
2024-12-29,PI,19.0,Nordeste,Brasil
2025-01-05,PI,7.0,Nordeste,Brasil
2025-01-12,PI,49.0,Nordeste,Brasil
2025-01-19,PI,97.0,Nordeste,Brasil
2025-01-26,PI,105.0,Nordeste,Brasil
2025-02-02,PI,133.0,Nordeste,Brasil
2025-02-09,PI,154.0,Nordeste,Brasil
2025-02-16,PI,200.0,Nordeste,Brasil
2025-02-23,PI,220.0,Nordeste,Brasil
2025-03-02,PI,254.0,Nordeste,Brasil
2025-03-09,PI,193.0,Nordeste,Brasil
2025-03-16,PI,200.0,Nordeste,Brasil
2025-03-23,PI,320.0,Nordeste,Brasil
2025-03-30,PI,366.0,Nordeste,Brasil
2025-04-06,PI,392.0,Nordeste,Brasil
2025-04-13,PI,446.0,Nordeste,Brasil
2025-04-20,PI,336.0,Nordeste,Brasil
2025-04-27,PI,424.0,Nordeste,Brasil
2025-05-04,PI,371.0,Nordeste,Brasil
2025-05-11,PI,392.0,Nordeste,Brasil
2025-05-18,PI,370.0,Nordeste,Brasil
2025-05-25,PI,355.0,Nordeste,Brasil
2025-06-01,PI,337.0,Nordeste,Brasil
2025-06-08,PI,302.0,Nordeste,Brasil
2025-06-15,PI,299.0,Nordeste,Brasil
2025-06-22,PI,190.0,Nordeste,Brasil
2025-06-29,PI,219.0,Nordeste,Brasil
2025-07-06,PI,213.0,Nordeste,Brasil
2025-07-13,PI,181.0,Nordeste,Brasil
2025-07-20,PI,189.0,Nordeste,Brasil
2025-07-27,PI,150.0,Nordeste,Brasil
2025-08-03,PI,119.0,Nordeste,Brasil
2025-08-10,PI,155.0,Nordeste,Brasil
2025-08-17,PI,131.0,Nordeste,Brasil
2025-08-24,PI,127.0,Nordeste,Brasil
2025-08-31,PI,102.0,Nordeste,Brasil
2025-09-07,PI,110.0,Nordeste,Brasil
2025-09-14,PI,94.0,Nordeste,Brasil
2025-09-21,PI,90.0,Nordeste,Brasil
2025-09-28,PI,71.0,Nordeste,Brasil
2025-10-05,PI,69.0,Nordeste,Brasil
2025-10-12,PI,67.0,Nordeste,Brasil
2025-10-19,PI,76.0,Nordeste,Brasil
2025-10-26,PI,63.0,Nordeste,Brasil
2025-11-02,PI,56.0,Nordeste,Brasil
2025-11-09,PI,60.0,Nordeste,Brasil
2025-11-16,PI,37.0,Nordeste,Brasil
2025-11-23,PI,44.0,Nordeste,Brasil
2025-11-30,PI,50.0,Nordeste,Brasil
2025-12-07,PI,67.0,Nordeste,Brasil
2025-12-14,PI,57.0,Nordeste,Brasil
2025-12-21,PI,73.0,Nordeste,Brasil
2025-12-28,PI,31.0,Nordeste,Brasil
2026-01-04,PI,54.0,Nordeste,Brasil
2026-01-11,PI,78.0,Nordeste,Brasil
2026-01-18,PI,83.0,Nordeste,Brasil
2026-01-25,PI,101.0,Nordeste,Brasil
2026-02-01,PI,131.0,Nordeste,Brasil
2026-02-08,PI,170.0,Nordeste,Brasil
2026-02-15,PI,255.0,Nordeste,Brasil
2026-02-22,PI,202.0,Nordeste,Brasil
2026-03-01,PI,383.0,Nordeste,Brasil
2026-03-08,PI,409.0,Nordeste,Brasil
2026-03-15,PI,541.0,Nordeste,Brasil
2026-03-22,PI,561.0,Nordeste,Brasil
2026-03-29,PI,617.0,Nordeste,Brasil
2026-04-05,PI,394.0,Nordeste,Brasil
2026-04-12,PI,377.0,Nordeste,Brasil
2026-04-19,PI,377.0,Nordeste,Brasil
2015-01-04,PR,31.0,Sul,Brasil
2015-01-11,PR,518.0,Sul,Brasil
2015-01-18,PR,629.0,Sul,Brasil
2015-01-25,PR,874.0,Sul,Brasil
2015-02-01,PR,1048.0,Sul,Brasil
2015-02-08,PR,1358.0,Sul,Brasil
2015-02-15,PR,1470.0,Sul,Brasil
2015-02-22,PR,1371.0,Sul,Brasil
2015-03-01,PR,2293.0,Sul,Brasil
2015-03-08,PR,3005.0,Sul,Brasil
2015-03-15,PR,3782.0,Sul,Brasil
2015-03-22,PR,5113.0,Sul,Brasil
2015-03-29,PR,6058.0,Sul,Brasil
2015-04-05,PR,5410.0,Sul,Brasil
2015-04-12,PR,7019.0,Sul,Brasil
2015-04-19,PR,7624.0,Sul,Brasil
2015-04-26,PR,5812.0,Sul,Brasil
2015-05-03,PR,5115.0,Sul,Brasil
2015-05-10,PR,4969.0,Sul,Brasil
2015-05-17,PR,3280.0,Sul,Brasil
2015-05-24,PR,2720.0,Sul,Brasil
2015-05-31,PR,2251.0,Sul,Brasil
2015-06-07,PR,1608.0,Sul,Brasil
2015-06-14,PR,1713.0,Sul,Brasil
2015-06-21,PR,1172.0,Sul,Brasil
2015-06-28,PR,1018.0,Sul,Brasil
2015-07-05,PR,728.0,Sul,Brasil
2015-07-12,PR,490.0,Sul,Brasil
2015-07-19,PR,543.0,Sul,Brasil
2015-07-26,PR,615.0,Sul,Brasil
2015-08-02,PR,682.0,Sul,Brasil
2015-08-09,PR,670.0,Sul,Brasil
2015-08-16,PR,679.0,Sul,Brasil
2015-08-23,PR,647.0,Sul,Brasil
2015-08-30,PR,505.0,Sul,Brasil
2015-09-06,PR,522.0,Sul,Brasil
2015-09-13,PR,416.0,Sul,Brasil
2015-09-20,PR,514.0,Sul,Brasil
2015-09-27,PR,560.0,Sul,Brasil
2015-10-04,PR,461.0,Sul,Brasil
2015-10-11,PR,524.0,Sul,Brasil
2015-10-18,PR,517.0,Sul,Brasil
2015-10-25,PR,599.0,Sul,Brasil
2015-11-01,PR,532.0,Sul,Brasil
2015-11-08,PR,545.0,Sul,Brasil
2015-11-15,PR,735.0,Sul,Brasil
2015-11-22,PR,777.0,Sul,Brasil
2015-11-29,PR,915.0,Sul,Brasil
2015-12-06,PR,1218.0,Sul,Brasil
2015-12-13,PR,1636.0,Sul,Brasil
2015-12-20,PR,1966.0,Sul,Brasil
2015-12-27,PR,1445.0,Sul,Brasil
2016-01-03,PR,1445.0,Sul,Brasil
2016-01-10,PR,3072.0,Sul,Brasil
2016-01-17,PR,4096.0,Sul,Brasil
2016-01-24,PR,5157.0,Sul,Brasil
2016-01-31,PR,5090.0,Sul,Brasil
2016-02-07,PR,5907.0,Sul,Brasil
2016-02-14,PR,6754.0,Sul,Brasil
2016-02-21,PR,8117.0,Sul,Brasil
2016-02-28,PR,8573.0,Sul,Brasil
2016-03-06,PR,8859.0,Sul,Brasil
2016-03-13,PR,8576.0,Sul,Brasil
2016-03-20,PR,8155.0,Sul,Brasil
2016-03-27,PR,7323.0,Sul,Brasil
2016-04-03,PR,9330.0,Sul,Brasil
2016-04-10,PR,8311.0,Sul,Brasil
2016-04-17,PR,7932.0,Sul,Brasil
2016-04-24,PR,6193.0,Sul,Brasil
2016-05-01,PR,3684.0,Sul,Brasil
2016-05-08,PR,2538.0,Sul,Brasil
2016-05-15,PR,1681.0,Sul,Brasil
2016-05-22,PR,1209.0,Sul,Brasil
2016-05-29,PR,644.0,Sul,Brasil
2016-06-05,PR,611.0,Sul,Brasil
2016-06-12,PR,347.0,Sul,Brasil
2016-06-19,PR,353.0,Sul,Brasil
2016-06-26,PR,338.0,Sul,Brasil
2016-07-03,PR,384.0,Sul,Brasil
2016-07-10,PR,305.0,Sul,Brasil
2016-07-17,PR,324.0,Sul,Brasil
2016-07-24,PR,232.0,Sul,Brasil
2016-07-31,PR,319.0,Sul,Brasil
2016-08-07,PR,328.0,Sul,Brasil
2016-08-14,PR,286.0,Sul,Brasil
2016-08-21,PR,315.0,Sul,Brasil
2016-08-28,PR,346.0,Sul,Brasil
2016-09-04,PR,286.0,Sul,Brasil
2016-09-11,PR,234.0,Sul,Brasil
2016-09-18,PR,380.0,Sul,Brasil
2016-09-25,PR,428.0,Sul,Brasil
2016-10-02,PR,476.0,Sul,Brasil
2016-10-09,PR,443.0,Sul,Brasil
2016-10-16,PR,501.0,Sul,Brasil
2016-10-23,PR,669.0,Sul,Brasil
2016-10-30,PR,612.0,Sul,Brasil
2016-11-06,PR,604.0,Sul,Brasil
2016-11-13,PR,646.0,Sul,Brasil
2016-11-20,PR,608.0,Sul,Brasil
2016-11-27,PR,890.0,Sul,Brasil
2016-12-04,PR,756.0,Sul,Brasil
2016-12-11,PR,782.0,Sul,Brasil
2016-12-18,PR,694.0,Sul,Brasil
2016-12-25,PR,637.0,Sul,Brasil
2017-01-01,PR,658.0,Sul,Brasil
2017-01-08,PR,895.0,Sul,Brasil
2017-01-15,PR,1055.0,Sul,Brasil
2017-01-22,PR,1068.0,Sul,Brasil
2017-01-29,PR,1006.0,Sul,Brasil
2017-02-05,PR,856.0,Sul,Brasil
2017-02-12,PR,873.0,Sul,Brasil
2017-02-19,PR,894.0,Sul,Brasil
2017-02-26,PR,923.0,Sul,Brasil
2017-03-05,PR,705.0,Sul,Brasil
2017-03-12,PR,877.0,Sul,Brasil
2017-03-19,PR,862.0,Sul,Brasil
2017-03-26,PR,810.0,Sul,Brasil
2017-04-02,PR,703.0,Sul,Brasil
2017-04-09,PR,650.0,Sul,Brasil
2017-04-16,PR,537.0,Sul,Brasil
2017-04-23,PR,458.0,Sul,Brasil
2017-04-30,PR,380.0,Sul,Brasil
2017-05-07,PR,330.0,Sul,Brasil
2017-05-14,PR,397.0,Sul,Brasil
2017-05-21,PR,365.0,Sul,Brasil
2017-05-28,PR,355.0,Sul,Brasil
2017-06-04,PR,280.0,Sul,Brasil
2017-06-11,PR,268.0,Sul,Brasil
2017-06-18,PR,176.0,Sul,Brasil
2017-06-25,PR,205.0,Sul,Brasil
2017-07-02,PR,204.0,Sul,Brasil
2017-07-09,PR,155.0,Sul,Brasil
2017-07-16,PR,183.0,Sul,Brasil
2017-07-23,PR,140.0,Sul,Brasil
2017-07-30,PR,182.0,Sul,Brasil
2017-08-06,PR,200.0,Sul,Brasil
2017-08-13,PR,221.0,Sul,Brasil
2017-08-20,PR,205.0,Sul,Brasil
2017-08-27,PR,254.0,Sul,Brasil
2017-09-03,PR,334.0,Sul,Brasil
2017-09-10,PR,305.0,Sul,Brasil
2017-09-17,PR,439.0,Sul,Brasil
2017-09-24,PR,508.0,Sul,Brasil
2017-10-01,PR,578.0,Sul,Brasil
2017-10-08,PR,447.0,Sul,Brasil
2017-10-15,PR,422.0,Sul,Brasil
2017-10-22,PR,612.0,Sul,Brasil
2017-10-29,PR,488.0,Sul,Brasil
2017-11-05,PR,453.0,Sul,Brasil
2017-11-12,PR,523.0,Sul,Brasil
2017-11-19,PR,603.0,Sul,Brasil
2017-11-26,PR,658.0,Sul,Brasil
2017-12-03,PR,586.0,Sul,Brasil
2017-12-10,PR,699.0,Sul,Brasil
2017-12-17,PR,689.0,Sul,Brasil
2017-12-24,PR,516.0,Sul,Brasil
2017-12-31,PR,395.0,Sul,Brasil
2018-01-07,PR,448.0,Sul,Brasil
2018-01-14,PR,561.0,Sul,Brasil
2018-01-21,PR,732.0,Sul,Brasil
2018-01-28,PR,735.0,Sul,Brasil
2018-02-04,PR,681.0,Sul,Brasil
2018-02-11,PR,637.0,Sul,Brasil
2018-02-18,PR,464.0,Sul,Brasil
2018-02-25,PR,448.0,Sul,Brasil
2018-03-04,PR,490.0,Sul,Brasil
2018-03-11,PR,517.0,Sul,Brasil
2018-03-18,PR,457.0,Sul,Brasil
2018-03-25,PR,473.0,Sul,Brasil
2018-04-01,PR,358.0,Sul,Brasil
2018-04-08,PR,537.0,Sul,Brasil
2018-04-15,PR,556.0,Sul,Brasil
2018-04-22,PR,424.0,Sul,Brasil
2018-04-29,PR,496.0,Sul,Brasil
2018-05-06,PR,380.0,Sul,Brasil
2018-05-13,PR,378.0,Sul,Brasil
2018-05-20,PR,329.0,Sul,Brasil
2018-05-27,PR,202.0,Sul,Brasil
2018-06-03,PR,150.0,Sul,Brasil
2018-06-10,PR,145.0,Sul,Brasil
2018-06-17,PR,165.0,Sul,Brasil
2018-06-24,PR,189.0,Sul,Brasil
2018-07-01,PR,258.0,Sul,Brasil
2018-07-08,PR,226.0,Sul,Brasil
2018-07-15,PR,181.0,Sul,Brasil
2018-07-22,PR,206.0,Sul,Brasil
2018-07-29,PR,168.0,Sul,Brasil
2018-08-05,PR,160.0,Sul,Brasil
2018-08-12,PR,115.0,Sul,Brasil
2018-08-19,PR,121.0,Sul,Brasil
2018-08-26,PR,153.0,Sul,Brasil
2018-09-02,PR,169.0,Sul,Brasil
2018-09-09,PR,133.0,Sul,Brasil
2018-09-16,PR,189.0,Sul,Brasil
2018-09-23,PR,191.0,Sul,Brasil
2018-09-30,PR,235.0,Sul,Brasil
2018-10-07,PR,275.0,Sul,Brasil
2018-10-14,PR,206.0,Sul,Brasil
2018-10-21,PR,291.0,Sul,Brasil
2018-10-28,PR,287.0,Sul,Brasil
2018-11-04,PR,313.0,Sul,Brasil
2018-11-11,PR,335.0,Sul,Brasil
2018-11-18,PR,309.0,Sul,Brasil
2018-11-25,PR,364.0,Sul,Brasil
2018-12-02,PR,429.0,Sul,Brasil
2018-12-09,PR,498.0,Sul,Brasil
2018-12-16,PR,446.0,Sul,Brasil
2018-12-23,PR,404.0,Sul,Brasil
2018-12-30,PR,328.0,Sul,Brasil
2019-01-06,PR,420.0,Sul,Brasil
2019-01-13,PR,559.0,Sul,Brasil
2019-01-20,PR,625.0,Sul,Brasil
2019-01-27,PR,802.0,Sul,Brasil
2019-02-03,PR,1034.0,Sul,Brasil
2019-02-10,PR,1096.0,Sul,Brasil
2019-02-17,PR,1370.0,Sul,Brasil
2019-02-24,PR,1609.0,Sul,Brasil
2019-03-03,PR,1668.0,Sul,Brasil
2019-03-10,PR,1690.0,Sul,Brasil
2019-03-17,PR,2283.0,Sul,Brasil
2019-03-24,PR,3132.0,Sul,Brasil
2019-03-31,PR,3797.0,Sul,Brasil
2019-04-07,PR,4037.0,Sul,Brasil
2019-04-14,PR,4585.0,Sul,Brasil
2019-04-21,PR,4910.0,Sul,Brasil
2019-04-28,PR,6292.0,Sul,Brasil
2019-05-05,PR,5821.0,Sul,Brasil
2019-05-12,PR,6972.0,Sul,Brasil
2019-05-19,PR,6387.0,Sul,Brasil
2019-05-26,PR,5959.0,Sul,Brasil
2019-06-02,PR,4634.0,Sul,Brasil
2019-06-09,PR,3245.0,Sul,Brasil
2019-06-16,PR,3491.0,Sul,Brasil
2019-06-23,PR,2568.0,Sul,Brasil
2019-06-30,PR,2608.0,Sul,Brasil
2019-07-07,PR,1795.0,Sul,Brasil
2019-07-14,PR,1269.0,Sul,Brasil
2019-07-21,PR,816.0,Sul,Brasil
2019-07-28,PR,883.0,Sul,Brasil
2019-08-04,PR,779.0,Sul,Brasil
2019-08-11,PR,622.0,Sul,Brasil
2019-08-18,PR,622.0,Sul,Brasil
2019-08-25,PR,593.0,Sul,Brasil
2019-09-01,PR,637.0,Sul,Brasil
2019-09-08,PR,535.0,Sul,Brasil
2019-09-15,PR,687.0,Sul,Brasil
2019-09-22,PR,665.0,Sul,Brasil
2019-09-29,PR,607.0,Sul,Brasil
2019-10-06,PR,734.0,Sul,Brasil
2019-10-13,PR,730.0,Sul,Brasil
2019-10-20,PR,859.0,Sul,Brasil
2019-10-27,PR,907.0,Sul,Brasil
2019-11-03,PR,961.0,Sul,Brasil
2019-11-10,PR,1149.0,Sul,Brasil
2019-11-17,PR,1203.0,Sul,Brasil
2019-11-24,PR,1577.0,Sul,Brasil
2019-12-01,PR,1822.0,Sul,Brasil
2019-12-08,PR,2169.0,Sul,Brasil
2019-12-15,PR,2656.0,Sul,Brasil
2019-12-22,PR,2941.0,Sul,Brasil
2019-12-29,PR,2580.0,Sul,Brasil
2020-01-05,PR,1423.0,Sul,Brasil
2020-01-12,PR,3881.0,Sul,Brasil
2020-01-19,PR,5571.0,Sul,Brasil
2020-01-26,PR,8006.0,Sul,Brasil
2020-02-02,PR,9836.0,Sul,Brasil
2020-02-09,PR,14146.0,Sul,Brasil
2020-02-16,PR,18608.0,Sul,Brasil
2020-02-23,PR,17852.0,Sul,Brasil
2020-03-01,PR,15604.0,Sul,Brasil
2020-03-08,PR,20751.0,Sul,Brasil
2020-03-15,PR,20526.0,Sul,Brasil
2020-03-22,PR,16290.0,Sul,Brasil
2020-03-29,PR,14307.0,Sul,Brasil
2020-04-05,PR,15466.0,Sul,Brasil
2020-04-12,PR,13091.0,Sul,Brasil
2020-04-19,PR,12791.0,Sul,Brasil
2020-04-26,PR,9621.0,Sul,Brasil
2020-05-03,PR,7301.0,Sul,Brasil
2020-05-10,PR,6217.0,Sul,Brasil
2020-05-17,PR,6083.0,Sul,Brasil
2020-05-24,PR,4698.0,Sul,Brasil
2020-05-31,PR,3135.0,Sul,Brasil
2020-06-07,PR,2812.0,Sul,Brasil
2020-06-14,PR,2672.0,Sul,Brasil
2020-06-21,PR,1284.0,Sul,Brasil
2020-06-28,PR,1861.0,Sul,Brasil
2020-07-05,PR,1345.0,Sul,Brasil
2020-07-12,PR,1129.0,Sul,Brasil
2020-07-19,PR,610.0,Sul,Brasil
2020-07-26,PR,473.0,Sul,Brasil
2020-08-02,PR,229.0,Sul,Brasil
2020-08-09,PR,283.0,Sul,Brasil
2020-08-16,PR,177.0,Sul,Brasil
2020-08-23,PR,117.0,Sul,Brasil
2020-08-30,PR,108.0,Sul,Brasil
2020-09-06,PR,103.0,Sul,Brasil
2020-09-13,PR,105.0,Sul,Brasil
2020-09-20,PR,136.0,Sul,Brasil
2020-09-27,PR,137.0,Sul,Brasil
2020-10-04,PR,125.0,Sul,Brasil
2020-10-11,PR,164.0,Sul,Brasil
2020-10-18,PR,133.0,Sul,Brasil
2020-10-25,PR,136.0,Sul,Brasil
2020-11-01,PR,136.0,Sul,Brasil
2020-11-08,PR,157.0,Sul,Brasil
2020-11-15,PR,258.0,Sul,Brasil
2020-11-22,PR,432.0,Sul,Brasil
2020-11-29,PR,480.0,Sul,Brasil
2020-12-06,PR,487.0,Sul,Brasil
2020-12-13,PR,590.0,Sul,Brasil
2020-12-20,PR,674.0,Sul,Brasil
2020-12-27,PR,373.0,Sul,Brasil
2021-01-03,PR,373.0,Sul,Brasil
2021-01-10,PR,1176.0,Sul,Brasil
2021-01-17,PR,1728.0,Sul,Brasil
2021-01-24,PR,1818.0,Sul,Brasil
2021-01-31,PR,2054.0,Sul,Brasil
2021-02-07,PR,2336.0,Sul,Brasil
2021-02-14,PR,2374.0,Sul,Brasil
2021-02-21,PR,2691.0,Sul,Brasil
2021-02-28,PR,3220.0,Sul,Brasil
2021-03-07,PR,2838.0,Sul,Brasil
2021-03-14,PR,3168.0,Sul,Brasil
2021-03-21,PR,3170.0,Sul,Brasil
2021-03-28,PR,3763.0,Sul,Brasil
2021-04-04,PR,3650.0,Sul,Brasil
2021-04-11,PR,4914.0,Sul,Brasil
2021-04-18,PR,4652.0,Sul,Brasil
2021-04-25,PR,4631.0,Sul,Brasil
2021-05-02,PR,4557.0,Sul,Brasil
2021-05-09,PR,3867.0,Sul,Brasil
2021-05-16,PR,3312.0,Sul,Brasil
2021-05-23,PR,2771.0,Sul,Brasil
2021-05-30,PR,2035.0,Sul,Brasil
2021-06-06,PR,1533.0,Sul,Brasil
2021-06-13,PR,1304.0,Sul,Brasil
2021-06-20,PR,1100.0,Sul,Brasil
2021-06-27,PR,948.0,Sul,Brasil
2021-07-04,PR,493.0,Sul,Brasil
2021-07-11,PR,643.0,Sul,Brasil
2021-07-18,PR,689.0,Sul,Brasil
2021-07-25,PR,494.0,Sul,Brasil
2021-08-01,PR,404.0,Sul,Brasil
2021-08-08,PR,508.0,Sul,Brasil
2021-08-15,PR,597.0,Sul,Brasil
2021-08-22,PR,741.0,Sul,Brasil
2021-08-29,PR,648.0,Sul,Brasil
2021-09-05,PR,665.0,Sul,Brasil
2021-09-12,PR,651.0,Sul,Brasil
2021-09-19,PR,733.0,Sul,Brasil
2021-09-26,PR,719.0,Sul,Brasil
2021-10-03,PR,723.0,Sul,Brasil
2021-10-10,PR,535.0,Sul,Brasil
2021-10-17,PR,639.0,Sul,Brasil
2021-10-24,PR,686.0,Sul,Brasil
2021-10-31,PR,665.0,Sul,Brasil
2021-11-07,PR,655.0,Sul,Brasil
2021-11-14,PR,704.0,Sul,Brasil
2021-11-21,PR,628.0,Sul,Brasil
2021-11-28,PR,792.0,Sul,Brasil
2021-12-05,PR,716.0,Sul,Brasil
2021-12-12,PR,669.0,Sul,Brasil
2021-12-19,PR,720.0,Sul,Brasil
2021-12-26,PR,630.0,Sul,Brasil
2022-01-02,PR,682.0,Sul,Brasil
2022-01-09,PR,77.0,Sul,Brasil
2022-01-16,PR,107.0,Sul,Brasil
2022-01-23,PR,122.0,Sul,Brasil
2022-01-30,PR,140.0,Sul,Brasil
2022-02-06,PR,200.0,Sul,Brasil
2022-02-13,PR,356.0,Sul,Brasil
2022-02-20,PR,560.0,Sul,Brasil
2022-02-27,PR,1140.0,Sul,Brasil
2022-03-06,PR,2147.0,Sul,Brasil
2022-03-13,PR,4418.0,Sul,Brasil
2022-03-20,PR,6473.0,Sul,Brasil
2022-03-27,PR,8639.0,Sul,Brasil
2022-04-03,PR,11151.0,Sul,Brasil
2022-04-10,PR,13084.0,Sul,Brasil
2022-04-17,PR,12595.0,Sul,Brasil
2022-04-24,PR,15279.0,Sul,Brasil
2022-05-01,PR,15772.0,Sul,Brasil
2022-05-08,PR,15453.0,Sul,Brasil
2022-05-15,PR,14528.0,Sul,Brasil
2022-05-22,PR,8627.0,Sul,Brasil
2022-05-29,PR,6144.0,Sul,Brasil
2022-06-05,PR,3474.0,Sul,Brasil
2022-06-12,PR,3087.0,Sul,Brasil
2022-06-19,PR,2031.0,Sul,Brasil
2022-06-26,PR,1752.0,Sul,Brasil
2022-07-03,PR,1361.0,Sul,Brasil
2022-07-10,PR,1126.0,Sul,Brasil
2022-07-17,PR,850.0,Sul,Brasil
2022-07-24,PR,687.0,Sul,Brasil
2022-07-31,PR,661.0,Sul,Brasil
2022-08-07,PR,454.0,Sul,Brasil
2022-08-14,PR,320.0,Sul,Brasil
2022-08-21,PR,190.0,Sul,Brasil
2022-08-28,PR,182.0,Sul,Brasil
2022-09-04,PR,170.0,Sul,Brasil
2022-09-11,PR,133.0,Sul,Brasil
2022-09-18,PR,129.0,Sul,Brasil
2022-09-25,PR,113.0,Sul,Brasil
2022-10-02,PR,105.0,Sul,Brasil
2022-10-09,PR,90.0,Sul,Brasil
2022-10-16,PR,108.0,Sul,Brasil
2022-10-23,PR,152.0,Sul,Brasil
2022-10-30,PR,164.0,Sul,Brasil
2022-11-06,PR,103.0,Sul,Brasil
2022-11-13,PR,164.0,Sul,Brasil
2022-11-20,PR,177.0,Sul,Brasil
2022-11-27,PR,227.0,Sul,Brasil
2022-12-04,PR,192.0,Sul,Brasil
2022-12-11,PR,244.0,Sul,Brasil
2022-12-18,PR,273.0,Sul,Brasil
2022-12-25,PR,212.0,Sul,Brasil
2023-01-01,PR,245.0,Sul,Brasil
2023-01-08,PR,281.0,Sul,Brasil
2023-01-15,PR,396.0,Sul,Brasil
2023-01-22,PR,483.0,Sul,Brasil
2023-01-29,PR,663.0,Sul,Brasil
2023-02-05,PR,873.0,Sul,Brasil
2023-02-12,PR,1245.0,Sul,Brasil
2023-02-19,PR,2234.0,Sul,Brasil
2023-02-26,PR,2227.0,Sul,Brasil
2023-03-05,PR,3656.0,Sul,Brasil
2023-03-12,PR,5340.0,Sul,Brasil
2023-03-19,PR,7345.0,Sul,Brasil
2023-03-26,PR,10387.0,Sul,Brasil
2023-04-02,PR,14234.0,Sul,Brasil
2023-04-09,PR,14345.0,Sul,Brasil
2023-04-16,PR,19864.0,Sul,Brasil
2023-04-23,PR,17376.0,Sul,Brasil
2023-04-30,PR,16756.0,Sul,Brasil
2023-05-07,PR,14726.0,Sul,Brasil
2023-05-14,PR,14558.0,Sul,Brasil
2023-05-21,PR,12695.0,Sul,Brasil
2023-05-28,PR,8518.0,Sul,Brasil
2023-06-04,PR,6080.0,Sul,Brasil
2023-06-11,PR,4674.0,Sul,Brasil
2023-06-18,PR,3378.0,Sul,Brasil
2023-06-25,PR,2199.0,Sul,Brasil
2023-07-02,PR,1720.0,Sul,Brasil
2023-07-09,PR,1320.0,Sul,Brasil
2023-07-16,PR,986.0,Sul,Brasil
2023-07-23,PR,705.0,Sul,Brasil
2023-07-30,PR,645.0,Sul,Brasil
2023-08-06,PR,498.0,Sul,Brasil
2023-08-13,PR,515.0,Sul,Brasil
2023-08-20,PR,477.0,Sul,Brasil
2023-08-27,PR,409.0,Sul,Brasil
2023-09-03,PR,420.0,Sul,Brasil
2023-09-10,PR,325.0,Sul,Brasil
2023-09-17,PR,377.0,Sul,Brasil
2023-09-24,PR,402.0,Sul,Brasil
2023-10-01,PR,363.0,Sul,Brasil
2023-10-08,PR,451.0,Sul,Brasil
2023-10-15,PR,411.0,Sul,Brasil
2023-10-22,PR,546.0,Sul,Brasil
2023-10-29,PR,516.0,Sul,Brasil
2023-11-05,PR,441.0,Sul,Brasil
2023-11-12,PR,888.0,Sul,Brasil
2023-11-19,PR,815.0,Sul,Brasil
2023-11-26,PR,1120.0,Sul,Brasil
2023-12-03,PR,1222.0,Sul,Brasil
2023-12-10,PR,1405.0,Sul,Brasil
2023-12-17,PR,2490.0,Sul,Brasil
2023-12-24,PR,2516.0,Sul,Brasil
2023-12-31,PR,2908.0,Sul,Brasil
2024-01-07,PR,3515.0,Sul,Brasil
2024-01-14,PR,6253.0,Sul,Brasil
2024-01-21,PR,8617.0,Sul,Brasil
2024-01-28,PR,10934.0,Sul,Brasil
2024-02-04,PR,12034.0,Sul,Brasil
2024-02-11,PR,14649.0,Sul,Brasil
2024-02-18,PR,17478.0,Sul,Brasil
2024-02-25,PR,24127.0,Sul,Brasil
2024-03-03,PR,25510.0,Sul,Brasil
2024-03-10,PR,30367.0,Sul,Brasil
2024-03-17,PR,35862.0,Sul,Brasil
2024-03-24,PR,41760.0,Sul,Brasil
2024-03-31,PR,41359.0,Sul,Brasil
2024-04-07,PR,46404.0,Sul,Brasil
2024-04-14,PR,45372.0,Sul,Brasil
2024-04-21,PR,43135.0,Sul,Brasil
2024-04-28,PR,38951.0,Sul,Brasil
2024-05-05,PR,35450.0,Sul,Brasil
2024-05-12,PR,39774.0,Sul,Brasil
2024-05-19,PR,34833.0,Sul,Brasil
2024-05-26,PR,25530.0,Sul,Brasil
2024-06-02,PR,13153.0,Sul,Brasil
2024-06-09,PR,9566.0,Sul,Brasil
2024-06-16,PR,8442.0,Sul,Brasil
2024-06-23,PR,7761.0,Sul,Brasil
2024-06-30,PR,5159.0,Sul,Brasil
2024-07-07,PR,3345.0,Sul,Brasil
2024-07-14,PR,1571.0,Sul,Brasil
2024-07-21,PR,1226.0,Sul,Brasil
2024-07-28,PR,1335.0,Sul,Brasil
2024-08-04,PR,937.0,Sul,Brasil
2024-08-11,PR,1181.0,Sul,Brasil
2024-08-18,PR,864.0,Sul,Brasil
2024-08-25,PR,650.0,Sul,Brasil
2024-09-01,PR,422.0,Sul,Brasil
2024-09-08,PR,476.0,Sul,Brasil
2024-09-15,PR,538.0,Sul,Brasil
2024-09-22,PR,460.0,Sul,Brasil
2024-09-29,PR,593.0,Sul,Brasil
2024-10-06,PR,542.0,Sul,Brasil
2024-10-13,PR,427.0,Sul,Brasil
2024-10-20,PR,503.0,Sul,Brasil
2024-10-27,PR,535.0,Sul,Brasil
2024-11-03,PR,592.0,Sul,Brasil
2024-11-10,PR,523.0,Sul,Brasil
2024-11-17,PR,549.0,Sul,Brasil
2024-11-24,PR,684.0,Sul,Brasil
2024-12-01,PR,774.0,Sul,Brasil
2024-12-08,PR,658.0,Sul,Brasil
2024-12-15,PR,729.0,Sul,Brasil
2024-12-22,PR,843.0,Sul,Brasil
2024-12-29,PR,696.0,Sul,Brasil
2025-01-05,PR,638.0,Sul,Brasil
2025-01-12,PR,1219.0,Sul,Brasil
2025-01-19,PR,1441.0,Sul,Brasil
2025-01-26,PR,1787.0,Sul,Brasil
2025-02-02,PR,2079.0,Sul,Brasil
2025-02-09,PR,2221.0,Sul,Brasil
2025-02-16,PR,2897.0,Sul,Brasil
2025-02-23,PR,4136.0,Sul,Brasil
2025-03-02,PR,4911.0,Sul,Brasil
2025-03-09,PR,5276.0,Sul,Brasil
2025-03-16,PR,6580.0,Sul,Brasil
2025-03-23,PR,7038.0,Sul,Brasil
2025-03-30,PR,7804.0,Sul,Brasil
2025-04-06,PR,7949.0,Sul,Brasil
2025-04-13,PR,7592.0,Sul,Brasil
2025-04-20,PR,5410.0,Sul,Brasil
2025-04-27,PR,5969.0,Sul,Brasil
2025-05-04,PR,4802.0,Sul,Brasil
2025-05-11,PR,5044.0,Sul,Brasil
2025-05-18,PR,4220.0,Sul,Brasil
2025-05-25,PR,3836.0,Sul,Brasil
2025-06-01,PR,2911.0,Sul,Brasil
2025-06-08,PR,1727.0,Sul,Brasil
2025-06-15,PR,1002.0,Sul,Brasil
2025-06-22,PR,682.0,Sul,Brasil
2025-06-29,PR,487.0,Sul,Brasil
2025-07-06,PR,331.0,Sul,Brasil
2025-07-13,PR,292.0,Sul,Brasil
2025-07-20,PR,220.0,Sul,Brasil
2025-07-27,PR,179.0,Sul,Brasil
2025-08-03,PR,166.0,Sul,Brasil
2025-08-10,PR,164.0,Sul,Brasil
2025-08-17,PR,121.0,Sul,Brasil
2025-08-24,PR,168.0,Sul,Brasil
2025-08-31,PR,171.0,Sul,Brasil
2025-09-07,PR,206.0,Sul,Brasil
2025-09-14,PR,203.0,Sul,Brasil
2025-09-21,PR,257.0,Sul,Brasil
2025-09-28,PR,245.0,Sul,Brasil
2025-10-05,PR,291.0,Sul,Brasil
2025-10-12,PR,249.0,Sul,Brasil
2025-10-19,PR,348.0,Sul,Brasil
2025-10-26,PR,339.0,Sul,Brasil
2025-11-02,PR,355.0,Sul,Brasil
2025-11-09,PR,412.0,Sul,Brasil
2025-11-16,PR,380.0,Sul,Brasil
2025-11-23,PR,353.0,Sul,Brasil
2025-11-30,PR,502.0,Sul,Brasil
2025-12-07,PR,491.0,Sul,Brasil
2025-12-14,PR,400.0,Sul,Brasil
2025-12-21,PR,455.0,Sul,Brasil
2025-12-28,PR,431.0,Sul,Brasil
2026-01-04,PR,309.0,Sul,Brasil
2026-01-11,PR,355.0,Sul,Brasil
2026-01-18,PR,292.0,Sul,Brasil
2026-01-25,PR,303.0,Sul,Brasil
2026-02-01,PR,321.0,Sul,Brasil
2026-02-08,PR,318.0,Sul,Brasil
2026-02-15,PR,414.0,Sul,Brasil
2026-02-22,PR,378.0,Sul,Brasil
2026-03-01,PR,474.0,Sul,Brasil
2026-03-08,PR,588.0,Sul,Brasil
2026-03-15,PR,583.0,Sul,Brasil
2026-03-22,PR,963.0,Sul,Brasil
2026-03-29,PR,1467.0,Sul,Brasil
2026-04-05,PR,1801.0,Sul,Brasil
2026-04-12,PR,1961.0,Sul,Brasil
2026-04-19,PR,13.0,Sul,Brasil
2015-01-04,RJ,31.0,Sudeste,Brasil
2015-01-11,RJ,509.0,Sudeste,Brasil
2015-01-18,RJ,816.0,Sudeste,Brasil
2015-01-25,RJ,1202.0,Sudeste,Brasil
2015-02-01,RJ,1228.0,Sudeste,Brasil
2015-02-08,RJ,1097.0,Sudeste,Brasil
2015-02-15,RJ,1168.0,Sudeste,Brasil
2015-02-22,RJ,1018.0,Sudeste,Brasil
2015-03-01,RJ,1579.0,Sudeste,Brasil
2015-03-08,RJ,2117.0,Sudeste,Brasil
2015-03-15,RJ,2581.0,Sudeste,Brasil
2015-03-22,RJ,3195.0,Sudeste,Brasil
2015-03-29,RJ,3558.0,Sudeste,Brasil
2015-04-05,RJ,2916.0,Sudeste,Brasil
2015-04-12,RJ,3910.0,Sudeste,Brasil
2015-04-19,RJ,4885.0,Sudeste,Brasil
2015-04-26,RJ,3756.0,Sudeste,Brasil
2015-05-03,RJ,4759.0,Sudeste,Brasil
2015-05-10,RJ,4901.0,Sudeste,Brasil
2015-05-17,RJ,4747.0,Sudeste,Brasil
2015-05-24,RJ,4141.0,Sudeste,Brasil
2015-05-31,RJ,3385.0,Sudeste,Brasil
2015-06-07,RJ,2462.0,Sudeste,Brasil
2015-06-14,RJ,2721.0,Sudeste,Brasil
2015-06-21,RJ,2242.0,Sudeste,Brasil
2015-06-28,RJ,1782.0,Sudeste,Brasil
2015-07-05,RJ,1660.0,Sudeste,Brasil
2015-07-12,RJ,1025.0,Sudeste,Brasil
2015-07-19,RJ,1034.0,Sudeste,Brasil
2015-07-26,RJ,942.0,Sudeste,Brasil
2015-08-02,RJ,1041.0,Sudeste,Brasil
2015-08-09,RJ,831.0,Sudeste,Brasil
2015-08-16,RJ,885.0,Sudeste,Brasil
2015-08-23,RJ,966.0,Sudeste,Brasil
2015-08-30,RJ,644.0,Sudeste,Brasil
2015-09-06,RJ,671.0,Sudeste,Brasil
2015-09-13,RJ,484.0,Sudeste,Brasil
2015-09-20,RJ,445.0,Sudeste,Brasil
2015-09-27,RJ,470.0,Sudeste,Brasil
2015-10-04,RJ,440.0,Sudeste,Brasil
2015-10-11,RJ,432.0,Sudeste,Brasil
2015-10-18,RJ,405.0,Sudeste,Brasil
2015-10-25,RJ,457.0,Sudeste,Brasil
2015-11-01,RJ,480.0,Sudeste,Brasil
2015-11-08,RJ,482.0,Sudeste,Brasil
2015-11-15,RJ,771.0,Sudeste,Brasil
2015-11-22,RJ,731.0,Sudeste,Brasil
2015-11-29,RJ,1039.0,Sudeste,Brasil
2015-12-06,RJ,1481.0,Sudeste,Brasil
2015-12-13,RJ,1850.0,Sudeste,Brasil
2015-12-20,RJ,2719.0,Sudeste,Brasil
2015-12-27,RJ,2104.0,Sudeste,Brasil
2016-01-03,RJ,2104.0,Sudeste,Brasil
2016-01-10,RJ,4877.0,Sudeste,Brasil
2016-01-17,RJ,4612.0,Sudeste,Brasil
2016-01-24,RJ,5352.0,Sudeste,Brasil
2016-01-31,RJ,4948.0,Sudeste,Brasil
2016-02-07,RJ,4627.0,Sudeste,Brasil
2016-02-14,RJ,3702.0,Sudeste,Brasil
2016-02-21,RJ,5772.0,Sudeste,Brasil
2016-02-28,RJ,6048.0,Sudeste,Brasil
2016-03-06,RJ,4948.0,Sudeste,Brasil
2016-03-13,RJ,4617.0,Sudeste,Brasil
2016-03-20,RJ,5308.0,Sudeste,Brasil
2016-03-27,RJ,4435.0,Sudeste,Brasil
2016-04-03,RJ,6733.0,Sudeste,Brasil
2016-04-10,RJ,6452.0,Sudeste,Brasil
2016-04-17,RJ,6391.0,Sudeste,Brasil
2016-04-24,RJ,4405.0,Sudeste,Brasil
2016-05-01,RJ,5455.0,Sudeste,Brasil
2016-05-08,RJ,3865.0,Sudeste,Brasil
2016-05-15,RJ,3293.0,Sudeste,Brasil
2016-05-22,RJ,3070.0,Sudeste,Brasil
2016-05-29,RJ,1935.0,Sudeste,Brasil
2016-06-05,RJ,1600.0,Sudeste,Brasil
2016-06-12,RJ,1668.0,Sudeste,Brasil
2016-06-19,RJ,1217.0,Sudeste,Brasil
2016-06-26,RJ,735.0,Sudeste,Brasil
2016-07-03,RJ,807.0,Sudeste,Brasil
2016-07-10,RJ,769.0,Sudeste,Brasil
2016-07-17,RJ,698.0,Sudeste,Brasil
2016-07-24,RJ,554.0,Sudeste,Brasil
2016-07-31,RJ,419.0,Sudeste,Brasil
2016-08-07,RJ,239.0,Sudeste,Brasil
2016-08-14,RJ,267.0,Sudeste,Brasil
2016-08-21,RJ,283.0,Sudeste,Brasil
2016-08-28,RJ,307.0,Sudeste,Brasil
2016-09-04,RJ,318.0,Sudeste,Brasil
2016-09-11,RJ,130.0,Sudeste,Brasil
2016-09-18,RJ,285.0,Sudeste,Brasil
2016-09-25,RJ,125.0,Sudeste,Brasil
2016-10-02,RJ,192.0,Sudeste,Brasil
2016-10-09,RJ,89.0,Sudeste,Brasil
2016-10-16,RJ,172.0,Sudeste,Brasil
2016-10-23,RJ,257.0,Sudeste,Brasil
2016-10-30,RJ,188.0,Sudeste,Brasil
2016-11-06,RJ,169.0,Sudeste,Brasil
2016-11-13,RJ,173.0,Sudeste,Brasil
2016-11-20,RJ,269.0,Sudeste,Brasil
2016-11-27,RJ,240.0,Sudeste,Brasil
2016-12-04,RJ,324.0,Sudeste,Brasil
2016-12-11,RJ,346.0,Sudeste,Brasil
2016-12-18,RJ,384.0,Sudeste,Brasil
2016-12-25,RJ,348.0,Sudeste,Brasil
2017-01-01,RJ,317.0,Sudeste,Brasil
2017-01-08,RJ,470.0,Sudeste,Brasil
2017-01-15,RJ,477.0,Sudeste,Brasil
2017-01-22,RJ,598.0,Sudeste,Brasil
2017-01-29,RJ,695.0,Sudeste,Brasil
2017-02-05,RJ,668.0,Sudeste,Brasil
2017-02-12,RJ,630.0,Sudeste,Brasil
2017-02-19,RJ,615.0,Sudeste,Brasil
2017-02-26,RJ,500.0,Sudeste,Brasil
2017-03-05,RJ,334.0,Sudeste,Brasil
2017-03-12,RJ,663.0,Sudeste,Brasil
2017-03-19,RJ,552.0,Sudeste,Brasil
2017-03-26,RJ,513.0,Sudeste,Brasil
2017-04-02,RJ,514.0,Sudeste,Brasil
2017-04-09,RJ,509.0,Sudeste,Brasil
2017-04-16,RJ,365.0,Sudeste,Brasil
2017-04-23,RJ,445.0,Sudeste,Brasil
2017-04-30,RJ,490.0,Sudeste,Brasil
2017-05-07,RJ,502.0,Sudeste,Brasil
2017-05-14,RJ,390.0,Sudeste,Brasil
2017-05-21,RJ,373.0,Sudeste,Brasil
2017-05-28,RJ,424.0,Sudeste,Brasil
2017-06-04,RJ,353.0,Sudeste,Brasil
2017-06-11,RJ,408.0,Sudeste,Brasil
2017-06-18,RJ,239.0,Sudeste,Brasil
2017-06-25,RJ,267.0,Sudeste,Brasil
2017-07-02,RJ,236.0,Sudeste,Brasil
2017-07-09,RJ,252.0,Sudeste,Brasil
2017-07-16,RJ,259.0,Sudeste,Brasil
2017-07-23,RJ,223.0,Sudeste,Brasil
2017-07-30,RJ,181.0,Sudeste,Brasil
2017-08-06,RJ,180.0,Sudeste,Brasil
2017-08-13,RJ,173.0,Sudeste,Brasil
2017-08-20,RJ,123.0,Sudeste,Brasil
2017-08-27,RJ,113.0,Sudeste,Brasil
2017-09-03,RJ,179.0,Sudeste,Brasil
2017-09-10,RJ,100.0,Sudeste,Brasil
2017-09-17,RJ,116.0,Sudeste,Brasil
2017-09-24,RJ,164.0,Sudeste,Brasil
2017-10-01,RJ,150.0,Sudeste,Brasil
2017-10-08,RJ,146.0,Sudeste,Brasil
2017-10-15,RJ,121.0,Sudeste,Brasil
2017-10-22,RJ,175.0,Sudeste,Brasil
2017-10-29,RJ,163.0,Sudeste,Brasil
2017-11-05,RJ,112.0,Sudeste,Brasil
2017-11-12,RJ,188.0,Sudeste,Brasil
2017-11-19,RJ,190.0,Sudeste,Brasil
2017-11-26,RJ,187.0,Sudeste,Brasil
2017-12-03,RJ,220.0,Sudeste,Brasil
2017-12-10,RJ,205.0,Sudeste,Brasil
2017-12-17,RJ,267.0,Sudeste,Brasil
2017-12-24,RJ,259.0,Sudeste,Brasil
2017-12-31,RJ,239.0,Sudeste,Brasil
2018-01-07,RJ,242.0,Sudeste,Brasil
2018-01-14,RJ,357.0,Sudeste,Brasil
2018-01-21,RJ,605.0,Sudeste,Brasil
2018-01-28,RJ,581.0,Sudeste,Brasil
2018-02-04,RJ,595.0,Sudeste,Brasil
2018-02-11,RJ,596.0,Sudeste,Brasil
2018-02-18,RJ,441.0,Sudeste,Brasil
2018-02-25,RJ,726.0,Sudeste,Brasil
2018-03-04,RJ,755.0,Sudeste,Brasil
2018-03-11,RJ,963.0,Sudeste,Brasil
2018-03-18,RJ,1081.0,Sudeste,Brasil
2018-03-25,RJ,1082.0,Sudeste,Brasil
2018-04-01,RJ,1021.0,Sudeste,Brasil
2018-04-08,RJ,1191.0,Sudeste,Brasil
2018-04-15,RJ,1324.0,Sudeste,Brasil
2018-04-22,RJ,1148.0,Sudeste,Brasil
2018-04-29,RJ,859.0,Sudeste,Brasil
2018-05-06,RJ,946.0,Sudeste,Brasil
2018-05-13,RJ,812.0,Sudeste,Brasil
2018-05-20,RJ,877.0,Sudeste,Brasil
2018-05-27,RJ,769.0,Sudeste,Brasil
2018-06-03,RJ,443.0,Sudeste,Brasil
2018-06-10,RJ,488.0,Sudeste,Brasil
2018-06-17,RJ,442.0,Sudeste,Brasil
2018-06-24,RJ,476.0,Sudeste,Brasil
2018-07-01,RJ,444.0,Sudeste,Brasil
2018-07-08,RJ,348.0,Sudeste,Brasil
2018-07-15,RJ,372.0,Sudeste,Brasil
2018-07-22,RJ,361.0,Sudeste,Brasil
2018-07-29,RJ,323.0,Sudeste,Brasil
2018-08-05,RJ,245.0,Sudeste,Brasil
2018-08-12,RJ,249.0,Sudeste,Brasil
2018-08-19,RJ,203.0,Sudeste,Brasil
2018-08-26,RJ,182.0,Sudeste,Brasil
2018-09-02,RJ,172.0,Sudeste,Brasil
2018-09-09,RJ,139.0,Sudeste,Brasil
2018-09-16,RJ,137.0,Sudeste,Brasil
2018-09-23,RJ,128.0,Sudeste,Brasil
2018-09-30,RJ,140.0,Sudeste,Brasil
2018-10-07,RJ,125.0,Sudeste,Brasil
2018-10-14,RJ,129.0,Sudeste,Brasil
2018-10-21,RJ,143.0,Sudeste,Brasil
2018-10-28,RJ,156.0,Sudeste,Brasil
2018-11-04,RJ,180.0,Sudeste,Brasil
2018-11-11,RJ,172.0,Sudeste,Brasil
2018-11-18,RJ,173.0,Sudeste,Brasil
2018-11-25,RJ,200.0,Sudeste,Brasil
2018-12-02,RJ,241.0,Sudeste,Brasil
2018-12-09,RJ,250.0,Sudeste,Brasil
2018-12-16,RJ,365.0,Sudeste,Brasil
2018-12-23,RJ,322.0,Sudeste,Brasil
2018-12-30,RJ,279.0,Sudeste,Brasil
2019-01-06,RJ,339.0,Sudeste,Brasil
2019-01-13,RJ,537.0,Sudeste,Brasil
2019-01-20,RJ,513.0,Sudeste,Brasil
2019-01-27,RJ,550.0,Sudeste,Brasil
2019-02-03,RJ,582.0,Sudeste,Brasil
2019-02-10,RJ,532.0,Sudeste,Brasil
2019-02-17,RJ,663.0,Sudeste,Brasil
2019-02-24,RJ,536.0,Sudeste,Brasil
2019-03-03,RJ,642.0,Sudeste,Brasil
2019-03-10,RJ,561.0,Sudeste,Brasil
2019-03-17,RJ,1124.0,Sudeste,Brasil
2019-03-24,RJ,1251.0,Sudeste,Brasil
2019-03-31,RJ,1785.0,Sudeste,Brasil
2019-04-07,RJ,2222.0,Sudeste,Brasil
2019-04-14,RJ,2437.0,Sudeste,Brasil
2019-04-21,RJ,2322.0,Sudeste,Brasil
2019-04-28,RJ,3099.0,Sudeste,Brasil
2019-05-05,RJ,3193.0,Sudeste,Brasil
2019-05-12,RJ,3591.0,Sudeste,Brasil
2019-05-19,RJ,3705.0,Sudeste,Brasil
2019-05-26,RJ,3306.0,Sudeste,Brasil
2019-06-02,RJ,2949.0,Sudeste,Brasil
2019-06-09,RJ,2131.0,Sudeste,Brasil
2019-06-16,RJ,1689.0,Sudeste,Brasil
2019-06-23,RJ,1314.0,Sudeste,Brasil
2019-06-30,RJ,1446.0,Sudeste,Brasil
2019-07-07,RJ,1091.0,Sudeste,Brasil
2019-07-14,RJ,753.0,Sudeste,Brasil
2019-07-21,RJ,609.0,Sudeste,Brasil
2019-07-28,RJ,406.0,Sudeste,Brasil
2019-08-04,RJ,399.0,Sudeste,Brasil
2019-08-11,RJ,349.0,Sudeste,Brasil
2019-08-18,RJ,313.0,Sudeste,Brasil
2019-08-25,RJ,295.0,Sudeste,Brasil
2019-09-01,RJ,246.0,Sudeste,Brasil
2019-09-08,RJ,208.0,Sudeste,Brasil
2019-09-15,RJ,200.0,Sudeste,Brasil
2019-09-22,RJ,193.0,Sudeste,Brasil
2019-09-29,RJ,169.0,Sudeste,Brasil
2019-10-06,RJ,222.0,Sudeste,Brasil
2019-10-13,RJ,168.0,Sudeste,Brasil
2019-10-20,RJ,178.0,Sudeste,Brasil
2019-10-27,RJ,166.0,Sudeste,Brasil
2019-11-03,RJ,191.0,Sudeste,Brasil
2019-11-10,RJ,212.0,Sudeste,Brasil
2019-11-17,RJ,180.0,Sudeste,Brasil
2019-11-24,RJ,156.0,Sudeste,Brasil
2019-12-01,RJ,219.0,Sudeste,Brasil
2019-12-08,RJ,180.0,Sudeste,Brasil
2019-12-15,RJ,215.0,Sudeste,Brasil
2019-12-22,RJ,279.0,Sudeste,Brasil
2019-12-29,RJ,205.0,Sudeste,Brasil
2020-01-05,RJ,73.0,Sudeste,Brasil
2020-01-12,RJ,153.0,Sudeste,Brasil
2020-01-19,RJ,199.0,Sudeste,Brasil
2020-01-26,RJ,207.0,Sudeste,Brasil
2020-02-02,RJ,249.0,Sudeste,Brasil
2020-02-09,RJ,203.0,Sudeste,Brasil
2020-02-16,RJ,231.0,Sudeste,Brasil
2020-02-23,RJ,345.0,Sudeste,Brasil
2020-03-01,RJ,212.0,Sudeste,Brasil
2020-03-08,RJ,217.0,Sudeste,Brasil
2020-03-15,RJ,265.0,Sudeste,Brasil
2020-03-22,RJ,165.0,Sudeste,Brasil
2020-03-29,RJ,135.0,Sudeste,Brasil
2020-04-05,RJ,143.0,Sudeste,Brasil
2020-04-12,RJ,112.0,Sudeste,Brasil
2020-04-19,RJ,128.0,Sudeste,Brasil
2020-04-26,RJ,87.0,Sudeste,Brasil
2020-05-03,RJ,82.0,Sudeste,Brasil
2020-05-10,RJ,93.0,Sudeste,Brasil
2020-05-17,RJ,58.0,Sudeste,Brasil
2020-05-24,RJ,83.0,Sudeste,Brasil
2020-05-31,RJ,50.0,Sudeste,Brasil
2020-06-07,RJ,39.0,Sudeste,Brasil
2020-06-14,RJ,31.0,Sudeste,Brasil
2020-06-21,RJ,34.0,Sudeste,Brasil
2020-06-28,RJ,43.0,Sudeste,Brasil
2020-07-05,RJ,26.0,Sudeste,Brasil
2020-07-12,RJ,23.0,Sudeste,Brasil
2020-07-19,RJ,30.0,Sudeste,Brasil
2020-07-26,RJ,49.0,Sudeste,Brasil
2020-08-02,RJ,28.0,Sudeste,Brasil
2020-08-09,RJ,22.0,Sudeste,Brasil
2020-08-16,RJ,33.0,Sudeste,Brasil
2020-08-23,RJ,22.0,Sudeste,Brasil
2020-08-30,RJ,29.0,Sudeste,Brasil
2020-09-06,RJ,39.0,Sudeste,Brasil
2020-09-13,RJ,12.0,Sudeste,Brasil
2020-09-20,RJ,24.0,Sudeste,Brasil
2020-09-27,RJ,24.0,Sudeste,Brasil
2020-10-04,RJ,29.0,Sudeste,Brasil
2020-10-11,RJ,19.0,Sudeste,Brasil
2020-10-18,RJ,15.0,Sudeste,Brasil
2020-10-25,RJ,36.0,Sudeste,Brasil
2020-11-01,RJ,27.0,Sudeste,Brasil
2020-11-08,RJ,19.0,Sudeste,Brasil
2020-11-15,RJ,51.0,Sudeste,Brasil
2020-11-22,RJ,22.0,Sudeste,Brasil
2020-11-29,RJ,22.0,Sudeste,Brasil
2020-12-06,RJ,28.0,Sudeste,Brasil
2020-12-13,RJ,26.0,Sudeste,Brasil
2020-12-20,RJ,29.0,Sudeste,Brasil
2020-12-27,RJ,11.0,Sudeste,Brasil
2021-01-03,RJ,11.0,Sudeste,Brasil
2021-01-10,RJ,30.0,Sudeste,Brasil
2021-01-17,RJ,47.0,Sudeste,Brasil
2021-01-24,RJ,42.0,Sudeste,Brasil
2021-01-31,RJ,61.0,Sudeste,Brasil
2021-02-07,RJ,62.0,Sudeste,Brasil
2021-02-14,RJ,68.0,Sudeste,Brasil
2021-02-21,RJ,54.0,Sudeste,Brasil
2021-02-28,RJ,76.0,Sudeste,Brasil
2021-03-07,RJ,91.0,Sudeste,Brasil
2021-03-14,RJ,118.0,Sudeste,Brasil
2021-03-21,RJ,171.0,Sudeste,Brasil
2021-03-28,RJ,252.0,Sudeste,Brasil
2021-04-04,RJ,149.0,Sudeste,Brasil
2021-04-11,RJ,338.0,Sudeste,Brasil
2021-04-18,RJ,281.0,Sudeste,Brasil
2021-04-25,RJ,185.0,Sudeste,Brasil
2021-05-02,RJ,298.0,Sudeste,Brasil
2021-05-09,RJ,191.0,Sudeste,Brasil
2021-05-16,RJ,208.0,Sudeste,Brasil
2021-05-23,RJ,171.0,Sudeste,Brasil
2021-05-30,RJ,191.0,Sudeste,Brasil
2021-06-06,RJ,134.0,Sudeste,Brasil
2021-06-13,RJ,223.0,Sudeste,Brasil
2021-06-20,RJ,175.0,Sudeste,Brasil
2021-06-27,RJ,125.0,Sudeste,Brasil
2021-07-04,RJ,94.0,Sudeste,Brasil
2021-07-11,RJ,113.0,Sudeste,Brasil
2021-07-18,RJ,118.0,Sudeste,Brasil
2021-07-25,RJ,89.0,Sudeste,Brasil
2021-08-01,RJ,77.0,Sudeste,Brasil
2021-08-08,RJ,86.0,Sudeste,Brasil
2021-08-15,RJ,62.0,Sudeste,Brasil
2021-08-22,RJ,76.0,Sudeste,Brasil
2021-08-29,RJ,87.0,Sudeste,Brasil
2021-09-05,RJ,85.0,Sudeste,Brasil
2021-09-12,RJ,49.0,Sudeste,Brasil
2021-09-19,RJ,75.0,Sudeste,Brasil
2021-09-26,RJ,55.0,Sudeste,Brasil
2021-10-03,RJ,83.0,Sudeste,Brasil
2021-10-10,RJ,65.0,Sudeste,Brasil
2021-10-17,RJ,34.0,Sudeste,Brasil
2021-10-24,RJ,43.0,Sudeste,Brasil
2021-10-31,RJ,45.0,Sudeste,Brasil
2021-11-07,RJ,32.0,Sudeste,Brasil
2021-11-14,RJ,36.0,Sudeste,Brasil
2021-11-21,RJ,39.0,Sudeste,Brasil
2021-11-28,RJ,66.0,Sudeste,Brasil
2021-12-05,RJ,106.0,Sudeste,Brasil
2021-12-12,RJ,82.0,Sudeste,Brasil
2021-12-19,RJ,55.0,Sudeste,Brasil
2021-12-26,RJ,58.0,Sudeste,Brasil
2022-01-02,RJ,45.0,Sudeste,Brasil
2022-01-09,RJ,7.0,Sudeste,Brasil
2022-01-16,RJ,13.0,Sudeste,Brasil
2022-01-23,RJ,22.0,Sudeste,Brasil
2022-01-30,RJ,19.0,Sudeste,Brasil
2022-02-06,RJ,43.0,Sudeste,Brasil
2022-02-13,RJ,44.0,Sudeste,Brasil
2022-02-20,RJ,73.0,Sudeste,Brasil
2022-02-27,RJ,73.0,Sudeste,Brasil
2022-03-06,RJ,64.0,Sudeste,Brasil
2022-03-13,RJ,148.0,Sudeste,Brasil
2022-03-20,RJ,257.0,Sudeste,Brasil
2022-03-27,RJ,218.0,Sudeste,Brasil
2022-04-03,RJ,298.0,Sudeste,Brasil
2022-04-10,RJ,343.0,Sudeste,Brasil
2022-04-17,RJ,330.0,Sudeste,Brasil
2022-04-24,RJ,362.0,Sudeste,Brasil
2022-05-01,RJ,609.0,Sudeste,Brasil
2022-05-08,RJ,607.0,Sudeste,Brasil
2022-05-15,RJ,815.0,Sudeste,Brasil
2022-05-22,RJ,747.0,Sudeste,Brasil
2022-05-29,RJ,656.0,Sudeste,Brasil
2022-06-05,RJ,604.0,Sudeste,Brasil
2022-06-12,RJ,518.0,Sudeste,Brasil
2022-06-19,RJ,380.0,Sudeste,Brasil
2022-06-26,RJ,345.0,Sudeste,Brasil
2022-07-03,RJ,228.0,Sudeste,Brasil
2022-07-10,RJ,232.0,Sudeste,Brasil
2022-07-17,RJ,232.0,Sudeste,Brasil
2022-07-24,RJ,219.0,Sudeste,Brasil
2022-07-31,RJ,189.0,Sudeste,Brasil
2022-08-07,RJ,191.0,Sudeste,Brasil
2022-08-14,RJ,133.0,Sudeste,Brasil
2022-08-21,RJ,124.0,Sudeste,Brasil
2022-08-28,RJ,122.0,Sudeste,Brasil
2022-09-04,RJ,84.0,Sudeste,Brasil
2022-09-11,RJ,77.0,Sudeste,Brasil
2022-09-18,RJ,94.0,Sudeste,Brasil
2022-09-25,RJ,100.0,Sudeste,Brasil
2022-10-02,RJ,85.0,Sudeste,Brasil
2022-10-09,RJ,80.0,Sudeste,Brasil
2022-10-16,RJ,100.0,Sudeste,Brasil
2022-10-23,RJ,110.0,Sudeste,Brasil
2022-10-30,RJ,117.0,Sudeste,Brasil
2022-11-06,RJ,113.0,Sudeste,Brasil
2022-11-13,RJ,128.0,Sudeste,Brasil
2022-11-20,RJ,103.0,Sudeste,Brasil
2022-11-27,RJ,101.0,Sudeste,Brasil
2022-12-04,RJ,95.0,Sudeste,Brasil
2022-12-11,RJ,74.0,Sudeste,Brasil
2022-12-18,RJ,122.0,Sudeste,Brasil
2022-12-25,RJ,135.0,Sudeste,Brasil
2023-01-01,RJ,156.0,Sudeste,Brasil
2023-01-08,RJ,129.0,Sudeste,Brasil
2023-01-15,RJ,211.0,Sudeste,Brasil
2023-01-22,RJ,300.0,Sudeste,Brasil
2023-01-29,RJ,406.0,Sudeste,Brasil
2023-02-05,RJ,477.0,Sudeste,Brasil
2023-02-12,RJ,757.0,Sudeste,Brasil
2023-02-19,RJ,740.0,Sudeste,Brasil
2023-02-26,RJ,566.0,Sudeste,Brasil
2023-03-05,RJ,1013.0,Sudeste,Brasil
2023-03-12,RJ,1168.0,Sudeste,Brasil
2023-03-19,RJ,1278.0,Sudeste,Brasil
2023-03-26,RJ,1697.0,Sudeste,Brasil
2023-04-02,RJ,2110.0,Sudeste,Brasil
2023-04-09,RJ,1707.0,Sudeste,Brasil
2023-04-16,RJ,2164.0,Sudeste,Brasil
2023-04-23,RJ,1662.0,Sudeste,Brasil
2023-04-30,RJ,1940.0,Sudeste,Brasil
2023-05-07,RJ,1667.0,Sudeste,Brasil
2023-05-14,RJ,1860.0,Sudeste,Brasil
2023-05-21,RJ,1939.0,Sudeste,Brasil
2023-05-28,RJ,1586.0,Sudeste,Brasil
2023-06-04,RJ,1387.0,Sudeste,Brasil
2023-06-11,RJ,1099.0,Sudeste,Brasil
2023-06-18,RJ,1438.0,Sudeste,Brasil
2023-06-25,RJ,1299.0,Sudeste,Brasil
2023-07-02,RJ,956.0,Sudeste,Brasil
2023-07-09,RJ,762.0,Sudeste,Brasil
2023-07-16,RJ,764.0,Sudeste,Brasil
2023-07-23,RJ,566.0,Sudeste,Brasil
2023-07-30,RJ,474.0,Sudeste,Brasil
2023-08-06,RJ,718.0,Sudeste,Brasil
2023-08-13,RJ,618.0,Sudeste,Brasil
2023-08-20,RJ,444.0,Sudeste,Brasil
2023-08-27,RJ,391.0,Sudeste,Brasil
2023-09-03,RJ,340.0,Sudeste,Brasil
2023-09-10,RJ,246.0,Sudeste,Brasil
2023-09-17,RJ,357.0,Sudeste,Brasil
2023-09-24,RJ,421.0,Sudeste,Brasil
2023-10-01,RJ,405.0,Sudeste,Brasil
2023-10-08,RJ,398.0,Sudeste,Brasil
2023-10-15,RJ,279.0,Sudeste,Brasil
2023-10-22,RJ,439.0,Sudeste,Brasil
2023-10-29,RJ,451.0,Sudeste,Brasil
2023-11-05,RJ,391.0,Sudeste,Brasil
2023-11-12,RJ,592.0,Sudeste,Brasil
2023-11-19,RJ,571.0,Sudeste,Brasil
2023-11-26,RJ,799.0,Sudeste,Brasil
2023-12-03,RJ,1171.0,Sudeste,Brasil
2023-12-10,RJ,1186.0,Sudeste,Brasil
2023-12-17,RJ,1822.0,Sudeste,Brasil
2023-12-24,RJ,1864.0,Sudeste,Brasil
2023-12-31,RJ,1923.0,Sudeste,Brasil
2024-01-07,RJ,2249.0,Sudeste,Brasil
2024-01-14,RJ,3889.0,Sudeste,Brasil
2024-01-21,RJ,6207.0,Sudeste,Brasil
2024-01-28,RJ,7466.0,Sudeste,Brasil
2024-02-04,RJ,9914.0,Sudeste,Brasil
2024-02-11,RJ,16240.0,Sudeste,Brasil
2024-02-18,RJ,17435.0,Sudeste,Brasil
2024-02-25,RJ,27559.0,Sudeste,Brasil
2024-03-03,RJ,25877.0,Sudeste,Brasil
2024-03-10,RJ,25798.0,Sudeste,Brasil
2024-03-17,RJ,22697.0,Sudeste,Brasil
2024-03-24,RJ,19828.0,Sudeste,Brasil
2024-03-31,RJ,13433.0,Sudeste,Brasil
2024-04-07,RJ,14646.0,Sudeste,Brasil
2024-04-14,RJ,12848.0,Sudeste,Brasil
2024-04-21,RJ,10927.0,Sudeste,Brasil
2024-04-28,RJ,8408.0,Sudeste,Brasil
2024-05-05,RJ,7851.0,Sudeste,Brasil
2024-05-12,RJ,7074.0,Sudeste,Brasil
2024-05-19,RJ,6503.0,Sudeste,Brasil
2024-05-26,RJ,5583.0,Sudeste,Brasil
2024-06-02,RJ,3543.0,Sudeste,Brasil
2024-06-09,RJ,3312.0,Sudeste,Brasil
2024-06-16,RJ,2703.0,Sudeste,Brasil
2024-06-23,RJ,2202.0,Sudeste,Brasil
2024-06-30,RJ,1987.0,Sudeste,Brasil
2024-07-07,RJ,1688.0,Sudeste,Brasil
2024-07-14,RJ,1267.0,Sudeste,Brasil
2024-07-21,RJ,1408.0,Sudeste,Brasil
2024-07-28,RJ,1005.0,Sudeste,Brasil
2024-08-04,RJ,928.0,Sudeste,Brasil
2024-08-11,RJ,624.0,Sudeste,Brasil
2024-08-18,RJ,748.0,Sudeste,Brasil
2024-08-25,RJ,550.0,Sudeste,Brasil
2024-09-01,RJ,782.0,Sudeste,Brasil
2024-09-08,RJ,553.0,Sudeste,Brasil
2024-09-15,RJ,644.0,Sudeste,Brasil
2024-09-22,RJ,472.0,Sudeste,Brasil
2024-09-29,RJ,507.0,Sudeste,Brasil
2024-10-06,RJ,395.0,Sudeste,Brasil
2024-10-13,RJ,375.0,Sudeste,Brasil
2024-10-20,RJ,302.0,Sudeste,Brasil
2024-10-27,RJ,421.0,Sudeste,Brasil
2024-11-03,RJ,409.0,Sudeste,Brasil
2024-11-10,RJ,464.0,Sudeste,Brasil
2024-11-17,RJ,362.0,Sudeste,Brasil
2024-11-24,RJ,274.0,Sudeste,Brasil
2024-12-01,RJ,385.0,Sudeste,Brasil
2024-12-08,RJ,378.0,Sudeste,Brasil
2024-12-15,RJ,415.0,Sudeste,Brasil
2024-12-22,RJ,338.0,Sudeste,Brasil
2024-12-29,RJ,287.0,Sudeste,Brasil
2025-01-05,RJ,248.0,Sudeste,Brasil
2025-01-12,RJ,604.0,Sudeste,Brasil
2025-01-19,RJ,635.0,Sudeste,Brasil
2025-01-26,RJ,740.0,Sudeste,Brasil
2025-02-02,RJ,1041.0,Sudeste,Brasil
2025-02-09,RJ,1500.0,Sudeste,Brasil
2025-02-16,RJ,1949.0,Sudeste,Brasil
2025-02-23,RJ,1793.0,Sudeste,Brasil
2025-03-02,RJ,1372.0,Sudeste,Brasil
2025-03-09,RJ,1005.0,Sudeste,Brasil
2025-03-16,RJ,1394.0,Sudeste,Brasil
2025-03-23,RJ,1222.0,Sudeste,Brasil
2025-03-30,RJ,1212.0,Sudeste,Brasil
2025-04-06,RJ,1181.0,Sudeste,Brasil
2025-04-13,RJ,1437.0,Sudeste,Brasil
2025-04-20,RJ,1199.0,Sudeste,Brasil
2025-04-27,RJ,999.0,Sudeste,Brasil
2025-05-04,RJ,1057.0,Sudeste,Brasil
2025-05-11,RJ,1132.0,Sudeste,Brasil
2025-05-18,RJ,987.0,Sudeste,Brasil
2025-05-25,RJ,814.0,Sudeste,Brasil
2025-06-01,RJ,673.0,Sudeste,Brasil
2025-06-08,RJ,578.0,Sudeste,Brasil
2025-06-15,RJ,391.0,Sudeste,Brasil
2025-06-22,RJ,256.0,Sudeste,Brasil
2025-06-29,RJ,289.0,Sudeste,Brasil
2025-07-06,RJ,200.0,Sudeste,Brasil
2025-07-13,RJ,183.0,Sudeste,Brasil
2025-07-20,RJ,197.0,Sudeste,Brasil
2025-07-27,RJ,155.0,Sudeste,Brasil
2025-08-03,RJ,151.0,Sudeste,Brasil
2025-08-10,RJ,133.0,Sudeste,Brasil
2025-08-17,RJ,134.0,Sudeste,Brasil
2025-08-24,RJ,125.0,Sudeste,Brasil
2025-08-31,RJ,160.0,Sudeste,Brasil
2025-09-07,RJ,135.0,Sudeste,Brasil
2025-09-14,RJ,156.0,Sudeste,Brasil
2025-09-21,RJ,163.0,Sudeste,Brasil
2025-09-28,RJ,118.0,Sudeste,Brasil
2025-10-05,RJ,142.0,Sudeste,Brasil
2025-10-12,RJ,128.0,Sudeste,Brasil
2025-10-19,RJ,126.0,Sudeste,Brasil
2025-10-26,RJ,133.0,Sudeste,Brasil
2025-11-02,RJ,117.0,Sudeste,Brasil
2025-11-09,RJ,127.0,Sudeste,Brasil
2025-11-16,RJ,127.0,Sudeste,Brasil
2025-11-23,RJ,112.0,Sudeste,Brasil
2025-11-30,RJ,102.0,Sudeste,Brasil
2025-12-07,RJ,114.0,Sudeste,Brasil
2025-12-14,RJ,107.0,Sudeste,Brasil
2025-12-21,RJ,117.0,Sudeste,Brasil
2025-12-28,RJ,66.0,Sudeste,Brasil
2026-01-04,RJ,101.0,Sudeste,Brasil
2026-01-11,RJ,139.0,Sudeste,Brasil
2026-01-18,RJ,151.0,Sudeste,Brasil
2026-01-25,RJ,141.0,Sudeste,Brasil
2026-02-01,RJ,135.0,Sudeste,Brasil
2026-02-08,RJ,163.0,Sudeste,Brasil
2026-02-15,RJ,159.0,Sudeste,Brasil
2026-02-22,RJ,151.0,Sudeste,Brasil
2026-03-01,RJ,333.0,Sudeste,Brasil
2026-03-08,RJ,341.0,Sudeste,Brasil
2026-03-15,RJ,359.0,Sudeste,Brasil
2026-03-22,RJ,414.0,Sudeste,Brasil
2026-03-29,RJ,460.0,Sudeste,Brasil
2026-04-05,RJ,383.0,Sudeste,Brasil
2026-04-12,RJ,322.0,Sudeste,Brasil
2026-04-19,RJ,322.0,Sudeste,Brasil
2015-01-04,RN,12.0,Nordeste,Brasil
2015-01-11,RN,243.0,Nordeste,Brasil
2015-01-18,RN,342.0,Nordeste,Brasil
2015-01-25,RN,441.0,Nordeste,Brasil
2015-02-01,RN,441.0,Nordeste,Brasil
2015-02-08,RN,491.0,Nordeste,Brasil
2015-02-15,RN,615.0,Nordeste,Brasil
2015-02-22,RN,518.0,Nordeste,Brasil
2015-03-01,RN,1092.0,Nordeste,Brasil
2015-03-08,RN,1034.0,Nordeste,Brasil
2015-03-15,RN,1615.0,Nordeste,Brasil
2015-03-22,RN,1794.0,Nordeste,Brasil
2015-03-29,RN,2141.0,Nordeste,Brasil
2015-04-05,RN,1923.0,Nordeste,Brasil
2015-04-12,RN,2213.0,Nordeste,Brasil
2015-04-19,RN,2305.0,Nordeste,Brasil
2015-04-26,RN,1593.0,Nordeste,Brasil
2015-05-03,RN,1469.0,Nordeste,Brasil
2015-05-10,RN,1248.0,Nordeste,Brasil
2015-05-17,RN,1013.0,Nordeste,Brasil
2015-05-24,RN,755.0,Nordeste,Brasil
2015-05-31,RN,723.0,Nordeste,Brasil
2015-06-07,RN,438.0,Nordeste,Brasil
2015-06-14,RN,427.0,Nordeste,Brasil
2015-06-21,RN,259.0,Nordeste,Brasil
2015-06-28,RN,198.0,Nordeste,Brasil
2015-07-05,RN,205.0,Nordeste,Brasil
2015-07-12,RN,125.0,Nordeste,Brasil
2015-07-19,RN,136.0,Nordeste,Brasil
2015-07-26,RN,122.0,Nordeste,Brasil
2015-08-02,RN,141.0,Nordeste,Brasil
2015-08-09,RN,139.0,Nordeste,Brasil
2015-08-16,RN,88.0,Nordeste,Brasil
2015-08-23,RN,111.0,Nordeste,Brasil
2015-08-30,RN,86.0,Nordeste,Brasil
2015-09-06,RN,57.0,Nordeste,Brasil
2015-09-13,RN,48.0,Nordeste,Brasil
2015-09-20,RN,63.0,Nordeste,Brasil
2015-09-27,RN,71.0,Nordeste,Brasil
2015-10-04,RN,67.0,Nordeste,Brasil
2015-10-11,RN,56.0,Nordeste,Brasil
2015-10-18,RN,67.0,Nordeste,Brasil
2015-10-25,RN,69.0,Nordeste,Brasil
2015-11-01,RN,80.0,Nordeste,Brasil
2015-11-08,RN,42.0,Nordeste,Brasil
2015-11-15,RN,69.0,Nordeste,Brasil
2015-11-22,RN,78.0,Nordeste,Brasil
2015-11-29,RN,91.0,Nordeste,Brasil
2015-12-06,RN,161.0,Nordeste,Brasil
2015-12-13,RN,220.0,Nordeste,Brasil
2015-12-20,RN,220.0,Nordeste,Brasil
2015-12-27,RN,190.0,Nordeste,Brasil
2016-01-03,RN,190.0,Nordeste,Brasil
2016-01-10,RN,409.0,Nordeste,Brasil
2016-01-17,RN,642.0,Nordeste,Brasil
2016-01-24,RN,973.0,Nordeste,Brasil
2016-01-31,RN,1648.0,Nordeste,Brasil
2016-02-07,RN,2354.0,Nordeste,Brasil
2016-02-14,RN,2832.0,Nordeste,Brasil
2016-02-21,RN,5427.0,Nordeste,Brasil
2016-02-28,RN,5804.0,Nordeste,Brasil
2016-03-06,RN,5639.0,Nordeste,Brasil
2016-03-13,RN,5646.0,Nordeste,Brasil
2016-03-20,RN,5238.0,Nordeste,Brasil
2016-03-27,RN,3405.0,Nordeste,Brasil
2016-04-03,RN,3737.0,Nordeste,Brasil
2016-04-10,RN,2537.0,Nordeste,Brasil
2016-04-17,RN,1819.0,Nordeste,Brasil
2016-04-24,RN,1390.0,Nordeste,Brasil
2016-05-01,RN,1457.0,Nordeste,Brasil
2016-05-08,RN,1302.0,Nordeste,Brasil
2016-05-15,RN,1158.0,Nordeste,Brasil
2016-05-22,RN,1180.0,Nordeste,Brasil
2016-05-29,RN,1078.0,Nordeste,Brasil
2016-06-05,RN,1148.0,Nordeste,Brasil
2016-06-12,RN,773.0,Nordeste,Brasil
2016-06-19,RN,825.0,Nordeste,Brasil
2016-06-26,RN,511.0,Nordeste,Brasil
2016-07-03,RN,501.0,Nordeste,Brasil
2016-07-10,RN,409.0,Nordeste,Brasil
2016-07-17,RN,523.0,Nordeste,Brasil
2016-07-24,RN,344.0,Nordeste,Brasil
2016-07-31,RN,335.0,Nordeste,Brasil
2016-08-07,RN,175.0,Nordeste,Brasil
2016-08-14,RN,248.0,Nordeste,Brasil
2016-08-21,RN,256.0,Nordeste,Brasil
2016-08-28,RN,177.0,Nordeste,Brasil
2016-09-04,RN,194.0,Nordeste,Brasil
2016-09-11,RN,106.0,Nordeste,Brasil
2016-09-18,RN,87.0,Nordeste,Brasil
2016-09-25,RN,109.0,Nordeste,Brasil
2016-10-02,RN,78.0,Nordeste,Brasil
2016-10-09,RN,53.0,Nordeste,Brasil
2016-10-16,RN,56.0,Nordeste,Brasil
2016-10-23,RN,67.0,Nordeste,Brasil
2016-10-30,RN,67.0,Nordeste,Brasil
2016-11-06,RN,52.0,Nordeste,Brasil
2016-11-13,RN,52.0,Nordeste,Brasil
2016-11-20,RN,74.0,Nordeste,Brasil
2016-11-27,RN,54.0,Nordeste,Brasil
2016-12-04,RN,75.0,Nordeste,Brasil
2016-12-11,RN,88.0,Nordeste,Brasil
2016-12-18,RN,67.0,Nordeste,Brasil
2016-12-25,RN,62.0,Nordeste,Brasil
2017-01-01,RN,67.0,Nordeste,Brasil
2017-01-08,RN,121.0,Nordeste,Brasil
2017-01-15,RN,139.0,Nordeste,Brasil
2017-01-22,RN,151.0,Nordeste,Brasil
2017-01-29,RN,139.0,Nordeste,Brasil
2017-02-05,RN,171.0,Nordeste,Brasil
2017-02-12,RN,212.0,Nordeste,Brasil
2017-02-19,RN,211.0,Nordeste,Brasil
2017-02-26,RN,259.0,Nordeste,Brasil
2017-03-05,RN,226.0,Nordeste,Brasil
2017-03-12,RN,383.0,Nordeste,Brasil
2017-03-19,RN,299.0,Nordeste,Brasil
2017-03-26,RN,318.0,Nordeste,Brasil
2017-04-02,RN,262.0,Nordeste,Brasil
2017-04-09,RN,257.0,Nordeste,Brasil
2017-04-16,RN,248.0,Nordeste,Brasil
2017-04-23,RN,330.0,Nordeste,Brasil
2017-04-30,RN,300.0,Nordeste,Brasil
2017-05-07,RN,237.0,Nordeste,Brasil
2017-05-14,RN,186.0,Nordeste,Brasil
2017-05-21,RN,250.0,Nordeste,Brasil
2017-05-28,RN,165.0,Nordeste,Brasil
2017-06-04,RN,172.0,Nordeste,Brasil
2017-06-11,RN,197.0,Nordeste,Brasil
2017-06-18,RN,229.0,Nordeste,Brasil
2017-06-25,RN,173.0,Nordeste,Brasil
2017-07-02,RN,138.0,Nordeste,Brasil
2017-07-09,RN,137.0,Nordeste,Brasil
2017-07-16,RN,136.0,Nordeste,Brasil
2017-07-23,RN,184.0,Nordeste,Brasil
2017-07-30,RN,149.0,Nordeste,Brasil
2017-08-06,RN,151.0,Nordeste,Brasil
2017-08-13,RN,210.0,Nordeste,Brasil
2017-08-20,RN,200.0,Nordeste,Brasil
2017-08-27,RN,196.0,Nordeste,Brasil
2017-09-03,RN,162.0,Nordeste,Brasil
2017-09-10,RN,139.0,Nordeste,Brasil
2017-09-17,RN,144.0,Nordeste,Brasil
2017-09-24,RN,165.0,Nordeste,Brasil
2017-10-01,RN,114.0,Nordeste,Brasil
2017-10-08,RN,136.0,Nordeste,Brasil
2017-10-15,RN,144.0,Nordeste,Brasil
2017-10-22,RN,157.0,Nordeste,Brasil
2017-10-29,RN,124.0,Nordeste,Brasil
2017-11-05,RN,130.0,Nordeste,Brasil
2017-11-12,RN,172.0,Nordeste,Brasil
2017-11-19,RN,120.0,Nordeste,Brasil
2017-11-26,RN,83.0,Nordeste,Brasil
2017-12-03,RN,134.0,Nordeste,Brasil
2017-12-10,RN,127.0,Nordeste,Brasil
2017-12-17,RN,128.0,Nordeste,Brasil
2017-12-24,RN,89.0,Nordeste,Brasil
2017-12-31,RN,103.0,Nordeste,Brasil
2018-01-07,RN,120.0,Nordeste,Brasil
2018-01-14,RN,125.0,Nordeste,Brasil
2018-01-21,RN,123.0,Nordeste,Brasil
2018-01-28,RN,176.0,Nordeste,Brasil
2018-02-04,RN,182.0,Nordeste,Brasil
2018-02-11,RN,212.0,Nordeste,Brasil
2018-02-18,RN,220.0,Nordeste,Brasil
2018-02-25,RN,295.0,Nordeste,Brasil
2018-03-04,RN,276.0,Nordeste,Brasil
2018-03-11,RN,443.0,Nordeste,Brasil
2018-03-18,RN,518.0,Nordeste,Brasil
2018-03-25,RN,759.0,Nordeste,Brasil
2018-04-01,RN,658.0,Nordeste,Brasil
2018-04-08,RN,841.0,Nordeste,Brasil
2018-04-15,RN,1075.0,Nordeste,Brasil
2018-04-22,RN,1262.0,Nordeste,Brasil
2018-04-29,RN,1335.0,Nordeste,Brasil
2018-05-06,RN,1313.0,Nordeste,Brasil
2018-05-13,RN,1301.0,Nordeste,Brasil
2018-05-20,RN,1148.0,Nordeste,Brasil
2018-05-27,RN,1161.0,Nordeste,Brasil
2018-06-03,RN,1003.0,Nordeste,Brasil
2018-06-10,RN,931.0,Nordeste,Brasil
2018-06-17,RN,1087.0,Nordeste,Brasil
2018-06-24,RN,1103.0,Nordeste,Brasil
2018-07-01,RN,944.0,Nordeste,Brasil
2018-07-08,RN,856.0,Nordeste,Brasil
2018-07-15,RN,837.0,Nordeste,Brasil
2018-07-22,RN,1077.0,Nordeste,Brasil
2018-07-29,RN,917.0,Nordeste,Brasil
2018-08-05,RN,830.0,Nordeste,Brasil
2018-08-12,RN,725.0,Nordeste,Brasil
2018-08-19,RN,584.0,Nordeste,Brasil
2018-08-26,RN,657.0,Nordeste,Brasil
2018-09-02,RN,651.0,Nordeste,Brasil
2018-09-09,RN,533.0,Nordeste,Brasil
2018-09-16,RN,477.0,Nordeste,Brasil
2018-09-23,RN,350.0,Nordeste,Brasil
2018-09-30,RN,337.0,Nordeste,Brasil
2018-10-07,RN,254.0,Nordeste,Brasil
2018-10-14,RN,247.0,Nordeste,Brasil
2018-10-21,RN,271.0,Nordeste,Brasil
2018-10-28,RN,202.0,Nordeste,Brasil
2018-11-04,RN,186.0,Nordeste,Brasil
2018-11-11,RN,231.0,Nordeste,Brasil
2018-11-18,RN,211.0,Nordeste,Brasil
2018-11-25,RN,217.0,Nordeste,Brasil
2018-12-02,RN,231.0,Nordeste,Brasil
2018-12-09,RN,154.0,Nordeste,Brasil
2018-12-16,RN,199.0,Nordeste,Brasil
2018-12-23,RN,182.0,Nordeste,Brasil
2018-12-30,RN,175.0,Nordeste,Brasil
2019-01-06,RN,171.0,Nordeste,Brasil
2019-01-13,RN,179.0,Nordeste,Brasil
2019-01-20,RN,180.0,Nordeste,Brasil
2019-01-27,RN,189.0,Nordeste,Brasil
2019-02-03,RN,201.0,Nordeste,Brasil
2019-02-10,RN,199.0,Nordeste,Brasil
2019-02-17,RN,212.0,Nordeste,Brasil
2019-02-24,RN,223.0,Nordeste,Brasil
2019-03-03,RN,289.0,Nordeste,Brasil
2019-03-10,RN,215.0,Nordeste,Brasil
2019-03-17,RN,329.0,Nordeste,Brasil
2019-03-24,RN,540.0,Nordeste,Brasil
2019-03-31,RN,613.0,Nordeste,Brasil
2019-04-07,RN,788.0,Nordeste,Brasil
2019-04-14,RN,1186.0,Nordeste,Brasil
2019-04-21,RN,1255.0,Nordeste,Brasil
2019-04-28,RN,1284.0,Nordeste,Brasil
2019-05-05,RN,1495.0,Nordeste,Brasil
2019-05-12,RN,1359.0,Nordeste,Brasil
2019-05-19,RN,1729.0,Nordeste,Brasil
2019-05-26,RN,2136.0,Nordeste,Brasil
2019-06-02,RN,1980.0,Nordeste,Brasil
2019-06-09,RN,1749.0,Nordeste,Brasil
2019-06-16,RN,1694.0,Nordeste,Brasil
2019-06-23,RN,1642.0,Nordeste,Brasil
2019-06-30,RN,1653.0,Nordeste,Brasil
2019-07-07,RN,1403.0,Nordeste,Brasil
2019-07-14,RN,1553.0,Nordeste,Brasil
2019-07-21,RN,1328.0,Nordeste,Brasil
2019-07-28,RN,1318.0,Nordeste,Brasil
2019-08-04,RN,1065.0,Nordeste,Brasil
2019-08-11,RN,1152.0,Nordeste,Brasil
2019-08-18,RN,1030.0,Nordeste,Brasil
2019-08-25,RN,936.0,Nordeste,Brasil
2019-09-01,RN,1025.0,Nordeste,Brasil
2019-09-08,RN,737.0,Nordeste,Brasil
2019-09-15,RN,671.0,Nordeste,Brasil
2019-09-22,RN,628.0,Nordeste,Brasil
2019-09-29,RN,465.0,Nordeste,Brasil
2019-10-06,RN,376.0,Nordeste,Brasil
2019-10-13,RN,323.0,Nordeste,Brasil
2019-10-20,RN,477.0,Nordeste,Brasil
2019-10-27,RN,288.0,Nordeste,Brasil
2019-11-03,RN,185.0,Nordeste,Brasil
2019-11-10,RN,178.0,Nordeste,Brasil
2019-11-17,RN,156.0,Nordeste,Brasil
2019-11-24,RN,185.0,Nordeste,Brasil
2019-12-01,RN,156.0,Nordeste,Brasil
2019-12-08,RN,217.0,Nordeste,Brasil
2019-12-15,RN,245.0,Nordeste,Brasil
2019-12-22,RN,106.0,Nordeste,Brasil
2019-12-29,RN,148.0,Nordeste,Brasil
2020-01-05,RN,31.0,Nordeste,Brasil
2020-01-12,RN,101.0,Nordeste,Brasil
2020-01-19,RN,104.0,Nordeste,Brasil
2020-01-26,RN,155.0,Nordeste,Brasil
2020-02-02,RN,214.0,Nordeste,Brasil
2020-02-09,RN,217.0,Nordeste,Brasil
2020-02-16,RN,226.0,Nordeste,Brasil
2020-02-23,RN,209.0,Nordeste,Brasil
2020-03-01,RN,118.0,Nordeste,Brasil
2020-03-08,RN,269.0,Nordeste,Brasil
2020-03-15,RN,236.0,Nordeste,Brasil
2020-03-22,RN,240.0,Nordeste,Brasil
2020-03-29,RN,81.0,Nordeste,Brasil
2020-04-05,RN,77.0,Nordeste,Brasil
2020-04-12,RN,67.0,Nordeste,Brasil
2020-04-19,RN,135.0,Nordeste,Brasil
2020-04-26,RN,137.0,Nordeste,Brasil
2020-05-03,RN,179.0,Nordeste,Brasil
2020-05-10,RN,181.0,Nordeste,Brasil
2020-05-17,RN,197.0,Nordeste,Brasil
2020-05-24,RN,199.0,Nordeste,Brasil
2020-05-31,RN,309.0,Nordeste,Brasil
2020-06-07,RN,242.0,Nordeste,Brasil
2020-06-14,RN,223.0,Nordeste,Brasil
2020-06-21,RN,325.0,Nordeste,Brasil
2020-06-28,RN,253.0,Nordeste,Brasil
2020-07-05,RN,183.0,Nordeste,Brasil
2020-07-12,RN,205.0,Nordeste,Brasil
2020-07-19,RN,210.0,Nordeste,Brasil
2020-07-26,RN,191.0,Nordeste,Brasil
2020-08-02,RN,253.0,Nordeste,Brasil
2020-08-09,RN,178.0,Nordeste,Brasil
2020-08-16,RN,122.0,Nordeste,Brasil
2020-08-23,RN,93.0,Nordeste,Brasil
2020-08-30,RN,68.0,Nordeste,Brasil
2020-09-06,RN,59.0,Nordeste,Brasil
2020-09-13,RN,61.0,Nordeste,Brasil
2020-09-20,RN,65.0,Nordeste,Brasil
2020-09-27,RN,52.0,Nordeste,Brasil
2020-10-04,RN,47.0,Nordeste,Brasil
2020-10-11,RN,41.0,Nordeste,Brasil
2020-10-18,RN,42.0,Nordeste,Brasil
2020-10-25,RN,42.0,Nordeste,Brasil
2020-11-01,RN,29.0,Nordeste,Brasil
2020-11-08,RN,29.0,Nordeste,Brasil
2020-11-15,RN,29.0,Nordeste,Brasil
2020-11-22,RN,33.0,Nordeste,Brasil
2020-11-29,RN,35.0,Nordeste,Brasil
2020-12-06,RN,35.0,Nordeste,Brasil
2020-12-13,RN,28.0,Nordeste,Brasil
2020-12-20,RN,27.0,Nordeste,Brasil
2020-12-27,RN,19.0,Nordeste,Brasil
2021-01-03,RN,19.0,Nordeste,Brasil
2021-01-10,RN,34.0,Nordeste,Brasil
2021-01-17,RN,80.0,Nordeste,Brasil
2021-01-24,RN,94.0,Nordeste,Brasil
2021-01-31,RN,73.0,Nordeste,Brasil
2021-02-07,RN,120.0,Nordeste,Brasil
2021-02-14,RN,130.0,Nordeste,Brasil
2021-02-21,RN,96.0,Nordeste,Brasil
2021-02-28,RN,60.0,Nordeste,Brasil
2021-03-07,RN,72.0,Nordeste,Brasil
2021-03-14,RN,115.0,Nordeste,Brasil
2021-03-21,RN,76.0,Nordeste,Brasil
2021-03-28,RN,78.0,Nordeste,Brasil
2021-04-04,RN,72.0,Nordeste,Brasil
2021-04-11,RN,86.0,Nordeste,Brasil
2021-04-18,RN,128.0,Nordeste,Brasil
2021-04-25,RN,153.0,Nordeste,Brasil
2021-05-02,RN,146.0,Nordeste,Brasil
2021-05-09,RN,158.0,Nordeste,Brasil
2021-05-16,RN,180.0,Nordeste,Brasil
2021-05-23,RN,215.0,Nordeste,Brasil
2021-05-30,RN,240.0,Nordeste,Brasil
2021-06-06,RN,218.0,Nordeste,Brasil
2021-06-13,RN,300.0,Nordeste,Brasil
2021-06-20,RN,269.0,Nordeste,Brasil
2021-06-27,RN,227.0,Nordeste,Brasil
2021-07-04,RN,211.0,Nordeste,Brasil
2021-07-11,RN,223.0,Nordeste,Brasil
2021-07-18,RN,204.0,Nordeste,Brasil
2021-07-25,RN,194.0,Nordeste,Brasil
2021-08-01,RN,175.0,Nordeste,Brasil
2021-08-08,RN,201.0,Nordeste,Brasil
2021-08-15,RN,192.0,Nordeste,Brasil
2021-08-22,RN,197.0,Nordeste,Brasil
2021-08-29,RN,160.0,Nordeste,Brasil
2021-09-05,RN,170.0,Nordeste,Brasil
2021-09-12,RN,131.0,Nordeste,Brasil
2021-09-19,RN,131.0,Nordeste,Brasil
2021-09-26,RN,125.0,Nordeste,Brasil
2021-10-03,RN,112.0,Nordeste,Brasil
2021-10-10,RN,120.0,Nordeste,Brasil
2021-10-17,RN,112.0,Nordeste,Brasil
2021-10-24,RN,98.0,Nordeste,Brasil
2021-10-31,RN,118.0,Nordeste,Brasil
2021-11-07,RN,96.0,Nordeste,Brasil
2021-11-14,RN,107.0,Nordeste,Brasil
2021-11-21,RN,122.0,Nordeste,Brasil
2021-11-28,RN,131.0,Nordeste,Brasil
2021-12-05,RN,126.0,Nordeste,Brasil
2021-12-12,RN,119.0,Nordeste,Brasil
2021-12-19,RN,129.0,Nordeste,Brasil
2021-12-26,RN,148.0,Nordeste,Brasil
2022-01-02,RN,102.0,Nordeste,Brasil
2022-01-09,RN,23.0,Nordeste,Brasil
2022-01-16,RN,49.0,Nordeste,Brasil
2022-01-23,RN,71.0,Nordeste,Brasil
2022-01-30,RN,39.0,Nordeste,Brasil
2022-02-06,RN,53.0,Nordeste,Brasil
2022-02-13,RN,65.0,Nordeste,Brasil
2022-02-20,RN,101.0,Nordeste,Brasil
2022-02-27,RN,138.0,Nordeste,Brasil
2022-03-06,RN,156.0,Nordeste,Brasil
2022-03-13,RN,243.0,Nordeste,Brasil
2022-03-20,RN,367.0,Nordeste,Brasil
2022-03-27,RN,570.0,Nordeste,Brasil
2022-04-03,RN,611.0,Nordeste,Brasil
2022-04-10,RN,738.0,Nordeste,Brasil
2022-04-17,RN,889.0,Nordeste,Brasil
2022-04-24,RN,1400.0,Nordeste,Brasil
2022-05-01,RN,2022.0,Nordeste,Brasil
2022-05-08,RN,2044.0,Nordeste,Brasil
2022-05-15,RN,2048.0,Nordeste,Brasil
2022-05-22,RN,2438.0,Nordeste,Brasil
2022-05-29,RN,2550.0,Nordeste,Brasil
2022-06-05,RN,2767.0,Nordeste,Brasil
2022-06-12,RN,2705.0,Nordeste,Brasil
2022-06-19,RN,2240.0,Nordeste,Brasil
2022-06-26,RN,2338.0,Nordeste,Brasil
2022-07-03,RN,1686.0,Nordeste,Brasil
2022-07-10,RN,1514.0,Nordeste,Brasil
2022-07-17,RN,1571.0,Nordeste,Brasil
2022-07-24,RN,1429.0,Nordeste,Brasil
2022-07-31,RN,1142.0,Nordeste,Brasil
2022-08-07,RN,1117.0,Nordeste,Brasil
2022-08-14,RN,1073.0,Nordeste,Brasil
2022-08-21,RN,1034.0,Nordeste,Brasil
2022-08-28,RN,854.0,Nordeste,Brasil
2022-09-04,RN,692.0,Nordeste,Brasil
2022-09-11,RN,446.0,Nordeste,Brasil
2022-09-18,RN,602.0,Nordeste,Brasil
2022-09-25,RN,315.0,Nordeste,Brasil
2022-10-02,RN,254.0,Nordeste,Brasil
2022-10-09,RN,206.0,Nordeste,Brasil
2022-10-16,RN,172.0,Nordeste,Brasil
2022-10-23,RN,182.0,Nordeste,Brasil
2022-10-30,RN,169.0,Nordeste,Brasil
2022-11-06,RN,163.0,Nordeste,Brasil
2022-11-13,RN,183.0,Nordeste,Brasil
2022-11-20,RN,195.0,Nordeste,Brasil
2022-11-27,RN,119.0,Nordeste,Brasil
2022-12-04,RN,78.0,Nordeste,Brasil
2022-12-11,RN,81.0,Nordeste,Brasil
2022-12-18,RN,100.0,Nordeste,Brasil
2022-12-25,RN,66.0,Nordeste,Brasil
2023-01-01,RN,75.0,Nordeste,Brasil
2023-01-08,RN,73.0,Nordeste,Brasil
2023-01-15,RN,82.0,Nordeste,Brasil
2023-01-22,RN,125.0,Nordeste,Brasil
2023-01-29,RN,124.0,Nordeste,Brasil
2023-02-05,RN,114.0,Nordeste,Brasil
2023-02-12,RN,135.0,Nordeste,Brasil
2023-02-19,RN,112.0,Nordeste,Brasil
2023-02-26,RN,103.0,Nordeste,Brasil
2023-03-05,RN,150.0,Nordeste,Brasil
2023-03-12,RN,151.0,Nordeste,Brasil
2023-03-19,RN,123.0,Nordeste,Brasil
2023-03-26,RN,196.0,Nordeste,Brasil
2023-04-02,RN,263.0,Nordeste,Brasil
2023-04-09,RN,293.0,Nordeste,Brasil
2023-04-16,RN,495.0,Nordeste,Brasil
2023-04-23,RN,475.0,Nordeste,Brasil
2023-04-30,RN,407.0,Nordeste,Brasil
2023-05-07,RN,269.0,Nordeste,Brasil
2023-05-14,RN,300.0,Nordeste,Brasil
2023-05-21,RN,276.0,Nordeste,Brasil
2023-05-28,RN,219.0,Nordeste,Brasil
2023-06-04,RN,217.0,Nordeste,Brasil
2023-06-11,RN,112.0,Nordeste,Brasil
2023-06-18,RN,133.0,Nordeste,Brasil
2023-06-25,RN,141.0,Nordeste,Brasil
2023-07-02,RN,115.0,Nordeste,Brasil
2023-07-09,RN,111.0,Nordeste,Brasil
2023-07-16,RN,116.0,Nordeste,Brasil
2023-07-23,RN,119.0,Nordeste,Brasil
2023-07-30,RN,100.0,Nordeste,Brasil
2023-08-06,RN,104.0,Nordeste,Brasil
2023-08-13,RN,92.0,Nordeste,Brasil
2023-08-20,RN,75.0,Nordeste,Brasil
2023-08-27,RN,77.0,Nordeste,Brasil
2023-09-03,RN,64.0,Nordeste,Brasil
2023-09-10,RN,66.0,Nordeste,Brasil
2023-09-17,RN,72.0,Nordeste,Brasil
2023-09-24,RN,110.0,Nordeste,Brasil
2023-10-01,RN,93.0,Nordeste,Brasil
2023-10-08,RN,110.0,Nordeste,Brasil
2023-10-15,RN,88.0,Nordeste,Brasil
2023-10-22,RN,103.0,Nordeste,Brasil
2023-10-29,RN,78.0,Nordeste,Brasil
2023-11-05,RN,90.0,Nordeste,Brasil
2023-11-12,RN,129.0,Nordeste,Brasil
2023-11-19,RN,103.0,Nordeste,Brasil
2023-11-26,RN,102.0,Nordeste,Brasil
2023-12-03,RN,98.0,Nordeste,Brasil
2023-12-10,RN,75.0,Nordeste,Brasil
2023-12-17,RN,87.0,Nordeste,Brasil
2023-12-24,RN,118.0,Nordeste,Brasil
2023-12-31,RN,78.0,Nordeste,Brasil
2024-01-07,RN,46.0,Nordeste,Brasil
2024-01-14,RN,102.0,Nordeste,Brasil
2024-01-21,RN,146.0,Nordeste,Brasil
2024-01-28,RN,131.0,Nordeste,Brasil
2024-02-04,RN,152.0,Nordeste,Brasil
2024-02-11,RN,158.0,Nordeste,Brasil
2024-02-18,RN,231.0,Nordeste,Brasil
2024-02-25,RN,640.0,Nordeste,Brasil
2024-03-03,RN,903.0,Nordeste,Brasil
2024-03-10,RN,1214.0,Nordeste,Brasil
2024-03-17,RN,1194.0,Nordeste,Brasil
2024-03-24,RN,1246.0,Nordeste,Brasil
2024-03-31,RN,876.0,Nordeste,Brasil
2024-04-07,RN,986.0,Nordeste,Brasil
2024-04-14,RN,922.0,Nordeste,Brasil
2024-04-21,RN,781.0,Nordeste,Brasil
2024-04-28,RN,718.0,Nordeste,Brasil
2024-05-05,RN,482.0,Nordeste,Brasil
2024-05-12,RN,525.0,Nordeste,Brasil
2024-05-19,RN,408.0,Nordeste,Brasil
2024-05-26,RN,367.0,Nordeste,Brasil
2024-06-02,RN,251.0,Nordeste,Brasil
2024-06-09,RN,288.0,Nordeste,Brasil
2024-06-16,RN,233.0,Nordeste,Brasil
2024-06-23,RN,207.0,Nordeste,Brasil
2024-06-30,RN,264.0,Nordeste,Brasil
2024-07-07,RN,264.0,Nordeste,Brasil
2024-07-14,RN,297.0,Nordeste,Brasil
2024-07-21,RN,278.0,Nordeste,Brasil
2024-07-28,RN,215.0,Nordeste,Brasil
2024-08-04,RN,195.0,Nordeste,Brasil
2024-08-11,RN,235.0,Nordeste,Brasil
2024-08-18,RN,205.0,Nordeste,Brasil
2024-08-25,RN,169.0,Nordeste,Brasil
2024-09-01,RN,142.0,Nordeste,Brasil
2024-09-08,RN,121.0,Nordeste,Brasil
2024-09-15,RN,127.0,Nordeste,Brasil
2024-09-22,RN,141.0,Nordeste,Brasil
2024-09-29,RN,124.0,Nordeste,Brasil
2024-10-06,RN,103.0,Nordeste,Brasil
2024-10-13,RN,106.0,Nordeste,Brasil
2024-10-20,RN,110.0,Nordeste,Brasil
2024-10-27,RN,108.0,Nordeste,Brasil
2024-11-03,RN,127.0,Nordeste,Brasil
2024-11-10,RN,105.0,Nordeste,Brasil
2024-11-17,RN,107.0,Nordeste,Brasil
2024-11-24,RN,107.0,Nordeste,Brasil
2024-12-01,RN,110.0,Nordeste,Brasil
2024-12-08,RN,117.0,Nordeste,Brasil
2024-12-15,RN,120.0,Nordeste,Brasil
2024-12-22,RN,131.0,Nordeste,Brasil
2024-12-29,RN,75.0,Nordeste,Brasil
2025-01-05,RN,31.0,Nordeste,Brasil
2025-01-12,RN,60.0,Nordeste,Brasil
2025-01-19,RN,78.0,Nordeste,Brasil
2025-01-26,RN,106.0,Nordeste,Brasil
2025-02-02,RN,125.0,Nordeste,Brasil
2025-02-09,RN,90.0,Nordeste,Brasil
2025-02-16,RN,123.0,Nordeste,Brasil
2025-02-23,RN,144.0,Nordeste,Brasil
2025-03-02,RN,144.0,Nordeste,Brasil
2025-03-09,RN,180.0,Nordeste,Brasil
2025-03-16,RN,171.0,Nordeste,Brasil
2025-03-23,RN,223.0,Nordeste,Brasil
2025-03-30,RN,226.0,Nordeste,Brasil
2025-04-06,RN,222.0,Nordeste,Brasil
2025-04-13,RN,233.0,Nordeste,Brasil
2025-04-20,RN,229.0,Nordeste,Brasil
2025-04-27,RN,277.0,Nordeste,Brasil
2025-05-04,RN,344.0,Nordeste,Brasil
2025-05-11,RN,263.0,Nordeste,Brasil
2025-05-18,RN,269.0,Nordeste,Brasil
2025-05-25,RN,231.0,Nordeste,Brasil
2025-06-01,RN,209.0,Nordeste,Brasil
2025-06-08,RN,144.0,Nordeste,Brasil
2025-06-15,RN,166.0,Nordeste,Brasil
2025-06-22,RN,149.0,Nordeste,Brasil
2025-06-29,RN,163.0,Nordeste,Brasil
2025-07-06,RN,274.0,Nordeste,Brasil
2025-07-13,RN,245.0,Nordeste,Brasil
2025-07-20,RN,242.0,Nordeste,Brasil
2025-07-27,RN,272.0,Nordeste,Brasil
2025-08-03,RN,275.0,Nordeste,Brasil
2025-08-10,RN,246.0,Nordeste,Brasil
2025-08-17,RN,286.0,Nordeste,Brasil
2025-08-24,RN,305.0,Nordeste,Brasil
2025-08-31,RN,272.0,Nordeste,Brasil
2025-09-07,RN,195.0,Nordeste,Brasil
2025-09-14,RN,224.0,Nordeste,Brasil
2025-09-21,RN,273.0,Nordeste,Brasil
2025-09-28,RN,232.0,Nordeste,Brasil
2025-10-05,RN,164.0,Nordeste,Brasil
2025-10-12,RN,148.0,Nordeste,Brasil
2025-10-19,RN,151.0,Nordeste,Brasil
2025-10-26,RN,123.0,Nordeste,Brasil
2025-11-02,RN,135.0,Nordeste,Brasil
2025-11-09,RN,101.0,Nordeste,Brasil
2025-11-16,RN,106.0,Nordeste,Brasil
2025-11-23,RN,86.0,Nordeste,Brasil
2025-11-30,RN,103.0,Nordeste,Brasil
2025-12-07,RN,81.0,Nordeste,Brasil
2025-12-14,RN,74.0,Nordeste,Brasil
2025-12-21,RN,61.0,Nordeste,Brasil
2025-12-28,RN,68.0,Nordeste,Brasil
2026-01-04,RN,61.0,Nordeste,Brasil
2026-01-11,RN,69.0,Nordeste,Brasil
2026-01-18,RN,94.0,Nordeste,Brasil
2026-01-25,RN,113.0,Nordeste,Brasil
2026-02-01,RN,94.0,Nordeste,Brasil
2026-02-08,RN,121.0,Nordeste,Brasil
2026-02-15,RN,107.0,Nordeste,Brasil
2026-02-22,RN,112.0,Nordeste,Brasil
2026-03-01,RN,220.0,Nordeste,Brasil
2026-03-08,RN,212.0,Nordeste,Brasil
2026-03-15,RN,223.0,Nordeste,Brasil
2026-03-22,RN,267.0,Nordeste,Brasil
2026-03-29,RN,319.0,Nordeste,Brasil
2026-04-05,RN,232.0,Nordeste,Brasil
2026-04-12,RN,250.0,Nordeste,Brasil
2026-04-19,RN,250.0,Nordeste,Brasil
2015-01-04,RO,5.0,Norte,Brasil
2015-01-11,RO,104.0,Norte,Brasil
2015-01-18,RO,123.0,Norte,Brasil
2015-01-25,RO,146.0,Norte,Brasil
2015-02-01,RO,135.0,Norte,Brasil
2015-02-08,RO,165.0,Norte,Brasil
2015-02-15,RO,170.0,Norte,Brasil
2015-02-22,RO,129.0,Norte,Brasil
2015-03-01,RO,172.0,Norte,Brasil
2015-03-08,RO,196.0,Norte,Brasil
2015-03-15,RO,215.0,Norte,Brasil
2015-03-22,RO,247.0,Norte,Brasil
2015-03-29,RO,236.0,Norte,Brasil
2015-04-05,RO,163.0,Norte,Brasil
2015-04-12,RO,202.0,Norte,Brasil
2015-04-19,RO,231.0,Norte,Brasil
2015-04-26,RO,194.0,Norte,Brasil
2015-05-03,RO,200.0,Norte,Brasil
2015-05-10,RO,177.0,Norte,Brasil
2015-05-17,RO,163.0,Norte,Brasil
2015-05-24,RO,127.0,Norte,Brasil
2015-05-31,RO,93.0,Norte,Brasil
2015-06-07,RO,78.0,Norte,Brasil
2015-06-14,RO,75.0,Norte,Brasil
2015-06-21,RO,60.0,Norte,Brasil
2015-06-28,RO,66.0,Norte,Brasil
2015-07-05,RO,64.0,Norte,Brasil
2015-07-12,RO,36.0,Norte,Brasil
2015-07-19,RO,45.0,Norte,Brasil
2015-07-26,RO,31.0,Norte,Brasil
2015-08-02,RO,30.0,Norte,Brasil
2015-08-09,RO,35.0,Norte,Brasil
2015-08-16,RO,37.0,Norte,Brasil
2015-08-23,RO,37.0,Norte,Brasil
2015-08-30,RO,30.0,Norte,Brasil
2015-09-06,RO,16.0,Norte,Brasil
2015-09-13,RO,34.0,Norte,Brasil
2015-09-20,RO,37.0,Norte,Brasil
2015-09-27,RO,31.0,Norte,Brasil
2015-10-04,RO,25.0,Norte,Brasil
2015-10-11,RO,45.0,Norte,Brasil
2015-10-18,RO,54.0,Norte,Brasil
2015-10-25,RO,73.0,Norte,Brasil
2015-11-01,RO,59.0,Norte,Brasil
2015-11-08,RO,66.0,Norte,Brasil
2015-11-15,RO,73.0,Norte,Brasil
2015-11-22,RO,94.0,Norte,Brasil
2015-11-29,RO,128.0,Norte,Brasil
2015-12-06,RO,168.0,Norte,Brasil
2015-12-13,RO,188.0,Norte,Brasil
2015-12-20,RO,227.0,Norte,Brasil
2015-12-27,RO,135.0,Norte,Brasil
2016-01-03,RO,135.0,Norte,Brasil
2016-01-10,RO,450.0,Norte,Brasil
2016-01-17,RO,708.0,Norte,Brasil
2016-01-24,RO,867.0,Norte,Brasil
2016-01-31,RO,945.0,Norte,Brasil
2016-02-07,RO,908.0,Norte,Brasil
2016-02-14,RO,675.0,Norte,Brasil
2016-02-21,RO,1080.0,Norte,Brasil
2016-02-28,RO,1129.0,Norte,Brasil
2016-03-06,RO,981.0,Norte,Brasil
2016-03-13,RO,846.0,Norte,Brasil
2016-03-20,RO,707.0,Norte,Brasil
2016-03-27,RO,562.0,Norte,Brasil
2016-04-03,RO,581.0,Norte,Brasil
2016-04-10,RO,598.0,Norte,Brasil
2016-04-17,RO,516.0,Norte,Brasil
2016-04-24,RO,358.0,Norte,Brasil
2016-05-01,RO,295.0,Norte,Brasil
2016-05-08,RO,211.0,Norte,Brasil
2016-05-15,RO,239.0,Norte,Brasil
2016-05-22,RO,207.0,Norte,Brasil
2016-05-29,RO,143.0,Norte,Brasil
2016-06-05,RO,143.0,Norte,Brasil
2016-06-12,RO,123.0,Norte,Brasil
2016-06-19,RO,69.0,Norte,Brasil
2016-06-26,RO,74.0,Norte,Brasil
2016-07-03,RO,74.0,Norte,Brasil
2016-07-10,RO,79.0,Norte,Brasil
2016-07-17,RO,100.0,Norte,Brasil
2016-07-24,RO,65.0,Norte,Brasil
2016-07-31,RO,78.0,Norte,Brasil
2016-08-07,RO,40.0,Norte,Brasil
2016-08-14,RO,42.0,Norte,Brasil
2016-08-21,RO,26.0,Norte,Brasil
2016-08-28,RO,39.0,Norte,Brasil
2016-09-04,RO,35.0,Norte,Brasil
2016-09-11,RO,21.0,Norte,Brasil
2016-09-18,RO,34.0,Norte,Brasil
2016-09-25,RO,41.0,Norte,Brasil
2016-10-02,RO,28.0,Norte,Brasil
2016-10-09,RO,26.0,Norte,Brasil
2016-10-16,RO,29.0,Norte,Brasil
2016-10-23,RO,44.0,Norte,Brasil
2016-10-30,RO,43.0,Norte,Brasil
2016-11-06,RO,41.0,Norte,Brasil
2016-11-13,RO,80.0,Norte,Brasil
2016-11-20,RO,72.0,Norte,Brasil
2016-11-27,RO,92.0,Norte,Brasil
2016-12-04,RO,165.0,Norte,Brasil
2016-12-11,RO,249.0,Norte,Brasil
2016-12-18,RO,255.0,Norte,Brasil
2016-12-25,RO,164.0,Norte,Brasil
2017-01-01,RO,233.0,Norte,Brasil
2017-01-08,RO,237.0,Norte,Brasil
2017-01-15,RO,273.0,Norte,Brasil
2017-01-22,RO,287.0,Norte,Brasil
2017-01-29,RO,350.0,Norte,Brasil
2017-02-05,RO,338.0,Norte,Brasil
2017-02-12,RO,295.0,Norte,Brasil
2017-02-19,RO,339.0,Norte,Brasil
2017-02-26,RO,323.0,Norte,Brasil
2017-03-05,RO,224.0,Norte,Brasil
2017-03-12,RO,383.0,Norte,Brasil
2017-03-19,RO,414.0,Norte,Brasil
2017-03-26,RO,277.0,Norte,Brasil
2017-04-02,RO,231.0,Norte,Brasil
2017-04-09,RO,183.0,Norte,Brasil
2017-04-16,RO,134.0,Norte,Brasil
2017-04-23,RO,142.0,Norte,Brasil
2017-04-30,RO,89.0,Norte,Brasil
2017-05-07,RO,88.0,Norte,Brasil
2017-05-14,RO,104.0,Norte,Brasil
2017-05-21,RO,92.0,Norte,Brasil
2017-05-28,RO,78.0,Norte,Brasil
2017-06-04,RO,67.0,Norte,Brasil
2017-06-11,RO,64.0,Norte,Brasil
2017-06-18,RO,56.0,Norte,Brasil
2017-06-25,RO,77.0,Norte,Brasil
2017-07-02,RO,62.0,Norte,Brasil
2017-07-09,RO,39.0,Norte,Brasil
2017-07-16,RO,27.0,Norte,Brasil
2017-07-23,RO,35.0,Norte,Brasil
2017-07-30,RO,25.0,Norte,Brasil
2017-08-06,RO,49.0,Norte,Brasil
2017-08-13,RO,37.0,Norte,Brasil
2017-08-20,RO,33.0,Norte,Brasil
2017-08-27,RO,35.0,Norte,Brasil
2017-09-03,RO,36.0,Norte,Brasil
2017-09-10,RO,17.0,Norte,Brasil
2017-09-17,RO,40.0,Norte,Brasil
2017-09-24,RO,36.0,Norte,Brasil
2017-10-01,RO,31.0,Norte,Brasil
2017-10-08,RO,47.0,Norte,Brasil
2017-10-15,RO,24.0,Norte,Brasil
2017-10-22,RO,28.0,Norte,Brasil
2017-10-29,RO,55.0,Norte,Brasil
2017-11-05,RO,30.0,Norte,Brasil
2017-11-12,RO,40.0,Norte,Brasil
2017-11-19,RO,51.0,Norte,Brasil
2017-11-26,RO,87.0,Norte,Brasil
2017-12-03,RO,74.0,Norte,Brasil
2017-12-10,RO,73.0,Norte,Brasil
2017-12-17,RO,69.0,Norte,Brasil
2017-12-24,RO,81.0,Norte,Brasil
2017-12-31,RO,50.0,Norte,Brasil
2018-01-07,RO,70.0,Norte,Brasil
2018-01-14,RO,71.0,Norte,Brasil
2018-01-21,RO,93.0,Norte,Brasil
2018-01-28,RO,111.0,Norte,Brasil
2018-02-04,RO,55.0,Norte,Brasil
2018-02-11,RO,81.0,Norte,Brasil
2018-02-18,RO,52.0,Norte,Brasil
2018-02-25,RO,87.0,Norte,Brasil
2018-03-04,RO,62.0,Norte,Brasil
2018-03-11,RO,48.0,Norte,Brasil
2018-03-18,RO,55.0,Norte,Brasil
2018-03-25,RO,44.0,Norte,Brasil
2018-04-01,RO,32.0,Norte,Brasil
2018-04-08,RO,70.0,Norte,Brasil
2018-04-15,RO,74.0,Norte,Brasil
2018-04-22,RO,64.0,Norte,Brasil
2018-04-29,RO,49.0,Norte,Brasil
2018-05-06,RO,64.0,Norte,Brasil
2018-05-13,RO,58.0,Norte,Brasil
2018-05-20,RO,54.0,Norte,Brasil
2018-05-27,RO,38.0,Norte,Brasil
2018-06-03,RO,47.0,Norte,Brasil
2018-06-10,RO,23.0,Norte,Brasil
2018-06-17,RO,29.0,Norte,Brasil
2018-06-24,RO,15.0,Norte,Brasil
2018-07-01,RO,22.0,Norte,Brasil
2018-07-08,RO,18.0,Norte,Brasil
2018-07-15,RO,27.0,Norte,Brasil
2018-07-22,RO,23.0,Norte,Brasil
2018-07-29,RO,30.0,Norte,Brasil
2018-08-05,RO,33.0,Norte,Brasil
2018-08-12,RO,22.0,Norte,Brasil
2018-08-19,RO,17.0,Norte,Brasil
2018-08-26,RO,13.0,Norte,Brasil
2018-09-02,RO,23.0,Norte,Brasil
2018-09-09,RO,9.0,Norte,Brasil
2018-09-16,RO,21.0,Norte,Brasil
2018-09-23,RO,14.0,Norte,Brasil
2018-09-30,RO,13.0,Norte,Brasil
2018-10-07,RO,17.0,Norte,Brasil
2018-10-14,RO,11.0,Norte,Brasil
2018-10-21,RO,27.0,Norte,Brasil
2018-10-28,RO,15.0,Norte,Brasil
2018-11-04,RO,15.0,Norte,Brasil
2018-11-11,RO,32.0,Norte,Brasil
2018-11-18,RO,17.0,Norte,Brasil
2018-11-25,RO,22.0,Norte,Brasil
2018-12-02,RO,23.0,Norte,Brasil
2018-12-09,RO,27.0,Norte,Brasil
2018-12-16,RO,23.0,Norte,Brasil
2018-12-23,RO,24.0,Norte,Brasil
2018-12-30,RO,14.0,Norte,Brasil
2019-01-06,RO,15.0,Norte,Brasil
2019-01-13,RO,22.0,Norte,Brasil
2019-01-20,RO,34.0,Norte,Brasil
2019-01-27,RO,22.0,Norte,Brasil
2019-02-03,RO,39.0,Norte,Brasil
2019-02-10,RO,26.0,Norte,Brasil
2019-02-17,RO,30.0,Norte,Brasil
2019-02-24,RO,33.0,Norte,Brasil
2019-03-03,RO,43.0,Norte,Brasil
2019-03-10,RO,33.0,Norte,Brasil
2019-03-17,RO,41.0,Norte,Brasil
2019-03-24,RO,70.0,Norte,Brasil
2019-03-31,RO,51.0,Norte,Brasil
2019-04-07,RO,60.0,Norte,Brasil
2019-04-14,RO,62.0,Norte,Brasil
2019-04-21,RO,55.0,Norte,Brasil
2019-04-28,RO,64.0,Norte,Brasil
2019-05-05,RO,86.0,Norte,Brasil
2019-05-12,RO,71.0,Norte,Brasil
2019-05-19,RO,62.0,Norte,Brasil
2019-05-26,RO,66.0,Norte,Brasil
2019-06-02,RO,34.0,Norte,Brasil
2019-06-09,RO,52.0,Norte,Brasil
2019-06-16,RO,61.0,Norte,Brasil
2019-06-23,RO,36.0,Norte,Brasil
2019-06-30,RO,53.0,Norte,Brasil
2019-07-07,RO,49.0,Norte,Brasil
2019-07-14,RO,55.0,Norte,Brasil
2019-07-21,RO,47.0,Norte,Brasil
2019-07-28,RO,50.0,Norte,Brasil
2019-08-04,RO,63.0,Norte,Brasil
2019-08-11,RO,45.0,Norte,Brasil
2019-08-18,RO,38.0,Norte,Brasil
2019-08-25,RO,33.0,Norte,Brasil
2019-09-01,RO,25.0,Norte,Brasil
2019-09-08,RO,27.0,Norte,Brasil
2019-09-15,RO,21.0,Norte,Brasil
2019-09-22,RO,17.0,Norte,Brasil
2019-09-29,RO,17.0,Norte,Brasil
2019-10-06,RO,32.0,Norte,Brasil
2019-10-13,RO,21.0,Norte,Brasil
2019-10-20,RO,29.0,Norte,Brasil
2019-10-27,RO,34.0,Norte,Brasil
2019-11-03,RO,38.0,Norte,Brasil
2019-11-10,RO,39.0,Norte,Brasil
2019-11-17,RO,59.0,Norte,Brasil
2019-11-24,RO,59.0,Norte,Brasil
2019-12-01,RO,83.0,Norte,Brasil
2019-12-08,RO,92.0,Norte,Brasil
2019-12-15,RO,115.0,Norte,Brasil
2019-12-22,RO,107.0,Norte,Brasil
2019-12-29,RO,43.0,Norte,Brasil
2020-01-05,RO,17.0,Norte,Brasil
2020-01-12,RO,49.0,Norte,Brasil
2020-01-19,RO,69.0,Norte,Brasil
2020-01-26,RO,90.0,Norte,Brasil
2020-02-02,RO,119.0,Norte,Brasil
2020-02-09,RO,139.0,Norte,Brasil
2020-02-16,RO,173.0,Norte,Brasil
2020-02-23,RO,180.0,Norte,Brasil
2020-03-01,RO,130.0,Norte,Brasil
2020-03-08,RO,173.0,Norte,Brasil
2020-03-15,RO,194.0,Norte,Brasil
2020-03-22,RO,190.0,Norte,Brasil
2020-03-29,RO,125.0,Norte,Brasil
2020-04-05,RO,181.0,Norte,Brasil
2020-04-12,RO,155.0,Norte,Brasil
2020-04-19,RO,186.0,Norte,Brasil
2020-04-26,RO,126.0,Norte,Brasil
2020-05-03,RO,124.0,Norte,Brasil
2020-05-10,RO,129.0,Norte,Brasil
2020-05-17,RO,134.0,Norte,Brasil
2020-05-24,RO,124.0,Norte,Brasil
2020-05-31,RO,114.0,Norte,Brasil
2020-06-07,RO,81.0,Norte,Brasil
2020-06-14,RO,46.0,Norte,Brasil
2020-06-21,RO,61.0,Norte,Brasil
2020-06-28,RO,69.0,Norte,Brasil
2020-07-05,RO,82.0,Norte,Brasil
2020-07-12,RO,52.0,Norte,Brasil
2020-07-19,RO,46.0,Norte,Brasil
2020-07-26,RO,44.0,Norte,Brasil
2020-08-02,RO,36.0,Norte,Brasil
2020-08-09,RO,37.0,Norte,Brasil
2020-08-16,RO,26.0,Norte,Brasil
2020-08-23,RO,26.0,Norte,Brasil
2020-08-30,RO,24.0,Norte,Brasil
2020-09-06,RO,12.0,Norte,Brasil
2020-09-13,RO,7.0,Norte,Brasil
2020-09-20,RO,10.0,Norte,Brasil
2020-09-27,RO,9.0,Norte,Brasil
2020-10-04,RO,7.0,Norte,Brasil
2020-10-11,RO,9.0,Norte,Brasil
2020-10-18,RO,5.0,Norte,Brasil
2020-10-25,RO,10.0,Norte,Brasil
2020-11-01,RO,18.0,Norte,Brasil
2020-11-08,RO,13.0,Norte,Brasil
2020-11-15,RO,13.0,Norte,Brasil
2020-11-22,RO,17.0,Norte,Brasil
2020-11-29,RO,25.0,Norte,Brasil
2020-12-06,RO,36.0,Norte,Brasil
2020-12-13,RO,42.0,Norte,Brasil
2020-12-20,RO,57.0,Norte,Brasil
2020-12-27,RO,44.0,Norte,Brasil
2021-01-03,RO,44.0,Norte,Brasil
2021-01-10,RO,62.0,Norte,Brasil
2021-01-17,RO,112.0,Norte,Brasil
2021-01-24,RO,107.0,Norte,Brasil
2021-01-31,RO,157.0,Norte,Brasil
2021-02-07,RO,103.0,Norte,Brasil
2021-02-14,RO,152.0,Norte,Brasil
2021-02-21,RO,146.0,Norte,Brasil
2021-02-28,RO,133.0,Norte,Brasil
2021-03-07,RO,128.0,Norte,Brasil
2021-03-14,RO,110.0,Norte,Brasil
2021-03-21,RO,102.0,Norte,Brasil
2021-03-28,RO,132.0,Norte,Brasil
2021-04-04,RO,96.0,Norte,Brasil
2021-04-11,RO,107.0,Norte,Brasil
2021-04-18,RO,85.0,Norte,Brasil
2021-04-25,RO,69.0,Norte,Brasil
2021-05-02,RO,76.0,Norte,Brasil
2021-05-09,RO,67.0,Norte,Brasil
2021-05-16,RO,81.0,Norte,Brasil
2021-05-23,RO,82.0,Norte,Brasil
2021-05-30,RO,70.0,Norte,Brasil
2021-06-06,RO,51.0,Norte,Brasil
2021-06-13,RO,60.0,Norte,Brasil
2021-06-20,RO,80.0,Norte,Brasil
2021-06-27,RO,69.0,Norte,Brasil
2021-07-04,RO,46.0,Norte,Brasil
2021-07-11,RO,40.0,Norte,Brasil
2021-07-18,RO,35.0,Norte,Brasil
2021-07-25,RO,34.0,Norte,Brasil
2021-08-01,RO,32.0,Norte,Brasil
2021-08-08,RO,34.0,Norte,Brasil
2021-08-15,RO,35.0,Norte,Brasil
2021-08-22,RO,23.0,Norte,Brasil
2021-08-29,RO,38.0,Norte,Brasil
2021-09-05,RO,21.0,Norte,Brasil
2021-09-12,RO,9.0,Norte,Brasil
2021-09-19,RO,16.0,Norte,Brasil
2021-09-26,RO,16.0,Norte,Brasil
2021-10-03,RO,18.0,Norte,Brasil
2021-10-10,RO,14.0,Norte,Brasil
2021-10-17,RO,17.0,Norte,Brasil
2021-10-24,RO,19.0,Norte,Brasil
2021-10-31,RO,29.0,Norte,Brasil
2021-11-07,RO,38.0,Norte,Brasil
2021-11-14,RO,58.0,Norte,Brasil
2021-11-21,RO,72.0,Norte,Brasil
2021-11-28,RO,125.0,Norte,Brasil
2021-12-05,RO,149.0,Norte,Brasil
2021-12-12,RO,145.0,Norte,Brasil
2021-12-19,RO,176.0,Norte,Brasil
2021-12-26,RO,193.0,Norte,Brasil
2022-01-02,RO,153.0,Norte,Brasil
2022-01-09,RO,125.0,Norte,Brasil
2022-01-16,RO,239.0,Norte,Brasil
2022-01-23,RO,321.0,Norte,Brasil
2022-01-30,RO,264.0,Norte,Brasil
2022-02-06,RO,287.0,Norte,Brasil
2022-02-13,RO,291.0,Norte,Brasil
2022-02-20,RO,401.0,Norte,Brasil
2022-02-27,RO,380.0,Norte,Brasil
2022-03-06,RO,383.0,Norte,Brasil
2022-03-13,RO,447.0,Norte,Brasil
2022-03-20,RO,452.0,Norte,Brasil
2022-03-27,RO,468.0,Norte,Brasil
2022-04-03,RO,471.0,Norte,Brasil
2022-04-10,RO,541.0,Norte,Brasil
2022-04-17,RO,465.0,Norte,Brasil
2022-04-24,RO,513.0,Norte,Brasil
2022-05-01,RO,579.0,Norte,Brasil
2022-05-08,RO,433.0,Norte,Brasil
2022-05-15,RO,445.0,Norte,Brasil
2022-05-22,RO,346.0,Norte,Brasil
2022-05-29,RO,289.0,Norte,Brasil
2022-06-05,RO,271.0,Norte,Brasil
2022-06-12,RO,270.0,Norte,Brasil
2022-06-19,RO,165.0,Norte,Brasil
2022-06-26,RO,187.0,Norte,Brasil
2022-07-03,RO,184.0,Norte,Brasil
2022-07-10,RO,145.0,Norte,Brasil
2022-07-17,RO,175.0,Norte,Brasil
2022-07-24,RO,155.0,Norte,Brasil
2022-07-31,RO,134.0,Norte,Brasil
2022-08-07,RO,113.0,Norte,Brasil
2022-08-14,RO,109.0,Norte,Brasil
2022-08-21,RO,88.0,Norte,Brasil
2022-08-28,RO,81.0,Norte,Brasil
2022-09-04,RO,79.0,Norte,Brasil
2022-09-11,RO,68.0,Norte,Brasil
2022-09-18,RO,82.0,Norte,Brasil
2022-09-25,RO,98.0,Norte,Brasil
2022-10-02,RO,105.0,Norte,Brasil
2022-10-09,RO,74.0,Norte,Brasil
2022-10-16,RO,77.0,Norte,Brasil
2022-10-23,RO,120.0,Norte,Brasil
2022-10-30,RO,129.0,Norte,Brasil
2022-11-06,RO,120.0,Norte,Brasil
2022-11-13,RO,154.0,Norte,Brasil
2022-11-20,RO,225.0,Norte,Brasil
2022-11-27,RO,260.0,Norte,Brasil
2022-12-04,RO,447.0,Norte,Brasil
2022-12-11,RO,367.0,Norte,Brasil
2022-12-18,RO,478.0,Norte,Brasil
2022-12-25,RO,562.0,Norte,Brasil
2023-01-01,RO,598.0,Norte,Brasil
2023-01-08,RO,402.0,Norte,Brasil
2023-01-15,RO,649.0,Norte,Brasil
2023-01-22,RO,769.0,Norte,Brasil
2023-01-29,RO,753.0,Norte,Brasil
2023-02-05,RO,656.0,Norte,Brasil
2023-02-12,RO,642.0,Norte,Brasil
2023-02-19,RO,672.0,Norte,Brasil
2023-02-26,RO,508.0,Norte,Brasil
2023-03-05,RO,617.0,Norte,Brasil
2023-03-12,RO,627.0,Norte,Brasil
2023-03-19,RO,599.0,Norte,Brasil
2023-03-26,RO,386.0,Norte,Brasil
2023-04-02,RO,361.0,Norte,Brasil
2023-04-09,RO,285.0,Norte,Brasil
2023-04-16,RO,299.0,Norte,Brasil
2023-04-23,RO,289.0,Norte,Brasil
2023-04-30,RO,227.0,Norte,Brasil
2023-05-07,RO,176.0,Norte,Brasil
2023-05-14,RO,178.0,Norte,Brasil
2023-05-21,RO,116.0,Norte,Brasil
2023-05-28,RO,110.0,Norte,Brasil
2023-06-04,RO,86.0,Norte,Brasil
2023-06-11,RO,83.0,Norte,Brasil
2023-06-18,RO,65.0,Norte,Brasil
2023-06-25,RO,90.0,Norte,Brasil
2023-07-02,RO,61.0,Norte,Brasil
2023-07-09,RO,49.0,Norte,Brasil
2023-07-16,RO,53.0,Norte,Brasil
2023-07-23,RO,53.0,Norte,Brasil
2023-07-30,RO,27.0,Norte,Brasil
2023-08-06,RO,23.0,Norte,Brasil
2023-08-13,RO,51.0,Norte,Brasil
2023-08-20,RO,39.0,Norte,Brasil
2023-08-27,RO,34.0,Norte,Brasil
2023-09-03,RO,22.0,Norte,Brasil
2023-09-10,RO,16.0,Norte,Brasil
2023-09-17,RO,26.0,Norte,Brasil
2023-09-24,RO,24.0,Norte,Brasil
2023-10-01,RO,37.0,Norte,Brasil
2023-10-08,RO,32.0,Norte,Brasil
2023-10-15,RO,23.0,Norte,Brasil
2023-10-22,RO,60.0,Norte,Brasil
2023-10-29,RO,77.0,Norte,Brasil
2023-11-05,RO,50.0,Norte,Brasil
2023-11-12,RO,44.0,Norte,Brasil
2023-11-19,RO,26.0,Norte,Brasil
2023-11-26,RO,25.0,Norte,Brasil
2023-12-03,RO,38.0,Norte,Brasil
2023-12-10,RO,40.0,Norte,Brasil
2023-12-17,RO,49.0,Norte,Brasil
2023-12-24,RO,36.0,Norte,Brasil
2023-12-31,RO,33.0,Norte,Brasil
2024-01-07,RO,36.0,Norte,Brasil
2024-01-14,RO,81.0,Norte,Brasil
2024-01-21,RO,114.0,Norte,Brasil
2024-01-28,RO,132.0,Norte,Brasil
2024-02-04,RO,170.0,Norte,Brasil
2024-02-11,RO,214.0,Norte,Brasil
2024-02-18,RO,191.0,Norte,Brasil
2024-02-25,RO,542.0,Norte,Brasil
2024-03-03,RO,457.0,Norte,Brasil
2024-03-10,RO,608.0,Norte,Brasil
2024-03-17,RO,552.0,Norte,Brasil
2024-03-24,RO,472.0,Norte,Brasil
2024-03-31,RO,149.0,Norte,Brasil
2024-04-07,RO,201.0,Norte,Brasil
2024-04-14,RO,163.0,Norte,Brasil
2024-04-21,RO,152.0,Norte,Brasil
2024-04-28,RO,147.0,Norte,Brasil
2024-05-05,RO,69.0,Norte,Brasil
2024-05-12,RO,80.0,Norte,Brasil
2024-05-19,RO,50.0,Norte,Brasil
2024-05-26,RO,43.0,Norte,Brasil
2024-06-02,RO,25.0,Norte,Brasil
2024-06-09,RO,30.0,Norte,Brasil
2024-06-16,RO,44.0,Norte,Brasil
2024-06-23,RO,27.0,Norte,Brasil
2024-06-30,RO,30.0,Norte,Brasil
2024-07-07,RO,21.0,Norte,Brasil
2024-07-14,RO,30.0,Norte,Brasil
2024-07-21,RO,20.0,Norte,Brasil
2024-07-28,RO,15.0,Norte,Brasil
2024-08-04,RO,24.0,Norte,Brasil
2024-08-11,RO,26.0,Norte,Brasil
2024-08-18,RO,12.0,Norte,Brasil
2024-08-25,RO,13.0,Norte,Brasil
2024-09-01,RO,21.0,Norte,Brasil
2024-09-08,RO,12.0,Norte,Brasil
2024-09-15,RO,11.0,Norte,Brasil
2024-09-22,RO,12.0,Norte,Brasil
2024-09-29,RO,11.0,Norte,Brasil
2024-10-06,RO,3.0,Norte,Brasil
2024-10-13,RO,3.0,Norte,Brasil
2024-10-20,RO,8.0,Norte,Brasil
2024-10-27,RO,11.0,Norte,Brasil
2024-11-03,RO,9.0,Norte,Brasil
2024-11-10,RO,10.0,Norte,Brasil
2024-11-17,RO,10.0,Norte,Brasil
2024-11-24,RO,15.0,Norte,Brasil
2024-12-01,RO,16.0,Norte,Brasil
2024-12-08,RO,24.0,Norte,Brasil
2024-12-15,RO,16.0,Norte,Brasil
2024-12-22,RO,23.0,Norte,Brasil
2024-12-29,RO,9.0,Norte,Brasil
2025-01-05,RO,9.0,Norte,Brasil
2025-01-12,RO,31.0,Norte,Brasil
2025-01-19,RO,17.0,Norte,Brasil
2025-01-26,RO,33.0,Norte,Brasil
2025-02-02,RO,26.0,Norte,Brasil
2025-02-09,RO,30.0,Norte,Brasil
2025-02-16,RO,54.0,Norte,Brasil
2025-02-23,RO,42.0,Norte,Brasil
2025-03-02,RO,53.0,Norte,Brasil
2025-03-09,RO,62.0,Norte,Brasil
2025-03-16,RO,84.0,Norte,Brasil
2025-03-23,RO,119.0,Norte,Brasil
2025-03-30,RO,108.0,Norte,Brasil
2025-04-06,RO,88.0,Norte,Brasil
2025-04-13,RO,90.0,Norte,Brasil
2025-04-20,RO,94.0,Norte,Brasil
2025-04-27,RO,136.0,Norte,Brasil
2025-05-04,RO,94.0,Norte,Brasil
2025-05-11,RO,118.0,Norte,Brasil
2025-05-18,RO,131.0,Norte,Brasil
2025-05-25,RO,84.0,Norte,Brasil
2025-06-01,RO,70.0,Norte,Brasil
2025-06-08,RO,91.0,Norte,Brasil
2025-06-15,RO,67.0,Norte,Brasil
2025-06-22,RO,50.0,Norte,Brasil
2025-06-29,RO,77.0,Norte,Brasil
2025-07-06,RO,46.0,Norte,Brasil
2025-07-13,RO,60.0,Norte,Brasil
2025-07-20,RO,41.0,Norte,Brasil
2025-07-27,RO,26.0,Norte,Brasil
2025-08-03,RO,29.0,Norte,Brasil
2025-08-10,RO,24.0,Norte,Brasil
2025-08-17,RO,20.0,Norte,Brasil
2025-08-24,RO,24.0,Norte,Brasil
2025-08-31,RO,20.0,Norte,Brasil
2025-09-07,RO,15.0,Norte,Brasil
2025-09-14,RO,23.0,Norte,Brasil
2025-09-21,RO,30.0,Norte,Brasil
2025-09-28,RO,26.0,Norte,Brasil
2025-10-05,RO,24.0,Norte,Brasil
2025-10-12,RO,20.0,Norte,Brasil
2025-10-19,RO,17.0,Norte,Brasil
2025-10-26,RO,17.0,Norte,Brasil
2025-11-02,RO,20.0,Norte,Brasil
2025-11-09,RO,15.0,Norte,Brasil
2025-11-16,RO,20.0,Norte,Brasil
2025-11-23,RO,11.0,Norte,Brasil
2025-11-30,RO,21.0,Norte,Brasil
2025-12-07,RO,29.0,Norte,Brasil
2025-12-14,RO,32.0,Norte,Brasil
2025-12-21,RO,44.0,Norte,Brasil
2025-12-28,RO,16.0,Norte,Brasil
2026-01-04,RO,27.0,Norte,Brasil
2026-01-11,RO,45.0,Norte,Brasil
2026-01-18,RO,55.0,Norte,Brasil
2026-01-25,RO,44.0,Norte,Brasil
2026-02-01,RO,67.0,Norte,Brasil
2026-02-08,RO,67.0,Norte,Brasil
2026-02-15,RO,62.0,Norte,Brasil
2026-02-22,RO,56.0,Norte,Brasil
2026-03-01,RO,78.0,Norte,Brasil
2026-03-08,RO,66.0,Norte,Brasil
2026-03-15,RO,61.0,Norte,Brasil
2026-03-22,RO,66.0,Norte,Brasil
2026-03-29,RO,65.0,Norte,Brasil
2026-04-05,RO,24.0,Norte,Brasil
2026-04-12,RO,4.0,Norte,Brasil
2026-04-19,RO,4.0,Norte,Brasil
2015-01-04,RR,6.0,Norte,Brasil
2015-01-11,RR,38.0,Norte,Brasil
2015-01-18,RR,69.0,Norte,Brasil
2015-01-25,RR,58.0,Norte,Brasil
2015-02-01,RR,48.0,Norte,Brasil
2015-02-08,RR,63.0,Norte,Brasil
2015-02-15,RR,51.0,Norte,Brasil
2015-02-22,RR,28.0,Norte,Brasil
2015-03-01,RR,37.0,Norte,Brasil
2015-03-08,RR,29.0,Norte,Brasil
2015-03-15,RR,38.0,Norte,Brasil
2015-03-22,RR,41.0,Norte,Brasil
2015-03-29,RR,35.0,Norte,Brasil
2015-04-05,RR,30.0,Norte,Brasil
2015-04-12,RR,61.0,Norte,Brasil
2015-04-19,RR,36.0,Norte,Brasil
2015-04-26,RR,53.0,Norte,Brasil
2015-05-03,RR,40.0,Norte,Brasil
2015-05-10,RR,53.0,Norte,Brasil
2015-05-17,RR,59.0,Norte,Brasil
2015-05-24,RR,53.0,Norte,Brasil
2015-05-31,RR,37.0,Norte,Brasil
2015-06-07,RR,45.0,Norte,Brasil
2015-06-14,RR,79.0,Norte,Brasil
2015-06-21,RR,100.0,Norte,Brasil
2015-06-28,RR,56.0,Norte,Brasil
2015-07-05,RR,67.0,Norte,Brasil
2015-07-12,RR,56.0,Norte,Brasil
2015-07-19,RR,64.0,Norte,Brasil
2015-07-26,RR,100.0,Norte,Brasil
2015-08-02,RR,81.0,Norte,Brasil
2015-08-09,RR,115.0,Norte,Brasil
2015-08-16,RR,87.0,Norte,Brasil
2015-08-23,RR,128.0,Norte,Brasil
2015-08-30,RR,130.0,Norte,Brasil
2015-09-06,RR,131.0,Norte,Brasil
2015-09-13,RR,104.0,Norte,Brasil
2015-09-20,RR,112.0,Norte,Brasil
2015-09-27,RR,79.0,Norte,Brasil
2015-10-04,RR,50.0,Norte,Brasil
2015-10-11,RR,35.0,Norte,Brasil
2015-10-18,RR,23.0,Norte,Brasil
2015-10-25,RR,22.0,Norte,Brasil
2015-11-01,RR,12.0,Norte,Brasil
2015-11-08,RR,9.0,Norte,Brasil
2015-11-15,RR,14.0,Norte,Brasil
2015-11-22,RR,11.0,Norte,Brasil
2015-11-29,RR,18.0,Norte,Brasil
2015-12-06,RR,31.0,Norte,Brasil
2015-12-13,RR,26.0,Norte,Brasil
2015-12-20,RR,22.0,Norte,Brasil
2015-12-27,RR,5.0,Norte,Brasil
2016-01-03,RR,5.0,Norte,Brasil
2016-01-10,RR,18.0,Norte,Brasil
2016-01-17,RR,13.0,Norte,Brasil
2016-01-24,RR,10.0,Norte,Brasil
2016-01-31,RR,19.0,Norte,Brasil
2016-02-07,RR,11.0,Norte,Brasil
2016-02-14,RR,14.0,Norte,Brasil
2016-02-21,RR,22.0,Norte,Brasil
2016-02-28,RR,23.0,Norte,Brasil
2016-03-06,RR,16.0,Norte,Brasil
2016-03-13,RR,43.0,Norte,Brasil
2016-03-20,RR,32.0,Norte,Brasil
2016-03-27,RR,21.0,Norte,Brasil
2016-04-03,RR,30.0,Norte,Brasil
2016-04-10,RR,46.0,Norte,Brasil
2016-04-17,RR,19.0,Norte,Brasil
2016-04-24,RR,14.0,Norte,Brasil
2016-05-01,RR,20.0,Norte,Brasil
2016-05-08,RR,16.0,Norte,Brasil
2016-05-15,RR,29.0,Norte,Brasil
2016-05-22,RR,27.0,Norte,Brasil
2016-05-29,RR,26.0,Norte,Brasil
2016-06-05,RR,23.0,Norte,Brasil
2016-06-12,RR,26.0,Norte,Brasil
2016-06-19,RR,21.0,Norte,Brasil
2016-06-26,RR,68.0,Norte,Brasil
2016-07-03,RR,53.0,Norte,Brasil
2016-07-10,RR,59.0,Norte,Brasil
2016-07-17,RR,69.0,Norte,Brasil
2016-07-24,RR,96.0,Norte,Brasil
2016-07-31,RR,170.0,Norte,Brasil
2016-08-07,RR,90.0,Norte,Brasil
2016-08-14,RR,121.0,Norte,Brasil
2016-08-21,RR,119.0,Norte,Brasil
2016-08-28,RR,72.0,Norte,Brasil
2016-09-04,RR,73.0,Norte,Brasil
2016-09-11,RR,49.0,Norte,Brasil
2016-09-18,RR,53.0,Norte,Brasil
2016-09-25,RR,34.0,Norte,Brasil
2016-10-02,RR,36.0,Norte,Brasil
2016-10-09,RR,36.0,Norte,Brasil
2016-10-16,RR,23.0,Norte,Brasil
2016-10-23,RR,22.0,Norte,Brasil
2016-10-30,RR,18.0,Norte,Brasil
2016-11-06,RR,17.0,Norte,Brasil
2016-11-13,RR,21.0,Norte,Brasil
2016-11-20,RR,20.0,Norte,Brasil
2016-11-27,RR,13.0,Norte,Brasil
2016-12-04,RR,12.0,Norte,Brasil
2016-12-11,RR,7.0,Norte,Brasil
2016-12-18,RR,15.0,Norte,Brasil
2016-12-25,RR,21.0,Norte,Brasil
2017-01-01,RR,21.0,Norte,Brasil
2017-01-08,RR,21.0,Norte,Brasil
2017-01-15,RR,43.0,Norte,Brasil
2017-01-22,RR,42.0,Norte,Brasil
2017-01-29,RR,49.0,Norte,Brasil
2017-02-05,RR,40.0,Norte,Brasil
2017-02-12,RR,81.0,Norte,Brasil
2017-02-19,RR,103.0,Norte,Brasil
2017-02-26,RR,71.0,Norte,Brasil
2017-03-05,RR,63.0,Norte,Brasil
2017-03-12,RR,120.0,Norte,Brasil
2017-03-19,RR,117.0,Norte,Brasil
2017-03-26,RR,144.0,Norte,Brasil
2017-04-02,RR,119.0,Norte,Brasil
2017-04-09,RR,128.0,Norte,Brasil
2017-04-16,RR,100.0,Norte,Brasil
2017-04-23,RR,102.0,Norte,Brasil
2017-04-30,RR,128.0,Norte,Brasil
2017-05-07,RR,115.0,Norte,Brasil
2017-05-14,RR,177.0,Norte,Brasil
2017-05-21,RR,200.0,Norte,Brasil
2017-05-28,RR,202.0,Norte,Brasil
2017-06-04,RR,181.0,Norte,Brasil
2017-06-11,RR,183.0,Norte,Brasil
2017-06-18,RR,153.0,Norte,Brasil
2017-06-25,RR,248.0,Norte,Brasil
2017-07-02,RR,167.0,Norte,Brasil
2017-07-09,RR,253.0,Norte,Brasil
2017-07-16,RR,183.0,Norte,Brasil
2017-07-23,RR,172.0,Norte,Brasil
2017-07-30,RR,159.0,Norte,Brasil
2017-08-06,RR,116.0,Norte,Brasil
2017-08-13,RR,105.0,Norte,Brasil
2017-08-20,RR,81.0,Norte,Brasil
2017-08-27,RR,79.0,Norte,Brasil
2017-09-03,RR,58.0,Norte,Brasil
2017-09-10,RR,30.0,Norte,Brasil
2017-09-17,RR,58.0,Norte,Brasil
2017-09-24,RR,51.0,Norte,Brasil
2017-10-01,RR,40.0,Norte,Brasil
2017-10-08,RR,20.0,Norte,Brasil
2017-10-15,RR,30.0,Norte,Brasil
2017-10-22,RR,48.0,Norte,Brasil
2017-10-29,RR,31.0,Norte,Brasil
2017-11-05,RR,34.0,Norte,Brasil
2017-11-12,RR,40.0,Norte,Brasil
2017-11-19,RR,26.0,Norte,Brasil
2017-11-26,RR,29.0,Norte,Brasil
2017-12-03,RR,35.0,Norte,Brasil
2017-12-10,RR,20.0,Norte,Brasil
2017-12-17,RR,21.0,Norte,Brasil
2017-12-24,RR,19.0,Norte,Brasil
2017-12-31,RR,15.0,Norte,Brasil
2018-01-07,RR,23.0,Norte,Brasil
2018-01-14,RR,22.0,Norte,Brasil
2018-01-21,RR,21.0,Norte,Brasil
2018-01-28,RR,24.0,Norte,Brasil
2018-02-04,RR,28.0,Norte,Brasil
2018-02-11,RR,15.0,Norte,Brasil
2018-02-18,RR,23.0,Norte,Brasil
2018-02-25,RR,31.0,Norte,Brasil
2018-03-04,RR,15.0,Norte,Brasil
2018-03-11,RR,26.0,Norte,Brasil
2018-03-18,RR,28.0,Norte,Brasil
2018-03-25,RR,43.0,Norte,Brasil
2018-04-01,RR,10.0,Norte,Brasil
2018-04-08,RR,27.0,Norte,Brasil
2018-04-15,RR,25.0,Norte,Brasil
2018-04-22,RR,25.0,Norte,Brasil
2018-04-29,RR,26.0,Norte,Brasil
2018-05-06,RR,31.0,Norte,Brasil
2018-05-13,RR,23.0,Norte,Brasil
2018-05-20,RR,40.0,Norte,Brasil
2018-05-27,RR,48.0,Norte,Brasil
2018-06-03,RR,31.0,Norte,Brasil
2018-06-10,RR,30.0,Norte,Brasil
2018-06-17,RR,30.0,Norte,Brasil
2018-06-24,RR,35.0,Norte,Brasil
2018-07-01,RR,31.0,Norte,Brasil
2018-07-08,RR,26.0,Norte,Brasil
2018-07-15,RR,35.0,Norte,Brasil
2018-07-22,RR,41.0,Norte,Brasil
2018-07-29,RR,42.0,Norte,Brasil
2018-08-05,RR,70.0,Norte,Brasil
2018-08-12,RR,54.0,Norte,Brasil
2018-08-19,RR,34.0,Norte,Brasil
2018-08-26,RR,45.0,Norte,Brasil
2018-09-02,RR,37.0,Norte,Brasil
2018-09-09,RR,19.0,Norte,Brasil
2018-09-16,RR,28.0,Norte,Brasil
2018-09-23,RR,32.0,Norte,Brasil
2018-09-30,RR,30.0,Norte,Brasil
2018-10-07,RR,21.0,Norte,Brasil
2018-10-14,RR,25.0,Norte,Brasil
2018-10-21,RR,27.0,Norte,Brasil
2018-10-28,RR,22.0,Norte,Brasil
2018-11-04,RR,12.0,Norte,Brasil
2018-11-11,RR,20.0,Norte,Brasil
2018-11-18,RR,19.0,Norte,Brasil
2018-11-25,RR,23.0,Norte,Brasil
2018-12-02,RR,34.0,Norte,Brasil
2018-12-09,RR,45.0,Norte,Brasil
2018-12-16,RR,36.0,Norte,Brasil
2018-12-23,RR,20.0,Norte,Brasil
2018-12-30,RR,15.0,Norte,Brasil
2019-01-06,RR,30.0,Norte,Brasil
2019-01-13,RR,29.0,Norte,Brasil
2019-01-20,RR,44.0,Norte,Brasil
2019-01-27,RR,46.0,Norte,Brasil
2019-02-03,RR,29.0,Norte,Brasil
2019-02-10,RR,50.0,Norte,Brasil
2019-02-17,RR,45.0,Norte,Brasil
2019-02-24,RR,38.0,Norte,Brasil
2019-03-03,RR,63.0,Norte,Brasil
2019-03-10,RR,43.0,Norte,Brasil
2019-03-17,RR,55.0,Norte,Brasil
2019-03-24,RR,58.0,Norte,Brasil
2019-03-31,RR,58.0,Norte,Brasil
2019-04-07,RR,70.0,Norte,Brasil
2019-04-14,RR,56.0,Norte,Brasil
2019-04-21,RR,31.0,Norte,Brasil
2019-04-28,RR,37.0,Norte,Brasil
2019-05-05,RR,35.0,Norte,Brasil
2019-05-12,RR,32.0,Norte,Brasil
2019-05-19,RR,49.0,Norte,Brasil
2019-05-26,RR,39.0,Norte,Brasil
2019-06-02,RR,39.0,Norte,Brasil
2019-06-09,RR,30.0,Norte,Brasil
2019-06-16,RR,49.0,Norte,Brasil
2019-06-23,RR,35.0,Norte,Brasil
2019-06-30,RR,38.0,Norte,Brasil
2019-07-07,RR,39.0,Norte,Brasil
2019-07-14,RR,41.0,Norte,Brasil
2019-07-21,RR,47.0,Norte,Brasil
2019-07-28,RR,75.0,Norte,Brasil
2019-08-04,RR,76.0,Norte,Brasil
2019-08-11,RR,78.0,Norte,Brasil
2019-08-18,RR,92.0,Norte,Brasil
2019-08-25,RR,102.0,Norte,Brasil
2019-09-01,RR,86.0,Norte,Brasil
2019-09-08,RR,70.0,Norte,Brasil
2019-09-15,RR,91.0,Norte,Brasil
2019-09-22,RR,92.0,Norte,Brasil
2019-09-29,RR,114.0,Norte,Brasil
2019-10-06,RR,120.0,Norte,Brasil
2019-10-13,RR,124.0,Norte,Brasil
2019-10-20,RR,174.0,Norte,Brasil
2019-10-27,RR,167.0,Norte,Brasil
2019-11-03,RR,160.0,Norte,Brasil
2019-11-10,RR,207.0,Norte,Brasil
2019-11-17,RR,141.0,Norte,Brasil
2019-11-24,RR,200.0,Norte,Brasil
2019-12-01,RR,160.0,Norte,Brasil
2019-12-08,RR,124.0,Norte,Brasil
2019-12-15,RR,134.0,Norte,Brasil
2019-12-22,RR,182.0,Norte,Brasil
2019-12-29,RR,116.0,Norte,Brasil
2020-01-05,RR,29.0,Norte,Brasil
2020-01-12,RR,39.0,Norte,Brasil
2020-01-19,RR,35.0,Norte,Brasil
2020-01-26,RR,31.0,Norte,Brasil
2020-02-02,RR,58.0,Norte,Brasil
2020-02-09,RR,81.0,Norte,Brasil
2020-02-16,RR,46.0,Norte,Brasil
2020-02-23,RR,32.0,Norte,Brasil
2020-03-01,RR,24.0,Norte,Brasil
2020-03-08,RR,25.0,Norte,Brasil
2020-03-15,RR,10.0,Norte,Brasil
2020-03-22,RR,9.0,Norte,Brasil
2020-03-29,RR,2.0,Norte,Brasil
2020-04-05,RR,2.0,Norte,Brasil
2020-04-12,RR,5.0,Norte,Brasil
2020-04-19,RR,1.0,Norte,Brasil
2020-04-26,RR,1.0,Norte,Brasil
2020-05-03,RR,3.0,Norte,Brasil
2020-05-10,RR,3.0,Norte,Brasil
2020-05-17,RR,3.0,Norte,Brasil
2020-05-24,RR,1.0,Norte,Brasil
2020-05-31,RR,1.0,Norte,Brasil
2020-06-07,RR,1.0,Norte,Brasil
2020-06-14,RR,1.0,Norte,Brasil
2020-06-21,RR,1.0,Norte,Brasil
2020-06-28,RR,2.0,Norte,Brasil
2020-07-05,RR,1.0,Norte,Brasil
2020-07-12,RR,2.0,Norte,Brasil
2020-07-19,RR,7.0,Norte,Brasil
2020-07-26,RR,2.0,Norte,Brasil
2020-08-02,RR,1.0,Norte,Brasil
2020-08-09,RR,3.0,Norte,Brasil
2020-08-16,RR,3.0,Norte,Brasil
2020-08-23,RR,4.0,Norte,Brasil
2020-08-30,RR,4.0,Norte,Brasil
2020-09-06,RR,4.0,Norte,Brasil
2020-09-13,RR,4.0,Norte,Brasil
2020-09-20,RR,4.0,Norte,Brasil
2020-09-27,RR,3.0,Norte,Brasil
2020-10-04,RR,6.0,Norte,Brasil
2020-10-11,RR,1.0,Norte,Brasil
2020-10-18,RR,1.0,Norte,Brasil
2020-10-25,RR,1.0,Norte,Brasil
2020-11-01,RR,1.0,Norte,Brasil
2020-11-08,RR,2.0,Norte,Brasil
2020-11-15,RR,2.0,Norte,Brasil
2020-11-22,RR,1.0,Norte,Brasil
2020-11-29,RR,1.0,Norte,Brasil
2020-12-06,RR,2.0,Norte,Brasil
2020-12-13,RR,3.0,Norte,Brasil
2020-12-20,RR,3.0,Norte,Brasil
2020-12-27,RR,2.0,Norte,Brasil
2021-01-03,RR,2.0,Norte,Brasil
2021-01-10,RR,6.0,Norte,Brasil
2021-01-17,RR,16.0,Norte,Brasil
2021-01-24,RR,22.0,Norte,Brasil
2021-01-31,RR,15.0,Norte,Brasil
2021-02-07,RR,22.0,Norte,Brasil
2021-02-14,RR,16.0,Norte,Brasil
2021-02-21,RR,23.0,Norte,Brasil
2021-02-28,RR,15.0,Norte,Brasil
2021-03-07,RR,34.0,Norte,Brasil
2021-03-14,RR,18.0,Norte,Brasil
2021-03-21,RR,14.0,Norte,Brasil
2021-03-28,RR,15.0,Norte,Brasil
2021-04-04,RR,27.0,Norte,Brasil
2021-04-11,RR,31.0,Norte,Brasil
2021-04-18,RR,34.0,Norte,Brasil
2021-04-25,RR,33.0,Norte,Brasil
2021-05-02,RR,34.0,Norte,Brasil
2021-05-09,RR,31.0,Norte,Brasil
2021-05-16,RR,35.0,Norte,Brasil
2021-05-23,RR,44.0,Norte,Brasil
2021-05-30,RR,45.0,Norte,Brasil
2021-06-06,RR,41.0,Norte,Brasil
2021-06-13,RR,50.0,Norte,Brasil
2021-06-20,RR,57.0,Norte,Brasil
2021-06-27,RR,22.0,Norte,Brasil
2021-07-04,RR,19.0,Norte,Brasil
2021-07-11,RR,36.0,Norte,Brasil
2021-07-18,RR,24.0,Norte,Brasil
2021-07-25,RR,44.0,Norte,Brasil
2021-08-01,RR,36.0,Norte,Brasil
2021-08-08,RR,36.0,Norte,Brasil
2021-08-15,RR,25.0,Norte,Brasil
2021-08-22,RR,35.0,Norte,Brasil
2021-08-29,RR,18.0,Norte,Brasil
2021-09-05,RR,18.0,Norte,Brasil
2021-09-12,RR,30.0,Norte,Brasil
2021-09-19,RR,26.0,Norte,Brasil
2021-09-26,RR,11.0,Norte,Brasil
2021-10-03,RR,14.0,Norte,Brasil
2021-10-10,RR,3.0,Norte,Brasil
2021-10-17,RR,18.0,Norte,Brasil
2021-10-24,RR,7.0,Norte,Brasil
2021-10-31,RR,16.0,Norte,Brasil
2021-11-07,RR,5.0,Norte,Brasil
2021-11-14,RR,11.0,Norte,Brasil
2021-11-21,RR,7.0,Norte,Brasil
2021-11-28,RR,17.0,Norte,Brasil
2021-12-05,RR,5.0,Norte,Brasil
2021-12-12,RR,4.0,Norte,Brasil
2021-12-19,RR,8.0,Norte,Brasil
2021-12-26,RR,11.0,Norte,Brasil
2022-01-02,RR,3.0,Norte,Brasil
2022-01-09,RR,3.0,Norte,Brasil
2022-01-16,RR,1.0,Norte,Brasil
2022-01-23,RR,1.0,Norte,Brasil
2022-01-30,RR,1.0,Norte,Brasil
2022-02-06,RR,1.0,Norte,Brasil
2022-02-13,RR,1.0,Norte,Brasil
2022-02-20,RR,1.0,Norte,Brasil
2022-02-27,RR,1.0,Norte,Brasil
2022-03-06,RR,1.0,Norte,Brasil
2022-03-13,RR,1.0,Norte,Brasil
2022-03-20,RR,1.0,Norte,Brasil
2022-03-27,RR,1.0,Norte,Brasil
2022-04-03,RR,1.0,Norte,Brasil
2022-04-10,RR,1.0,Norte,Brasil
2022-04-17,RR,1.0,Norte,Brasil
2022-04-24,RR,1.0,Norte,Brasil
2022-05-01,RR,1.0,Norte,Brasil
2022-05-08,RR,1.0,Norte,Brasil
2022-05-15,RR,1.0,Norte,Brasil
2022-05-22,RR,1.0,Norte,Brasil
2022-05-29,RR,2.0,Norte,Brasil
2022-06-05,RR,3.0,Norte,Brasil
2022-06-12,RR,2.0,Norte,Brasil
2022-06-19,RR,2.0,Norte,Brasil
2022-06-26,RR,2.0,Norte,Brasil
2022-07-03,RR,2.0,Norte,Brasil
2022-07-10,RR,2.0,Norte,Brasil
2022-07-17,RR,3.0,Norte,Brasil
2022-07-24,RR,2.0,Norte,Brasil
2022-07-31,RR,1.0,Norte,Brasil
2022-08-07,RR,2.0,Norte,Brasil
2022-08-14,RR,1.0,Norte,Brasil
2022-08-21,RR,2.0,Norte,Brasil
2022-08-28,RR,3.0,Norte,Brasil
2022-09-04,RR,3.0,Norte,Brasil
2022-09-11,RR,3.0,Norte,Brasil
2022-09-18,RR,3.0,Norte,Brasil
2022-09-25,RR,1.0,Norte,Brasil
2022-10-02,RR,2.0,Norte,Brasil
2022-10-09,RR,2.0,Norte,Brasil
2022-10-16,RR,2.0,Norte,Brasil
2022-10-23,RR,3.0,Norte,Brasil
2022-10-30,RR,1.0,Norte,Brasil
2022-11-06,RR,6.0,Norte,Brasil
2022-11-13,RR,1.0,Norte,Brasil
2022-11-20,RR,2.0,Norte,Brasil
2022-11-27,RR,2.0,Norte,Brasil
2022-12-04,RR,3.0,Norte,Brasil
2022-12-11,RR,3.0,Norte,Brasil
2022-12-18,RR,1.0,Norte,Brasil
2022-12-25,RR,1.0,Norte,Brasil
2023-01-01,RR,1.0,Norte,Brasil
2023-01-08,RR,1.0,Norte,Brasil
2023-01-15,RR,1.0,Norte,Brasil
2023-01-22,RR,1.0,Norte,Brasil
2023-01-29,RR,3.0,Norte,Brasil
2023-02-05,RR,5.0,Norte,Brasil
2023-02-12,RR,2.0,Norte,Brasil
2023-02-19,RR,3.0,Norte,Brasil
2023-02-26,RR,2.0,Norte,Brasil
2023-03-05,RR,2.0,Norte,Brasil
2023-03-12,RR,2.0,Norte,Brasil
2023-03-19,RR,1.0,Norte,Brasil
2023-03-26,RR,1.0,Norte,Brasil
2023-04-02,RR,2.0,Norte,Brasil
2023-04-09,RR,1.0,Norte,Brasil
2023-04-16,RR,2.0,Norte,Brasil
2023-04-23,RR,3.0,Norte,Brasil
2023-04-30,RR,3.0,Norte,Brasil
2023-05-07,RR,3.0,Norte,Brasil
2023-05-14,RR,4.0,Norte,Brasil
2023-05-21,RR,2.0,Norte,Brasil
2023-05-28,RR,1.0,Norte,Brasil
2023-06-04,RR,2.0,Norte,Brasil
2023-06-11,RR,2.0,Norte,Brasil
2023-06-18,RR,1.0,Norte,Brasil
2023-06-25,RR,5.0,Norte,Brasil
2023-07-02,RR,2.0,Norte,Brasil
2023-07-09,RR,3.0,Norte,Brasil
2023-07-16,RR,5.0,Norte,Brasil
2023-07-23,RR,5.0,Norte,Brasil
2023-07-30,RR,5.0,Norte,Brasil
2023-08-06,RR,3.0,Norte,Brasil
2023-08-13,RR,5.0,Norte,Brasil
2023-08-20,RR,21.0,Norte,Brasil
2023-08-27,RR,14.0,Norte,Brasil
2023-09-03,RR,26.0,Norte,Brasil
2023-09-10,RR,9.0,Norte,Brasil
2023-09-17,RR,16.0,Norte,Brasil
2023-09-24,RR,13.0,Norte,Brasil
2023-10-01,RR,13.0,Norte,Brasil
2023-10-08,RR,8.0,Norte,Brasil
2023-10-15,RR,2.0,Norte,Brasil
2023-10-22,RR,5.0,Norte,Brasil
2023-10-29,RR,1.0,Norte,Brasil
2023-11-05,RR,2.0,Norte,Brasil
2023-11-12,RR,1.0,Norte,Brasil
2023-11-19,RR,3.0,Norte,Brasil
2023-11-26,RR,3.0,Norte,Brasil
2023-12-03,RR,2.0,Norte,Brasil
2023-12-10,RR,3.0,Norte,Brasil
2023-12-17,RR,5.0,Norte,Brasil
2023-12-24,RR,5.0,Norte,Brasil
2023-12-31,RR,1.0,Norte,Brasil
2024-01-07,RR,3.0,Norte,Brasil
2024-01-14,RR,2.0,Norte,Brasil
2024-01-21,RR,4.0,Norte,Brasil
2024-01-28,RR,7.0,Norte,Brasil
2024-02-04,RR,11.0,Norte,Brasil
2024-02-11,RR,8.0,Norte,Brasil
2024-02-18,RR,6.0,Norte,Brasil
2024-02-25,RR,22.0,Norte,Brasil
2024-03-03,RR,2.0,Norte,Brasil
2024-03-10,RR,10.0,Norte,Brasil
2024-03-17,RR,12.0,Norte,Brasil
2024-03-24,RR,4.0,Norte,Brasil
2024-03-31,RR,7.0,Norte,Brasil
2024-04-07,RR,9.0,Norte,Brasil
2024-04-14,RR,2.0,Norte,Brasil
2024-04-21,RR,2.0,Norte,Brasil
2024-04-28,RR,12.0,Norte,Brasil
2024-05-05,RR,7.0,Norte,Brasil
2024-05-12,RR,4.0,Norte,Brasil
2024-05-19,RR,18.0,Norte,Brasil
2024-05-26,RR,27.0,Norte,Brasil
2024-06-02,RR,27.0,Norte,Brasil
2024-06-09,RR,42.0,Norte,Brasil
2024-06-16,RR,37.0,Norte,Brasil
2024-06-23,RR,32.0,Norte,Brasil
2024-06-30,RR,32.0,Norte,Brasil
2024-07-07,RR,22.0,Norte,Brasil
2024-07-14,RR,20.0,Norte,Brasil
2024-07-21,RR,16.0,Norte,Brasil
2024-07-28,RR,19.0,Norte,Brasil
2024-08-04,RR,11.0,Norte,Brasil
2024-08-11,RR,25.0,Norte,Brasil
2024-08-18,RR,19.0,Norte,Brasil
2024-08-25,RR,15.0,Norte,Brasil
2024-09-01,RR,19.0,Norte,Brasil
2024-09-08,RR,12.0,Norte,Brasil
2024-09-15,RR,13.0,Norte,Brasil
2024-09-22,RR,8.0,Norte,Brasil
2024-09-29,RR,7.0,Norte,Brasil
2024-10-06,RR,14.0,Norte,Brasil
2024-10-13,RR,10.0,Norte,Brasil
2024-10-20,RR,10.0,Norte,Brasil
2024-10-27,RR,2.0,Norte,Brasil
2024-11-03,RR,8.0,Norte,Brasil
2024-11-10,RR,6.0,Norte,Brasil
2024-11-17,RR,2.0,Norte,Brasil
2024-11-24,RR,3.0,Norte,Brasil
2024-12-01,RR,3.0,Norte,Brasil
2024-12-08,RR,3.0,Norte,Brasil
2024-12-15,RR,3.0,Norte,Brasil
2024-12-22,RR,5.0,Norte,Brasil
2024-12-29,RR,2.0,Norte,Brasil
2025-01-05,RR,1.0,Norte,Brasil
2025-01-12,RR,4.0,Norte,Brasil
2025-01-19,RR,4.0,Norte,Brasil
2025-01-26,RR,3.0,Norte,Brasil
2025-02-02,RR,5.0,Norte,Brasil
2025-02-09,RR,7.0,Norte,Brasil
2025-02-16,RR,7.0,Norte,Brasil
2025-02-23,RR,7.0,Norte,Brasil
2025-03-02,RR,8.0,Norte,Brasil
2025-03-09,RR,8.0,Norte,Brasil
2025-03-16,RR,11.0,Norte,Brasil
2025-03-23,RR,10.0,Norte,Brasil
2025-03-30,RR,7.0,Norte,Brasil
2025-04-06,RR,7.0,Norte,Brasil
2025-04-13,RR,15.0,Norte,Brasil
2025-04-20,RR,10.0,Norte,Brasil
2025-04-27,RR,28.0,Norte,Brasil
2025-05-04,RR,2.0,Norte,Brasil
2025-05-11,RR,16.0,Norte,Brasil
2025-05-18,RR,18.0,Norte,Brasil
2025-05-25,RR,6.0,Norte,Brasil
2025-06-01,RR,10.0,Norte,Brasil
2025-06-08,RR,24.0,Norte,Brasil
2025-06-15,RR,13.0,Norte,Brasil
2025-06-22,RR,10.0,Norte,Brasil
2025-06-29,RR,15.0,Norte,Brasil
2025-07-06,RR,4.0,Norte,Brasil
2025-07-13,RR,6.0,Norte,Brasil
2025-07-20,RR,5.0,Norte,Brasil
2025-07-27,RR,9.0,Norte,Brasil
2025-08-03,RR,5.0,Norte,Brasil
2025-08-10,RR,5.0,Norte,Brasil
2025-08-17,RR,5.0,Norte,Brasil
2025-08-24,RR,11.0,Norte,Brasil
2025-08-31,RR,5.0,Norte,Brasil
2025-09-07,RR,9.0,Norte,Brasil
2025-09-14,RR,12.0,Norte,Brasil
2025-09-21,RR,8.0,Norte,Brasil
2025-09-28,RR,11.0,Norte,Brasil
2025-10-05,RR,9.0,Norte,Brasil
2025-10-12,RR,10.0,Norte,Brasil
2025-10-19,RR,1.0,Norte,Brasil
2025-10-26,RR,11.0,Norte,Brasil
2025-11-02,RR,6.0,Norte,Brasil
2025-11-09,RR,4.0,Norte,Brasil
2025-11-16,RR,9.0,Norte,Brasil
2025-11-23,RR,7.0,Norte,Brasil
2025-11-30,RR,5.0,Norte,Brasil
2025-12-07,RR,8.0,Norte,Brasil
2025-12-14,RR,3.0,Norte,Brasil
2025-12-21,RR,3.0,Norte,Brasil
2025-12-28,RR,5.0,Norte,Brasil
2026-01-04,RR,4.0,Norte,Brasil
2026-01-11,RR,3.0,Norte,Brasil
2026-01-18,RR,6.0,Norte,Brasil
2026-01-25,RR,8.0,Norte,Brasil
2026-02-01,RR,9.0,Norte,Brasil
2026-02-08,RR,4.0,Norte,Brasil
2026-02-15,RR,7.0,Norte,Brasil
2026-02-22,RR,11.0,Norte,Brasil
2026-03-01,RR,8.0,Norte,Brasil
2026-03-08,RR,14.0,Norte,Brasil
2026-03-15,RR,15.0,Norte,Brasil
2026-03-22,RR,20.0,Norte,Brasil
2026-03-29,RR,16.0,Norte,Brasil
2026-04-05,RR,7.0,Norte,Brasil
2026-04-12,RR,26.0,Norte,Brasil
2026-04-19,RR,26.0,Norte,Brasil
2015-01-04,RS,1.0,Sul,Brasil
2015-01-11,RS,13.0,Sul,Brasil
2015-01-18,RS,16.0,Sul,Brasil
2015-01-25,RS,33.0,Sul,Brasil
2015-02-01,RS,31.0,Sul,Brasil
2015-02-08,RS,19.0,Sul,Brasil
2015-02-15,RS,25.0,Sul,Brasil
2015-02-22,RS,20.0,Sul,Brasil
2015-03-01,RS,37.0,Sul,Brasil
2015-03-08,RS,31.0,Sul,Brasil
2015-03-15,RS,141.0,Sul,Brasil
2015-03-22,RS,211.0,Sul,Brasil
2015-03-29,RS,200.0,Sul,Brasil
2015-04-05,RS,274.0,Sul,Brasil
2015-04-12,RS,427.0,Sul,Brasil
2015-04-19,RS,463.0,Sul,Brasil
2015-04-26,RS,291.0,Sul,Brasil
2015-05-03,RS,255.0,Sul,Brasil
2015-05-10,RS,266.0,Sul,Brasil
2015-05-17,RS,165.0,Sul,Brasil
2015-05-24,RS,190.0,Sul,Brasil
2015-05-31,RS,102.0,Sul,Brasil
2015-06-07,RS,69.0,Sul,Brasil
2015-06-14,RS,79.0,Sul,Brasil
2015-06-21,RS,35.0,Sul,Brasil
2015-06-28,RS,33.0,Sul,Brasil
2015-07-05,RS,35.0,Sul,Brasil
2015-07-12,RS,22.0,Sul,Brasil
2015-07-19,RS,18.0,Sul,Brasil
2015-07-26,RS,8.0,Sul,Brasil
2015-08-02,RS,21.0,Sul,Brasil
2015-08-09,RS,25.0,Sul,Brasil
2015-08-16,RS,22.0,Sul,Brasil
2015-08-23,RS,18.0,Sul,Brasil
2015-08-30,RS,23.0,Sul,Brasil
2015-09-06,RS,13.0,Sul,Brasil
2015-09-13,RS,10.0,Sul,Brasil
2015-09-20,RS,12.0,Sul,Brasil
2015-09-27,RS,17.0,Sul,Brasil
2015-10-04,RS,16.0,Sul,Brasil
2015-10-11,RS,20.0,Sul,Brasil
2015-10-18,RS,8.0,Sul,Brasil
2015-10-25,RS,11.0,Sul,Brasil
2015-11-01,RS,24.0,Sul,Brasil
2015-11-08,RS,19.0,Sul,Brasil
2015-11-15,RS,10.0,Sul,Brasil
2015-11-22,RS,21.0,Sul,Brasil
2015-11-29,RS,28.0,Sul,Brasil
2015-12-06,RS,51.0,Sul,Brasil
2015-12-13,RS,53.0,Sul,Brasil
2015-12-20,RS,81.0,Sul,Brasil
2015-12-27,RS,53.0,Sul,Brasil
2016-01-03,RS,53.0,Sul,Brasil
2016-01-10,RS,162.0,Sul,Brasil
2016-01-17,RS,154.0,Sul,Brasil
2016-01-24,RS,162.0,Sul,Brasil
2016-01-31,RS,169.0,Sul,Brasil
2016-02-07,RS,196.0,Sul,Brasil
2016-02-14,RS,230.0,Sul,Brasil
2016-02-21,RS,405.0,Sul,Brasil
2016-02-28,RS,441.0,Sul,Brasil
2016-03-06,RS,456.0,Sul,Brasil
2016-03-13,RS,519.0,Sul,Brasil
2016-03-20,RS,551.0,Sul,Brasil
2016-03-27,RS,566.0,Sul,Brasil
2016-04-03,RS,630.0,Sul,Brasil
2016-04-10,RS,636.0,Sul,Brasil
2016-04-17,RS,573.0,Sul,Brasil
2016-04-24,RS,467.0,Sul,Brasil
2016-05-01,RS,382.0,Sul,Brasil
2016-05-08,RS,288.0,Sul,Brasil
2016-05-15,RS,198.0,Sul,Brasil
2016-05-22,RS,96.0,Sul,Brasil
2016-05-29,RS,51.0,Sul,Brasil
2016-06-05,RS,48.0,Sul,Brasil
2016-06-12,RS,24.0,Sul,Brasil
2016-06-19,RS,11.0,Sul,Brasil
2016-06-26,RS,22.0,Sul,Brasil
2016-07-03,RS,21.0,Sul,Brasil
2016-07-10,RS,21.0,Sul,Brasil
2016-07-17,RS,16.0,Sul,Brasil
2016-07-24,RS,18.0,Sul,Brasil
2016-07-31,RS,23.0,Sul,Brasil
2016-08-07,RS,24.0,Sul,Brasil
2016-08-14,RS,34.0,Sul,Brasil
2016-08-21,RS,31.0,Sul,Brasil
2016-08-28,RS,22.0,Sul,Brasil
2016-09-04,RS,21.0,Sul,Brasil
2016-09-11,RS,15.0,Sul,Brasil
2016-09-18,RS,13.0,Sul,Brasil
2016-09-25,RS,20.0,Sul,Brasil
2016-10-02,RS,15.0,Sul,Brasil
2016-10-09,RS,28.0,Sul,Brasil
2016-10-16,RS,30.0,Sul,Brasil
2016-10-23,RS,26.0,Sul,Brasil
2016-10-30,RS,35.0,Sul,Brasil
2016-11-06,RS,34.0,Sul,Brasil
2016-11-13,RS,36.0,Sul,Brasil
2016-11-20,RS,36.0,Sul,Brasil
2016-11-27,RS,54.0,Sul,Brasil
2016-12-04,RS,57.0,Sul,Brasil
2016-12-11,RS,69.0,Sul,Brasil
2016-12-18,RS,56.0,Sul,Brasil
2016-12-25,RS,75.0,Sul,Brasil
2017-01-01,RS,69.0,Sul,Brasil
2017-01-08,RS,92.0,Sul,Brasil
2017-01-15,RS,126.0,Sul,Brasil
2017-01-22,RS,129.0,Sul,Brasil
2017-01-29,RS,95.0,Sul,Brasil
2017-02-05,RS,73.0,Sul,Brasil
2017-02-12,RS,53.0,Sul,Brasil
2017-02-19,RS,62.0,Sul,Brasil
2017-02-26,RS,74.0,Sul,Brasil
2017-03-05,RS,51.0,Sul,Brasil
2017-03-12,RS,65.0,Sul,Brasil
2017-03-19,RS,43.0,Sul,Brasil
2017-03-26,RS,50.0,Sul,Brasil
2017-04-02,RS,33.0,Sul,Brasil
2017-04-09,RS,25.0,Sul,Brasil
2017-04-16,RS,24.0,Sul,Brasil
2017-04-23,RS,20.0,Sul,Brasil
2017-04-30,RS,19.0,Sul,Brasil
2017-05-07,RS,26.0,Sul,Brasil
2017-05-14,RS,24.0,Sul,Brasil
2017-05-21,RS,17.0,Sul,Brasil
2017-05-28,RS,20.0,Sul,Brasil
2017-06-04,RS,24.0,Sul,Brasil
2017-06-11,RS,10.0,Sul,Brasil
2017-06-18,RS,4.0,Sul,Brasil
2017-06-25,RS,14.0,Sul,Brasil
2017-07-02,RS,8.0,Sul,Brasil
2017-07-09,RS,13.0,Sul,Brasil
2017-07-16,RS,13.0,Sul,Brasil
2017-07-23,RS,4.0,Sul,Brasil
2017-07-30,RS,9.0,Sul,Brasil
2017-08-06,RS,11.0,Sul,Brasil
2017-08-13,RS,8.0,Sul,Brasil
2017-08-20,RS,9.0,Sul,Brasil
2017-08-27,RS,9.0,Sul,Brasil
2017-09-03,RS,15.0,Sul,Brasil
2017-09-10,RS,13.0,Sul,Brasil
2017-09-17,RS,10.0,Sul,Brasil
2017-09-24,RS,16.0,Sul,Brasil
2017-10-01,RS,20.0,Sul,Brasil
2017-10-08,RS,14.0,Sul,Brasil
2017-10-15,RS,12.0,Sul,Brasil
2017-10-22,RS,21.0,Sul,Brasil
2017-10-29,RS,21.0,Sul,Brasil
2017-11-05,RS,12.0,Sul,Brasil
2017-11-12,RS,19.0,Sul,Brasil
2017-11-19,RS,25.0,Sul,Brasil
2017-11-26,RS,21.0,Sul,Brasil
2017-12-03,RS,23.0,Sul,Brasil
2017-12-10,RS,25.0,Sul,Brasil
2017-12-17,RS,31.0,Sul,Brasil
2017-12-24,RS,29.0,Sul,Brasil
2017-12-31,RS,21.0,Sul,Brasil
2018-01-07,RS,37.0,Sul,Brasil
2018-01-14,RS,35.0,Sul,Brasil
2018-01-21,RS,60.0,Sul,Brasil
2018-01-28,RS,37.0,Sul,Brasil
2018-02-04,RS,32.0,Sul,Brasil
2018-02-11,RS,31.0,Sul,Brasil
2018-02-18,RS,20.0,Sul,Brasil
2018-02-25,RS,38.0,Sul,Brasil
2018-03-04,RS,31.0,Sul,Brasil
2018-03-11,RS,24.0,Sul,Brasil
2018-03-18,RS,16.0,Sul,Brasil
2018-03-25,RS,27.0,Sul,Brasil
2018-04-01,RS,18.0,Sul,Brasil
2018-04-08,RS,16.0,Sul,Brasil
2018-04-15,RS,18.0,Sul,Brasil
2018-04-22,RS,20.0,Sul,Brasil
2018-04-29,RS,28.0,Sul,Brasil
2018-05-06,RS,18.0,Sul,Brasil
2018-05-13,RS,22.0,Sul,Brasil
2018-05-20,RS,21.0,Sul,Brasil
2018-05-27,RS,11.0,Sul,Brasil
2018-06-03,RS,9.0,Sul,Brasil
2018-06-10,RS,10.0,Sul,Brasil
2018-06-17,RS,16.0,Sul,Brasil
2018-06-24,RS,6.0,Sul,Brasil
2018-07-01,RS,3.0,Sul,Brasil
2018-07-08,RS,6.0,Sul,Brasil
2018-07-15,RS,8.0,Sul,Brasil
2018-07-22,RS,6.0,Sul,Brasil
2018-07-29,RS,5.0,Sul,Brasil
2018-08-05,RS,5.0,Sul,Brasil
2018-08-12,RS,13.0,Sul,Brasil
2018-08-19,RS,9.0,Sul,Brasil
2018-08-26,RS,5.0,Sul,Brasil
2018-09-02,RS,5.0,Sul,Brasil
2018-09-09,RS,4.0,Sul,Brasil
2018-09-16,RS,5.0,Sul,Brasil
2018-09-23,RS,6.0,Sul,Brasil
2018-09-30,RS,4.0,Sul,Brasil
2018-10-07,RS,9.0,Sul,Brasil
2018-10-14,RS,6.0,Sul,Brasil
2018-10-21,RS,7.0,Sul,Brasil
2018-10-28,RS,12.0,Sul,Brasil
2018-11-04,RS,10.0,Sul,Brasil
2018-11-11,RS,17.0,Sul,Brasil
2018-11-18,RS,7.0,Sul,Brasil
2018-11-25,RS,11.0,Sul,Brasil
2018-12-02,RS,12.0,Sul,Brasil
2018-12-09,RS,7.0,Sul,Brasil
2018-12-16,RS,14.0,Sul,Brasil
2018-12-23,RS,9.0,Sul,Brasil
2018-12-30,RS,7.0,Sul,Brasil
2019-01-06,RS,12.0,Sul,Brasil
2019-01-13,RS,30.0,Sul,Brasil
2019-01-20,RS,34.0,Sul,Brasil
2019-01-27,RS,27.0,Sul,Brasil
2019-02-03,RS,27.0,Sul,Brasil
2019-02-10,RS,19.0,Sul,Brasil
2019-02-17,RS,37.0,Sul,Brasil
2019-02-24,RS,44.0,Sul,Brasil
2019-03-03,RS,38.0,Sul,Brasil
2019-03-10,RS,32.0,Sul,Brasil
2019-03-17,RS,51.0,Sul,Brasil
2019-03-24,RS,57.0,Sul,Brasil
2019-03-31,RS,99.0,Sul,Brasil
2019-04-07,RS,137.0,Sul,Brasil
2019-04-14,RS,145.0,Sul,Brasil
2019-04-21,RS,167.0,Sul,Brasil
2019-04-28,RS,288.0,Sul,Brasil
2019-05-05,RS,311.0,Sul,Brasil
2019-05-12,RS,313.0,Sul,Brasil
2019-05-19,RS,329.0,Sul,Brasil
2019-05-26,RS,377.0,Sul,Brasil
2019-06-02,RS,246.0,Sul,Brasil
2019-06-09,RS,162.0,Sul,Brasil
2019-06-16,RS,165.0,Sul,Brasil
2019-06-23,RS,133.0,Sul,Brasil
2019-06-30,RS,129.0,Sul,Brasil
2019-07-07,RS,72.0,Sul,Brasil
2019-07-14,RS,44.0,Sul,Brasil
2019-07-21,RS,39.0,Sul,Brasil
2019-07-28,RS,27.0,Sul,Brasil
2019-08-04,RS,50.0,Sul,Brasil
2019-08-11,RS,42.0,Sul,Brasil
2019-08-18,RS,17.0,Sul,Brasil
2019-08-25,RS,28.0,Sul,Brasil
2019-09-01,RS,23.0,Sul,Brasil
2019-09-08,RS,24.0,Sul,Brasil
2019-09-15,RS,23.0,Sul,Brasil
2019-09-22,RS,23.0,Sul,Brasil
2019-09-29,RS,14.0,Sul,Brasil
2019-10-06,RS,21.0,Sul,Brasil
2019-10-13,RS,32.0,Sul,Brasil
2019-10-20,RS,19.0,Sul,Brasil
2019-10-27,RS,25.0,Sul,Brasil
2019-11-03,RS,18.0,Sul,Brasil
2019-11-10,RS,28.0,Sul,Brasil
2019-11-17,RS,24.0,Sul,Brasil
2019-11-24,RS,31.0,Sul,Brasil
2019-12-01,RS,30.0,Sul,Brasil
2019-12-08,RS,27.0,Sul,Brasil
2019-12-15,RS,32.0,Sul,Brasil
2019-12-22,RS,26.0,Sul,Brasil
2019-12-29,RS,24.0,Sul,Brasil
2020-01-05,RS,1.0,Sul,Brasil
2020-01-12,RS,8.0,Sul,Brasil
2020-01-19,RS,7.0,Sul,Brasil
2020-01-26,RS,13.0,Sul,Brasil
2020-02-02,RS,8.0,Sul,Brasil
2020-02-09,RS,17.0,Sul,Brasil
2020-02-16,RS,26.0,Sul,Brasil
2020-02-23,RS,98.0,Sul,Brasil
2020-03-01,RS,144.0,Sul,Brasil
2020-03-08,RS,139.0,Sul,Brasil
2020-03-15,RS,184.0,Sul,Brasil
2020-03-22,RS,173.0,Sul,Brasil
2020-03-29,RS,230.0,Sul,Brasil
2020-04-05,RS,439.0,Sul,Brasil
2020-04-12,RS,432.0,Sul,Brasil
2020-04-19,RS,477.0,Sul,Brasil
2020-04-26,RS,347.0,Sul,Brasil
2020-05-03,RS,237.0,Sul,Brasil
2020-05-10,RS,249.0,Sul,Brasil
2020-05-17,RS,218.0,Sul,Brasil
2020-05-24,RS,154.0,Sul,Brasil
2020-05-31,RS,78.0,Sul,Brasil
2020-06-07,RS,45.0,Sul,Brasil
2020-06-14,RS,22.0,Sul,Brasil
2020-06-21,RS,24.0,Sul,Brasil
2020-06-28,RS,28.0,Sul,Brasil
2020-07-05,RS,11.0,Sul,Brasil
2020-07-12,RS,9.0,Sul,Brasil
2020-07-19,RS,8.0,Sul,Brasil
2020-07-26,RS,10.0,Sul,Brasil
2020-08-02,RS,9.0,Sul,Brasil
2020-08-09,RS,5.0,Sul,Brasil
2020-08-16,RS,7.0,Sul,Brasil
2020-08-23,RS,3.0,Sul,Brasil
2020-08-30,RS,8.0,Sul,Brasil
2020-09-06,RS,3.0,Sul,Brasil
2020-09-13,RS,2.0,Sul,Brasil
2020-09-20,RS,1.0,Sul,Brasil
2020-09-27,RS,7.0,Sul,Brasil
2020-10-04,RS,3.0,Sul,Brasil
2020-10-11,RS,7.0,Sul,Brasil
2020-10-18,RS,10.0,Sul,Brasil
2020-10-25,RS,5.0,Sul,Brasil
2020-11-01,RS,5.0,Sul,Brasil
2020-11-08,RS,6.0,Sul,Brasil
2020-11-15,RS,10.0,Sul,Brasil
2020-11-22,RS,3.0,Sul,Brasil
2020-11-29,RS,7.0,Sul,Brasil
2020-12-06,RS,4.0,Sul,Brasil
2020-12-13,RS,6.0,Sul,Brasil
2020-12-20,RS,5.0,Sul,Brasil
2020-12-27,RS,3.0,Sul,Brasil
2021-01-03,RS,3.0,Sul,Brasil
2021-01-10,RS,7.0,Sul,Brasil
2021-01-17,RS,35.0,Sul,Brasil
2021-01-24,RS,41.0,Sul,Brasil
2021-01-31,RS,88.0,Sul,Brasil
2021-02-07,RS,69.0,Sul,Brasil
2021-02-14,RS,175.0,Sul,Brasil
2021-02-21,RS,183.0,Sul,Brasil
2021-02-28,RS,274.0,Sul,Brasil
2021-03-07,RS,344.0,Sul,Brasil
2021-03-14,RS,408.0,Sul,Brasil
2021-03-21,RS,449.0,Sul,Brasil
2021-03-28,RS,717.0,Sul,Brasil
2021-04-04,RS,899.0,Sul,Brasil
2021-04-11,RS,1470.0,Sul,Brasil
2021-04-18,RS,1774.0,Sul,Brasil
2021-04-25,RS,1675.0,Sul,Brasil
2021-05-02,RS,2116.0,Sul,Brasil
2021-05-09,RS,1616.0,Sul,Brasil
2021-05-16,RS,1101.0,Sul,Brasil
2021-05-23,RS,677.0,Sul,Brasil
2021-05-30,RS,433.0,Sul,Brasil
2021-06-06,RS,314.0,Sul,Brasil
2021-06-13,RS,211.0,Sul,Brasil
2021-06-20,RS,143.0,Sul,Brasil
2021-06-27,RS,120.0,Sul,Brasil
2021-07-04,RS,73.0,Sul,Brasil
2021-07-11,RS,72.0,Sul,Brasil
2021-07-18,RS,68.0,Sul,Brasil
2021-07-25,RS,38.0,Sul,Brasil
2021-08-01,RS,35.0,Sul,Brasil
2021-08-08,RS,33.0,Sul,Brasil
2021-08-15,RS,42.0,Sul,Brasil
2021-08-22,RS,31.0,Sul,Brasil
2021-08-29,RS,27.0,Sul,Brasil
2021-09-05,RS,40.0,Sul,Brasil
2021-09-12,RS,24.0,Sul,Brasil
2021-09-19,RS,19.0,Sul,Brasil
2021-09-26,RS,24.0,Sul,Brasil
2021-10-03,RS,42.0,Sul,Brasil
2021-10-10,RS,43.0,Sul,Brasil
2021-10-17,RS,26.0,Sul,Brasil
2021-10-24,RS,37.0,Sul,Brasil
2021-10-31,RS,40.0,Sul,Brasil
2021-11-07,RS,32.0,Sul,Brasil
2021-11-14,RS,44.0,Sul,Brasil
2021-11-21,RS,26.0,Sul,Brasil
2021-11-28,RS,54.0,Sul,Brasil
2021-12-05,RS,50.0,Sul,Brasil
2021-12-12,RS,41.0,Sul,Brasil
2021-12-19,RS,47.0,Sul,Brasil
2021-12-26,RS,54.0,Sul,Brasil
2022-01-02,RS,53.0,Sul,Brasil
2022-01-09,RS,3.0,Sul,Brasil
2022-01-16,RS,21.0,Sul,Brasil
2022-01-23,RS,46.0,Sul,Brasil
2022-01-30,RS,56.0,Sul,Brasil
2022-02-06,RS,81.0,Sul,Brasil
2022-02-13,RS,83.0,Sul,Brasil
2022-02-20,RS,110.0,Sul,Brasil
2022-02-27,RS,367.0,Sul,Brasil
2022-03-06,RS,963.0,Sul,Brasil
2022-03-13,RS,2223.0,Sul,Brasil
2022-03-20,RS,3993.0,Sul,Brasil
2022-03-27,RS,5414.0,Sul,Brasil
2022-04-03,RS,6091.0,Sul,Brasil
2022-04-10,RS,6673.0,Sul,Brasil
2022-04-17,RS,6102.0,Sul,Brasil
2022-04-24,RS,7875.0,Sul,Brasil
2022-05-01,RS,7254.0,Sul,Brasil
2022-05-08,RS,5958.0,Sul,Brasil
2022-05-15,RS,4375.0,Sul,Brasil
2022-05-22,RS,3345.0,Sul,Brasil
2022-05-29,RS,2183.0,Sul,Brasil
2022-06-05,RS,1279.0,Sul,Brasil
2022-06-12,RS,936.0,Sul,Brasil
2022-06-19,RS,299.0,Sul,Brasil
2022-06-26,RS,275.0,Sul,Brasil
2022-07-03,RS,198.0,Sul,Brasil
2022-07-10,RS,197.0,Sul,Brasil
2022-07-17,RS,156.0,Sul,Brasil
2022-07-24,RS,98.0,Sul,Brasil
2022-07-31,RS,79.0,Sul,Brasil
2022-08-07,RS,63.0,Sul,Brasil
2022-08-14,RS,45.0,Sul,Brasil
2022-08-21,RS,40.0,Sul,Brasil
2022-08-28,RS,38.0,Sul,Brasil
2022-09-04,RS,33.0,Sul,Brasil
2022-09-11,RS,18.0,Sul,Brasil
2022-09-18,RS,12.0,Sul,Brasil
2022-09-25,RS,15.0,Sul,Brasil
2022-10-02,RS,41.0,Sul,Brasil
2022-10-09,RS,17.0,Sul,Brasil
2022-10-16,RS,2.0,Sul,Brasil
2022-10-23,RS,6.0,Sul,Brasil
2022-10-30,RS,7.0,Sul,Brasil
2022-11-06,RS,7.0,Sul,Brasil
2022-11-13,RS,17.0,Sul,Brasil
2022-11-20,RS,14.0,Sul,Brasil
2022-11-27,RS,17.0,Sul,Brasil
2022-12-04,RS,19.0,Sul,Brasil
2022-12-11,RS,28.0,Sul,Brasil
2022-12-18,RS,32.0,Sul,Brasil
2022-12-25,RS,9.0,Sul,Brasil
2023-01-01,RS,19.0,Sul,Brasil
2023-01-08,RS,5.0,Sul,Brasil
2023-01-15,RS,14.0,Sul,Brasil
2023-01-22,RS,14.0,Sul,Brasil
2023-01-29,RS,25.0,Sul,Brasil
2023-02-05,RS,20.0,Sul,Brasil
2023-02-12,RS,84.0,Sul,Brasil
2023-02-19,RS,117.0,Sul,Brasil
2023-02-26,RS,130.0,Sul,Brasil
2023-03-05,RS,229.0,Sul,Brasil
2023-03-12,RS,393.0,Sul,Brasil
2023-03-19,RS,726.0,Sul,Brasil
2023-03-26,RS,1239.0,Sul,Brasil
2023-04-02,RS,1886.0,Sul,Brasil
2023-04-09,RS,2257.0,Sul,Brasil
2023-04-16,RS,3165.0,Sul,Brasil
2023-04-23,RS,3483.0,Sul,Brasil
2023-04-30,RS,3656.0,Sul,Brasil
2023-05-07,RS,3287.0,Sul,Brasil
2023-05-14,RS,3248.0,Sul,Brasil
2023-05-21,RS,3109.0,Sul,Brasil
2023-05-28,RS,2577.0,Sul,Brasil
2023-06-04,RS,2216.0,Sul,Brasil
2023-06-11,RS,1347.0,Sul,Brasil
2023-06-18,RS,1284.0,Sul,Brasil
2023-06-25,RS,779.0,Sul,Brasil
2023-07-02,RS,385.0,Sul,Brasil
2023-07-09,RS,471.0,Sul,Brasil
2023-07-16,RS,308.0,Sul,Brasil
2023-07-23,RS,172.0,Sul,Brasil
2023-07-30,RS,107.0,Sul,Brasil
2023-08-06,RS,114.0,Sul,Brasil
2023-08-13,RS,101.0,Sul,Brasil
2023-08-20,RS,80.0,Sul,Brasil
2023-08-27,RS,56.0,Sul,Brasil
2023-09-03,RS,45.0,Sul,Brasil
2023-09-10,RS,24.0,Sul,Brasil
2023-09-17,RS,29.0,Sul,Brasil
2023-09-24,RS,35.0,Sul,Brasil
2023-10-01,RS,22.0,Sul,Brasil
2023-10-08,RS,40.0,Sul,Brasil
2023-10-15,RS,68.0,Sul,Brasil
2023-10-22,RS,36.0,Sul,Brasil
2023-10-29,RS,109.0,Sul,Brasil
2023-11-05,RS,64.0,Sul,Brasil
2023-11-12,RS,123.0,Sul,Brasil
2023-11-19,RS,67.0,Sul,Brasil
2023-11-26,RS,154.0,Sul,Brasil
2023-12-03,RS,56.0,Sul,Brasil
2023-12-10,RS,78.0,Sul,Brasil
2023-12-17,RS,127.0,Sul,Brasil
2023-12-24,RS,246.0,Sul,Brasil
2023-12-31,RS,269.0,Sul,Brasil
2024-01-07,RS,171.0,Sul,Brasil
2024-01-14,RS,399.0,Sul,Brasil
2024-01-21,RS,591.0,Sul,Brasil
2024-01-28,RS,987.0,Sul,Brasil
2024-02-04,RS,1429.0,Sul,Brasil
2024-02-11,RS,2194.0,Sul,Brasil
2024-02-18,RS,3075.0,Sul,Brasil
2024-02-25,RS,5583.0,Sul,Brasil
2024-03-03,RS,6519.0,Sul,Brasil
2024-03-10,RS,9145.0,Sul,Brasil
2024-03-17,RS,10994.0,Sul,Brasil
2024-03-24,RS,13629.0,Sul,Brasil
2024-03-31,RS,14095.0,Sul,Brasil
2024-04-07,RS,17611.0,Sul,Brasil
2024-04-14,RS,20414.0,Sul,Brasil
2024-04-21,RS,21231.0,Sul,Brasil
2024-04-28,RS,20913.0,Sul,Brasil
2024-05-05,RS,15614.0,Sul,Brasil
2024-05-12,RS,14308.0,Sul,Brasil
2024-05-19,RS,16191.0,Sul,Brasil
2024-05-26,RS,8406.0,Sul,Brasil
2024-06-02,RS,3789.0,Sul,Brasil
2024-06-09,RS,3000.0,Sul,Brasil
2024-06-16,RS,2838.0,Sul,Brasil
2024-06-23,RS,3069.0,Sul,Brasil
2024-06-30,RS,2223.0,Sul,Brasil
2024-07-07,RS,1283.0,Sul,Brasil
2024-07-14,RS,602.0,Sul,Brasil
2024-07-21,RS,460.0,Sul,Brasil
2024-07-28,RS,324.0,Sul,Brasil
2024-08-04,RS,285.0,Sul,Brasil
2024-08-11,RS,240.0,Sul,Brasil
2024-08-18,RS,188.0,Sul,Brasil
2024-08-25,RS,151.0,Sul,Brasil
2024-09-01,RS,166.0,Sul,Brasil
2024-09-08,RS,169.0,Sul,Brasil
2024-09-15,RS,232.0,Sul,Brasil
2024-09-22,RS,188.0,Sul,Brasil
2024-09-29,RS,200.0,Sul,Brasil
2024-10-06,RS,212.0,Sul,Brasil
2024-10-13,RS,142.0,Sul,Brasil
2024-10-20,RS,141.0,Sul,Brasil
2024-10-27,RS,193.0,Sul,Brasil
2024-11-03,RS,171.0,Sul,Brasil
2024-11-10,RS,156.0,Sul,Brasil
2024-11-17,RS,135.0,Sul,Brasil
2024-11-24,RS,130.0,Sul,Brasil
2024-12-01,RS,126.0,Sul,Brasil
2024-12-08,RS,136.0,Sul,Brasil
2024-12-15,RS,127.0,Sul,Brasil
2024-12-22,RS,118.0,Sul,Brasil
2024-12-29,RS,98.0,Sul,Brasil
2025-01-05,RS,44.0,Sul,Brasil
2025-01-12,RS,136.0,Sul,Brasil
2025-01-19,RS,149.0,Sul,Brasil
2025-01-26,RS,172.0,Sul,Brasil
2025-02-02,RS,177.0,Sul,Brasil
2025-02-09,RS,211.0,Sul,Brasil
2025-02-16,RS,283.0,Sul,Brasil
2025-02-23,RS,456.0,Sul,Brasil
2025-03-02,RS,733.0,Sul,Brasil
2025-03-09,RS,778.0,Sul,Brasil
2025-03-16,RS,1648.0,Sul,Brasil
2025-03-23,RS,2272.0,Sul,Brasil
2025-03-30,RS,3687.0,Sul,Brasil
2025-04-06,RS,5845.0,Sul,Brasil
2025-04-13,RS,6674.0,Sul,Brasil
2025-04-20,RS,6089.0,Sul,Brasil
2025-04-27,RS,8254.0,Sul,Brasil
2025-05-04,RS,7109.0,Sul,Brasil
2025-05-11,RS,7616.0,Sul,Brasil
2025-05-18,RS,7650.0,Sul,Brasil
2025-05-25,RS,6918.0,Sul,Brasil
2025-06-01,RS,4957.0,Sul,Brasil
2025-06-08,RS,3329.0,Sul,Brasil
2025-06-15,RS,1843.0,Sul,Brasil
2025-06-22,RS,1093.0,Sul,Brasil
2025-06-29,RS,624.0,Sul,Brasil
2025-07-06,RS,332.0,Sul,Brasil
2025-07-13,RS,302.0,Sul,Brasil
2025-07-20,RS,423.0,Sul,Brasil
2025-07-27,RS,227.0,Sul,Brasil
2025-08-03,RS,254.0,Sul,Brasil
2025-08-10,RS,140.0,Sul,Brasil
2025-08-17,RS,160.0,Sul,Brasil
2025-08-24,RS,174.0,Sul,Brasil
2025-08-31,RS,179.0,Sul,Brasil
2025-09-07,RS,163.0,Sul,Brasil
2025-09-14,RS,160.0,Sul,Brasil
2025-09-21,RS,174.0,Sul,Brasil
2025-09-28,RS,181.0,Sul,Brasil
2025-10-05,RS,205.0,Sul,Brasil
2025-10-12,RS,213.0,Sul,Brasil
2025-10-19,RS,254.0,Sul,Brasil
2025-10-26,RS,237.0,Sul,Brasil
2025-11-02,RS,280.0,Sul,Brasil
2025-11-09,RS,340.0,Sul,Brasil
2025-11-16,RS,308.0,Sul,Brasil
2025-11-23,RS,349.0,Sul,Brasil
2025-11-30,RS,383.0,Sul,Brasil
2025-12-07,RS,256.0,Sul,Brasil
2025-12-14,RS,259.0,Sul,Brasil
2025-12-21,RS,226.0,Sul,Brasil
2025-12-28,RS,395.0,Sul,Brasil
2026-01-04,RS,250.0,Sul,Brasil
2026-01-11,RS,251.0,Sul,Brasil
2026-01-18,RS,254.0,Sul,Brasil
2026-01-25,RS,249.0,Sul,Brasil
2026-02-01,RS,246.0,Sul,Brasil
2026-02-08,RS,231.0,Sul,Brasil
2026-02-15,RS,289.0,Sul,Brasil
2026-02-22,RS,190.0,Sul,Brasil
2026-03-01,RS,277.0,Sul,Brasil
2026-03-08,RS,385.0,Sul,Brasil
2026-03-15,RS,469.0,Sul,Brasil
2026-03-22,RS,646.0,Sul,Brasil
2026-03-29,RS,650.0,Sul,Brasil
2026-04-05,RS,709.0,Sul,Brasil
2026-04-12,RS,857.0,Sul,Brasil
2026-04-19,RS,7.0,Sul,Brasil
2015-01-04,SC,1.0,Sul,Brasil
2015-01-11,SC,28.0,Sul,Brasil
2015-01-18,SC,40.0,Sul,Brasil
2015-01-25,SC,71.0,Sul,Brasil
2015-02-01,SC,135.0,Sul,Brasil
2015-02-08,SC,452.0,Sul,Brasil
2015-02-15,SC,573.0,Sul,Brasil
2015-02-22,SC,431.0,Sul,Brasil
2015-03-01,SC,449.0,Sul,Brasil
2015-03-08,SC,529.0,Sul,Brasil
2015-03-15,SC,609.0,Sul,Brasil
2015-03-22,SC,712.0,Sul,Brasil
2015-03-29,SC,703.0,Sul,Brasil
2015-04-05,SC,584.0,Sul,Brasil
2015-04-12,SC,687.0,Sul,Brasil
2015-04-19,SC,747.0,Sul,Brasil
2015-04-26,SC,534.0,Sul,Brasil
2015-05-03,SC,444.0,Sul,Brasil
2015-05-10,SC,425.0,Sul,Brasil
2015-05-17,SC,340.0,Sul,Brasil
2015-05-24,SC,329.0,Sul,Brasil
2015-05-31,SC,255.0,Sul,Brasil
2015-06-07,SC,170.0,Sul,Brasil
2015-06-14,SC,188.0,Sul,Brasil
2015-06-21,SC,91.0,Sul,Brasil
2015-06-28,SC,98.0,Sul,Brasil
2015-07-05,SC,95.0,Sul,Brasil
2015-07-12,SC,51.0,Sul,Brasil
2015-07-19,SC,72.0,Sul,Brasil
2015-07-26,SC,49.0,Sul,Brasil
2015-08-02,SC,56.0,Sul,Brasil
2015-08-09,SC,48.0,Sul,Brasil
2015-08-16,SC,50.0,Sul,Brasil
2015-08-23,SC,36.0,Sul,Brasil
2015-08-30,SC,32.0,Sul,Brasil
2015-09-06,SC,29.0,Sul,Brasil
2015-09-13,SC,50.0,Sul,Brasil
2015-09-20,SC,61.0,Sul,Brasil
2015-09-27,SC,66.0,Sul,Brasil
2015-10-04,SC,54.0,Sul,Brasil
2015-10-11,SC,41.0,Sul,Brasil
2015-10-18,SC,39.0,Sul,Brasil
2015-10-25,SC,49.0,Sul,Brasil
2015-11-01,SC,51.0,Sul,Brasil
2015-11-08,SC,58.0,Sul,Brasil
2015-11-15,SC,75.0,Sul,Brasil
2015-11-22,SC,74.0,Sul,Brasil
2015-11-29,SC,104.0,Sul,Brasil
2015-12-06,SC,106.0,Sul,Brasil
2015-12-13,SC,165.0,Sul,Brasil
2015-12-20,SC,168.0,Sul,Brasil
2015-12-27,SC,108.0,Sul,Brasil
2016-01-03,SC,108.0,Sul,Brasil
2016-01-10,SC,282.0,Sul,Brasil
2016-01-17,SC,318.0,Sul,Brasil
2016-01-24,SC,310.0,Sul,Brasil
2016-01-31,SC,331.0,Sul,Brasil
2016-02-07,SC,428.0,Sul,Brasil
2016-02-14,SC,501.0,Sul,Brasil
2016-02-21,SC,878.0,Sul,Brasil
2016-02-28,SC,913.0,Sul,Brasil
2016-03-06,SC,1140.0,Sul,Brasil
2016-03-13,SC,1067.0,Sul,Brasil
2016-03-20,SC,1192.0,Sul,Brasil
2016-03-27,SC,830.0,Sul,Brasil
2016-04-03,SC,1109.0,Sul,Brasil
2016-04-10,SC,905.0,Sul,Brasil
2016-04-17,SC,741.0,Sul,Brasil
2016-04-24,SC,626.0,Sul,Brasil
2016-05-01,SC,482.0,Sul,Brasil
2016-05-08,SC,389.0,Sul,Brasil
2016-05-15,SC,221.0,Sul,Brasil
2016-05-22,SC,131.0,Sul,Brasil
2016-05-29,SC,74.0,Sul,Brasil
2016-06-05,SC,61.0,Sul,Brasil
2016-06-12,SC,31.0,Sul,Brasil
2016-06-19,SC,18.0,Sul,Brasil
2016-06-26,SC,32.0,Sul,Brasil
2016-07-03,SC,36.0,Sul,Brasil
2016-07-10,SC,37.0,Sul,Brasil
2016-07-17,SC,30.0,Sul,Brasil
2016-07-24,SC,28.0,Sul,Brasil
2016-07-31,SC,22.0,Sul,Brasil
2016-08-07,SC,44.0,Sul,Brasil
2016-08-14,SC,40.0,Sul,Brasil
2016-08-21,SC,28.0,Sul,Brasil
2016-08-28,SC,20.0,Sul,Brasil
2016-09-04,SC,36.0,Sul,Brasil
2016-09-11,SC,28.0,Sul,Brasil
2016-09-18,SC,41.0,Sul,Brasil
2016-09-25,SC,41.0,Sul,Brasil
2016-10-02,SC,37.0,Sul,Brasil
2016-10-09,SC,30.0,Sul,Brasil
2016-10-16,SC,26.0,Sul,Brasil
2016-10-23,SC,49.0,Sul,Brasil
2016-10-30,SC,55.0,Sul,Brasil
2016-11-06,SC,41.0,Sul,Brasil
2016-11-13,SC,75.0,Sul,Brasil
2016-11-20,SC,59.0,Sul,Brasil
2016-11-27,SC,72.0,Sul,Brasil
2016-12-04,SC,72.0,Sul,Brasil
2016-12-11,SC,88.0,Sul,Brasil
2016-12-18,SC,82.0,Sul,Brasil
2016-12-25,SC,89.0,Sul,Brasil
2017-01-01,SC,73.0,Sul,Brasil
2017-01-08,SC,127.0,Sul,Brasil
2017-01-15,SC,139.0,Sul,Brasil
2017-01-22,SC,155.0,Sul,Brasil
2017-01-29,SC,115.0,Sul,Brasil
2017-02-05,SC,95.0,Sul,Brasil
2017-02-12,SC,104.0,Sul,Brasil
2017-02-19,SC,90.0,Sul,Brasil
2017-02-26,SC,105.0,Sul,Brasil
2017-03-05,SC,70.0,Sul,Brasil
2017-03-12,SC,82.0,Sul,Brasil
2017-03-19,SC,85.0,Sul,Brasil
2017-03-26,SC,55.0,Sul,Brasil
2017-04-02,SC,74.0,Sul,Brasil
2017-04-09,SC,92.0,Sul,Brasil
2017-04-16,SC,47.0,Sul,Brasil
2017-04-23,SC,59.0,Sul,Brasil
2017-04-30,SC,58.0,Sul,Brasil
2017-05-07,SC,44.0,Sul,Brasil
2017-05-14,SC,41.0,Sul,Brasil
2017-05-21,SC,31.0,Sul,Brasil
2017-05-28,SC,44.0,Sul,Brasil
2017-06-04,SC,49.0,Sul,Brasil
2017-06-11,SC,28.0,Sul,Brasil
2017-06-18,SC,9.0,Sul,Brasil
2017-06-25,SC,23.0,Sul,Brasil
2017-07-02,SC,26.0,Sul,Brasil
2017-07-09,SC,22.0,Sul,Brasil
2017-07-16,SC,17.0,Sul,Brasil
2017-07-23,SC,14.0,Sul,Brasil
2017-07-30,SC,25.0,Sul,Brasil
2017-08-06,SC,22.0,Sul,Brasil
2017-08-13,SC,27.0,Sul,Brasil
2017-08-20,SC,27.0,Sul,Brasil
2017-08-27,SC,20.0,Sul,Brasil
2017-09-03,SC,30.0,Sul,Brasil
2017-09-10,SC,17.0,Sul,Brasil
2017-09-17,SC,32.0,Sul,Brasil
2017-09-24,SC,31.0,Sul,Brasil
2017-10-01,SC,35.0,Sul,Brasil
2017-10-08,SC,21.0,Sul,Brasil
2017-10-15,SC,25.0,Sul,Brasil
2017-10-22,SC,29.0,Sul,Brasil
2017-10-29,SC,30.0,Sul,Brasil
2017-11-05,SC,40.0,Sul,Brasil
2017-11-12,SC,37.0,Sul,Brasil
2017-11-19,SC,23.0,Sul,Brasil
2017-11-26,SC,34.0,Sul,Brasil
2017-12-03,SC,42.0,Sul,Brasil
2017-12-10,SC,48.0,Sul,Brasil
2017-12-17,SC,39.0,Sul,Brasil
2017-12-24,SC,48.0,Sul,Brasil
2017-12-31,SC,31.0,Sul,Brasil
2018-01-07,SC,30.0,Sul,Brasil
2018-01-14,SC,56.0,Sul,Brasil
2018-01-21,SC,63.0,Sul,Brasil
2018-01-28,SC,79.0,Sul,Brasil
2018-02-04,SC,82.0,Sul,Brasil
2018-02-11,SC,72.0,Sul,Brasil
2018-02-18,SC,47.0,Sul,Brasil
2018-02-25,SC,41.0,Sul,Brasil
2018-03-04,SC,54.0,Sul,Brasil
2018-03-11,SC,46.0,Sul,Brasil
2018-03-18,SC,34.0,Sul,Brasil
2018-03-25,SC,39.0,Sul,Brasil
2018-04-01,SC,35.0,Sul,Brasil
2018-04-08,SC,39.0,Sul,Brasil
2018-04-15,SC,70.0,Sul,Brasil
2018-04-22,SC,58.0,Sul,Brasil
2018-04-29,SC,76.0,Sul,Brasil
2018-05-06,SC,61.0,Sul,Brasil
2018-05-13,SC,53.0,Sul,Brasil
2018-05-20,SC,46.0,Sul,Brasil
2018-05-27,SC,40.0,Sul,Brasil
2018-06-03,SC,22.0,Sul,Brasil
2018-06-10,SC,24.0,Sul,Brasil
2018-06-17,SC,21.0,Sul,Brasil
2018-06-24,SC,16.0,Sul,Brasil
2018-07-01,SC,28.0,Sul,Brasil
2018-07-08,SC,16.0,Sul,Brasil
2018-07-15,SC,7.0,Sul,Brasil
2018-07-22,SC,21.0,Sul,Brasil
2018-07-29,SC,14.0,Sul,Brasil
2018-08-05,SC,16.0,Sul,Brasil
2018-08-12,SC,10.0,Sul,Brasil
2018-08-19,SC,11.0,Sul,Brasil
2018-08-26,SC,16.0,Sul,Brasil
2018-09-02,SC,10.0,Sul,Brasil
2018-09-09,SC,14.0,Sul,Brasil
2018-09-16,SC,15.0,Sul,Brasil
2018-09-23,SC,14.0,Sul,Brasil
2018-09-30,SC,21.0,Sul,Brasil
2018-10-07,SC,20.0,Sul,Brasil
2018-10-14,SC,14.0,Sul,Brasil
2018-10-21,SC,18.0,Sul,Brasil
2018-10-28,SC,23.0,Sul,Brasil
2018-11-04,SC,25.0,Sul,Brasil
2018-11-11,SC,41.0,Sul,Brasil
2018-11-18,SC,34.0,Sul,Brasil
2018-11-25,SC,48.0,Sul,Brasil
2018-12-02,SC,32.0,Sul,Brasil
2018-12-09,SC,40.0,Sul,Brasil
2018-12-16,SC,53.0,Sul,Brasil
2018-12-23,SC,38.0,Sul,Brasil
2018-12-30,SC,32.0,Sul,Brasil
2019-01-06,SC,31.0,Sul,Brasil
2019-01-13,SC,59.0,Sul,Brasil
2019-01-20,SC,56.0,Sul,Brasil
2019-01-27,SC,65.0,Sul,Brasil
2019-02-03,SC,75.0,Sul,Brasil
2019-02-10,SC,89.0,Sul,Brasil
2019-02-17,SC,105.0,Sul,Brasil
2019-02-24,SC,107.0,Sul,Brasil
2019-03-03,SC,110.0,Sul,Brasil
2019-03-10,SC,128.0,Sul,Brasil
2019-03-17,SC,147.0,Sul,Brasil
2019-03-24,SC,245.0,Sul,Brasil
2019-03-31,SC,283.0,Sul,Brasil
2019-04-07,SC,347.0,Sul,Brasil
2019-04-14,SC,315.0,Sul,Brasil
2019-04-21,SC,330.0,Sul,Brasil
2019-04-28,SC,412.0,Sul,Brasil
2019-05-05,SC,361.0,Sul,Brasil
2019-05-12,SC,439.0,Sul,Brasil
2019-05-19,SC,409.0,Sul,Brasil
2019-05-26,SC,398.0,Sul,Brasil
2019-06-02,SC,413.0,Sul,Brasil
2019-06-09,SC,311.0,Sul,Brasil
2019-06-16,SC,306.0,Sul,Brasil
2019-06-23,SC,191.0,Sul,Brasil
2019-06-30,SC,206.0,Sul,Brasil
2019-07-07,SC,128.0,Sul,Brasil
2019-07-14,SC,72.0,Sul,Brasil
2019-07-21,SC,68.0,Sul,Brasil
2019-07-28,SC,81.0,Sul,Brasil
2019-08-04,SC,57.0,Sul,Brasil
2019-08-11,SC,51.0,Sul,Brasil
2019-08-18,SC,62.0,Sul,Brasil
2019-08-25,SC,62.0,Sul,Brasil
2019-09-01,SC,45.0,Sul,Brasil
2019-09-08,SC,37.0,Sul,Brasil
2019-09-15,SC,47.0,Sul,Brasil
2019-09-22,SC,58.0,Sul,Brasil
2019-09-29,SC,49.0,Sul,Brasil
2019-10-06,SC,55.0,Sul,Brasil
2019-10-13,SC,53.0,Sul,Brasil
2019-10-20,SC,47.0,Sul,Brasil
2019-10-27,SC,60.0,Sul,Brasil
2019-11-03,SC,56.0,Sul,Brasil
2019-11-10,SC,47.0,Sul,Brasil
2019-11-17,SC,60.0,Sul,Brasil
2019-11-24,SC,73.0,Sul,Brasil
2019-12-01,SC,54.0,Sul,Brasil
2019-12-08,SC,63.0,Sul,Brasil
2019-12-15,SC,55.0,Sul,Brasil
2019-12-22,SC,66.0,Sul,Brasil
2019-12-29,SC,46.0,Sul,Brasil
2020-01-05,SC,9.0,Sul,Brasil
2020-01-12,SC,26.0,Sul,Brasil
2020-01-19,SC,16.0,Sul,Brasil
2020-01-26,SC,31.0,Sul,Brasil
2020-02-02,SC,29.0,Sul,Brasil
2020-02-09,SC,36.0,Sul,Brasil
2020-02-16,SC,49.0,Sul,Brasil
2020-02-23,SC,103.0,Sul,Brasil
2020-03-01,SC,127.0,Sul,Brasil
2020-03-08,SC,235.0,Sul,Brasil
2020-03-15,SC,313.0,Sul,Brasil
2020-03-22,SC,322.0,Sul,Brasil
2020-03-29,SC,422.0,Sul,Brasil
2020-04-05,SC,598.0,Sul,Brasil
2020-04-12,SC,698.0,Sul,Brasil
2020-04-19,SC,1141.0,Sul,Brasil
2020-04-26,SC,1001.0,Sul,Brasil
2020-05-03,SC,1016.0,Sul,Brasil
2020-05-10,SC,1107.0,Sul,Brasil
2020-05-17,SC,907.0,Sul,Brasil
2020-05-24,SC,879.0,Sul,Brasil
2020-05-31,SC,656.0,Sul,Brasil
2020-06-07,SC,536.0,Sul,Brasil
2020-06-14,SC,345.0,Sul,Brasil
2020-06-21,SC,289.0,Sul,Brasil
2020-06-28,SC,280.0,Sul,Brasil
2020-07-05,SC,198.0,Sul,Brasil
2020-07-12,SC,130.0,Sul,Brasil
2020-07-19,SC,49.0,Sul,Brasil
2020-07-26,SC,26.0,Sul,Brasil
2020-08-02,SC,20.0,Sul,Brasil
2020-08-09,SC,15.0,Sul,Brasil
2020-08-16,SC,17.0,Sul,Brasil
2020-08-23,SC,13.0,Sul,Brasil
2020-08-30,SC,6.0,Sul,Brasil
2020-09-06,SC,12.0,Sul,Brasil
2020-09-13,SC,11.0,Sul,Brasil
2020-09-20,SC,5.0,Sul,Brasil
2020-09-27,SC,11.0,Sul,Brasil
2020-10-04,SC,7.0,Sul,Brasil
2020-10-11,SC,8.0,Sul,Brasil
2020-10-18,SC,9.0,Sul,Brasil
2020-10-25,SC,12.0,Sul,Brasil
2020-11-01,SC,17.0,Sul,Brasil
2020-11-08,SC,10.0,Sul,Brasil
2020-11-15,SC,7.0,Sul,Brasil
2020-11-22,SC,10.0,Sul,Brasil
2020-11-29,SC,16.0,Sul,Brasil
2020-12-06,SC,21.0,Sul,Brasil
2020-12-13,SC,14.0,Sul,Brasil
2020-12-20,SC,13.0,Sul,Brasil
2020-12-27,SC,16.0,Sul,Brasil
2021-01-03,SC,16.0,Sul,Brasil
2021-01-10,SC,51.0,Sul,Brasil
2021-01-17,SC,141.0,Sul,Brasil
2021-01-24,SC,139.0,Sul,Brasil
2021-01-31,SC,165.0,Sul,Brasil
2021-02-07,SC,187.0,Sul,Brasil
2021-02-14,SC,247.0,Sul,Brasil
2021-02-21,SC,240.0,Sul,Brasil
2021-02-28,SC,272.0,Sul,Brasil
2021-03-07,SC,369.0,Sul,Brasil
2021-03-14,SC,437.0,Sul,Brasil
2021-03-21,SC,742.0,Sul,Brasil
2021-03-28,SC,1061.0,Sul,Brasil
2021-04-04,SC,1303.0,Sul,Brasil
2021-04-11,SC,1792.0,Sul,Brasil
2021-04-18,SC,1799.0,Sul,Brasil
2021-04-25,SC,2445.0,Sul,Brasil
2021-05-02,SC,2508.0,Sul,Brasil
2021-05-09,SC,2766.0,Sul,Brasil
2021-05-16,SC,2539.0,Sul,Brasil
2021-05-23,SC,2273.0,Sul,Brasil
2021-05-30,SC,2024.0,Sul,Brasil
2021-06-06,SC,1409.0,Sul,Brasil
2021-06-13,SC,1539.0,Sul,Brasil
2021-06-20,SC,863.0,Sul,Brasil
2021-06-27,SC,756.0,Sul,Brasil
2021-07-04,SC,495.0,Sul,Brasil
2021-07-11,SC,477.0,Sul,Brasil
2021-07-18,SC,376.0,Sul,Brasil
2021-07-25,SC,288.0,Sul,Brasil
2021-08-01,SC,278.0,Sul,Brasil
2021-08-08,SC,286.0,Sul,Brasil
2021-08-15,SC,248.0,Sul,Brasil
2021-08-22,SC,200.0,Sul,Brasil
2021-08-29,SC,200.0,Sul,Brasil
2021-09-05,SC,209.0,Sul,Brasil
2021-09-12,SC,124.0,Sul,Brasil
2021-09-19,SC,123.0,Sul,Brasil
2021-09-26,SC,127.0,Sul,Brasil
2021-10-03,SC,175.0,Sul,Brasil
2021-10-10,SC,176.0,Sul,Brasil
2021-10-17,SC,108.0,Sul,Brasil
2021-10-24,SC,123.0,Sul,Brasil
2021-10-31,SC,165.0,Sul,Brasil
2021-11-07,SC,153.0,Sul,Brasil
2021-11-14,SC,158.0,Sul,Brasil
2021-11-21,SC,164.0,Sul,Brasil
2021-11-28,SC,181.0,Sul,Brasil
2021-12-05,SC,201.0,Sul,Brasil
2021-12-12,SC,232.0,Sul,Brasil
2021-12-19,SC,268.0,Sul,Brasil
2021-12-26,SC,250.0,Sul,Brasil
2022-01-02,SC,181.0,Sul,Brasil
2022-01-09,SC,5.0,Sul,Brasil
2022-01-16,SC,19.0,Sul,Brasil
2022-01-23,SC,19.0,Sul,Brasil
2022-01-30,SC,18.0,Sul,Brasil
2022-02-06,SC,32.0,Sul,Brasil
2022-02-13,SC,69.0,Sul,Brasil
2022-02-20,SC,216.0,Sul,Brasil
2022-02-27,SC,433.0,Sul,Brasil
2022-03-06,SC,964.0,Sul,Brasil
2022-03-13,SC,2275.0,Sul,Brasil
2022-03-20,SC,3657.0,Sul,Brasil
2022-03-27,SC,4895.0,Sul,Brasil
2022-04-03,SC,6595.0,Sul,Brasil
2022-04-10,SC,7384.0,Sul,Brasil
2022-04-17,SC,6813.0,Sul,Brasil
2022-04-24,SC,8555.0,Sul,Brasil
2022-05-01,SC,8125.0,Sul,Brasil
2022-05-08,SC,7557.0,Sul,Brasil
2022-05-15,SC,7055.0,Sul,Brasil
2022-05-22,SC,5505.0,Sul,Brasil
2022-05-29,SC,4932.0,Sul,Brasil
2022-06-05,SC,2680.0,Sul,Brasil
2022-06-12,SC,1814.0,Sul,Brasil
2022-06-19,SC,876.0,Sul,Brasil
2022-06-26,SC,1075.0,Sul,Brasil
2022-07-03,SC,954.0,Sul,Brasil
2022-07-10,SC,604.0,Sul,Brasil
2022-07-17,SC,370.0,Sul,Brasil
2022-07-24,SC,265.0,Sul,Brasil
2022-07-31,SC,176.0,Sul,Brasil
2022-08-07,SC,197.0,Sul,Brasil
2022-08-14,SC,107.0,Sul,Brasil
2022-08-21,SC,106.0,Sul,Brasil
2022-08-28,SC,103.0,Sul,Brasil
2022-09-04,SC,59.0,Sul,Brasil
2022-09-11,SC,56.0,Sul,Brasil
2022-09-18,SC,51.0,Sul,Brasil
2022-09-25,SC,118.0,Sul,Brasil
2022-10-02,SC,50.0,Sul,Brasil
2022-10-09,SC,32.0,Sul,Brasil
2022-10-16,SC,19.0,Sul,Brasil
2022-10-23,SC,71.0,Sul,Brasil
2022-10-30,SC,61.0,Sul,Brasil
2022-11-06,SC,23.0,Sul,Brasil
2022-11-13,SC,14.0,Sul,Brasil
2022-11-20,SC,24.0,Sul,Brasil
2022-11-27,SC,25.0,Sul,Brasil
2022-12-04,SC,32.0,Sul,Brasil
2022-12-11,SC,33.0,Sul,Brasil
2022-12-18,SC,53.0,Sul,Brasil
2022-12-25,SC,46.0,Sul,Brasil
2023-01-01,SC,60.0,Sul,Brasil
2023-01-08,SC,23.0,Sul,Brasil
2023-01-15,SC,42.0,Sul,Brasil
2023-01-22,SC,69.0,Sul,Brasil
2023-01-29,SC,94.0,Sul,Brasil
2023-02-05,SC,240.0,Sul,Brasil
2023-02-12,SC,415.0,Sul,Brasil
2023-02-19,SC,533.0,Sul,Brasil
2023-02-26,SC,591.0,Sul,Brasil
2023-03-05,SC,1108.0,Sul,Brasil
2023-03-12,SC,1917.0,Sul,Brasil
2023-03-19,SC,3313.0,Sul,Brasil
2023-03-26,SC,5463.0,Sul,Brasil
2023-04-02,SC,9066.0,Sul,Brasil
2023-04-09,SC,10241.0,Sul,Brasil
2023-04-16,SC,13345.0,Sul,Brasil
2023-04-23,SC,11793.0,Sul,Brasil
2023-04-30,SC,13323.0,Sul,Brasil
2023-05-07,SC,11441.0,Sul,Brasil
2023-05-14,SC,11312.0,Sul,Brasil
2023-05-21,SC,10379.0,Sul,Brasil
2023-05-28,SC,7815.0,Sul,Brasil
2023-06-04,SC,5941.0,Sul,Brasil
2023-06-11,SC,4516.0,Sul,Brasil
2023-06-18,SC,4143.0,Sul,Brasil
2023-06-25,SC,2835.0,Sul,Brasil
2023-07-02,SC,2087.0,Sul,Brasil
2023-07-09,SC,1939.0,Sul,Brasil
2023-07-16,SC,1349.0,Sul,Brasil
2023-07-23,SC,854.0,Sul,Brasil
2023-07-30,SC,583.0,Sul,Brasil
2023-08-06,SC,482.0,Sul,Brasil
2023-08-13,SC,373.0,Sul,Brasil
2023-08-20,SC,354.0,Sul,Brasil
2023-08-27,SC,280.0,Sul,Brasil
2023-09-03,SC,246.0,Sul,Brasil
2023-09-10,SC,125.0,Sul,Brasil
2023-09-17,SC,153.0,Sul,Brasil
2023-09-24,SC,198.0,Sul,Brasil
2023-10-01,SC,162.0,Sul,Brasil
2023-10-08,SC,135.0,Sul,Brasil
2023-10-15,SC,111.0,Sul,Brasil
2023-10-22,SC,141.0,Sul,Brasil
2023-10-29,SC,143.0,Sul,Brasil
2023-11-05,SC,95.0,Sul,Brasil
2023-11-12,SC,159.0,Sul,Brasil
2023-11-19,SC,147.0,Sul,Brasil
2023-11-26,SC,145.0,Sul,Brasil
2023-12-03,SC,185.0,Sul,Brasil
2023-12-10,SC,220.0,Sul,Brasil
2023-12-17,SC,250.0,Sul,Brasil
2023-12-24,SC,455.0,Sul,Brasil
2023-12-31,SC,679.0,Sul,Brasil
2024-01-07,SC,349.0,Sul,Brasil
2024-01-14,SC,632.0,Sul,Brasil
2024-01-21,SC,971.0,Sul,Brasil
2024-01-28,SC,1288.0,Sul,Brasil
2024-02-04,SC,1921.0,Sul,Brasil
2024-02-11,SC,3408.0,Sul,Brasil
2024-02-18,SC,5476.0,Sul,Brasil
2024-02-25,SC,8939.0,Sul,Brasil
2024-03-03,SC,11631.0,Sul,Brasil
2024-03-10,SC,13723.0,Sul,Brasil
2024-03-17,SC,16878.0,Sul,Brasil
2024-03-24,SC,21954.0,Sul,Brasil
2024-03-31,SC,24344.0,Sul,Brasil
2024-04-07,SC,27467.0,Sul,Brasil
2024-04-14,SC,29464.0,Sul,Brasil
2024-04-21,SC,29383.0,Sul,Brasil
2024-04-28,SC,27107.0,Sul,Brasil
2024-05-05,SC,22071.0,Sul,Brasil
2024-05-12,SC,23278.0,Sul,Brasil
2024-05-19,SC,21331.0,Sul,Brasil
2024-05-26,SC,14253.0,Sul,Brasil
2024-06-02,SC,6196.0,Sul,Brasil
2024-06-09,SC,5660.0,Sul,Brasil
2024-06-16,SC,4510.0,Sul,Brasil
2024-06-23,SC,3939.0,Sul,Brasil
2024-06-30,SC,2677.0,Sul,Brasil
2024-07-07,SC,1636.0,Sul,Brasil
2024-07-14,SC,863.0,Sul,Brasil
2024-07-21,SC,472.0,Sul,Brasil
2024-07-28,SC,421.0,Sul,Brasil
2024-08-04,SC,509.0,Sul,Brasil
2024-08-11,SC,338.0,Sul,Brasil
2024-08-18,SC,312.0,Sul,Brasil
2024-08-25,SC,221.0,Sul,Brasil
2024-09-01,SC,160.0,Sul,Brasil
2024-09-08,SC,68.0,Sul,Brasil
2024-09-15,SC,86.0,Sul,Brasil
2024-09-22,SC,76.0,Sul,Brasil
2024-09-29,SC,102.0,Sul,Brasil
2024-10-06,SC,93.0,Sul,Brasil
2024-10-13,SC,105.0,Sul,Brasil
2024-10-20,SC,99.0,Sul,Brasil
2024-10-27,SC,122.0,Sul,Brasil
2024-11-03,SC,114.0,Sul,Brasil
2024-11-10,SC,143.0,Sul,Brasil
2024-11-17,SC,145.0,Sul,Brasil
2024-11-24,SC,150.0,Sul,Brasil
2024-12-01,SC,139.0,Sul,Brasil
2024-12-08,SC,216.0,Sul,Brasil
2024-12-15,SC,332.0,Sul,Brasil
2024-12-22,SC,276.0,Sul,Brasil
2024-12-29,SC,281.0,Sul,Brasil
2025-01-05,SC,166.0,Sul,Brasil
2025-01-12,SC,239.0,Sul,Brasil
2025-01-19,SC,222.0,Sul,Brasil
2025-01-26,SC,245.0,Sul,Brasil
2025-02-02,SC,238.0,Sul,Brasil
2025-02-09,SC,236.0,Sul,Brasil
2025-02-16,SC,296.0,Sul,Brasil
2025-02-23,SC,315.0,Sul,Brasil
2025-03-02,SC,403.0,Sul,Brasil
2025-03-09,SC,497.0,Sul,Brasil
2025-03-16,SC,801.0,Sul,Brasil
2025-03-23,SC,959.0,Sul,Brasil
2025-03-30,SC,1212.0,Sul,Brasil
2025-04-06,SC,1556.0,Sul,Brasil
2025-04-13,SC,1920.0,Sul,Brasil
2025-04-20,SC,1614.0,Sul,Brasil
2025-04-27,SC,2050.0,Sul,Brasil
2025-05-04,SC,1733.0,Sul,Brasil
2025-05-11,SC,1616.0,Sul,Brasil
2025-05-18,SC,1481.0,Sul,Brasil
2025-05-25,SC,1501.0,Sul,Brasil
2025-06-01,SC,1138.0,Sul,Brasil
2025-06-08,SC,863.0,Sul,Brasil
2025-06-15,SC,519.0,Sul,Brasil
2025-06-22,SC,406.0,Sul,Brasil
2025-06-29,SC,296.0,Sul,Brasil
2025-07-06,SC,202.0,Sul,Brasil
2025-07-13,SC,164.0,Sul,Brasil
2025-07-20,SC,163.0,Sul,Brasil
2025-07-27,SC,143.0,Sul,Brasil
2025-08-03,SC,108.0,Sul,Brasil
2025-08-10,SC,93.0,Sul,Brasil
2025-08-17,SC,72.0,Sul,Brasil
2025-08-24,SC,54.0,Sul,Brasil
2025-08-31,SC,57.0,Sul,Brasil
2025-09-07,SC,67.0,Sul,Brasil
2025-09-14,SC,58.0,Sul,Brasil
2025-09-21,SC,88.0,Sul,Brasil
2025-09-28,SC,97.0,Sul,Brasil
2025-10-05,SC,101.0,Sul,Brasil
2025-10-12,SC,108.0,Sul,Brasil
2025-10-19,SC,110.0,Sul,Brasil
2025-10-26,SC,160.0,Sul,Brasil
2025-11-02,SC,122.0,Sul,Brasil
2025-11-09,SC,106.0,Sul,Brasil
2025-11-16,SC,133.0,Sul,Brasil
2025-11-23,SC,105.0,Sul,Brasil
2025-11-30,SC,109.0,Sul,Brasil
2025-12-07,SC,110.0,Sul,Brasil
2025-12-14,SC,112.0,Sul,Brasil
2025-12-21,SC,143.0,Sul,Brasil
2025-12-28,SC,91.0,Sul,Brasil
2026-01-04,SC,102.0,Sul,Brasil
2026-01-11,SC,110.0,Sul,Brasil
2026-01-18,SC,97.0,Sul,Brasil
2026-01-25,SC,117.0,Sul,Brasil
2026-02-01,SC,113.0,Sul,Brasil
2026-02-08,SC,140.0,Sul,Brasil
2026-02-15,SC,96.0,Sul,Brasil
2026-02-22,SC,116.0,Sul,Brasil
2026-03-01,SC,148.0,Sul,Brasil
2026-03-08,SC,164.0,Sul,Brasil
2026-03-15,SC,123.0,Sul,Brasil
2026-03-22,SC,196.0,Sul,Brasil
2026-03-29,SC,257.0,Sul,Brasil
2026-04-05,SC,508.0,Sul,Brasil
2026-04-12,SC,637.0,Sul,Brasil
2026-04-19,SC,2.0,Sul,Brasil
2015-01-04,SE,1.0,Nordeste,Brasil
2015-01-11,SE,108.0,Nordeste,Brasil
2015-01-18,SE,129.0,Nordeste,Brasil
2015-01-25,SE,126.0,Nordeste,Brasil
2015-02-01,SE,149.0,Nordeste,Brasil
2015-02-08,SE,121.0,Nordeste,Brasil
2015-02-15,SE,167.0,Nordeste,Brasil
2015-02-22,SE,111.0,Nordeste,Brasil
2015-03-01,SE,245.0,Nordeste,Brasil
2015-03-08,SE,207.0,Nordeste,Brasil
2015-03-15,SE,317.0,Nordeste,Brasil
2015-03-22,SE,433.0,Nordeste,Brasil
2015-03-29,SE,536.0,Nordeste,Brasil
2015-04-05,SE,352.0,Nordeste,Brasil
2015-04-12,SE,623.0,Nordeste,Brasil
2015-04-19,SE,585.0,Nordeste,Brasil
2015-04-26,SE,465.0,Nordeste,Brasil
2015-05-03,SE,261.0,Nordeste,Brasil
2015-05-10,SE,385.0,Nordeste,Brasil
2015-05-17,SE,253.0,Nordeste,Brasil
2015-05-24,SE,230.0,Nordeste,Brasil
2015-05-31,SE,174.0,Nordeste,Brasil
2015-06-07,SE,128.0,Nordeste,Brasil
2015-06-14,SE,78.0,Nordeste,Brasil
2015-06-21,SE,77.0,Nordeste,Brasil
2015-06-28,SE,49.0,Nordeste,Brasil
2015-07-05,SE,64.0,Nordeste,Brasil
2015-07-12,SE,62.0,Nordeste,Brasil
2015-07-19,SE,61.0,Nordeste,Brasil
2015-07-26,SE,54.0,Nordeste,Brasil
2015-08-02,SE,50.0,Nordeste,Brasil
2015-08-09,SE,59.0,Nordeste,Brasil
2015-08-16,SE,197.0,Nordeste,Brasil
2015-08-23,SE,245.0,Nordeste,Brasil
2015-08-30,SE,203.0,Nordeste,Brasil
2015-09-06,SE,193.0,Nordeste,Brasil
2015-09-13,SE,266.0,Nordeste,Brasil
2015-09-20,SE,359.0,Nordeste,Brasil
2015-09-27,SE,616.0,Nordeste,Brasil
2015-10-04,SE,362.0,Nordeste,Brasil
2015-10-11,SE,341.0,Nordeste,Brasil
2015-10-18,SE,284.0,Nordeste,Brasil
2015-10-25,SE,375.0,Nordeste,Brasil
2015-11-01,SE,352.0,Nordeste,Brasil
2015-11-08,SE,372.0,Nordeste,Brasil
2015-11-15,SE,578.0,Nordeste,Brasil
2015-11-22,SE,518.0,Nordeste,Brasil
2015-11-29,SE,820.0,Nordeste,Brasil
2015-12-06,SE,720.0,Nordeste,Brasil
2015-12-13,SE,438.0,Nordeste,Brasil
2015-12-20,SE,399.0,Nordeste,Brasil
2015-12-27,SE,293.0,Nordeste,Brasil
2016-01-03,SE,293.0,Nordeste,Brasil
2016-01-10,SE,244.0,Nordeste,Brasil
2016-01-17,SE,245.0,Nordeste,Brasil
2016-01-24,SE,284.0,Nordeste,Brasil
2016-01-31,SE,323.0,Nordeste,Brasil
2016-02-07,SE,377.0,Nordeste,Brasil
2016-02-14,SE,451.0,Nordeste,Brasil
2016-02-21,SE,576.0,Nordeste,Brasil
2016-02-28,SE,612.0,Nordeste,Brasil
2016-03-06,SE,480.0,Nordeste,Brasil
2016-03-13,SE,436.0,Nordeste,Brasil
2016-03-20,SE,341.0,Nordeste,Brasil
2016-03-27,SE,166.0,Nordeste,Brasil
2016-04-03,SE,244.0,Nordeste,Brasil
2016-04-10,SE,168.0,Nordeste,Brasil
2016-04-17,SE,247.0,Nordeste,Brasil
2016-04-24,SE,154.0,Nordeste,Brasil
2016-05-01,SE,178.0,Nordeste,Brasil
2016-05-08,SE,77.0,Nordeste,Brasil
2016-05-15,SE,65.0,Nordeste,Brasil
2016-05-22,SE,77.0,Nordeste,Brasil
2016-05-29,SE,62.0,Nordeste,Brasil
2016-06-05,SE,76.0,Nordeste,Brasil
2016-06-12,SE,75.0,Nordeste,Brasil
2016-06-19,SE,66.0,Nordeste,Brasil
2016-06-26,SE,56.0,Nordeste,Brasil
2016-07-03,SE,40.0,Nordeste,Brasil
2016-07-10,SE,52.0,Nordeste,Brasil
2016-07-17,SE,66.0,Nordeste,Brasil
2016-07-24,SE,66.0,Nordeste,Brasil
2016-07-31,SE,65.0,Nordeste,Brasil
2016-08-07,SE,124.0,Nordeste,Brasil
2016-08-14,SE,74.0,Nordeste,Brasil
2016-08-21,SE,61.0,Nordeste,Brasil
2016-08-28,SE,56.0,Nordeste,Brasil
2016-09-04,SE,78.0,Nordeste,Brasil
2016-09-11,SE,40.0,Nordeste,Brasil
2016-09-18,SE,44.0,Nordeste,Brasil
2016-09-25,SE,52.0,Nordeste,Brasil
2016-10-02,SE,36.0,Nordeste,Brasil
2016-10-09,SE,60.0,Nordeste,Brasil
2016-10-16,SE,24.0,Nordeste,Brasil
2016-10-23,SE,25.0,Nordeste,Brasil
2016-10-30,SE,48.0,Nordeste,Brasil
2016-11-06,SE,34.0,Nordeste,Brasil
2016-11-13,SE,31.0,Nordeste,Brasil
2016-11-20,SE,21.0,Nordeste,Brasil
2016-11-27,SE,40.0,Nordeste,Brasil
2016-12-04,SE,40.0,Nordeste,Brasil
2016-12-11,SE,74.0,Nordeste,Brasil
2016-12-18,SE,37.0,Nordeste,Brasil
2016-12-25,SE,33.0,Nordeste,Brasil
2017-01-01,SE,58.0,Nordeste,Brasil
2017-01-08,SE,26.0,Nordeste,Brasil
2017-01-15,SE,42.0,Nordeste,Brasil
2017-01-22,SE,22.0,Nordeste,Brasil
2017-01-29,SE,62.0,Nordeste,Brasil
2017-02-05,SE,48.0,Nordeste,Brasil
2017-02-12,SE,34.0,Nordeste,Brasil
2017-02-19,SE,25.0,Nordeste,Brasil
2017-02-26,SE,28.0,Nordeste,Brasil
2017-03-05,SE,11.0,Nordeste,Brasil
2017-03-12,SE,20.0,Nordeste,Brasil
2017-03-19,SE,24.0,Nordeste,Brasil
2017-03-26,SE,22.0,Nordeste,Brasil
2017-04-02,SE,112.0,Nordeste,Brasil
2017-04-09,SE,27.0,Nordeste,Brasil
2017-04-16,SE,30.0,Nordeste,Brasil
2017-04-23,SE,50.0,Nordeste,Brasil
2017-04-30,SE,59.0,Nordeste,Brasil
2017-05-07,SE,32.0,Nordeste,Brasil
2017-05-14,SE,62.0,Nordeste,Brasil
2017-05-21,SE,69.0,Nordeste,Brasil
2017-05-28,SE,38.0,Nordeste,Brasil
2017-06-04,SE,16.0,Nordeste,Brasil
2017-06-11,SE,46.0,Nordeste,Brasil
2017-06-18,SE,20.0,Nordeste,Brasil
2017-06-25,SE,28.0,Nordeste,Brasil
2017-07-02,SE,20.0,Nordeste,Brasil
2017-07-09,SE,13.0,Nordeste,Brasil
2017-07-16,SE,20.0,Nordeste,Brasil
2017-07-23,SE,25.0,Nordeste,Brasil
2017-07-30,SE,16.0,Nordeste,Brasil
2017-08-06,SE,14.0,Nordeste,Brasil
2017-08-13,SE,26.0,Nordeste,Brasil
2017-08-20,SE,18.0,Nordeste,Brasil
2017-08-27,SE,19.0,Nordeste,Brasil
2017-09-03,SE,9.0,Nordeste,Brasil
2017-09-10,SE,9.0,Nordeste,Brasil
2017-09-17,SE,16.0,Nordeste,Brasil
2017-09-24,SE,16.0,Nordeste,Brasil
2017-10-01,SE,26.0,Nordeste,Brasil
2017-10-08,SE,11.0,Nordeste,Brasil
2017-10-15,SE,16.0,Nordeste,Brasil
2017-10-22,SE,17.0,Nordeste,Brasil
2017-10-29,SE,14.0,Nordeste,Brasil
2017-11-05,SE,6.0,Nordeste,Brasil
2017-11-12,SE,15.0,Nordeste,Brasil
2017-11-19,SE,9.0,Nordeste,Brasil
2017-11-26,SE,22.0,Nordeste,Brasil
2017-12-03,SE,17.0,Nordeste,Brasil
2017-12-10,SE,3.0,Nordeste,Brasil
2017-12-17,SE,8.0,Nordeste,Brasil
2017-12-24,SE,7.0,Nordeste,Brasil
2017-12-31,SE,2.0,Nordeste,Brasil
2018-01-07,SE,10.0,Nordeste,Brasil
2018-01-14,SE,5.0,Nordeste,Brasil
2018-01-21,SE,5.0,Nordeste,Brasil
2018-01-28,SE,7.0,Nordeste,Brasil
2018-02-04,SE,5.0,Nordeste,Brasil
2018-02-11,SE,4.0,Nordeste,Brasil
2018-02-18,SE,1.0,Nordeste,Brasil
2018-02-25,SE,16.0,Nordeste,Brasil
2018-03-04,SE,7.0,Nordeste,Brasil
2018-03-11,SE,3.0,Nordeste,Brasil
2018-03-18,SE,5.0,Nordeste,Brasil
2018-03-25,SE,10.0,Nordeste,Brasil
2018-04-01,SE,11.0,Nordeste,Brasil
2018-04-08,SE,4.0,Nordeste,Brasil
2018-04-15,SE,9.0,Nordeste,Brasil
2018-04-22,SE,9.0,Nordeste,Brasil
2018-04-29,SE,16.0,Nordeste,Brasil
2018-05-06,SE,10.0,Nordeste,Brasil
2018-05-13,SE,8.0,Nordeste,Brasil
2018-05-20,SE,30.0,Nordeste,Brasil
2018-05-27,SE,37.0,Nordeste,Brasil
2018-06-03,SE,14.0,Nordeste,Brasil
2018-06-10,SE,15.0,Nordeste,Brasil
2018-06-17,SE,32.0,Nordeste,Brasil
2018-06-24,SE,10.0,Nordeste,Brasil
2018-07-01,SE,10.0,Nordeste,Brasil
2018-07-08,SE,1.0,Nordeste,Brasil
2018-07-15,SE,5.0,Nordeste,Brasil
2018-07-22,SE,14.0,Nordeste,Brasil
2018-07-29,SE,23.0,Nordeste,Brasil
2018-08-05,SE,1.0,Nordeste,Brasil
2018-08-12,SE,4.0,Nordeste,Brasil
2018-08-19,SE,11.0,Nordeste,Brasil
2018-08-26,SE,11.0,Nordeste,Brasil
2018-09-02,SE,13.0,Nordeste,Brasil
2018-09-09,SE,9.0,Nordeste,Brasil
2018-09-16,SE,8.0,Nordeste,Brasil
2018-09-23,SE,11.0,Nordeste,Brasil
2018-09-30,SE,2.0,Nordeste,Brasil
2018-10-07,SE,9.0,Nordeste,Brasil
2018-10-14,SE,24.0,Nordeste,Brasil
2018-10-21,SE,11.0,Nordeste,Brasil
2018-10-28,SE,11.0,Nordeste,Brasil
2018-11-04,SE,4.0,Nordeste,Brasil
2018-11-11,SE,14.0,Nordeste,Brasil
2018-11-18,SE,11.0,Nordeste,Brasil
2018-11-25,SE,14.0,Nordeste,Brasil
2018-12-02,SE,9.0,Nordeste,Brasil
2018-12-09,SE,13.0,Nordeste,Brasil
2018-12-16,SE,7.0,Nordeste,Brasil
2018-12-23,SE,3.0,Nordeste,Brasil
2018-12-30,SE,5.0,Nordeste,Brasil
2019-01-06,SE,5.0,Nordeste,Brasil
2019-01-13,SE,5.0,Nordeste,Brasil
2019-01-20,SE,23.0,Nordeste,Brasil
2019-01-27,SE,18.0,Nordeste,Brasil
2019-02-03,SE,10.0,Nordeste,Brasil
2019-02-10,SE,15.0,Nordeste,Brasil
2019-02-17,SE,17.0,Nordeste,Brasil
2019-02-24,SE,16.0,Nordeste,Brasil
2019-03-03,SE,6.0,Nordeste,Brasil
2019-03-10,SE,31.0,Nordeste,Brasil
2019-03-17,SE,58.0,Nordeste,Brasil
2019-03-24,SE,30.0,Nordeste,Brasil
2019-03-31,SE,38.0,Nordeste,Brasil
2019-04-07,SE,42.0,Nordeste,Brasil
2019-04-14,SE,100.0,Nordeste,Brasil
2019-04-21,SE,69.0,Nordeste,Brasil
2019-04-28,SE,119.0,Nordeste,Brasil
2019-05-05,SE,129.0,Nordeste,Brasil
2019-05-12,SE,210.0,Nordeste,Brasil
2019-05-19,SE,234.0,Nordeste,Brasil
2019-05-26,SE,312.0,Nordeste,Brasil
2019-06-02,SE,331.0,Nordeste,Brasil
2019-06-09,SE,302.0,Nordeste,Brasil
2019-06-16,SE,401.0,Nordeste,Brasil
2019-06-23,SE,349.0,Nordeste,Brasil
2019-06-30,SE,549.0,Nordeste,Brasil
2019-07-07,SE,729.0,Nordeste,Brasil
2019-07-14,SE,539.0,Nordeste,Brasil
2019-07-21,SE,629.0,Nordeste,Brasil
2019-07-28,SE,663.0,Nordeste,Brasil
2019-08-04,SE,723.0,Nordeste,Brasil
2019-08-11,SE,628.0,Nordeste,Brasil
2019-08-18,SE,543.0,Nordeste,Brasil
2019-08-25,SE,552.0,Nordeste,Brasil
2019-09-01,SE,426.0,Nordeste,Brasil
2019-09-08,SE,367.0,Nordeste,Brasil
2019-09-15,SE,354.0,Nordeste,Brasil
2019-09-22,SE,319.0,Nordeste,Brasil
2019-09-29,SE,235.0,Nordeste,Brasil
2019-10-06,SE,220.0,Nordeste,Brasil
2019-10-13,SE,173.0,Nordeste,Brasil
2019-10-20,SE,169.0,Nordeste,Brasil
2019-10-27,SE,156.0,Nordeste,Brasil
2019-11-03,SE,139.0,Nordeste,Brasil
2019-11-10,SE,136.0,Nordeste,Brasil
2019-11-17,SE,110.0,Nordeste,Brasil
2019-11-24,SE,76.0,Nordeste,Brasil
2019-12-01,SE,61.0,Nordeste,Brasil
2019-12-08,SE,45.0,Nordeste,Brasil
2019-12-15,SE,50.0,Nordeste,Brasil
2019-12-22,SE,31.0,Nordeste,Brasil
2019-12-29,SE,37.0,Nordeste,Brasil
2020-01-05,SE,3.0,Nordeste,Brasil
2020-01-12,SE,8.0,Nordeste,Brasil
2020-01-19,SE,11.0,Nordeste,Brasil
2020-01-26,SE,11.0,Nordeste,Brasil
2020-02-02,SE,5.0,Nordeste,Brasil
2020-02-09,SE,9.0,Nordeste,Brasil
2020-02-16,SE,10.0,Nordeste,Brasil
2020-02-23,SE,8.0,Nordeste,Brasil
2020-03-01,SE,9.0,Nordeste,Brasil
2020-03-08,SE,18.0,Nordeste,Brasil
2020-03-15,SE,20.0,Nordeste,Brasil
2020-03-22,SE,16.0,Nordeste,Brasil
2020-03-29,SE,5.0,Nordeste,Brasil
2020-04-05,SE,7.0,Nordeste,Brasil
2020-04-12,SE,13.0,Nordeste,Brasil
2020-04-19,SE,11.0,Nordeste,Brasil
2020-04-26,SE,16.0,Nordeste,Brasil
2020-05-03,SE,30.0,Nordeste,Brasil
2020-05-10,SE,30.0,Nordeste,Brasil
2020-05-17,SE,24.0,Nordeste,Brasil
2020-05-24,SE,37.0,Nordeste,Brasil
2020-05-31,SE,48.0,Nordeste,Brasil
2020-06-07,SE,79.0,Nordeste,Brasil
2020-06-14,SE,96.0,Nordeste,Brasil
2020-06-21,SE,112.0,Nordeste,Brasil
2020-06-28,SE,69.0,Nordeste,Brasil
2020-07-05,SE,93.0,Nordeste,Brasil
2020-07-12,SE,95.0,Nordeste,Brasil
2020-07-19,SE,98.0,Nordeste,Brasil
2020-07-26,SE,84.0,Nordeste,Brasil
2020-08-02,SE,115.0,Nordeste,Brasil
2020-08-09,SE,95.0,Nordeste,Brasil
2020-08-16,SE,68.0,Nordeste,Brasil
2020-08-23,SE,64.0,Nordeste,Brasil
2020-08-30,SE,59.0,Nordeste,Brasil
2020-09-06,SE,52.0,Nordeste,Brasil
2020-09-13,SE,29.0,Nordeste,Brasil
2020-09-20,SE,41.0,Nordeste,Brasil
2020-09-27,SE,36.0,Nordeste,Brasil
2020-10-04,SE,41.0,Nordeste,Brasil
2020-10-11,SE,24.0,Nordeste,Brasil
2020-10-18,SE,33.0,Nordeste,Brasil
2020-10-25,SE,20.0,Nordeste,Brasil
2020-11-01,SE,15.0,Nordeste,Brasil
2020-11-08,SE,13.0,Nordeste,Brasil
2020-11-15,SE,10.0,Nordeste,Brasil
2020-11-22,SE,12.0,Nordeste,Brasil
2020-11-29,SE,10.0,Nordeste,Brasil
2020-12-06,SE,12.0,Nordeste,Brasil
2020-12-13,SE,11.0,Nordeste,Brasil
2020-12-20,SE,7.0,Nordeste,Brasil
2020-12-27,SE,3.0,Nordeste,Brasil
2021-01-03,SE,3.0,Nordeste,Brasil
2021-01-10,SE,11.0,Nordeste,Brasil
2021-01-17,SE,20.0,Nordeste,Brasil
2021-01-24,SE,18.0,Nordeste,Brasil
2021-01-31,SE,37.0,Nordeste,Brasil
2021-02-07,SE,41.0,Nordeste,Brasil
2021-02-14,SE,43.0,Nordeste,Brasil
2021-02-21,SE,32.0,Nordeste,Brasil
2021-02-28,SE,37.0,Nordeste,Brasil
2021-03-07,SE,60.0,Nordeste,Brasil
2021-03-14,SE,44.0,Nordeste,Brasil
2021-03-21,SE,42.0,Nordeste,Brasil
2021-03-28,SE,33.0,Nordeste,Brasil
2021-04-04,SE,23.0,Nordeste,Brasil
2021-04-11,SE,41.0,Nordeste,Brasil
2021-04-18,SE,36.0,Nordeste,Brasil
2021-04-25,SE,38.0,Nordeste,Brasil
2021-05-02,SE,57.0,Nordeste,Brasil
2021-05-09,SE,63.0,Nordeste,Brasil
2021-05-16,SE,63.0,Nordeste,Brasil
2021-05-23,SE,54.0,Nordeste,Brasil
2021-05-30,SE,77.0,Nordeste,Brasil
2021-06-06,SE,64.0,Nordeste,Brasil
2021-06-13,SE,98.0,Nordeste,Brasil
2021-06-20,SE,101.0,Nordeste,Brasil
2021-06-27,SE,71.0,Nordeste,Brasil
2021-07-04,SE,119.0,Nordeste,Brasil
2021-07-11,SE,92.0,Nordeste,Brasil
2021-07-18,SE,122.0,Nordeste,Brasil
2021-07-25,SE,127.0,Nordeste,Brasil
2021-08-01,SE,154.0,Nordeste,Brasil
2021-08-08,SE,155.0,Nordeste,Brasil
2021-08-15,SE,172.0,Nordeste,Brasil
2021-08-22,SE,136.0,Nordeste,Brasil
2021-08-29,SE,148.0,Nordeste,Brasil
2021-09-05,SE,137.0,Nordeste,Brasil
2021-09-12,SE,115.0,Nordeste,Brasil
2021-09-19,SE,179.0,Nordeste,Brasil
2021-09-26,SE,106.0,Nordeste,Brasil
2021-10-03,SE,106.0,Nordeste,Brasil
2021-10-10,SE,140.0,Nordeste,Brasil
2021-10-17,SE,89.0,Nordeste,Brasil
2021-10-24,SE,98.0,Nordeste,Brasil
2021-10-31,SE,99.0,Nordeste,Brasil
2021-11-07,SE,110.0,Nordeste,Brasil
2021-11-14,SE,137.0,Nordeste,Brasil
2021-11-21,SE,100.0,Nordeste,Brasil
2021-11-28,SE,119.0,Nordeste,Brasil
2021-12-05,SE,132.0,Nordeste,Brasil
2021-12-12,SE,137.0,Nordeste,Brasil
2021-12-19,SE,152.0,Nordeste,Brasil
2021-12-26,SE,106.0,Nordeste,Brasil
2022-01-02,SE,62.0,Nordeste,Brasil
2022-01-09,SE,2.0,Nordeste,Brasil
2022-01-16,SE,4.0,Nordeste,Brasil
2022-01-23,SE,3.0,Nordeste,Brasil
2022-01-30,SE,4.0,Nordeste,Brasil
2022-02-06,SE,5.0,Nordeste,Brasil
2022-02-13,SE,9.0,Nordeste,Brasil
2022-02-20,SE,13.0,Nordeste,Brasil
2022-02-27,SE,11.0,Nordeste,Brasil
2022-03-06,SE,18.0,Nordeste,Brasil
2022-03-13,SE,15.0,Nordeste,Brasil
2022-03-20,SE,26.0,Nordeste,Brasil
2022-03-27,SE,16.0,Nordeste,Brasil
2022-04-03,SE,34.0,Nordeste,Brasil
2022-04-10,SE,59.0,Nordeste,Brasil
2022-04-17,SE,67.0,Nordeste,Brasil
2022-04-24,SE,94.0,Nordeste,Brasil
2022-05-01,SE,105.0,Nordeste,Brasil
2022-05-08,SE,95.0,Nordeste,Brasil
2022-05-15,SE,166.0,Nordeste,Brasil
2022-05-22,SE,174.0,Nordeste,Brasil
2022-05-29,SE,194.0,Nordeste,Brasil
2022-06-05,SE,273.0,Nordeste,Brasil
2022-06-12,SE,286.0,Nordeste,Brasil
2022-06-19,SE,268.0,Nordeste,Brasil
2022-06-26,SE,213.0,Nordeste,Brasil
2022-07-03,SE,214.0,Nordeste,Brasil
2022-07-10,SE,284.0,Nordeste,Brasil
2022-07-17,SE,245.0,Nordeste,Brasil
2022-07-24,SE,270.0,Nordeste,Brasil
2022-07-31,SE,258.0,Nordeste,Brasil
2022-08-07,SE,284.0,Nordeste,Brasil
2022-08-14,SE,164.0,Nordeste,Brasil
2022-08-21,SE,170.0,Nordeste,Brasil
2022-08-28,SE,161.0,Nordeste,Brasil
2022-09-04,SE,107.0,Nordeste,Brasil
2022-09-11,SE,96.0,Nordeste,Brasil
2022-09-18,SE,75.0,Nordeste,Brasil
2022-09-25,SE,99.0,Nordeste,Brasil
2022-10-02,SE,83.0,Nordeste,Brasil
2022-10-09,SE,110.0,Nordeste,Brasil
2022-10-16,SE,52.0,Nordeste,Brasil
2022-10-23,SE,51.0,Nordeste,Brasil
2022-10-30,SE,34.0,Nordeste,Brasil
2022-11-06,SE,30.0,Nordeste,Brasil
2022-11-13,SE,50.0,Nordeste,Brasil
2022-11-20,SE,34.0,Nordeste,Brasil
2022-11-27,SE,38.0,Nordeste,Brasil
2022-12-04,SE,19.0,Nordeste,Brasil
2022-12-11,SE,30.0,Nordeste,Brasil
2022-12-18,SE,28.0,Nordeste,Brasil
2022-12-25,SE,53.0,Nordeste,Brasil
2023-01-01,SE,51.0,Nordeste,Brasil
2023-01-08,SE,24.0,Nordeste,Brasil
2023-01-15,SE,36.0,Nordeste,Brasil
2023-01-22,SE,38.0,Nordeste,Brasil
2023-01-29,SE,42.0,Nordeste,Brasil
2023-02-05,SE,66.0,Nordeste,Brasil
2023-02-12,SE,72.0,Nordeste,Brasil
2023-02-19,SE,62.0,Nordeste,Brasil
2023-02-26,SE,33.0,Nordeste,Brasil
2023-03-05,SE,55.0,Nordeste,Brasil
2023-03-12,SE,66.0,Nordeste,Brasil
2023-03-19,SE,60.0,Nordeste,Brasil
2023-03-26,SE,77.0,Nordeste,Brasil
2023-04-02,SE,71.0,Nordeste,Brasil
2023-04-09,SE,58.0,Nordeste,Brasil
2023-04-16,SE,80.0,Nordeste,Brasil
2023-04-23,SE,68.0,Nordeste,Brasil
2023-04-30,SE,60.0,Nordeste,Brasil
2023-05-07,SE,66.0,Nordeste,Brasil
2023-05-14,SE,80.0,Nordeste,Brasil
2023-05-21,SE,67.0,Nordeste,Brasil
2023-05-28,SE,74.0,Nordeste,Brasil
2023-06-04,SE,69.0,Nordeste,Brasil
2023-06-11,SE,115.0,Nordeste,Brasil
2023-06-18,SE,116.0,Nordeste,Brasil
2023-06-25,SE,106.0,Nordeste,Brasil
2023-07-02,SE,90.0,Nordeste,Brasil
2023-07-09,SE,101.0,Nordeste,Brasil
2023-07-16,SE,106.0,Nordeste,Brasil
2023-07-23,SE,89.0,Nordeste,Brasil
2023-07-30,SE,91.0,Nordeste,Brasil
2023-08-06,SE,52.0,Nordeste,Brasil
2023-08-13,SE,74.0,Nordeste,Brasil
2023-08-20,SE,82.0,Nordeste,Brasil
2023-08-27,SE,80.0,Nordeste,Brasil
2023-09-03,SE,52.0,Nordeste,Brasil
2023-09-10,SE,43.0,Nordeste,Brasil
2023-09-17,SE,35.0,Nordeste,Brasil
2023-09-24,SE,48.0,Nordeste,Brasil
2023-10-01,SE,44.0,Nordeste,Brasil
2023-10-08,SE,35.0,Nordeste,Brasil
2023-10-15,SE,30.0,Nordeste,Brasil
2023-10-22,SE,37.0,Nordeste,Brasil
2023-10-29,SE,31.0,Nordeste,Brasil
2023-11-05,SE,28.0,Nordeste,Brasil
2023-11-12,SE,22.0,Nordeste,Brasil
2023-11-19,SE,19.0,Nordeste,Brasil
2023-11-26,SE,25.0,Nordeste,Brasil
2023-12-03,SE,14.0,Nordeste,Brasil
2023-12-10,SE,19.0,Nordeste,Brasil
2023-12-17,SE,19.0,Nordeste,Brasil
2023-12-24,SE,11.0,Nordeste,Brasil
2023-12-31,SE,14.0,Nordeste,Brasil
2024-01-07,SE,6.0,Nordeste,Brasil
2024-01-14,SE,23.0,Nordeste,Brasil
2024-01-21,SE,19.0,Nordeste,Brasil
2024-01-28,SE,18.0,Nordeste,Brasil
2024-02-04,SE,15.0,Nordeste,Brasil
2024-02-11,SE,28.0,Nordeste,Brasil
2024-02-18,SE,37.0,Nordeste,Brasil
2024-02-25,SE,78.0,Nordeste,Brasil
2024-03-03,SE,113.0,Nordeste,Brasil
2024-03-10,SE,92.0,Nordeste,Brasil
2024-03-17,SE,78.0,Nordeste,Brasil
2024-03-24,SE,81.0,Nordeste,Brasil
2024-03-31,SE,82.0,Nordeste,Brasil
2024-04-07,SE,98.0,Nordeste,Brasil
2024-04-14,SE,90.0,Nordeste,Brasil
2024-04-21,SE,62.0,Nordeste,Brasil
2024-04-28,SE,77.0,Nordeste,Brasil
2024-05-05,SE,68.0,Nordeste,Brasil
2024-05-12,SE,44.0,Nordeste,Brasil
2024-05-19,SE,45.0,Nordeste,Brasil
2024-05-26,SE,57.0,Nordeste,Brasil
2024-06-02,SE,40.0,Nordeste,Brasil
2024-06-09,SE,89.0,Nordeste,Brasil
2024-06-16,SE,64.0,Nordeste,Brasil
2024-06-23,SE,54.0,Nordeste,Brasil
2024-06-30,SE,47.0,Nordeste,Brasil
2024-07-07,SE,48.0,Nordeste,Brasil
2024-07-14,SE,36.0,Nordeste,Brasil
2024-07-21,SE,54.0,Nordeste,Brasil
2024-07-28,SE,35.0,Nordeste,Brasil
2024-08-04,SE,43.0,Nordeste,Brasil
2024-08-11,SE,31.0,Nordeste,Brasil
2024-08-18,SE,29.0,Nordeste,Brasil
2024-08-25,SE,25.0,Nordeste,Brasil
2024-09-01,SE,28.0,Nordeste,Brasil
2024-09-08,SE,25.0,Nordeste,Brasil
2024-09-15,SE,24.0,Nordeste,Brasil
2024-09-22,SE,17.0,Nordeste,Brasil
2024-09-29,SE,11.0,Nordeste,Brasil
2024-10-06,SE,20.0,Nordeste,Brasil
2024-10-13,SE,15.0,Nordeste,Brasil
2024-10-20,SE,18.0,Nordeste,Brasil
2024-10-27,SE,14.0,Nordeste,Brasil
2024-11-03,SE,8.0,Nordeste,Brasil
2024-11-10,SE,13.0,Nordeste,Brasil
2024-11-17,SE,8.0,Nordeste,Brasil
2024-11-24,SE,12.0,Nordeste,Brasil
2024-12-01,SE,11.0,Nordeste,Brasil
2024-12-08,SE,9.0,Nordeste,Brasil
2024-12-15,SE,7.0,Nordeste,Brasil
2024-12-22,SE,5.0,Nordeste,Brasil
2024-12-29,SE,5.0,Nordeste,Brasil
2025-01-05,SE,4.0,Nordeste,Brasil
2025-01-12,SE,8.0,Nordeste,Brasil
2025-01-19,SE,7.0,Nordeste,Brasil
2025-01-26,SE,7.0,Nordeste,Brasil
2025-02-02,SE,6.0,Nordeste,Brasil
2025-02-09,SE,11.0,Nordeste,Brasil
2025-02-16,SE,16.0,Nordeste,Brasil
2025-02-23,SE,7.0,Nordeste,Brasil
2025-03-02,SE,10.0,Nordeste,Brasil
2025-03-09,SE,8.0,Nordeste,Brasil
2025-03-16,SE,10.0,Nordeste,Brasil
2025-03-23,SE,10.0,Nordeste,Brasil
2025-03-30,SE,9.0,Nordeste,Brasil
2025-04-06,SE,9.0,Nordeste,Brasil
2025-04-13,SE,16.0,Nordeste,Brasil
2025-04-20,SE,10.0,Nordeste,Brasil
2025-04-27,SE,10.0,Nordeste,Brasil
2025-05-04,SE,27.0,Nordeste,Brasil
2025-05-11,SE,15.0,Nordeste,Brasil
2025-05-18,SE,17.0,Nordeste,Brasil
2025-05-25,SE,24.0,Nordeste,Brasil
2025-06-01,SE,23.0,Nordeste,Brasil
2025-06-08,SE,30.0,Nordeste,Brasil
2025-06-15,SE,23.0,Nordeste,Brasil
2025-06-22,SE,20.0,Nordeste,Brasil
2025-06-29,SE,16.0,Nordeste,Brasil
2025-07-06,SE,23.0,Nordeste,Brasil
2025-07-13,SE,19.0,Nordeste,Brasil
2025-07-20,SE,20.0,Nordeste,Brasil
2025-07-27,SE,13.0,Nordeste,Brasil
2025-08-03,SE,14.0,Nordeste,Brasil
2025-08-10,SE,25.0,Nordeste,Brasil
2025-08-17,SE,13.0,Nordeste,Brasil
2025-08-24,SE,21.0,Nordeste,Brasil
2025-08-31,SE,19.0,Nordeste,Brasil
2025-09-07,SE,11.0,Nordeste,Brasil
2025-09-14,SE,14.0,Nordeste,Brasil
2025-09-21,SE,20.0,Nordeste,Brasil
2025-09-28,SE,12.0,Nordeste,Brasil
2025-10-05,SE,12.0,Nordeste,Brasil
2025-10-12,SE,25.0,Nordeste,Brasil
2025-10-19,SE,21.0,Nordeste,Brasil
2025-10-26,SE,10.0,Nordeste,Brasil
2025-11-02,SE,18.0,Nordeste,Brasil
2025-11-09,SE,20.0,Nordeste,Brasil
2025-11-16,SE,18.0,Nordeste,Brasil
2025-11-23,SE,11.0,Nordeste,Brasil
2025-11-30,SE,9.0,Nordeste,Brasil
2025-12-07,SE,10.0,Nordeste,Brasil
2025-12-14,SE,11.0,Nordeste,Brasil
2025-12-21,SE,10.0,Nordeste,Brasil
2025-12-28,SE,9.0,Nordeste,Brasil
2026-01-04,SE,11.0,Nordeste,Brasil
2026-01-11,SE,18.0,Nordeste,Brasil
2026-01-18,SE,15.0,Nordeste,Brasil
2026-01-25,SE,16.0,Nordeste,Brasil
2026-02-01,SE,23.0,Nordeste,Brasil
2026-02-08,SE,25.0,Nordeste,Brasil
2026-02-15,SE,14.0,Nordeste,Brasil
2026-02-22,SE,23.0,Nordeste,Brasil
2026-03-01,SE,32.0,Nordeste,Brasil
2026-03-08,SE,50.0,Nordeste,Brasil
2026-03-15,SE,95.0,Nordeste,Brasil
2026-03-22,SE,83.0,Nordeste,Brasil
2026-03-29,SE,95.0,Nordeste,Brasil
2026-04-05,SE,83.0,Nordeste,Brasil
2026-04-12,SE,29.0,Nordeste,Brasil
2026-04-19,SE,29.0,Nordeste,Brasil
2015-01-04,SP,315.0,Sudeste,Brasil
2015-01-11,SP,6105.0,Sudeste,Brasil
2015-01-18,SP,8314.0,Sudeste,Brasil
2015-01-25,SP,13075.0,Sudeste,Brasil
2015-02-01,SP,20782.0,Sudeste,Brasil
2015-02-08,SP,26978.0,Sudeste,Brasil
2015-02-15,SP,34998.0,Sudeste,Brasil
2015-02-22,SP,32718.0,Sudeste,Brasil
2015-03-01,SP,50509.0,Sudeste,Brasil
2015-03-08,SP,60989.0,Sudeste,Brasil
2015-03-15,SP,72129.0,Sudeste,Brasil
2015-03-22,SP,78028.0,Sudeste,Brasil
2015-03-29,SP,80611.0,Sudeste,Brasil
2015-04-05,SP,61325.0,Sudeste,Brasil
2015-04-12,SP,69244.0,Sudeste,Brasil
2015-04-19,SP,69426.0,Sudeste,Brasil
2015-04-26,SP,56315.0,Sudeste,Brasil
2015-05-03,SP,52733.0,Sudeste,Brasil
2015-05-10,SP,46808.0,Sudeste,Brasil
2015-05-17,SP,35334.0,Sudeste,Brasil
2015-05-24,SP,23777.0,Sudeste,Brasil
2015-05-31,SP,17867.0,Sudeste,Brasil
2015-06-07,SP,10556.0,Sudeste,Brasil
2015-06-14,SP,10420.0,Sudeste,Brasil
2015-06-21,SP,7387.0,Sudeste,Brasil
2015-06-28,SP,5311.0,Sudeste,Brasil
2015-07-05,SP,4230.0,Sudeste,Brasil
2015-07-12,SP,2335.0,Sudeste,Brasil
2015-07-19,SP,2681.0,Sudeste,Brasil
2015-07-26,SP,2418.0,Sudeste,Brasil
2015-08-02,SP,2265.0,Sudeste,Brasil
2015-08-09,SP,1938.0,Sudeste,Brasil
2015-08-16,SP,1756.0,Sudeste,Brasil
2015-08-23,SP,1856.0,Sudeste,Brasil
2015-08-30,SP,1501.0,Sudeste,Brasil
2015-09-06,SP,1510.0,Sudeste,Brasil
2015-09-13,SP,1166.0,Sudeste,Brasil
2015-09-20,SP,1711.0,Sudeste,Brasil
2015-09-27,SP,2055.0,Sudeste,Brasil
2015-10-04,SP,2005.0,Sudeste,Brasil
2015-10-11,SP,2160.0,Sudeste,Brasil
2015-10-18,SP,2207.0,Sudeste,Brasil
2015-10-25,SP,2534.0,Sudeste,Brasil
2015-11-01,SP,2293.0,Sudeste,Brasil
2015-11-08,SP,2450.0,Sudeste,Brasil
2015-11-15,SP,3157.0,Sudeste,Brasil
2015-11-22,SP,3432.0,Sudeste,Brasil
2015-11-29,SP,4137.0,Sudeste,Brasil
2015-12-06,SP,4967.0,Sudeste,Brasil
2015-12-13,SP,5940.0,Sudeste,Brasil
2015-12-20,SP,7013.0,Sudeste,Brasil
2015-12-27,SP,5501.0,Sudeste,Brasil
2016-01-03,SP,5501.0,Sudeste,Brasil
2016-01-10,SP,13384.0,Sudeste,Brasil
2016-01-17,SP,14724.0,Sudeste,Brasil
2016-01-24,SP,17796.0,Sudeste,Brasil
2016-01-31,SP,19557.0,Sudeste,Brasil
2016-02-07,SP,22279.0,Sudeste,Brasil
2016-02-14,SP,22224.0,Sudeste,Brasil
2016-02-21,SP,28317.0,Sudeste,Brasil
2016-02-28,SP,30224.0,Sudeste,Brasil
2016-03-06,SP,30452.0,Sudeste,Brasil
2016-03-13,SP,31259.0,Sudeste,Brasil
2016-03-20,SP,30215.0,Sudeste,Brasil
2016-03-27,SP,25958.0,Sudeste,Brasil
2016-04-03,SP,27790.0,Sudeste,Brasil
2016-04-10,SP,23431.0,Sudeste,Brasil
2016-04-17,SP,20559.0,Sudeste,Brasil
2016-04-24,SP,15683.0,Sudeste,Brasil
2016-05-01,SP,14551.0,Sudeste,Brasil
2016-05-08,SP,11384.0,Sudeste,Brasil
2016-05-15,SP,7619.0,Sudeste,Brasil
2016-05-22,SP,5813.0,Sudeste,Brasil
2016-05-29,SP,3582.0,Sudeste,Brasil
2016-06-05,SP,3275.0,Sudeste,Brasil
2016-06-12,SP,2320.0,Sudeste,Brasil
2016-06-19,SP,1760.0,Sudeste,Brasil
2016-06-26,SP,1387.0,Sudeste,Brasil
2016-07-03,SP,1231.0,Sudeste,Brasil
2016-07-10,SP,1284.0,Sudeste,Brasil
2016-07-17,SP,1043.0,Sudeste,Brasil
2016-07-24,SP,774.0,Sudeste,Brasil
2016-07-31,SP,835.0,Sudeste,Brasil
2016-08-07,SP,880.0,Sudeste,Brasil
2016-08-14,SP,855.0,Sudeste,Brasil
2016-08-21,SP,907.0,Sudeste,Brasil
2016-08-28,SP,785.0,Sudeste,Brasil
2016-09-04,SP,949.0,Sudeste,Brasil
2016-09-11,SP,772.0,Sudeste,Brasil
2016-09-18,SP,1200.0,Sudeste,Brasil
2016-09-25,SP,1042.0,Sudeste,Brasil
2016-10-02,SP,1112.0,Sudeste,Brasil
2016-10-09,SP,1132.0,Sudeste,Brasil
2016-10-16,SP,1145.0,Sudeste,Brasil
2016-10-23,SP,1856.0,Sudeste,Brasil
2016-10-30,SP,1762.0,Sudeste,Brasil
2016-11-06,SP,1652.0,Sudeste,Brasil
2016-11-13,SP,2190.0,Sudeste,Brasil
2016-11-20,SP,1894.0,Sudeste,Brasil
2016-11-27,SP,2193.0,Sudeste,Brasil
2016-12-04,SP,2343.0,Sudeste,Brasil
2016-12-11,SP,2174.0,Sudeste,Brasil
2016-12-18,SP,2162.0,Sudeste,Brasil
2016-12-25,SP,1826.0,Sudeste,Brasil
2017-01-01,SP,2035.0,Sudeste,Brasil
2017-01-08,SP,2285.0,Sudeste,Brasil
2017-01-15,SP,2265.0,Sudeste,Brasil
2017-01-22,SP,2047.0,Sudeste,Brasil
2017-01-29,SP,2477.0,Sudeste,Brasil
2017-02-05,SP,2687.0,Sudeste,Brasil
2017-02-12,SP,2761.0,Sudeste,Brasil
2017-02-19,SP,2963.0,Sudeste,Brasil
2017-02-26,SP,2835.0,Sudeste,Brasil
2017-03-05,SP,2318.0,Sudeste,Brasil
2017-03-12,SP,2791.0,Sudeste,Brasil
2017-03-19,SP,2816.0,Sudeste,Brasil
2017-03-26,SP,2506.0,Sudeste,Brasil
2017-04-02,SP,2360.0,Sudeste,Brasil
2017-04-09,SP,2308.0,Sudeste,Brasil
2017-04-16,SP,1919.0,Sudeste,Brasil
2017-04-23,SP,1883.0,Sudeste,Brasil
2017-04-30,SP,1669.0,Sudeste,Brasil
2017-05-07,SP,1397.0,Sudeste,Brasil
2017-05-14,SP,1403.0,Sudeste,Brasil
2017-05-21,SP,1311.0,Sudeste,Brasil
2017-05-28,SP,1200.0,Sudeste,Brasil
2017-06-04,SP,1245.0,Sudeste,Brasil
2017-06-11,SP,1137.0,Sudeste,Brasil
2017-06-18,SP,718.0,Sudeste,Brasil
2017-06-25,SP,911.0,Sudeste,Brasil
2017-07-02,SP,767.0,Sudeste,Brasil
2017-07-09,SP,541.0,Sudeste,Brasil
2017-07-16,SP,622.0,Sudeste,Brasil
2017-07-23,SP,544.0,Sudeste,Brasil
2017-07-30,SP,614.0,Sudeste,Brasil
2017-08-06,SP,549.0,Sudeste,Brasil
2017-08-13,SP,617.0,Sudeste,Brasil
2017-08-20,SP,646.0,Sudeste,Brasil
2017-08-27,SP,708.0,Sudeste,Brasil
2017-09-03,SP,935.0,Sudeste,Brasil
2017-09-10,SP,867.0,Sudeste,Brasil
2017-09-17,SP,1306.0,Sudeste,Brasil
2017-09-24,SP,1532.0,Sudeste,Brasil
2017-10-01,SP,1648.0,Sudeste,Brasil
2017-10-08,SP,1786.0,Sudeste,Brasil
2017-10-15,SP,1617.0,Sudeste,Brasil
2017-10-22,SP,2113.0,Sudeste,Brasil
2017-10-29,SP,1799.0,Sudeste,Brasil
2017-11-05,SP,1475.0,Sudeste,Brasil
2017-11-12,SP,1808.0,Sudeste,Brasil
2017-11-19,SP,1606.0,Sudeste,Brasil
2017-11-26,SP,1562.0,Sudeste,Brasil
2017-12-03,SP,1652.0,Sudeste,Brasil
2017-12-10,SP,1747.0,Sudeste,Brasil
2017-12-17,SP,1825.0,Sudeste,Brasil
2017-12-24,SP,1563.0,Sudeste,Brasil
2017-12-31,SP,1212.0,Sudeste,Brasil
2018-01-07,SP,1416.0,Sudeste,Brasil
2018-01-14,SP,1829.0,Sudeste,Brasil
2018-01-21,SP,2559.0,Sudeste,Brasil
2018-01-28,SP,2511.0,Sudeste,Brasil
2018-02-04,SP,2535.0,Sudeste,Brasil
2018-02-11,SP,2322.0,Sudeste,Brasil
2018-02-18,SP,1773.0,Sudeste,Brasil
2018-02-25,SP,2278.0,Sudeste,Brasil
2018-03-04,SP,2230.0,Sudeste,Brasil
2018-03-11,SP,2166.0,Sudeste,Brasil
2018-03-18,SP,2188.0,Sudeste,Brasil
2018-03-25,SP,2113.0,Sudeste,Brasil
2018-04-01,SP,1868.0,Sudeste,Brasil
2018-04-08,SP,2039.0,Sudeste,Brasil
2018-04-15,SP,2152.0,Sudeste,Brasil
2018-04-22,SP,1814.0,Sudeste,Brasil
2018-04-29,SP,1909.0,Sudeste,Brasil
2018-05-06,SP,1721.0,Sudeste,Brasil
2018-05-13,SP,1804.0,Sudeste,Brasil
2018-05-20,SP,1827.0,Sudeste,Brasil
2018-05-27,SP,1296.0,Sudeste,Brasil
2018-06-03,SP,1039.0,Sudeste,Brasil
2018-06-10,SP,1045.0,Sudeste,Brasil
2018-06-17,SP,1184.0,Sudeste,Brasil
2018-06-24,SP,1031.0,Sudeste,Brasil
2018-07-01,SP,1052.0,Sudeste,Brasil
2018-07-08,SP,910.0,Sudeste,Brasil
2018-07-15,SP,622.0,Sudeste,Brasil
2018-07-22,SP,727.0,Sudeste,Brasil
2018-07-29,SP,678.0,Sudeste,Brasil
2018-08-05,SP,701.0,Sudeste,Brasil
2018-08-12,SP,573.0,Sudeste,Brasil
2018-08-19,SP,633.0,Sudeste,Brasil
2018-08-26,SP,734.0,Sudeste,Brasil
2018-09-02,SP,713.0,Sudeste,Brasil
2018-09-09,SP,581.0,Sudeste,Brasil
2018-09-16,SP,654.0,Sudeste,Brasil
2018-09-23,SP,712.0,Sudeste,Brasil
2018-09-30,SP,909.0,Sudeste,Brasil
2018-10-07,SP,914.0,Sudeste,Brasil
2018-10-14,SP,781.0,Sudeste,Brasil
2018-10-21,SP,1126.0,Sudeste,Brasil
2018-10-28,SP,1063.0,Sudeste,Brasil
2018-11-04,SP,1066.0,Sudeste,Brasil
2018-11-11,SP,1233.0,Sudeste,Brasil
2018-11-18,SP,1232.0,Sudeste,Brasil
2018-11-25,SP,1523.0,Sudeste,Brasil
2018-12-02,SP,1704.0,Sudeste,Brasil
2018-12-09,SP,1984.0,Sudeste,Brasil
2018-12-16,SP,2340.0,Sudeste,Brasil
2018-12-23,SP,2546.0,Sudeste,Brasil
2018-12-30,SP,2362.0,Sudeste,Brasil
2019-01-06,SP,3406.0,Sudeste,Brasil
2019-01-13,SP,5037.0,Sudeste,Brasil
2019-01-20,SP,6285.0,Sudeste,Brasil
2019-01-27,SP,8814.0,Sudeste,Brasil
2019-02-03,SP,12324.0,Sudeste,Brasil
2019-02-10,SP,14933.0,Sudeste,Brasil
2019-02-17,SP,17486.0,Sudeste,Brasil
2019-02-24,SP,20106.0,Sudeste,Brasil
2019-03-03,SP,19993.0,Sudeste,Brasil
2019-03-10,SP,18445.0,Sudeste,Brasil
2019-03-17,SP,23163.0,Sudeste,Brasil
2019-03-24,SP,26602.0,Sudeste,Brasil
2019-03-31,SP,31724.0,Sudeste,Brasil
2019-04-07,SP,35232.0,Sudeste,Brasil
2019-04-14,SP,36913.0,Sudeste,Brasil
2019-04-21,SP,36654.0,Sudeste,Brasil
2019-04-28,SP,46436.0,Sudeste,Brasil
2019-05-05,SP,42134.0,Sudeste,Brasil
2019-05-12,SP,44706.0,Sudeste,Brasil
2019-05-19,SP,45286.0,Sudeste,Brasil
2019-05-26,SP,39798.0,Sudeste,Brasil
2019-06-02,SP,30408.0,Sudeste,Brasil
2019-06-09,SP,20186.0,Sudeste,Brasil
2019-06-16,SP,18879.0,Sudeste,Brasil
2019-06-23,SP,12873.0,Sudeste,Brasil
2019-06-30,SP,13729.0,Sudeste,Brasil
2019-07-07,SP,9356.0,Sudeste,Brasil
2019-07-14,SP,5305.0,Sudeste,Brasil
2019-07-21,SP,4735.0,Sudeste,Brasil
2019-07-28,SP,4274.0,Sudeste,Brasil
2019-08-04,SP,3393.0,Sudeste,Brasil
2019-08-11,SP,3087.0,Sudeste,Brasil
2019-08-18,SP,2647.0,Sudeste,Brasil
2019-08-25,SP,2390.0,Sudeste,Brasil
2019-09-01,SP,2270.0,Sudeste,Brasil
2019-09-08,SP,1995.0,Sudeste,Brasil
2019-09-15,SP,2475.0,Sudeste,Brasil
2019-09-22,SP,2814.0,Sudeste,Brasil
2019-09-29,SP,2420.0,Sudeste,Brasil
2019-10-06,SP,2617.0,Sudeste,Brasil
2019-10-13,SP,2514.0,Sudeste,Brasil
2019-10-20,SP,2755.0,Sudeste,Brasil
2019-10-27,SP,2416.0,Sudeste,Brasil
2019-11-03,SP,2631.0,Sudeste,Brasil
2019-11-10,SP,2919.0,Sudeste,Brasil
2019-11-17,SP,2629.0,Sudeste,Brasil
2019-11-24,SP,3035.0,Sudeste,Brasil
2019-12-01,SP,3186.0,Sudeste,Brasil
2019-12-08,SP,3330.0,Sudeste,Brasil
2019-12-15,SP,3755.0,Sudeste,Brasil
2019-12-22,SP,4126.0,Sudeste,Brasil
2019-12-29,SP,3170.0,Sudeste,Brasil
2020-01-05,SP,1772.0,Sudeste,Brasil
2020-01-12,SP,4598.0,Sudeste,Brasil
2020-01-19,SP,6725.0,Sudeste,Brasil
2020-01-26,SP,9319.0,Sudeste,Brasil
2020-02-02,SP,11266.0,Sudeste,Brasil
2020-02-09,SP,13984.0,Sudeste,Brasil
2020-02-16,SP,15919.0,Sudeste,Brasil
2020-02-23,SP,15120.0,Sudeste,Brasil
2020-03-01,SP,11795.0,Sudeste,Brasil
2020-03-08,SP,14299.0,Sudeste,Brasil
2020-03-15,SP,13108.0,Sudeste,Brasil
2020-03-22,SP,9435.0,Sudeste,Brasil
2020-03-29,SP,7839.0,Sudeste,Brasil
2020-04-05,SP,8758.0,Sudeste,Brasil
2020-04-12,SP,7030.0,Sudeste,Brasil
2020-04-19,SP,8439.0,Sudeste,Brasil
2020-04-26,SP,6652.0,Sudeste,Brasil
2020-05-03,SP,5872.0,Sudeste,Brasil
2020-05-10,SP,5777.0,Sudeste,Brasil
2020-05-17,SP,4932.0,Sudeste,Brasil
2020-05-24,SP,3521.0,Sudeste,Brasil
2020-05-31,SP,2055.0,Sudeste,Brasil
2020-06-07,SP,1885.0,Sudeste,Brasil
2020-06-14,SP,1455.0,Sudeste,Brasil
2020-06-21,SP,1633.0,Sudeste,Brasil
2020-06-28,SP,1407.0,Sudeste,Brasil
2020-07-05,SP,911.0,Sudeste,Brasil
2020-07-12,SP,775.0,Sudeste,Brasil
2020-07-19,SP,817.0,Sudeste,Brasil
2020-07-26,SP,683.0,Sudeste,Brasil
2020-08-02,SP,524.0,Sudeste,Brasil
2020-08-09,SP,459.0,Sudeste,Brasil
2020-08-16,SP,447.0,Sudeste,Brasil
2020-08-23,SP,353.0,Sudeste,Brasil
2020-08-30,SP,320.0,Sudeste,Brasil
2020-09-06,SP,340.0,Sudeste,Brasil
2020-09-13,SP,305.0,Sudeste,Brasil
2020-09-20,SP,330.0,Sudeste,Brasil
2020-09-27,SP,318.0,Sudeste,Brasil
2020-10-04,SP,354.0,Sudeste,Brasil
2020-10-11,SP,331.0,Sudeste,Brasil
2020-10-18,SP,266.0,Sudeste,Brasil
2020-10-25,SP,294.0,Sudeste,Brasil
2020-11-01,SP,250.0,Sudeste,Brasil
2020-11-08,SP,236.0,Sudeste,Brasil
2020-11-15,SP,271.0,Sudeste,Brasil
2020-11-22,SP,286.0,Sudeste,Brasil
2020-11-29,SP,335.0,Sudeste,Brasil
2020-12-06,SP,323.0,Sudeste,Brasil
2020-12-13,SP,358.0,Sudeste,Brasil
2020-12-20,SP,439.0,Sudeste,Brasil
2020-12-27,SP,383.0,Sudeste,Brasil
2021-01-03,SP,383.0,Sudeste,Brasil
2021-01-10,SP,1941.0,Sudeste,Brasil
2021-01-17,SP,3377.0,Sudeste,Brasil
2021-01-24,SP,4224.0,Sudeste,Brasil
2021-01-31,SP,5021.0,Sudeste,Brasil
2021-02-07,SP,6291.0,Sudeste,Brasil
2021-02-14,SP,7807.0,Sudeste,Brasil
2021-02-21,SP,9609.0,Sudeste,Brasil
2021-02-28,SP,11609.0,Sudeste,Brasil
2021-03-07,SP,13622.0,Sudeste,Brasil
2021-03-14,SP,14519.0,Sudeste,Brasil
2021-03-21,SP,15318.0,Sudeste,Brasil
2021-03-28,SP,17064.0,Sudeste,Brasil
2021-04-04,SP,16544.0,Sudeste,Brasil
2021-04-11,SP,22057.0,Sudeste,Brasil
2021-04-18,SP,21091.0,Sudeste,Brasil
2021-04-25,SP,19163.0,Sudeste,Brasil
2021-05-02,SP,18986.0,Sudeste,Brasil
2021-05-09,SP,16713.0,Sudeste,Brasil
2021-05-16,SP,14394.0,Sudeste,Brasil
2021-05-23,SP,12765.0,Sudeste,Brasil
2021-05-30,SP,10081.0,Sudeste,Brasil
2021-06-06,SP,7692.0,Sudeste,Brasil
2021-06-13,SP,7599.0,Sudeste,Brasil
2021-06-20,SP,5981.0,Sudeste,Brasil
2021-06-27,SP,4878.0,Sudeste,Brasil
2021-07-04,SP,3195.0,Sudeste,Brasil
2021-07-11,SP,2776.0,Sudeste,Brasil
2021-07-18,SP,2958.0,Sudeste,Brasil
2021-07-25,SP,2117.0,Sudeste,Brasil
2021-08-01,SP,1774.0,Sudeste,Brasil
2021-08-08,SP,1607.0,Sudeste,Brasil
2021-08-15,SP,1776.0,Sudeste,Brasil
2021-08-22,SP,1977.0,Sudeste,Brasil
2021-08-29,SP,2054.0,Sudeste,Brasil
2021-09-05,SP,1796.0,Sudeste,Brasil
2021-09-12,SP,1625.0,Sudeste,Brasil
2021-09-19,SP,1907.0,Sudeste,Brasil
2021-09-26,SP,1987.0,Sudeste,Brasil
2021-10-03,SP,1987.0,Sudeste,Brasil
2021-10-10,SP,1636.0,Sudeste,Brasil
2021-10-17,SP,1583.0,Sudeste,Brasil
2021-10-24,SP,1792.0,Sudeste,Brasil
2021-10-31,SP,1642.0,Sudeste,Brasil
2021-11-07,SP,1669.0,Sudeste,Brasil
2021-11-14,SP,1827.0,Sudeste,Brasil
2021-11-21,SP,2045.0,Sudeste,Brasil
2021-11-28,SP,2239.0,Sudeste,Brasil
2021-12-05,SP,2700.0,Sudeste,Brasil
2021-12-12,SP,3006.0,Sudeste,Brasil
2021-12-19,SP,3731.0,Sudeste,Brasil
2021-12-26,SP,3490.0,Sudeste,Brasil
2022-01-02,SP,3522.0,Sudeste,Brasil
2022-01-09,SP,1104.0,Sudeste,Brasil
2022-01-16,SP,1508.0,Sudeste,Brasil
2022-01-23,SP,1806.0,Sudeste,Brasil
2022-01-30,SP,1754.0,Sudeste,Brasil
2022-02-06,SP,2266.0,Sudeste,Brasil
2022-02-13,SP,2884.0,Sudeste,Brasil
2022-02-20,SP,3751.0,Sudeste,Brasil
2022-02-27,SP,4756.0,Sudeste,Brasil
2022-03-06,SP,5906.0,Sudeste,Brasil
2022-03-13,SP,10520.0,Sudeste,Brasil
2022-03-20,SP,13558.0,Sudeste,Brasil
2022-03-27,SP,16879.0,Sudeste,Brasil
2022-04-03,SP,20804.0,Sudeste,Brasil
2022-04-10,SP,24010.0,Sudeste,Brasil
2022-04-17,SP,24163.0,Sudeste,Brasil
2022-04-24,SP,26928.0,Sudeste,Brasil
2022-05-01,SP,31363.0,Sudeste,Brasil
2022-05-08,SP,30900.0,Sudeste,Brasil
2022-05-15,SP,30532.0,Sudeste,Brasil
2022-05-22,SP,18385.0,Sudeste,Brasil
2022-05-29,SP,14313.0,Sudeste,Brasil
2022-06-05,SP,9881.0,Sudeste,Brasil
2022-06-12,SP,8773.0,Sudeste,Brasil
2022-06-19,SP,5314.0,Sudeste,Brasil
2022-06-26,SP,5101.0,Sudeste,Brasil
2022-07-03,SP,3721.0,Sudeste,Brasil
2022-07-10,SP,3215.0,Sudeste,Brasil
2022-07-17,SP,2481.0,Sudeste,Brasil
2022-07-24,SP,2291.0,Sudeste,Brasil
2022-07-31,SP,1936.0,Sudeste,Brasil
2022-08-07,SP,1848.0,Sudeste,Brasil
2022-08-14,SP,1336.0,Sudeste,Brasil
2022-08-21,SP,1250.0,Sudeste,Brasil
2022-08-28,SP,957.0,Sudeste,Brasil
2022-09-04,SP,835.0,Sudeste,Brasil
2022-09-11,SP,710.0,Sudeste,Brasil
2022-09-18,SP,781.0,Sudeste,Brasil
2022-09-25,SP,739.0,Sudeste,Brasil
2022-10-02,SP,568.0,Sudeste,Brasil
2022-10-09,SP,701.0,Sudeste,Brasil
2022-10-16,SP,652.0,Sudeste,Brasil
2022-10-23,SP,655.0,Sudeste,Brasil
2022-10-30,SP,777.0,Sudeste,Brasil
2022-11-06,SP,620.0,Sudeste,Brasil
2022-11-13,SP,831.0,Sudeste,Brasil
2022-11-20,SP,717.0,Sudeste,Brasil
2022-11-27,SP,899.0,Sudeste,Brasil
2022-12-04,SP,910.0,Sudeste,Brasil
2022-12-11,SP,898.0,Sudeste,Brasil
2022-12-18,SP,1152.0,Sudeste,Brasil
2022-12-25,SP,1107.0,Sudeste,Brasil
2023-01-01,SP,1146.0,Sudeste,Brasil
2023-01-08,SP,1339.0,Sudeste,Brasil
2023-01-15,SP,2477.0,Sudeste,Brasil
2023-01-22,SP,2987.0,Sudeste,Brasil
2023-01-29,SP,4328.0,Sudeste,Brasil
2023-02-05,SP,5533.0,Sudeste,Brasil
2023-02-12,SP,7244.0,Sudeste,Brasil
2023-02-19,SP,9582.0,Sudeste,Brasil
2023-02-26,SP,8970.0,Sudeste,Brasil
2023-03-05,SP,12382.0,Sudeste,Brasil
2023-03-12,SP,15724.0,Sudeste,Brasil
2023-03-19,SP,18154.0,Sudeste,Brasil
2023-03-26,SP,21216.0,Sudeste,Brasil
2023-04-02,SP,24436.0,Sudeste,Brasil
2023-04-09,SP,22587.0,Sudeste,Brasil
2023-04-16,SP,26892.0,Sudeste,Brasil
2023-04-23,SP,21648.0,Sudeste,Brasil
2023-04-30,SP,21455.0,Sudeste,Brasil
2023-05-07,SP,17385.0,Sudeste,Brasil
2023-05-14,SP,17273.0,Sudeste,Brasil
2023-05-21,SP,14962.0,Sudeste,Brasil
2023-05-28,SP,10318.0,Sudeste,Brasil
2023-06-04,SP,6644.0,Sudeste,Brasil
2023-06-11,SP,4601.0,Sudeste,Brasil
2023-06-18,SP,4078.0,Sudeste,Brasil
2023-06-25,SP,3074.0,Sudeste,Brasil
2023-07-02,SP,1953.0,Sudeste,Brasil
2023-07-09,SP,1390.0,Sudeste,Brasil
2023-07-16,SP,1154.0,Sudeste,Brasil
2023-07-23,SP,926.0,Sudeste,Brasil
2023-07-30,SP,867.0,Sudeste,Brasil
2023-08-06,SP,722.0,Sudeste,Brasil
2023-08-13,SP,707.0,Sudeste,Brasil
2023-08-20,SP,698.0,Sudeste,Brasil
2023-08-27,SP,766.0,Sudeste,Brasil
2023-09-03,SP,591.0,Sudeste,Brasil
2023-09-10,SP,555.0,Sudeste,Brasil
2023-09-17,SP,710.0,Sudeste,Brasil
2023-09-24,SP,750.0,Sudeste,Brasil
2023-10-01,SP,730.0,Sudeste,Brasil
2023-10-08,SP,840.0,Sudeste,Brasil
2023-10-15,SP,659.0,Sudeste,Brasil
2023-10-22,SP,895.0,Sudeste,Brasil
2023-10-29,SP,946.0,Sudeste,Brasil
2023-11-05,SP,806.0,Sudeste,Brasil
2023-11-12,SP,1192.0,Sudeste,Brasil
2023-11-19,SP,1074.0,Sudeste,Brasil
2023-11-26,SP,1310.0,Sudeste,Brasil
2023-12-03,SP,1691.0,Sudeste,Brasil
2023-12-10,SP,1721.0,Sudeste,Brasil
2023-12-17,SP,2283.0,Sudeste,Brasil
2023-12-24,SP,2677.0,Sudeste,Brasil
2023-12-31,SP,3272.0,Sudeste,Brasil
2024-01-07,SP,4107.0,Sudeste,Brasil
2024-01-14,SP,7546.0,Sudeste,Brasil
2024-01-21,SP,11197.0,Sudeste,Brasil
2024-01-28,SP,16318.0,Sudeste,Brasil
2024-02-04,SP,21278.0,Sudeste,Brasil
2024-02-11,SP,29511.0,Sudeste,Brasil
2024-02-18,SP,35229.0,Sudeste,Brasil
2024-02-25,SP,51858.0,Sudeste,Brasil
2024-03-03,SP,62820.0,Sudeste,Brasil
2024-03-10,SP,77101.0,Sudeste,Brasil
2024-03-17,SP,89371.0,Sudeste,Brasil
2024-03-24,SP,114905.0,Sudeste,Brasil
2024-03-31,SP,121855.0,Sudeste,Brasil
2024-04-07,SP,128578.0,Sudeste,Brasil
2024-04-14,SP,147758.0,Sudeste,Brasil
2024-04-21,SP,143770.0,Sudeste,Brasil
2024-04-28,SP,148444.0,Sudeste,Brasil
2024-05-05,SP,135004.0,Sudeste,Brasil
2024-05-12,SP,148651.0,Sudeste,Brasil
2024-05-19,SP,148650.0,Sudeste,Brasil
2024-05-26,SP,125448.0,Sudeste,Brasil
2024-06-02,SP,80163.0,Sudeste,Brasil
2024-06-09,SP,58843.0,Sudeste,Brasil
2024-06-16,SP,46522.0,Sudeste,Brasil
2024-06-23,SP,38785.0,Sudeste,Brasil
2024-06-30,SP,31409.0,Sudeste,Brasil
2024-07-07,SP,19429.0,Sudeste,Brasil
2024-07-14,SP,12521.0,Sudeste,Brasil
2024-07-21,SP,10495.0,Sudeste,Brasil
2024-07-28,SP,8653.0,Sudeste,Brasil
2024-08-04,SP,7299.0,Sudeste,Brasil
2024-08-11,SP,6711.0,Sudeste,Brasil
2024-08-18,SP,5122.0,Sudeste,Brasil
2024-08-25,SP,4629.0,Sudeste,Brasil
2024-09-01,SP,3900.0,Sudeste,Brasil
2024-09-08,SP,3902.0,Sudeste,Brasil
2024-09-15,SP,3807.0,Sudeste,Brasil
2024-09-22,SP,3180.0,Sudeste,Brasil
2024-09-29,SP,3461.0,Sudeste,Brasil
2024-10-06,SP,3226.0,Sudeste,Brasil
2024-10-13,SP,3094.0,Sudeste,Brasil
2024-10-20,SP,3151.0,Sudeste,Brasil
2024-10-27,SP,3233.0,Sudeste,Brasil
2024-11-03,SP,3211.0,Sudeste,Brasil
2024-11-10,SP,3388.0,Sudeste,Brasil
2024-11-17,SP,3349.0,Sudeste,Brasil
2024-11-24,SP,4233.0,Sudeste,Brasil
2024-12-01,SP,5134.0,Sudeste,Brasil
2024-12-08,SP,6335.0,Sudeste,Brasil
2024-12-15,SP,8041.0,Sudeste,Brasil
2024-12-22,SP,9659.0,Sudeste,Brasil
2024-12-29,SP,8242.0,Sudeste,Brasil
2025-01-05,SP,10433.0,Sudeste,Brasil
2025-01-12,SP,21511.0,Sudeste,Brasil
2025-01-19,SP,25385.0,Sudeste,Brasil
2025-01-26,SP,29502.0,Sudeste,Brasil
2025-02-02,SP,35516.0,Sudeste,Brasil
2025-02-09,SP,34630.0,Sudeste,Brasil
2025-02-16,SP,37797.0,Sudeste,Brasil
2025-02-23,SP,42597.0,Sudeste,Brasil
2025-03-02,SP,49096.0,Sudeste,Brasil
2025-03-09,SP,48350.0,Sudeste,Brasil
2025-03-16,SP,57009.0,Sudeste,Brasil
2025-03-23,SP,58214.0,Sudeste,Brasil
2025-03-30,SP,56414.0,Sudeste,Brasil
2025-04-06,SP,51350.0,Sudeste,Brasil
2025-04-13,SP,48596.0,Sudeste,Brasil
2025-04-20,SP,37333.0,Sudeste,Brasil
2025-04-27,SP,38864.0,Sudeste,Brasil
2025-05-04,SP,31711.0,Sudeste,Brasil
2025-05-11,SP,32375.0,Sudeste,Brasil
2025-05-18,SP,26229.0,Sudeste,Brasil
2025-05-25,SP,21456.0,Sudeste,Brasil
2025-06-01,SP,16552.0,Sudeste,Brasil
2025-06-08,SP,12177.0,Sudeste,Brasil
2025-06-15,SP,8223.0,Sudeste,Brasil
2025-06-22,SP,5651.0,Sudeste,Brasil
2025-06-29,SP,4799.0,Sudeste,Brasil
2025-07-06,SP,3736.0,Sudeste,Brasil
2025-07-13,SP,2927.0,Sudeste,Brasil
2025-07-20,SP,2519.0,Sudeste,Brasil
2025-07-27,SP,2318.0,Sudeste,Brasil
2025-08-03,SP,1988.0,Sudeste,Brasil
2025-08-10,SP,1830.0,Sudeste,Brasil
2025-08-17,SP,1562.0,Sudeste,Brasil
2025-08-24,SP,1661.0,Sudeste,Brasil
2025-08-31,SP,1471.0,Sudeste,Brasil
2025-09-07,SP,1635.0,Sudeste,Brasil
2025-09-14,SP,1833.0,Sudeste,Brasil
2025-09-21,SP,1907.0,Sudeste,Brasil
2025-09-28,SP,1821.0,Sudeste,Brasil
2025-10-05,SP,2081.0,Sudeste,Brasil
2025-10-12,SP,1905.0,Sudeste,Brasil
2025-10-19,SP,1924.0,Sudeste,Brasil
2025-10-26,SP,2015.0,Sudeste,Brasil
2025-11-02,SP,1846.0,Sudeste,Brasil
2025-11-09,SP,1921.0,Sudeste,Brasil
2025-11-16,SP,2073.0,Sudeste,Brasil
2025-11-23,SP,1679.0,Sudeste,Brasil
2025-11-30,SP,2082.0,Sudeste,Brasil
2025-12-07,SP,1961.0,Sudeste,Brasil
2025-12-14,SP,1794.0,Sudeste,Brasil
2025-12-21,SP,1787.0,Sudeste,Brasil
2025-12-28,SP,1319.0,Sudeste,Brasil
2026-01-04,SP,1109.0,Sudeste,Brasil
2026-01-11,SP,1176.0,Sudeste,Brasil
2026-01-18,SP,1765.0,Sudeste,Brasil
2026-01-25,SP,1855.0,Sudeste,Brasil
2026-02-01,SP,1895.0,Sudeste,Brasil
2026-02-08,SP,2012.0,Sudeste,Brasil
2026-02-15,SP,2207.0,Sudeste,Brasil
2026-02-22,SP,2455.0,Sudeste,Brasil
2026-03-01,SP,3103.0,Sudeste,Brasil
2026-03-08,SP,3335.0,Sudeste,Brasil
2026-03-15,SP,3411.0,Sudeste,Brasil
2026-03-22,SP,3986.0,Sudeste,Brasil
2026-03-29,SP,5093.0,Sudeste,Brasil
2026-04-05,SP,5041.0,Sudeste,Brasil
2026-04-12,SP,4539.0,Sudeste,Brasil
2026-04-19,SP,31.0,Sudeste,Brasil
2015-01-04,TO,11.0,Norte,Brasil
2015-01-11,TO,161.0,Norte,Brasil
2015-01-18,TO,193.0,Norte,Brasil
2015-01-25,TO,167.0,Norte,Brasil
2015-02-01,TO,215.0,Norte,Brasil
2015-02-08,TO,262.0,Norte,Brasil
2015-02-15,TO,316.0,Norte,Brasil
2015-02-22,TO,312.0,Norte,Brasil
2015-03-01,TO,421.0,Norte,Brasil
2015-03-08,TO,534.0,Norte,Brasil
2015-03-15,TO,637.0,Norte,Brasil
2015-03-22,TO,789.0,Norte,Brasil
2015-03-29,TO,910.0,Norte,Brasil
2015-04-05,TO,660.0,Norte,Brasil
2015-04-12,TO,799.0,Norte,Brasil
2015-04-19,TO,968.0,Norte,Brasil
2015-04-26,TO,675.0,Norte,Brasil
2015-05-03,TO,577.0,Norte,Brasil
2015-05-10,TO,740.0,Norte,Brasil
2015-05-17,TO,763.0,Norte,Brasil
2015-05-24,TO,641.0,Norte,Brasil
2015-05-31,TO,629.0,Norte,Brasil
2015-06-07,TO,499.0,Norte,Brasil
2015-06-14,TO,511.0,Norte,Brasil
2015-06-21,TO,438.0,Norte,Brasil
2015-06-28,TO,419.0,Norte,Brasil
2015-07-05,TO,338.0,Norte,Brasil
2015-07-12,TO,230.0,Norte,Brasil
2015-07-19,TO,231.0,Norte,Brasil
2015-07-26,TO,155.0,Norte,Brasil
2015-08-02,TO,137.0,Norte,Brasil
2015-08-09,TO,164.0,Norte,Brasil
2015-08-16,TO,162.0,Norte,Brasil
2015-08-23,TO,128.0,Norte,Brasil
2015-08-30,TO,99.0,Norte,Brasil
2015-09-06,TO,126.0,Norte,Brasil
2015-09-13,TO,91.0,Norte,Brasil
2015-09-20,TO,97.0,Norte,Brasil
2015-09-27,TO,105.0,Norte,Brasil
2015-10-04,TO,116.0,Norte,Brasil
2015-10-11,TO,95.0,Norte,Brasil
2015-10-18,TO,86.0,Norte,Brasil
2015-10-25,TO,109.0,Norte,Brasil
2015-11-01,TO,98.0,Norte,Brasil
2015-11-08,TO,132.0,Norte,Brasil
2015-11-15,TO,155.0,Norte,Brasil
2015-11-22,TO,211.0,Norte,Brasil
2015-11-29,TO,252.0,Norte,Brasil
2015-12-06,TO,448.0,Norte,Brasil
2015-12-13,TO,526.0,Norte,Brasil
2015-12-20,TO,667.0,Norte,Brasil
2015-12-27,TO,498.0,Norte,Brasil
2016-01-03,TO,498.0,Norte,Brasil
2016-01-10,TO,944.0,Norte,Brasil
2016-01-17,TO,1018.0,Norte,Brasil
2016-01-24,TO,1052.0,Norte,Brasil
2016-01-31,TO,1133.0,Norte,Brasil
2016-02-07,TO,1320.0,Norte,Brasil
2016-02-14,TO,1175.0,Norte,Brasil
2016-02-21,TO,1560.0,Norte,Brasil
2016-02-28,TO,1404.0,Norte,Brasil
2016-03-06,TO,1166.0,Norte,Brasil
2016-03-13,TO,966.0,Norte,Brasil
2016-03-20,TO,727.0,Norte,Brasil
2016-03-27,TO,519.0,Norte,Brasil
2016-04-03,TO,621.0,Norte,Brasil
2016-04-10,TO,526.0,Norte,Brasil
2016-04-17,TO,534.0,Norte,Brasil
2016-04-24,TO,405.0,Norte,Brasil
2016-05-01,TO,488.0,Norte,Brasil
2016-05-08,TO,560.0,Norte,Brasil
2016-05-15,TO,444.0,Norte,Brasil
2016-05-22,TO,371.0,Norte,Brasil
2016-05-29,TO,227.0,Norte,Brasil
2016-06-05,TO,263.0,Norte,Brasil
2016-06-12,TO,207.0,Norte,Brasil
2016-06-19,TO,195.0,Norte,Brasil
2016-06-26,TO,129.0,Norte,Brasil
2016-07-03,TO,96.0,Norte,Brasil
2016-07-10,TO,93.0,Norte,Brasil
2016-07-17,TO,78.0,Norte,Brasil
2016-07-24,TO,61.0,Norte,Brasil
2016-07-31,TO,58.0,Norte,Brasil
2016-08-07,TO,69.0,Norte,Brasil
2016-08-14,TO,50.0,Norte,Brasil
2016-08-21,TO,51.0,Norte,Brasil
2016-08-28,TO,50.0,Norte,Brasil
2016-09-04,TO,49.0,Norte,Brasil
2016-09-11,TO,20.0,Norte,Brasil
2016-09-18,TO,46.0,Norte,Brasil
2016-09-25,TO,32.0,Norte,Brasil
2016-10-02,TO,34.0,Norte,Brasil
2016-10-09,TO,37.0,Norte,Brasil
2016-10-16,TO,44.0,Norte,Brasil
2016-10-23,TO,47.0,Norte,Brasil
2016-10-30,TO,43.0,Norte,Brasil
2016-11-06,TO,58.0,Norte,Brasil
2016-11-13,TO,76.0,Norte,Brasil
2016-11-20,TO,75.0,Norte,Brasil
2016-11-27,TO,88.0,Norte,Brasil
2016-12-04,TO,101.0,Norte,Brasil
2016-12-11,TO,89.0,Norte,Brasil
2016-12-18,TO,113.0,Norte,Brasil
2016-12-25,TO,83.0,Norte,Brasil
2017-01-01,TO,108.0,Norte,Brasil
2017-01-08,TO,178.0,Norte,Brasil
2017-01-15,TO,246.0,Norte,Brasil
2017-01-22,TO,312.0,Norte,Brasil
2017-01-29,TO,392.0,Norte,Brasil
2017-02-05,TO,427.0,Norte,Brasil
2017-02-12,TO,633.0,Norte,Brasil
2017-02-19,TO,672.0,Norte,Brasil
2017-02-26,TO,733.0,Norte,Brasil
2017-03-05,TO,733.0,Norte,Brasil
2017-03-12,TO,613.0,Norte,Brasil
2017-03-19,TO,666.0,Norte,Brasil
2017-03-26,TO,739.0,Norte,Brasil
2017-04-02,TO,637.0,Norte,Brasil
2017-04-09,TO,541.0,Norte,Brasil
2017-04-16,TO,513.0,Norte,Brasil
2017-04-23,TO,549.0,Norte,Brasil
2017-04-30,TO,522.0,Norte,Brasil
2017-05-07,TO,454.0,Norte,Brasil
2017-05-14,TO,631.0,Norte,Brasil
2017-05-21,TO,607.0,Norte,Brasil
2017-05-28,TO,517.0,Norte,Brasil
2017-06-04,TO,425.0,Norte,Brasil
2017-06-11,TO,387.0,Norte,Brasil
2017-06-18,TO,279.0,Norte,Brasil
2017-06-25,TO,236.0,Norte,Brasil
2017-07-02,TO,208.0,Norte,Brasil
2017-07-09,TO,191.0,Norte,Brasil
2017-07-16,TO,117.0,Norte,Brasil
2017-07-23,TO,129.0,Norte,Brasil
2017-07-30,TO,107.0,Norte,Brasil
2017-08-06,TO,119.0,Norte,Brasil
2017-08-13,TO,107.0,Norte,Brasil
2017-08-20,TO,77.0,Norte,Brasil
2017-08-27,TO,100.0,Norte,Brasil
2017-09-03,TO,74.0,Norte,Brasil
2017-09-10,TO,53.0,Norte,Brasil
2017-09-17,TO,60.0,Norte,Brasil
2017-09-24,TO,47.0,Norte,Brasil
2017-10-01,TO,44.0,Norte,Brasil
2017-10-08,TO,37.0,Norte,Brasil
2017-10-15,TO,40.0,Norte,Brasil
2017-10-22,TO,44.0,Norte,Brasil
2017-10-29,TO,42.0,Norte,Brasil
2017-11-05,TO,36.0,Norte,Brasil
2017-11-12,TO,55.0,Norte,Brasil
2017-11-19,TO,61.0,Norte,Brasil
2017-11-26,TO,87.0,Norte,Brasil
2017-12-03,TO,95.0,Norte,Brasil
2017-12-10,TO,77.0,Norte,Brasil
2017-12-17,TO,85.0,Norte,Brasil
2017-12-24,TO,81.0,Norte,Brasil
2017-12-31,TO,59.0,Norte,Brasil
2018-01-07,TO,85.0,Norte,Brasil
2018-01-14,TO,112.0,Norte,Brasil
2018-01-21,TO,130.0,Norte,Brasil
2018-01-28,TO,155.0,Norte,Brasil
2018-02-04,TO,172.0,Norte,Brasil
2018-02-11,TO,145.0,Norte,Brasil
2018-02-18,TO,116.0,Norte,Brasil
2018-02-25,TO,140.0,Norte,Brasil
2018-03-04,TO,167.0,Norte,Brasil
2018-03-11,TO,143.0,Norte,Brasil
2018-03-18,TO,169.0,Norte,Brasil
2018-03-25,TO,162.0,Norte,Brasil
2018-04-01,TO,168.0,Norte,Brasil
2018-04-08,TO,237.0,Norte,Brasil
2018-04-15,TO,298.0,Norte,Brasil
2018-04-22,TO,284.0,Norte,Brasil
2018-04-29,TO,343.0,Norte,Brasil
2018-05-06,TO,229.0,Norte,Brasil
2018-05-13,TO,247.0,Norte,Brasil
2018-05-20,TO,274.0,Norte,Brasil
2018-05-27,TO,231.0,Norte,Brasil
2018-06-03,TO,125.0,Norte,Brasil
2018-06-10,TO,135.0,Norte,Brasil
2018-06-17,TO,98.0,Norte,Brasil
2018-06-24,TO,96.0,Norte,Brasil
2018-07-01,TO,102.0,Norte,Brasil
2018-07-08,TO,69.0,Norte,Brasil
2018-07-15,TO,59.0,Norte,Brasil
2018-07-22,TO,59.0,Norte,Brasil
2018-07-29,TO,39.0,Norte,Brasil
2018-08-05,TO,47.0,Norte,Brasil
2018-08-12,TO,44.0,Norte,Brasil
2018-08-19,TO,43.0,Norte,Brasil
2018-08-26,TO,53.0,Norte,Brasil
2018-09-02,TO,57.0,Norte,Brasil
2018-09-09,TO,37.0,Norte,Brasil
2018-09-16,TO,49.0,Norte,Brasil
2018-09-23,TO,39.0,Norte,Brasil
2018-09-30,TO,59.0,Norte,Brasil
2018-10-07,TO,53.0,Norte,Brasil
2018-10-14,TO,68.0,Norte,Brasil
2018-10-21,TO,65.0,Norte,Brasil
2018-10-28,TO,87.0,Norte,Brasil
2018-11-04,TO,107.0,Norte,Brasil
2018-11-11,TO,137.0,Norte,Brasil
2018-11-18,TO,148.0,Norte,Brasil
2018-11-25,TO,207.0,Norte,Brasil
2018-12-02,TO,298.0,Norte,Brasil
2018-12-09,TO,343.0,Norte,Brasil
2018-12-16,TO,449.0,Norte,Brasil
2018-12-23,TO,534.0,Norte,Brasil
2018-12-30,TO,443.0,Norte,Brasil
2019-01-06,TO,772.0,Norte,Brasil
2019-01-13,TO,900.0,Norte,Brasil
2019-01-20,TO,1371.0,Norte,Brasil
2019-01-27,TO,1290.0,Norte,Brasil
2019-02-03,TO,1685.0,Norte,Brasil
2019-02-10,TO,1819.0,Norte,Brasil
2019-02-17,TO,1725.0,Norte,Brasil
2019-02-24,TO,1490.0,Norte,Brasil
2019-03-03,TO,1709.0,Norte,Brasil
2019-03-10,TO,1087.0,Norte,Brasil
2019-03-17,TO,1470.0,Norte,Brasil
2019-03-24,TO,1565.0,Norte,Brasil
2019-03-31,TO,1386.0,Norte,Brasil
2019-04-07,TO,1387.0,Norte,Brasil
2019-04-14,TO,1319.0,Norte,Brasil
2019-04-21,TO,993.0,Norte,Brasil
2019-04-28,TO,1142.0,Norte,Brasil
2019-05-05,TO,954.0,Norte,Brasil
2019-05-12,TO,951.0,Norte,Brasil
2019-05-19,TO,798.0,Norte,Brasil
2019-05-26,TO,692.0,Norte,Brasil
2019-06-02,TO,604.0,Norte,Brasil
2019-06-09,TO,442.0,Norte,Brasil
2019-06-16,TO,284.0,Norte,Brasil
2019-06-23,TO,217.0,Norte,Brasil
2019-06-30,TO,184.0,Norte,Brasil
2019-07-07,TO,104.0,Norte,Brasil
2019-07-14,TO,87.0,Norte,Brasil
2019-07-21,TO,66.0,Norte,Brasil
2019-07-28,TO,60.0,Norte,Brasil
2019-08-04,TO,73.0,Norte,Brasil
2019-08-11,TO,57.0,Norte,Brasil
2019-08-18,TO,42.0,Norte,Brasil
2019-08-25,TO,52.0,Norte,Brasil
2019-09-01,TO,52.0,Norte,Brasil
2019-09-08,TO,46.0,Norte,Brasil
2019-09-15,TO,33.0,Norte,Brasil
2019-09-22,TO,48.0,Norte,Brasil
2019-09-29,TO,35.0,Norte,Brasil
2019-10-06,TO,49.0,Norte,Brasil
2019-10-13,TO,50.0,Norte,Brasil
2019-10-20,TO,63.0,Norte,Brasil
2019-10-27,TO,95.0,Norte,Brasil
2019-11-03,TO,123.0,Norte,Brasil
2019-11-10,TO,137.0,Norte,Brasil
2019-11-17,TO,178.0,Norte,Brasil
2019-11-24,TO,154.0,Norte,Brasil
2019-12-01,TO,181.0,Norte,Brasil
2019-12-08,TO,224.0,Norte,Brasil
2019-12-15,TO,273.0,Norte,Brasil
2019-12-22,TO,242.0,Norte,Brasil
2019-12-29,TO,156.0,Norte,Brasil
2020-01-05,TO,18.0,Norte,Brasil
2020-01-12,TO,65.0,Norte,Brasil
2020-01-19,TO,53.0,Norte,Brasil
2020-01-26,TO,70.0,Norte,Brasil
2020-02-02,TO,56.0,Norte,Brasil
2020-02-09,TO,91.0,Norte,Brasil
2020-02-16,TO,93.0,Norte,Brasil
2020-02-23,TO,95.0,Norte,Brasil
2020-03-01,TO,71.0,Norte,Brasil
2020-03-08,TO,106.0,Norte,Brasil
2020-03-15,TO,130.0,Norte,Brasil
2020-03-22,TO,101.0,Norte,Brasil
2020-03-29,TO,64.0,Norte,Brasil
2020-04-05,TO,56.0,Norte,Brasil
2020-04-12,TO,41.0,Norte,Brasil
2020-04-19,TO,65.0,Norte,Brasil
2020-04-26,TO,53.0,Norte,Brasil
2020-05-03,TO,56.0,Norte,Brasil
2020-05-10,TO,50.0,Norte,Brasil
2020-05-17,TO,36.0,Norte,Brasil
2020-05-24,TO,36.0,Norte,Brasil
2020-05-31,TO,41.0,Norte,Brasil
2020-06-07,TO,29.0,Norte,Brasil
2020-06-14,TO,31.0,Norte,Brasil
2020-06-21,TO,38.0,Norte,Brasil
2020-06-28,TO,39.0,Norte,Brasil
2020-07-05,TO,35.0,Norte,Brasil
2020-07-12,TO,25.0,Norte,Brasil
2020-07-19,TO,22.0,Norte,Brasil
2020-07-26,TO,31.0,Norte,Brasil
2020-08-02,TO,26.0,Norte,Brasil
2020-08-09,TO,5.0,Norte,Brasil
2020-08-16,TO,24.0,Norte,Brasil
2020-08-23,TO,13.0,Norte,Brasil
2020-08-30,TO,10.0,Norte,Brasil
2020-09-06,TO,13.0,Norte,Brasil
2020-09-13,TO,7.0,Norte,Brasil
2020-09-20,TO,11.0,Norte,Brasil
2020-09-27,TO,11.0,Norte,Brasil
2020-10-04,TO,9.0,Norte,Brasil
2020-10-11,TO,8.0,Norte,Brasil
2020-10-18,TO,4.0,Norte,Brasil
2020-10-25,TO,4.0,Norte,Brasil
2020-11-01,TO,4.0,Norte,Brasil
2020-11-08,TO,6.0,Norte,Brasil
2020-11-15,TO,5.0,Norte,Brasil
2020-11-22,TO,12.0,Norte,Brasil
2020-11-29,TO,10.0,Norte,Brasil
2020-12-06,TO,2.0,Norte,Brasil
2020-12-13,TO,10.0,Norte,Brasil
2020-12-20,TO,16.0,Norte,Brasil
2020-12-27,TO,12.0,Norte,Brasil
2021-01-03,TO,12.0,Norte,Brasil
2021-01-10,TO,40.0,Norte,Brasil
2021-01-17,TO,68.0,Norte,Brasil
2021-01-24,TO,65.0,Norte,Brasil
2021-01-31,TO,71.0,Norte,Brasil
2021-02-07,TO,72.0,Norte,Brasil
2021-02-14,TO,90.0,Norte,Brasil
2021-02-21,TO,98.0,Norte,Brasil
2021-02-28,TO,112.0,Norte,Brasil
2021-03-07,TO,129.0,Norte,Brasil
2021-03-14,TO,137.0,Norte,Brasil
2021-03-21,TO,131.0,Norte,Brasil
2021-03-28,TO,112.0,Norte,Brasil
2021-04-04,TO,134.0,Norte,Brasil
2021-04-11,TO,181.0,Norte,Brasil
2021-04-18,TO,220.0,Norte,Brasil
2021-04-25,TO,179.0,Norte,Brasil
2021-05-02,TO,212.0,Norte,Brasil
2021-05-09,TO,231.0,Norte,Brasil
2021-05-16,TO,264.0,Norte,Brasil
2021-05-23,TO,266.0,Norte,Brasil
2021-05-30,TO,254.0,Norte,Brasil
2021-06-06,TO,244.0,Norte,Brasil
2021-06-13,TO,301.0,Norte,Brasil
2021-06-20,TO,224.0,Norte,Brasil
2021-06-27,TO,248.0,Norte,Brasil
2021-07-04,TO,252.0,Norte,Brasil
2021-07-11,TO,185.0,Norte,Brasil
2021-07-18,TO,180.0,Norte,Brasil
2021-07-25,TO,145.0,Norte,Brasil
2021-08-01,TO,164.0,Norte,Brasil
2021-08-08,TO,139.0,Norte,Brasil
2021-08-15,TO,127.0,Norte,Brasil
2021-08-22,TO,171.0,Norte,Brasil
2021-08-29,TO,149.0,Norte,Brasil
2021-09-05,TO,159.0,Norte,Brasil
2021-09-12,TO,112.0,Norte,Brasil
2021-09-19,TO,143.0,Norte,Brasil
2021-09-26,TO,107.0,Norte,Brasil
2021-10-03,TO,138.0,Norte,Brasil
2021-10-10,TO,95.0,Norte,Brasil
2021-10-17,TO,130.0,Norte,Brasil
2021-10-24,TO,185.0,Norte,Brasil
2021-10-31,TO,209.0,Norte,Brasil
2021-11-07,TO,218.0,Norte,Brasil
2021-11-14,TO,345.0,Norte,Brasil
2021-11-21,TO,512.0,Norte,Brasil
2021-11-28,TO,741.0,Norte,Brasil
2021-12-05,TO,1068.0,Norte,Brasil
2021-12-12,TO,1576.0,Norte,Brasil
2021-12-19,TO,2122.0,Norte,Brasil
2021-12-26,TO,1894.0,Norte,Brasil
2022-01-02,TO,1977.0,Norte,Brasil
2022-01-09,TO,771.0,Norte,Brasil
2022-01-16,TO,1062.0,Norte,Brasil
2022-01-23,TO,1042.0,Norte,Brasil
2022-01-30,TO,994.0,Norte,Brasil
2022-02-06,TO,1059.0,Norte,Brasil
2022-02-13,TO,1007.0,Norte,Brasil
2022-02-20,TO,964.0,Norte,Brasil
2022-02-27,TO,863.0,Norte,Brasil
2022-03-06,TO,601.0,Norte,Brasil
2022-03-13,TO,646.0,Norte,Brasil
2022-03-20,TO,633.0,Norte,Brasil
2022-03-27,TO,631.0,Norte,Brasil
2022-04-03,TO,671.0,Norte,Brasil
2022-04-10,TO,745.0,Norte,Brasil
2022-04-17,TO,713.0,Norte,Brasil
2022-04-24,TO,748.0,Norte,Brasil
2022-05-01,TO,799.0,Norte,Brasil
2022-05-08,TO,635.0,Norte,Brasil
2022-05-15,TO,700.0,Norte,Brasil
2022-05-22,TO,670.0,Norte,Brasil
2022-05-29,TO,589.0,Norte,Brasil
2022-06-05,TO,554.0,Norte,Brasil
2022-06-12,TO,433.0,Norte,Brasil
2022-06-19,TO,328.0,Norte,Brasil
2022-06-26,TO,324.0,Norte,Brasil
2022-07-03,TO,265.0,Norte,Brasil
2022-07-10,TO,213.0,Norte,Brasil
2022-07-17,TO,165.0,Norte,Brasil
2022-07-24,TO,153.0,Norte,Brasil
2022-07-31,TO,133.0,Norte,Brasil
2022-08-07,TO,134.0,Norte,Brasil
2022-08-14,TO,109.0,Norte,Brasil
2022-08-21,TO,89.0,Norte,Brasil
2022-08-28,TO,72.0,Norte,Brasil
2022-09-04,TO,78.0,Norte,Brasil
2022-09-11,TO,33.0,Norte,Brasil
2022-09-18,TO,66.0,Norte,Brasil
2022-09-25,TO,60.0,Norte,Brasil
2022-10-02,TO,71.0,Norte,Brasil
2022-10-09,TO,52.0,Norte,Brasil
2022-10-16,TO,43.0,Norte,Brasil
2022-10-23,TO,51.0,Norte,Brasil
2022-10-30,TO,41.0,Norte,Brasil
2022-11-06,TO,50.0,Norte,Brasil
2022-11-13,TO,57.0,Norte,Brasil
2022-11-20,TO,71.0,Norte,Brasil
2022-11-27,TO,118.0,Norte,Brasil
2022-12-04,TO,107.0,Norte,Brasil
2022-12-11,TO,86.0,Norte,Brasil
2022-12-18,TO,125.0,Norte,Brasil
2022-12-25,TO,108.0,Norte,Brasil
2023-01-01,TO,106.0,Norte,Brasil
2023-01-08,TO,33.0,Norte,Brasil
2023-01-15,TO,49.0,Norte,Brasil
2023-01-22,TO,87.0,Norte,Brasil
2023-01-29,TO,148.0,Norte,Brasil
2023-02-05,TO,110.0,Norte,Brasil
2023-02-12,TO,106.0,Norte,Brasil
2023-02-19,TO,111.0,Norte,Brasil
2023-02-26,TO,95.0,Norte,Brasil
2023-03-05,TO,137.0,Norte,Brasil
2023-03-12,TO,108.0,Norte,Brasil
2023-03-19,TO,119.0,Norte,Brasil
2023-03-26,TO,136.0,Norte,Brasil
2023-04-02,TO,177.0,Norte,Brasil
2023-04-09,TO,153.0,Norte,Brasil
2023-04-16,TO,181.0,Norte,Brasil
2023-04-23,TO,141.0,Norte,Brasil
2023-04-30,TO,179.0,Norte,Brasil
2023-05-07,TO,130.0,Norte,Brasil
2023-05-14,TO,105.0,Norte,Brasil
2023-05-21,TO,112.0,Norte,Brasil
2023-05-28,TO,114.0,Norte,Brasil
2023-06-04,TO,85.0,Norte,Brasil
2023-06-11,TO,45.0,Norte,Brasil
2023-06-18,TO,66.0,Norte,Brasil
2023-06-25,TO,60.0,Norte,Brasil
2023-07-02,TO,39.0,Norte,Brasil
2023-07-09,TO,26.0,Norte,Brasil
2023-07-16,TO,18.0,Norte,Brasil
2023-07-23,TO,31.0,Norte,Brasil
2023-07-30,TO,20.0,Norte,Brasil
2023-08-06,TO,22.0,Norte,Brasil
2023-08-13,TO,16.0,Norte,Brasil
2023-08-20,TO,21.0,Norte,Brasil
2023-08-27,TO,11.0,Norte,Brasil
2023-09-03,TO,15.0,Norte,Brasil
2023-09-10,TO,9.0,Norte,Brasil
2023-09-17,TO,16.0,Norte,Brasil
2023-09-24,TO,11.0,Norte,Brasil
2023-10-01,TO,14.0,Norte,Brasil
2023-10-08,TO,8.0,Norte,Brasil
2023-10-15,TO,4.0,Norte,Brasil
2023-10-22,TO,17.0,Norte,Brasil
2023-10-29,TO,11.0,Norte,Brasil
2023-11-05,TO,11.0,Norte,Brasil
2023-11-12,TO,20.0,Norte,Brasil
2023-11-19,TO,20.0,Norte,Brasil
2023-11-26,TO,26.0,Norte,Brasil
2023-12-03,TO,26.0,Norte,Brasil
2023-12-10,TO,21.0,Norte,Brasil
2023-12-17,TO,18.0,Norte,Brasil
2023-12-24,TO,33.0,Norte,Brasil
2023-12-31,TO,23.0,Norte,Brasil
2024-01-07,TO,13.0,Norte,Brasil
2024-01-14,TO,36.0,Norte,Brasil
2024-01-21,TO,52.0,Norte,Brasil
2024-01-28,TO,42.0,Norte,Brasil
2024-02-04,TO,75.0,Norte,Brasil
2024-02-11,TO,124.0,Norte,Brasil
2024-02-18,TO,84.0,Norte,Brasil
2024-02-25,TO,141.0,Norte,Brasil
2024-03-03,TO,188.0,Norte,Brasil
2024-03-10,TO,200.0,Norte,Brasil
2024-03-17,TO,242.0,Norte,Brasil
2024-03-24,TO,205.0,Norte,Brasil
2024-03-31,TO,264.0,Norte,Brasil
2024-04-07,TO,231.0,Norte,Brasil
2024-04-14,TO,287.0,Norte,Brasil
2024-04-21,TO,291.0,Norte,Brasil
2024-04-28,TO,269.0,Norte,Brasil
2024-05-05,TO,220.0,Norte,Brasil
2024-05-12,TO,216.0,Norte,Brasil
2024-05-19,TO,182.0,Norte,Brasil
2024-05-26,TO,172.0,Norte,Brasil
2024-06-02,TO,126.0,Norte,Brasil
2024-06-09,TO,113.0,Norte,Brasil
2024-06-16,TO,76.0,Norte,Brasil
2024-06-23,TO,61.0,Norte,Brasil
2024-06-30,TO,39.0,Norte,Brasil
2024-07-07,TO,32.0,Norte,Brasil
2024-07-14,TO,30.0,Norte,Brasil
2024-07-21,TO,16.0,Norte,Brasil
2024-07-28,TO,14.0,Norte,Brasil
2024-08-04,TO,13.0,Norte,Brasil
2024-08-11,TO,14.0,Norte,Brasil
2024-08-18,TO,10.0,Norte,Brasil
2024-08-25,TO,8.0,Norte,Brasil
2024-09-01,TO,6.0,Norte,Brasil
2024-09-08,TO,9.0,Norte,Brasil
2024-09-15,TO,10.0,Norte,Brasil
2024-09-22,TO,10.0,Norte,Brasil
2024-09-29,TO,9.0,Norte,Brasil
2024-10-06,TO,6.0,Norte,Brasil
2024-10-13,TO,5.0,Norte,Brasil
2024-10-20,TO,6.0,Norte,Brasil
2024-10-27,TO,12.0,Norte,Brasil
2024-11-03,TO,12.0,Norte,Brasil
2024-11-10,TO,7.0,Norte,Brasil
2024-11-17,TO,11.0,Norte,Brasil
2024-11-24,TO,18.0,Norte,Brasil
2024-12-01,TO,19.0,Norte,Brasil
2024-12-08,TO,16.0,Norte,Brasil
2024-12-15,TO,25.0,Norte,Brasil
2024-12-22,TO,24.0,Norte,Brasil
2024-12-29,TO,10.0,Norte,Brasil
2025-01-05,TO,8.0,Norte,Brasil
2025-01-12,TO,43.0,Norte,Brasil
2025-01-19,TO,41.0,Norte,Brasil
2025-01-26,TO,63.0,Norte,Brasil
2025-02-02,TO,80.0,Norte,Brasil
2025-02-09,TO,52.0,Norte,Brasil
2025-02-16,TO,79.0,Norte,Brasil
2025-02-23,TO,106.0,Norte,Brasil
2025-03-02,TO,65.0,Norte,Brasil
2025-03-09,TO,61.0,Norte,Brasil
2025-03-16,TO,88.0,Norte,Brasil
2025-03-23,TO,69.0,Norte,Brasil
2025-03-30,TO,73.0,Norte,Brasil
2025-04-06,TO,72.0,Norte,Brasil
2025-04-13,TO,69.0,Norte,Brasil
2025-04-20,TO,70.0,Norte,Brasil
2025-04-27,TO,97.0,Norte,Brasil
2025-05-04,TO,80.0,Norte,Brasil
2025-05-11,TO,114.0,Norte,Brasil
2025-05-18,TO,105.0,Norte,Brasil
2025-05-25,TO,101.0,Norte,Brasil
2025-06-01,TO,78.0,Norte,Brasil
2025-06-08,TO,76.0,Norte,Brasil
2025-06-15,TO,61.0,Norte,Brasil
2025-06-22,TO,44.0,Norte,Brasil
2025-06-29,TO,72.0,Norte,Brasil
2025-07-06,TO,48.0,Norte,Brasil
2025-07-13,TO,33.0,Norte,Brasil
2025-07-20,TO,42.0,Norte,Brasil
2025-07-27,TO,21.0,Norte,Brasil
2025-08-03,TO,30.0,Norte,Brasil
2025-08-10,TO,33.0,Norte,Brasil
2025-08-17,TO,34.0,Norte,Brasil
2025-08-24,TO,29.0,Norte,Brasil
2025-08-31,TO,34.0,Norte,Brasil
2025-09-07,TO,26.0,Norte,Brasil
2025-09-14,TO,19.0,Norte,Brasil
2025-09-21,TO,15.0,Norte,Brasil
2025-09-28,TO,15.0,Norte,Brasil
2025-10-05,TO,10.0,Norte,Brasil
2025-10-12,TO,10.0,Norte,Brasil
2025-10-19,TO,18.0,Norte,Brasil
2025-10-26,TO,34.0,Norte,Brasil
2025-11-02,TO,41.0,Norte,Brasil
2025-11-09,TO,26.0,Norte,Brasil
2025-11-16,TO,35.0,Norte,Brasil
2025-11-23,TO,44.0,Norte,Brasil
2025-11-30,TO,61.0,Norte,Brasil
2025-12-07,TO,68.0,Norte,Brasil
2025-12-14,TO,73.0,Norte,Brasil
2025-12-21,TO,102.0,Norte,Brasil
2025-12-28,TO,64.0,Norte,Brasil
2026-01-04,TO,110.0,Norte,Brasil
2026-01-11,TO,204.0,Norte,Brasil
2026-01-18,TO,384.0,Norte,Brasil
2026-01-25,TO,406.0,Norte,Brasil
2026-02-01,TO,539.0,Norte,Brasil
2026-02-08,TO,698.0,Norte,Brasil
2026-02-15,TO,856.0,Norte,Brasil
2026-02-22,TO,638.0,Norte,Brasil
2026-03-01,TO,813.0,Norte,Brasil
2026-03-08,TO,912.0,Norte,Brasil
2026-03-15,TO,966.0,Norte,Brasil
2026-03-22,TO,1318.0,Norte,Brasil
2026-03-29,TO,1200.0,Norte,Brasil
2026-04-05,TO,923.0,Norte,Brasil
2026-04-12,TO,1220.0,Norte,Brasil
2026-04-19,TO,7.0,Norte,Brasil
